patient_id,day_index,treatment_administered,dose_mg,anc,wbc,tumor_volume_cm3
PT_001,0,Regimen A,100.0,5.25,11.49,15.87
PT_001,1,None,0.0,4.23,9.44,17.03
PT_001,2,None,0.0,3.07,6.82,18.24
PT_001,3,None,0.0,2.61,5.48,19.48
PT_001,4,None,0.0,2.17,4.7,20.76
PT_001,5,None,0.0,1.57,3.78,22.06
PT_001,6,None,0.0,1.57,3.49,23.4
PT_001,7,None,0.0,1.34,3.04,24.76
PT_001,8,None,0.0,1.55,3.75,26.14
PT_001,9,None,0.0,1.22,2.94,27.54
PT_001,10,None,0.0,1.36,3.04,28.96
PT_001,11,None,0.0,1.52,3.29,30.4
PT_001,12,None,0.0,1.73,3.8,31.84
PT_001,13,None,0.0,1.96,4.38,33.3
PT_001,14,None,0.0,2.21,4.46,34.77
PT_001,15,None,0.0,2.38,5.3,36.24
PT_001,16,None,0.0,2.43,5.63,37.71
PT_001,17,None,0.0,2.6,5.85,39.18
PT_001,18,None,0.0,2.9,6.41,40.65
PT_001,19,None,0.0,2.98,6.9,42.11
PT_001,20,None,0.0,3.08,6.62,43.57
PT_001,21,None,0.0,5.43,11.89,45.02
PT_001,22,None,0.0,5.43,11.98,46.45
PT_001,23,None,0.0,5.39,12.13,47.88
PT_001,24,None,0.0,5.23,11.59,49.29
PT_001,25,None,0.0,5.39,11.72,50.68
PT_001,26,Regimen A,100.0,5.27,11.53,35.4
PT_001,27,None,0.0,4.81,10.88,36.87
PT_001,28,None,0.0,4.48,9.99,38.34
PT_001,29,None,0.0,4.05,9.42,39.81
PT_001,30,None,0.0,3.71,8.13,41.28
PT_001,31,None,0.0,3.72,8.3,42.74
PT_001,32,None,0.0,3.49,7.97,44.19
PT_001,33,None,0.0,3.44,7.28,45.64
PT_001,34,None,0.0,3.25,7.06,47.07
PT_001,35,None,0.0,3.27,6.84,48.49
PT_001,36,None,0.0,3.31,7.5,49.89
PT_001,37,None,0.0,3.47,7.4,51.28
PT_001,38,None,0.0,3.61,7.86,52.65
PT_001,39,None,0.0,3.68,8.35,54.0
PT_001,40,None,0.0,3.76,8.3,55.33
PT_001,41,None,0.0,4.01,8.91,56.64
PT_001,42,None,0.0,4.05,9.44,57.93
PT_001,43,None,0.0,4.07,9.38,59.19
PT_001,44,None,0.0,4.04,8.8,60.44
PT_001,45,None,0.0,4.19,8.89,61.65
PT_001,46,None,0.0,4.17,9.07,62.85
PT_001,47,None,0.0,5.3,12.01,64.01
PT_001,48,None,0.0,5.62,12.26,65.16
PT_001,49,None,0.0,5.37,11.59,66.27
PT_001,50,None,0.0,5.39,11.74,67.36
PT_001,51,None,0.0,5.1,11.04,68.43
PT_001,52,None,0.0,5.17,11.83,69.47
PT_001,53,None,0.0,5.17,11.8,70.48
PT_001,54,None,0.0,5.3,11.18,71.46
PT_001,55,None,0.0,5.22,11.63,72.43
PT_001,56,None,0.0,5.17,11.5,73.36
PT_001,57,None,0.0,5.31,12.08,74.27
PT_001,58,Regimen A,100.0,5.28,11.46,51.1
PT_001,59,None,0.0,4.98,10.57,52.48
PT_001,60,None,0.0,5.07,11.17,53.83
PT_001,61,None,0.0,5.24,11.73,55.16
PT_001,62,None,0.0,5.08,11.08,56.48
PT_001,63,None,0.0,4.98,10.49,57.77
PT_001,64,None,0.0,4.84,10.58,59.03
PT_001,65,None,0.0,4.92,10.73,60.28
PT_001,66,None,0.0,4.84,10.93,61.5
PT_001,67,None,0.0,4.78,10.78,62.7
PT_001,68,None,0.0,5.06,11.45,63.87
PT_001,69,None,0.0,5.03,10.46,65.01
PT_001,70,None,0.0,5.27,11.53,66.13
PT_001,71,None,0.0,4.96,10.56,67.23
PT_001,72,None,0.0,4.98,10.97,68.29
PT_001,73,None,0.0,5.19,11.15,69.33
PT_001,74,None,0.0,4.95,10.75,70.35
PT_001,75,None,0.0,4.63,10.25,71.34
PT_001,76,None,0.0,5.09,11.38,72.3
PT_001,77,None,0.0,5.02,11.22,73.24
PT_001,78,None,0.0,5.13,11.0,74.15
PT_001,79,Regimen A,100.0,5.14,11.17,51.03
PT_001,80,None,0.0,4.7,10.2,52.4
PT_001,81,None,0.0,4.36,9.12,53.76
PT_001,82,None,0.0,3.85,8.51,55.09
PT_001,83,None,0.0,3.97,8.37,56.4
PT_001,84,None,0.0,3.49,7.73,57.7
PT_001,85,None,0.0,3.34,7.01,58.97
PT_001,86,None,0.0,3.26,6.97,60.21
PT_001,87,None,0.0,3.24,6.74,61.43
PT_001,88,None,0.0,3.43,7.38,62.63
PT_001,89,None,0.0,3.4,7.17,63.8
PT_002,0,Regimen A,100.0,3.07,6.82,24.8
PT_002,1,None,0.0,2.72,5.86,26.18
PT_002,2,None,0.0,2.02,4.7,27.59
PT_002,3,None,0.0,1.68,3.85,29.01
PT_002,4,None,0.0,1.47,3.38,30.44
PT_002,5,None,0.0,1.34,2.97,31.89
PT_002,6,None,0.0,1.12,2.58,33.35
PT_002,7,None,0.0,1.17,2.73,34.81
PT_002,8,None,0.0,0.86,1.48,36.28
PT_002,9,None,0.0,1.1,2.17,37.75
PT_002,10,None,0.0,0.93,2.14,39.23
PT_002,11,None,0.0,1.08,2.3,40.69
PT_002,12,None,0.0,1.19,2.79,42.16
PT_002,13,None,0.0,1.13,2.48,43.61
PT_002,14,None,0.0,1.52,3.13,45.06
PT_002,15,None,0.0,1.34,3.08,46.5
PT_002,16,None,0.0,1.4,3.16,47.92
PT_002,17,None,0.0,1.68,3.9,49.33
PT_002,18,None,0.0,1.68,3.87,50.73
PT_002,19,None,0.0,1.73,4.0,52.1
PT_002,20,None,0.0,1.96,4.73,53.46
PT_002,21,None,0.0,3.17,6.97,54.8
PT_002,22,None,0.0,3.16,6.92,56.12
PT_002,23,None,0.0,3.23,6.53,57.42
PT_002,24,None,0.0,3.11,7.13,58.69
PT_002,25,None,0.0,3.12,7.14,59.94
PT_002,26,None,0.0,3.14,6.9,61.17
PT_002,27,None,0.0,3.29,7.31,62.37
PT_002,28,None,0.0,3.14,7.07,63.55
PT_002,29,None,0.0,3.0,6.37,64.7
PT_002,30,None,0.0,3.05,6.66,65.83
PT_002,31,None,0.0,3.04,6.41,66.93
PT_002,32,None,0.0,3.33,6.87,68.01
PT_002,33,Regimen A,100.0,3.13,6.57,46.96
PT_002,34,None,0.0,2.62,6.0,48.38
PT_002,35,None,0.0,2.25,4.8,49.78
PT_002,36,None,0.0,1.69,3.7,51.17
PT_002,37,None,0.0,1.54,3.18,52.54
PT_002,38,None,0.0,1.44,3.58,53.89
PT_002,39,None,0.0,1.58,3.07,55.23
PT_002,40,None,0.0,1.25,2.58,56.54
PT_002,41,None,0.0,1.38,3.14,57.83
PT_002,42,None,0.0,1.46,3.27,59.1
PT_002,43,None,0.0,1.03,1.91,60.34
PT_002,44,None,0.0,1.34,3.3,61.56
PT_002,45,None,0.0,1.55,3.53,62.75
PT_002,46,None,0.0,1.85,4.2,63.92
PT_002,47,None,0.0,1.71,3.54,65.07
PT_002,48,None,0.0,1.78,3.94,66.19
PT_002,49,None,0.0,2.04,4.7,67.28
PT_002,50,None,0.0,1.81,3.99,68.34
PT_002,51,None,0.0,1.91,3.98,69.38
PT_002,52,None,0.0,2.1,4.92,70.4
PT_002,53,None,0.0,2.14,4.27,71.39
PT_002,54,None,0.0,3.11,6.44,72.35
PT_002,55,None,0.0,3.0,5.94,73.29
PT_002,56,None,0.0,3.1,6.37,74.2
PT_002,57,None,0.0,3.21,6.92,75.08
PT_002,58,Regimen A,100.0,3.09,6.82,51.64
PT_002,59,None,0.0,2.18,4.52,53.01
PT_002,60,None,0.0,1.32,3.16,54.35
PT_002,61,None,0.0,1.11,2.59,55.68
PT_002,62,None,0.0,0.53,1.38,56.98
PT_002,63,None,0.0,0.46,1.09,58.26
PT_002,64,None,0.0,0.41,1.09,59.52
PT_002,65,None,0.0,0.1,0.8,60.76
PT_002,66,None,0.0,0.28,0.8,61.97
PT_002,67,None,0.0,0.16,0.8,63.16
PT_002,68,None,0.0,0.42,0.8,64.32
PT_002,69,None,0.0,0.39,0.8,65.45
PT_002,70,None,0.0,0.23,0.8,66.56
PT_002,71,None,0.0,0.42,1.22,67.65
PT_002,72,None,0.0,0.49,1.1,68.7
PT_002,73,None,0.0,0.63,1.16,69.73
PT_002,74,None,0.0,0.75,1.29,70.74
PT_002,75,None,0.0,1.06,2.14,71.72
PT_002,76,None,0.0,1.41,2.98,72.67
PT_002,77,None,0.0,1.42,3.15,73.6
PT_002,78,None,0.0,1.56,3.34,74.5
PT_002,79,Regimen A,100.0,3.24,6.97,51.26
PT_002,80,None,0.0,3.04,6.76,52.63
PT_002,81,None,0.0,2.58,5.66,53.98
PT_002,82,None,0.0,2.38,5.23,55.31
PT_002,83,None,0.0,2.39,4.78,56.62
PT_002,84,None,0.0,2.25,5.12,57.91
PT_002,85,None,0.0,2.22,5.31,59.18
PT_002,86,None,0.0,2.01,4.21,60.42
PT_002,87,None,0.0,2.06,4.65,61.64
PT_002,88,None,0.0,2.17,4.41,62.83
PT_002,89,None,0.0,2.3,4.89,64.0
PT_003,0,Regimen A,100.0,3.23,7.36,8.85
PT_003,1,None,0.0,3.02,6.32,9.71
PT_003,2,None,0.0,2.49,5.55,10.62
PT_003,3,None,0.0,2.21,4.85,11.57
PT_003,4,None,0.0,1.98,4.56,12.57
PT_003,5,None,0.0,1.87,4.45,13.61
PT_003,6,None,0.0,1.82,4.11,14.7
PT_003,7,None,0.0,1.71,3.84,15.82
PT_003,8,None,0.0,1.39,2.94,16.99
PT_003,9,None,0.0,1.61,3.76,18.19
PT_003,10,None,0.0,1.83,3.84,19.43
PT_003,11,None,0.0,1.63,3.87,20.71
PT_003,12,None,0.0,1.75,3.76,22.01
PT_003,13,None,0.0,1.82,3.96,23.34
PT_003,14,None,0.0,2.12,4.83,24.7
PT_003,15,None,0.0,1.93,4.43,26.08
PT_003,16,None,0.0,2.09,4.57,27.49
PT_003,17,None,0.0,2.24,4.78,28.91
PT_003,18,None,0.0,2.15,5.34,30.34
PT_003,19,None,0.0,2.35,5.42,31.79
PT_003,20,None,0.0,2.44,5.52,33.25
PT_003,21,None,0.0,3.23,7.28,34.71
PT_003,22,None,0.0,3.13,6.92,36.18
PT_003,23,None,0.0,3.28,7.25,37.65
PT_003,24,None,0.0,3.41,7.2,39.12
PT_003,25,None,0.0,3.3,7.42,40.59
PT_003,26,Regimen A,100.0,3.06,6.69,28.6
PT_003,27,None,0.0,2.49,5.6,30.03
PT_003,28,None,0.0,2.06,3.95,31.47
PT_003,29,None,0.0,1.45,3.34,32.93
PT_003,30,None,0.0,1.17,2.52,34.39
PT_003,31,None,0.0,0.71,1.26,35.86
PT_003,32,None,0.0,0.56,0.87,37.33
PT_003,33,None,0.0,0.44,1.01,38.8
PT_003,34,None,0.0,0.38,0.95,40.27
PT_003,35,None,0.0,0.53,0.83,41.74
PT_003,36,None,0.0,0.74,1.73,43.2
PT_003,37,None,0.0,0.7,1.61,44.65
PT_003,38,None,0.0,1.05,2.34,46.09
PT_003,39,None,0.0,0.63,1.87,47.52
PT_003,40,None,0.0,1.09,2.04,48.93
PT_003,41,None,0.0,1.3,3.04,50.33
PT_003,42,None,0.0,1.41,3.26,51.71
PT_003,43,None,0.0,1.54,3.45,53.07
PT_003,44,None,0.0,1.62,3.32,54.42
PT_003,45,None,0.0,1.7,3.68,55.74
PT_003,46,None,0.0,2.04,4.12,57.05
PT_003,47,None,0.0,3.3,7.14,58.33
PT_003,48,None,0.0,3.46,7.76,59.59
PT_003,49,None,0.0,3.29,7.5,60.82
PT_003,50,None,0.0,3.26,7.17,62.03
PT_003,51,None,0.0,3.18,6.8,63.21
PT_003,52,None,0.0,3.29,7.61,64.37
PT_003,53,None,0.0,3.29,7.71,65.51
PT_003,54,Regimen A,100.0,3.24,7.27,45.3
PT_003,55,None,0.0,2.58,5.84,46.73
PT_003,56,None,0.0,2.03,4.34,48.16
PT_003,57,None,0.0,1.42,3.52,49.56
PT_003,58,None,0.0,1.32,2.93,50.96
PT_003,59,None,0.0,1.24,3.12,52.33
PT_003,60,None,0.0,0.99,1.95,53.69
PT_003,61,None,0.0,0.91,2.07,55.02
PT_003,62,None,0.0,0.94,2.44,56.34
PT_003,63,None,0.0,1.07,2.34,57.63
PT_003,64,None,0.0,1.09,2.47,58.9
PT_003,65,None,0.0,1.23,2.48,60.15
PT_003,66,None,0.0,1.34,3.18,61.37
PT_003,67,None,0.0,1.3,2.76,62.57
PT_003,68,None,0.0,1.52,3.26,63.74
PT_003,69,None,0.0,1.59,3.66,64.89
PT_003,70,None,0.0,1.21,2.47,66.01
PT_003,71,None,0.0,1.86,3.98,67.11
PT_003,72,None,0.0,1.79,3.84,68.18
PT_003,73,None,0.0,2.17,5.08,69.22
PT_003,74,None,0.0,1.79,4.33,70.24
PT_003,75,Regimen A,100.0,3.24,6.81,48.44
PT_003,76,None,0.0,2.67,5.69,49.84
PT_003,77,None,0.0,2.21,5.12,51.23
PT_003,78,None,0.0,1.89,3.9,52.6
PT_003,79,None,0.0,1.44,3.58,53.95
PT_003,80,None,0.0,1.08,2.34,55.29
PT_003,81,None,0.0,1.15,2.62,56.6
PT_003,82,None,0.0,1.2,2.59,57.89
PT_003,83,None,0.0,1.04,2.2,59.15
PT_003,84,None,0.0,1.14,2.34,60.39
PT_003,85,None,0.0,0.97,1.86,61.61
PT_003,86,None,0.0,1.25,2.76,62.81
PT_003,87,None,0.0,1.06,2.67,63.97
PT_003,88,None,0.0,1.48,3.18,65.12
PT_003,89,None,0.0,1.61,3.47,66.23
PT_004,0,Regimen A,100.0,2.62,5.46,8.85
PT_004,1,None,0.0,2.4,5.0,9.71
PT_004,2,None,0.0,2.17,4.77,10.62
PT_004,3,None,0.0,1.82,3.93,11.57
PT_004,4,None,0.0,1.89,4.04,12.57
PT_004,5,None,0.0,1.65,3.35,13.61
PT_004,6,None,0.0,1.75,3.88,14.7
PT_004,7,None,0.0,1.66,3.29,15.82
PT_004,8,None,0.0,1.4,2.83,16.99
PT_004,9,None,0.0,1.39,2.86,18.19
PT_004,10,None,0.0,1.37,3.09,19.43
PT_004,11,None,0.0,1.9,4.09,20.71
PT_004,12,None,0.0,1.65,3.8,22.01
PT_004,13,None,0.0,1.36,3.14,23.34
PT_004,14,None,0.0,1.51,2.85,24.7
PT_004,15,None,0.0,1.82,3.6,26.08
PT_004,16,None,0.0,1.89,4.34,27.49
PT_004,17,None,0.0,1.85,4.28,28.91
PT_004,18,None,0.0,1.94,4.24,30.34
PT_004,19,None,0.0,1.8,4.11,31.79
PT_004,20,None,0.0,1.93,4.17,33.25
PT_004,21,None,0.0,2.62,6.02,34.71
PT_004,22,None,0.0,2.93,6.32,36.18
PT_004,23,None,0.0,2.93,6.43,37.65
PT_004,24,None,0.0,2.73,5.45,39.12
PT_004,25,None,0.0,2.81,6.05,40.59
PT_004,26,None,0.0,2.98,6.68,42.05
PT_004,27,None,0.0,2.83,6.35,43.51
PT_004,28,None,0.0,2.85,6.38,44.96
PT_004,29,None,0.0,2.7,5.49,46.4
PT_004,30,None,0.0,2.77,6.01,47.82
PT_004,31,None,0.0,2.81,5.79,49.23
PT_004,32,None,0.0,2.96,6.37,50.63
PT_004,33,None,0.0,2.78,6.18,52.01
PT_004,34,Regimen A,100.0,2.88,6.28,36.29
PT_004,35,None,0.0,1.89,3.72,37.76
PT_004,36,None,0.0,1.07,2.06,39.23
PT_004,37,None,0.0,0.56,1.5,40.7
PT_004,38,None,0.0,0.1,0.8,42.16
PT_004,39,None,0.0,0.1,0.8,43.62
PT_004,40,None,0.0,0.1,0.8,45.07
PT_004,41,None,0.0,0.13,0.8,46.51
PT_004,42,None,0.0,0.18,0.8,47.93
PT_004,43,None,0.0,0.13,0.8,49.34
PT_004,44,None,0.0,0.1,0.8,50.73
PT_004,45,None,0.0,0.22,0.8,52.11
PT_004,46,None,0.0,0.22,0.8,53.47
PT_004,47,None,0.0,0.13,0.8,54.81
PT_004,48,None,0.0,0.31,0.8,56.13
PT_004,49,None,0.0,0.2,0.8,57.42
PT_004,50,None,0.0,0.36,1.04,58.7
PT_004,51,None,0.0,0.67,1.19,59.95
PT_004,52,None,0.0,0.74,1.68,61.18
PT_004,53,None,0.0,0.62,1.17,62.38
PT_004,54,None,0.0,1.12,2.54,63.56
PT_004,55,None,0.0,2.76,6.3,64.71
PT_004,56,None,0.0,2.64,6.26,65.83
PT_004,57,None,0.0,2.87,5.98,66.94
PT_004,58,None,0.0,2.78,5.59,68.01
PT_004,59,None,0.0,2.79,6.06,69.06
PT_004,60,None,0.0,2.76,5.85,70.08
PT_004,61,None,0.0,2.73,6.01,71.08
PT_004,62,Regimen A,100.0,2.62,5.69,48.99
PT_004,63,None,0.0,2.19,4.86,50.39
PT_004,64,None,0.0,1.93,3.96,51.77
PT_004,65,None,0.0,1.25,2.93,53.14
PT_004,66,None,0.0,1.09,2.47,54.48
PT_004,67,None,0.0,1.12,3.16,55.8
PT_004,68,None,0.0,0.82,1.66,57.11
PT_004,69,None,0.0,1.02,2.27,58.39
PT_004,70,None,0.0,0.9,2.27,59.64
PT_004,71,None,0.0,0.99,2.35,60.88
PT_004,72,None,0.0,0.92,2.38,62.08
PT_004,73,None,0.0,0.9,1.92,63.27
PT_004,74,None,0.0,1.19,3.19,64.43
PT_004,75,None,0.0,1.05,2.04,65.56
PT_004,76,None,0.0,1.14,2.85,66.67
PT_004,77,None,0.0,1.19,2.82,67.75
PT_004,78,None,0.0,1.55,3.12,68.8
PT_004,79,None,0.0,1.47,2.99,69.83
PT_004,80,None,0.0,1.33,2.93,70.83
PT_004,81,None,0.0,1.56,3.67,71.81
PT_004,82,None,0.0,1.71,3.89,72.76
PT_004,83,Regimen A,100.0,2.72,5.89,50.11
PT_004,84,None,0.0,1.91,4.03,51.49
PT_004,85,None,0.0,1.26,3.12,52.86
PT_004,86,None,0.0,0.73,1.5,54.21
PT_004,87,None,0.0,0.65,1.51,55.54
PT_004,88,None,0.0,0.27,0.82,56.84
PT_004,89,None,0.0,0.41,1.03,58.13
PT_005,0,Regimen A,100.0,3.33,7.41,15.87
PT_005,1,None,0.0,2.17,4.97,17.03
PT_005,2,None,0.0,1.6,3.53,18.24
PT_005,3,None,0.0,1.19,2.37,19.48
PT_005,4,None,0.0,0.67,0.98,20.76
PT_005,5,None,0.0,0.55,0.82,22.06
PT_005,6,None,0.0,0.45,1.1,23.4
PT_005,7,None,0.0,0.2,0.8,24.76
PT_005,8,None,0.0,0.1,0.8,26.14
PT_005,9,None,0.0,0.21,0.8,27.54
PT_005,10,None,0.0,0.1,0.8,28.96
PT_005,11,None,0.0,0.49,1.38,30.4
PT_005,12,None,0.0,0.43,1.2,31.84
PT_005,13,None,0.0,0.48,1.07,33.3
PT_005,14,None,0.0,0.64,1.45,34.77
PT_005,15,None,0.0,1.03,2.58,36.24
PT_005,16,None,0.0,0.93,2.26,37.71
PT_005,17,None,0.0,1.01,2.49,39.18
PT_005,18,None,0.0,1.4,2.95,40.65
PT_005,19,None,0.0,1.41,3.17,42.11
PT_005,20,None,0.0,1.74,3.78,43.57
PT_005,21,None,0.0,3.05,6.55,45.02
PT_005,22,None,0.0,3.0,6.81,46.45
PT_005,23,None,0.0,3.22,6.97,47.88
PT_005,24,None,0.0,3.28,7.3,49.29
PT_005,25,None,0.0,3.25,7.51,50.68
PT_005,26,None,0.0,3.19,6.84,52.06
PT_005,27,None,0.0,3.23,7.19,53.42
PT_005,28,None,0.0,3.23,6.86,54.76
PT_005,29,Regimen A,100.0,3.18,6.8,38.13
PT_005,30,None,0.0,2.41,4.78,39.6
PT_005,31,None,0.0,1.71,3.88,41.07
PT_005,32,None,0.0,1.37,3.16,42.53
PT_005,33,None,0.0,0.93,2.0,43.99
PT_005,34,None,0.0,0.56,0.93,45.43
PT_005,35,None,0.0,0.41,1.07,46.87
PT_005,36,None,0.0,0.63,1.07,48.29
PT_005,37,None,0.0,0.43,0.85,49.69
PT_005,38,None,0.0,0.53,0.87,51.08
PT_005,39,None,0.0,0.61,1.6,52.46
PT_005,40,None,0.0,0.69,1.28,53.81
PT_005,41,None,0.0,0.64,1.81,55.14
PT_005,42,None,0.0,0.81,1.65,56.46
PT_005,43,None,0.0,0.85,1.52,57.75
PT_005,44,None,0.0,1.0,2.2,59.02
PT_005,45,None,0.0,1.33,2.96,60.26
PT_005,46,None,0.0,1.06,2.15,61.48
PT_005,47,None,0.0,1.46,3.29,62.68
PT_005,48,None,0.0,1.83,3.48,63.85
PT_005,49,None,0.0,1.61,3.34,64.99
PT_005,50,Regimen A,100.0,3.3,7.37,44.96
PT_005,51,None,0.0,2.37,5.62,46.4
PT_005,52,None,0.0,1.78,3.56,47.82
PT_005,53,None,0.0,1.3,2.84,49.23
PT_005,54,None,0.0,1.13,2.4,50.63
PT_005,55,None,0.0,0.86,1.6,52.01
PT_005,56,None,0.0,0.64,1.42,53.37
PT_005,57,None,0.0,0.68,1.59,54.71
PT_005,58,None,0.0,0.81,1.92,56.03
PT_005,59,None,0.0,0.58,1.82,57.32
PT_005,60,None,0.0,0.7,1.82,58.6
PT_005,61,None,0.0,0.94,1.92,59.85
PT_005,62,None,0.0,1.02,2.14,61.08
PT_005,63,None,0.0,1.07,2.48,62.29
PT_005,64,None,0.0,1.23,3.49,63.47
PT_005,65,None,0.0,1.25,3.23,64.62
PT_005,66,None,0.0,1.42,2.61,65.75
PT_005,67,None,0.0,1.49,3.06,66.85
PT_005,68,None,0.0,1.52,2.67,67.93
PT_005,69,None,0.0,1.56,3.19,68.98
PT_005,70,None,0.0,1.79,3.81,70.0
PT_005,71,Regimen A,100.0,3.24,6.96,48.28
PT_005,72,None,0.0,2.32,5.32,49.69
PT_005,73,None,0.0,1.9,4.31,51.08
PT_005,74,None,0.0,1.3,2.46,52.45
PT_005,75,None,0.0,1.18,2.57,53.8
PT_005,76,None,0.0,0.41,0.8,55.14
PT_005,77,None,0.0,0.31,0.87,56.45
PT_005,78,None,0.0,0.1,0.8,57.74
PT_005,79,None,0.0,0.1,0.8,59.01
PT_005,80,None,0.0,0.1,0.8,60.26
PT_005,81,None,0.0,0.2,0.8,61.48
PT_005,82,None,0.0,0.31,0.8,62.67
PT_005,83,None,0.0,0.47,1.18,63.84
PT_005,84,None,0.0,0.58,1.61,64.99
PT_005,85,None,0.0,1.06,2.28,66.11
PT_005,86,None,0.0,0.6,1.73,67.21
PT_005,87,None,0.0,1.01,2.07,68.27
PT_005,88,None,0.0,1.13,2.27,69.32
PT_005,89,None,0.0,1.21,2.93,70.33
PT_006,0,Regimen A,100.0,4.5,9.93,8.85
PT_006,1,None,0.0,3.16,6.52,9.71
PT_006,2,None,0.0,2.02,4.33,10.62
PT_006,3,None,0.0,1.5,3.41,11.57
PT_006,4,None,0.0,0.52,1.19,12.57
PT_006,5,None,0.0,0.45,0.99,13.61
PT_006,6,None,0.0,0.34,0.8,14.7
PT_006,7,None,0.0,0.18,0.8,15.82
PT_006,8,None,0.0,0.1,0.8,16.99
PT_006,9,None,0.0,0.1,0.8,18.19
PT_006,10,None,0.0,0.26,0.8,19.43
PT_006,11,None,0.0,0.36,0.8,20.71
PT_006,12,None,0.0,0.44,0.81,22.01
PT_006,13,None,0.0,0.63,1.47,23.34
PT_006,14,None,0.0,0.97,2.22,24.7
PT_006,15,None,0.0,0.76,1.58,26.08
PT_006,16,None,0.0,1.29,2.49,27.49
PT_006,17,None,0.0,1.48,2.71,28.91
PT_006,18,None,0.0,1.79,3.75,30.34
PT_006,19,None,0.0,1.96,4.28,31.79
PT_006,20,None,0.0,2.11,4.53,33.25
PT_006,21,None,0.0,4.67,10.42,34.71
PT_006,22,None,0.0,4.58,9.95,36.18
PT_006,23,None,0.0,4.49,9.74,37.65
PT_006,24,None,0.0,4.69,10.71,39.12
PT_006,25,None,0.0,4.52,10.04,40.59
PT_006,26,None,0.0,4.67,10.45,42.05
PT_006,27,None,0.0,4.41,9.75,43.51
PT_006,28,None,0.0,4.47,9.7,44.96
PT_006,29,None,0.0,4.51,9.92,46.4
PT_006,30,None,0.0,4.46,10.18,47.82
PT_006,31,None,0.0,4.55,9.75,49.23
PT_006,32,None,0.0,4.53,10.09,50.63
PT_006,33,Regimen A,100.0,4.6,10.16,35.37
PT_006,34,None,0.0,3.67,8.41,36.84
PT_006,35,None,0.0,3.0,7.09,38.31
PT_006,36,None,0.0,2.5,5.8,39.78
PT_006,37,None,0.0,2.37,5.17,41.24
PT_006,38,None,0.0,1.97,3.9,42.71
PT_006,39,None,0.0,2.03,4.24,44.16
PT_006,40,None,0.0,1.93,4.01,45.6
PT_006,41,None,0.0,1.77,4.07,47.04
PT_006,42,None,0.0,1.81,3.81,48.45
PT_006,43,None,0.0,2.01,4.32,49.86
PT_006,44,None,0.0,2.15,4.62,51.25
PT_006,45,None,0.0,2.17,4.48,52.62
PT_006,46,None,0.0,2.33,5.43,53.97
PT_006,47,None,0.0,2.34,5.49,55.3
PT_006,48,None,0.0,2.35,5.51,56.61
PT_006,49,None,0.0,2.52,5.98,57.9
PT_006,50,None,0.0,2.65,5.61,59.16
PT_006,51,None,0.0,2.78,5.98,60.41
PT_006,52,None,0.0,2.88,6.75,61.62
PT_006,53,None,0.0,2.97,6.19,62.82
PT_006,54,None,0.0,4.67,10.42,63.99
PT_006,55,None,0.0,4.54,9.62,65.13
PT_006,56,None,0.0,4.49,10.32,66.25
PT_006,57,Regimen A,100.0,4.24,9.4,45.79
PT_006,58,None,0.0,3.89,8.29,47.22
PT_006,59,None,0.0,3.45,7.42,48.64
PT_006,60,None,0.0,2.92,6.56,50.04
PT_006,61,None,0.0,2.44,5.05,51.43
PT_006,62,None,0.0,2.51,5.23,52.79
PT_006,63,None,0.0,2.21,4.7,54.14
PT_006,64,None,0.0,2.14,4.82,55.47
PT_006,65,None,0.0,2.12,4.99,56.78
PT_006,66,None,0.0,2.16,4.73,58.06
PT_006,67,None,0.0,2.03,4.35,59.33
PT_006,68,None,0.0,2.24,4.94,60.57
PT_006,69,None,0.0,2.56,5.43,61.78
PT_006,70,None,0.0,2.54,5.69,62.97
PT_006,71,None,0.0,2.63,5.79,64.14
PT_006,72,None,0.0,2.52,4.77,65.27
PT_006,73,None,0.0,2.9,6.34,66.39
PT_006,74,None,0.0,2.73,6.07,67.48
PT_006,75,None,0.0,2.74,6.22,68.54
PT_006,76,None,0.0,3.02,6.77,69.57
PT_006,77,None,0.0,3.35,7.38,70.58
PT_006,78,Regimen A,100.0,4.46,8.99,48.67
PT_006,79,None,0.0,4.22,9.26,50.07
PT_006,80,None,0.0,3.95,8.51,51.45
PT_006,81,None,0.0,3.73,8.19,52.82
PT_006,82,None,0.0,3.22,7.06,54.17
PT_006,83,None,0.0,3.3,7.43,55.5
PT_006,84,None,0.0,3.32,6.96,56.8
PT_006,85,None,0.0,3.37,7.18,58.09
PT_006,86,None,0.0,3.23,6.68,59.35
PT_006,87,None,0.0,3.19,7.03,60.59
PT_006,88,None,0.0,3.07,6.82,61.8
PT_006,89,None,0.0,3.51,7.68,62.99
PT_007,0,Regimen A,100.0,4.81,10.06,8.85
PT_007,1,None,0.0,4.29,9.39,9.71
PT_007,2,None,0.0,3.67,8.4,10.62
PT_007,3,None,0.0,3.18,7.17,11.57
PT_007,4,None,0.0,2.92,6.55,12.57
PT_007,5,None,0.0,2.72,5.47,13.61
PT_007,6,None,0.0,2.6,5.81,14.7
PT_007,7,None,0.0,2.47,5.4,15.82
PT_007,8,None,0.0,2.12,4.85,16.99
PT_007,9,None,0.0,2.46,5.12,18.19
PT_007,10,None,0.0,2.43,5.36,19.43
PT_007,11,None,0.0,2.53,5.59,20.71
PT_007,12,None,0.0,2.6,5.74,22.01
PT_007,13,None,0.0,3.03,6.64,23.34
PT_007,14,None,0.0,2.92,6.68,24.7
PT_007,15,None,0.0,2.91,6.14,26.08
PT_007,16,None,0.0,3.22,7.07,27.49
PT_007,17,None,0.0,3.11,6.45,28.91
PT_007,18,None,0.0,3.34,7.52,30.34
PT_007,19,None,0.0,3.46,7.72,31.79
PT_007,20,None,0.0,3.65,8.15,33.25
PT_007,21,None,0.0,5.09,11.46,34.71
PT_007,22,Regimen A,100.0,5.02,11.23,24.6
PT_007,23,None,0.0,4.43,9.53,25.98
PT_007,24,None,0.0,3.79,8.41,27.38
PT_007,25,None,0.0,3.77,8.17,28.8
PT_007,26,None,0.0,3.41,7.4,30.24
PT_007,27,None,0.0,3.1,6.79,31.68
PT_007,28,None,0.0,3.26,7.43,33.14
PT_007,29,None,0.0,3.27,7.04,34.6
PT_007,30,None,0.0,2.99,6.84,36.07
PT_007,31,None,0.0,3.06,6.77,37.54
PT_007,32,None,0.0,3.14,6.65,39.01
PT_007,33,None,0.0,3.2,7.13,40.48
PT_007,34,None,0.0,3.15,7.38,41.95
PT_007,35,None,0.0,3.18,6.89,43.41
PT_007,36,None,0.0,3.59,7.63,44.85
PT_007,37,None,0.0,3.63,8.03,46.29
PT_007,38,None,0.0,3.8,8.6,47.72
PT_007,39,None,0.0,3.87,8.27,49.13
PT_007,40,None,0.0,3.68,7.99,50.53
PT_007,41,None,0.0,3.72,8.25,51.91
PT_007,42,None,0.0,3.74,7.89,53.27
PT_007,43,None,0.0,5.11,11.14,54.61
PT_007,44,None,0.0,5.05,10.95,55.93
PT_007,45,None,0.0,5.08,10.87,57.23
PT_007,46,None,0.0,5.09,10.82,58.51
PT_007,47,None,0.0,5.12,11.44,59.76
PT_007,48,None,0.0,5.1,11.16,60.99
PT_007,49,None,0.0,4.94,10.8,62.2
PT_007,50,None,0.0,5.01,10.64,63.38
PT_007,51,Regimen A,100.0,4.81,10.85,43.89
PT_007,52,None,0.0,4.67,10.39,45.33
PT_007,53,None,0.0,4.28,9.22,46.77
PT_007,54,None,0.0,3.98,8.49,48.19
PT_007,55,None,0.0,3.65,7.96,49.6
PT_007,56,None,0.0,3.46,7.65,50.99
PT_007,57,None,0.0,3.41,7.05,52.36
PT_007,58,None,0.0,3.31,7.23,53.72
PT_007,59,None,0.0,3.51,7.41,55.05
PT_007,60,None,0.0,3.5,8.34,56.37
PT_007,61,None,0.0,3.48,7.43,57.66
PT_007,62,None,0.0,3.29,6.91,58.93
PT_007,63,None,0.0,3.54,7.44,60.17
PT_007,64,None,0.0,3.63,7.69,61.4
PT_007,65,None,0.0,3.85,8.09,62.59
PT_007,66,None,0.0,3.51,7.53,63.77
PT_007,67,None,0.0,3.67,7.93,64.92
PT_007,68,None,0.0,3.87,8.47,66.04
PT_007,69,None,0.0,3.83,8.25,67.13
PT_007,70,None,0.0,3.92,8.61,68.2
PT_007,71,None,0.0,4.04,8.68,69.25
PT_007,72,Regimen A,100.0,5.22,11.56,47.78
PT_007,73,None,0.0,4.25,9.59,49.19
PT_007,74,None,0.0,3.65,8.02,50.59
PT_007,75,None,0.0,3.28,7.29,51.97
PT_007,76,None,0.0,3.01,6.53,53.33
PT_007,77,None,0.0,2.65,5.71,54.67
PT_007,78,None,0.0,2.64,5.21,55.99
PT_007,79,None,0.0,2.61,5.64,57.29
PT_007,80,None,0.0,2.34,5.12,58.56
PT_007,81,None,0.0,2.73,6.05,59.82
PT_007,82,None,0.0,2.42,5.27,61.05
PT_007,83,None,0.0,2.68,6.19,62.25
PT_007,84,None,0.0,2.63,5.6,63.43
PT_007,85,None,0.0,2.96,6.79,64.59
PT_007,86,None,0.0,2.98,6.88,65.72
PT_007,87,None,0.0,3.08,6.47,66.82
PT_007,88,None,0.0,3.19,6.93,67.9
PT_007,89,None,0.0,3.48,7.41,68.95
PT_008,0,Regimen A,100.0,5.78,12.8,8.85
PT_008,1,None,0.0,4.99,11.0,9.71
PT_008,2,None,0.0,4.15,8.53,10.62
PT_008,3,None,0.0,3.88,8.44,11.57
PT_008,4,None,0.0,3.67,8.56,12.57
PT_008,5,None,0.0,3.1,6.81,13.61
PT_008,6,None,0.0,2.82,6.15,14.7
PT_008,7,None,0.0,3.08,6.61,15.82
PT_008,8,None,0.0,2.77,6.59,16.99
PT_008,9,None,0.0,2.91,6.25,18.19
PT_008,10,None,0.0,2.9,6.45,19.43
PT_008,11,None,0.0,3.25,6.94,20.71
PT_008,12,None,0.0,3.43,7.48,22.01
PT_008,13,None,0.0,3.23,7.15,23.34
PT_008,14,None,0.0,3.44,7.87,24.7
PT_008,15,None,0.0,3.55,7.98,26.08
PT_008,16,None,0.0,3.76,8.07,27.49
PT_008,17,None,0.0,3.89,8.71,28.91
PT_008,18,None,0.0,3.78,8.39,30.34
PT_008,19,None,0.0,4.02,8.54,31.79
PT_008,20,None,0.0,4.0,8.71,33.25
PT_008,21,None,0.0,5.65,12.59,34.71
PT_008,22,None,0.0,5.66,12.39,36.18
PT_008,23,None,0.0,5.6,12.28,37.65
PT_008,24,None,0.0,5.77,12.47,39.12
PT_008,25,None,0.0,5.82,12.49,40.59
PT_008,26,None,0.0,5.84,12.92,42.05
PT_008,27,None,0.0,5.81,12.72,43.51
PT_008,28,None,0.0,5.86,13.29,44.96
PT_008,29,None,0.0,5.95,13.08,46.4
PT_008,30,None,0.0,5.48,12.03,47.82
PT_008,31,None,0.0,5.73,12.63,49.23
PT_008,32,None,0.0,5.7,12.66,50.63
PT_008,33,None,0.0,5.73,12.76,52.01
PT_008,34,None,0.0,5.68,12.71,53.37
PT_008,35,Regimen A,100.0,6.03,13.34,37.2
PT_008,36,None,0.0,5.02,11.22,38.67
PT_008,37,None,0.0,4.26,9.37,40.14
PT_008,38,None,0.0,3.42,7.42,41.61
PT_008,39,None,0.0,2.99,6.61,43.07
PT_008,40,None,0.0,2.85,6.22,44.52
PT_008,41,None,0.0,2.81,6.26,45.96
PT_008,42,None,0.0,2.62,5.8,47.39
PT_008,43,None,0.0,2.42,5.63,48.8
PT_008,44,None,0.0,2.68,6.33,50.21
PT_008,45,None,0.0,2.68,5.59,51.59
PT_008,46,None,0.0,2.54,5.87,52.95
PT_008,47,None,0.0,2.71,5.82,54.3
PT_008,48,None,0.0,3.01,7.11,55.63
PT_008,49,None,0.0,3.18,7.41,56.93
PT_008,50,None,0.0,3.24,7.17,58.22
PT_008,51,None,0.0,3.27,7.07,59.48
PT_008,52,None,0.0,3.46,7.65,60.71
PT_008,53,None,0.0,3.63,8.5,61.92
PT_008,54,None,0.0,3.5,7.7,63.11
PT_008,55,None,0.0,4.0,8.63,64.27
PT_008,56,None,0.0,5.89,13.08,65.41
PT_008,57,None,0.0,5.82,13.01,66.52
PT_008,58,None,0.0,5.81,12.82,67.6
PT_008,59,None,0.0,5.81,13.1,68.66
PT_008,60,Regimen A,100.0,5.76,13.07,47.39
PT_008,61,None,0.0,4.84,10.84,48.81
PT_008,62,None,0.0,4.25,9.32,50.21
PT_008,63,None,0.0,3.73,7.93,51.59
PT_008,64,None,0.0,3.38,6.97,52.96
PT_008,65,None,0.0,3.17,7.09,54.3
PT_008,66,None,0.0,3.09,7.02,55.63
PT_008,67,None,0.0,3.05,7.03,56.94
PT_008,68,None,0.0,2.93,6.9,58.22
PT_008,69,None,0.0,2.89,6.36,59.48
PT_008,70,None,0.0,3.09,7.35,60.71
PT_008,71,None,0.0,3.07,6.6,61.93
PT_008,72,None,0.0,3.1,6.98,63.11
PT_008,73,None,0.0,3.07,6.98,64.28
PT_008,74,None,0.0,3.47,7.15,65.41
PT_008,75,None,0.0,3.39,7.84,66.52
PT_008,76,None,0.0,3.78,8.28,67.61
PT_008,77,None,0.0,3.73,8.37,68.67
PT_008,78,None,0.0,3.91,8.51,69.7
PT_008,79,None,0.0,4.24,9.57,70.7
PT_008,80,None,0.0,4.33,9.06,71.69
PT_008,81,Regimen A,100.0,5.63,12.31,49.39
PT_008,82,None,0.0,4.71,10.56,50.79
PT_008,83,None,0.0,3.57,7.64,52.16
PT_008,84,None,0.0,2.95,5.9,53.52
PT_008,85,None,0.0,2.44,5.51,54.86
PT_008,86,None,0.0,2.22,4.78,56.18
PT_008,87,None,0.0,1.93,3.98,57.47
PT_008,88,None,0.0,1.91,4.27,58.75
PT_008,89,None,0.0,1.85,4.11,60.0
PT_009,0,Regimen A,100.0,3.14,6.74,8.85
PT_009,1,None,0.0,2.41,5.4,9.71
PT_009,2,None,0.0,2.04,4.92,10.62
PT_009,3,None,0.0,1.49,3.19,11.57
PT_009,4,None,0.0,1.5,3.37,12.57
PT_009,5,None,0.0,1.44,3.05,13.61
PT_009,6,None,0.0,1.15,2.6,14.7
PT_009,7,None,0.0,1.02,2.54,15.82
PT_009,8,None,0.0,1.27,2.72,16.99
PT_009,9,None,0.0,1.22,2.52,18.19
PT_009,10,None,0.0,1.2,1.77,19.43
PT_009,11,None,0.0,1.25,2.74,20.71
PT_009,12,None,0.0,1.41,3.31,22.01
PT_009,13,None,0.0,1.41,3.07,23.34
PT_009,14,None,0.0,1.3,2.95,24.7
PT_009,15,None,0.0,1.2,2.52,26.08
PT_009,16,None,0.0,1.67,3.63,27.49
PT_009,17,None,0.0,1.73,3.97,28.91
PT_009,18,None,0.0,1.62,3.61,30.34
PT_009,19,None,0.0,1.85,4.4,31.79
PT_009,20,None,0.0,1.98,4.76,33.25
PT_009,21,Regimen A,100.0,3.29,7.14,23.6
PT_009,22,None,0.0,2.57,6.14,24.97
PT_009,23,None,0.0,2.14,4.71,26.35
PT_009,24,None,0.0,1.66,4.12,27.76
PT_009,25,None,0.0,1.68,3.52,29.18
PT_009,26,None,0.0,1.44,3.04,30.62
PT_009,27,None,0.0,1.51,3.39,32.07
PT_009,28,None,0.0,1.3,3.04,33.53
PT_009,29,None,0.0,1.33,3.49,34.99
PT_009,30,None,0.0,1.38,3.03,36.46
PT_009,31,None,0.0,1.38,2.9,37.93
PT_009,32,None,0.0,1.54,3.19,39.4
PT_009,33,None,0.0,1.52,3.4,40.87
PT_009,34,None,0.0,1.44,3.44,42.34
PT_009,35,None,0.0,1.47,3.47,43.79
PT_009,36,None,0.0,1.58,3.23,45.24
PT_009,37,None,0.0,1.9,3.94,46.67
PT_009,38,None,0.0,1.93,4.3,48.1
PT_009,39,None,0.0,1.96,4.28,49.5
PT_009,40,None,0.0,2.0,4.14,50.9
PT_009,41,None,0.0,2.27,5.47,52.27
PT_009,42,Regimen A,100.0,3.14,6.85,36.47
PT_009,43,None,0.0,2.56,5.85,37.94
PT_009,44,None,0.0,2.34,5.41,39.41
PT_009,45,None,0.0,1.84,4.05,40.88
PT_009,46,None,0.0,1.49,3.4,42.34
PT_009,47,None,0.0,1.38,2.54,43.79
PT_009,48,None,0.0,1.39,3.35,45.24
PT_009,49,None,0.0,1.35,2.88,46.68
PT_009,50,None,0.0,1.42,3.23,48.1
PT_009,51,None,0.0,1.21,3.07,49.51
PT_009,52,None,0.0,1.27,2.79,50.9
PT_009,53,None,0.0,1.13,2.71,52.27
PT_009,54,None,0.0,1.73,3.61,53.63
PT_009,55,None,0.0,1.64,3.29,54.97
PT_009,56,None,0.0,1.65,3.73,56.28
PT_009,57,None,0.0,1.74,3.75,57.58
PT_009,58,None,0.0,1.82,3.52,58.85
PT_009,59,None,0.0,1.64,3.36,60.1
PT_009,60,None,0.0,2.04,4.48,61.32
PT_009,61,None,0.0,1.84,3.92,62.52
PT_009,62,None,0.0,2.1,4.83,63.69
PT_009,63,Regimen A,100.0,3.36,7.06,44.09
PT_009,64,None,0.0,2.04,4.8,45.54
PT_009,65,None,0.0,1.58,3.58,46.97
PT_009,66,None,0.0,1.12,2.59,48.39
PT_009,67,None,0.0,0.74,1.73,49.8
PT_009,68,None,0.0,0.8,1.85,51.18
PT_009,69,None,0.0,0.23,0.8,52.56
PT_009,70,None,0.0,0.4,1.07,53.91
PT_009,71,None,0.0,0.53,1.21,55.24
PT_009,72,None,0.0,0.52,0.84,56.55
PT_009,73,None,0.0,0.22,0.8,57.84
PT_009,74,None,0.0,0.22,0.8,59.11
PT_009,75,None,0.0,0.53,0.92,60.35
PT_009,76,None,0.0,0.81,1.64,61.57
PT_009,77,None,0.0,0.79,1.71,62.76
PT_009,78,None,0.0,1.0,1.83,63.93
PT_009,79,None,0.0,0.92,1.49,65.08
PT_009,80,None,0.0,1.34,2.98,66.2
PT_009,81,None,0.0,1.41,3.13,67.29
PT_009,82,None,0.0,1.47,2.84,68.35
PT_009,83,None,0.0,1.45,3.36,69.4
PT_009,84,None,0.0,3.14,6.6,70.41
PT_009,85,None,0.0,3.31,7.41,71.4
PT_009,86,None,0.0,3.19,6.89,72.36
PT_009,87,None,0.0,3.19,7.48,73.3
PT_009,88,None,0.0,3.14,7.05,74.21
PT_009,89,None,0.0,3.05,6.96,75.09
PT_010,0,Regimen A,100.0,5.91,12.98,15.87
PT_010,1,None,0.0,5.33,12.07,17.03
PT_010,2,None,0.0,4.47,9.13,18.24
PT_010,3,None,0.0,4.16,9.04,19.48
PT_010,4,None,0.0,3.86,8.13,20.76
PT_010,5,None,0.0,3.52,7.79,22.06
PT_010,6,None,0.0,3.48,7.28,23.4
PT_010,7,None,0.0,3.41,7.68,24.76
PT_010,8,None,0.0,3.17,6.3,26.14
PT_010,9,None,0.0,3.25,7.41,27.54
PT_010,10,None,0.0,3.19,7.05,28.96
PT_010,11,None,0.0,3.49,7.24,30.4
PT_010,12,None,0.0,3.77,8.71,31.84
PT_010,13,None,0.0,3.41,8.0,33.3
PT_010,14,None,0.0,3.68,8.07,34.77
PT_010,15,None,0.0,4.14,9.05,36.24
PT_010,16,None,0.0,3.94,8.83,37.71
PT_010,17,None,0.0,4.12,8.59,39.18
PT_010,18,None,0.0,4.2,9.04,40.65
PT_010,19,None,0.0,4.07,8.87,42.11
PT_010,20,None,0.0,4.45,9.7,43.57
PT_010,21,None,0.0,5.91,12.87,45.02
PT_010,22,None,0.0,5.92,13.31,46.45
PT_010,23,None,0.0,5.88,13.25,47.88
PT_010,24,None,0.0,6.0,13.04,49.29
PT_010,25,None,0.0,6.02,12.97,50.68
PT_010,26,None,0.0,5.95,13.33,52.06
PT_010,27,None,0.0,6.17,13.43,53.42
PT_010,28,None,0.0,5.94,13.07,54.76
PT_010,29,Regimen A,100.0,5.95,13.49,38.13
PT_010,30,None,0.0,4.64,10.65,39.6
PT_010,31,None,0.0,3.46,7.73,41.07
PT_010,32,None,0.0,2.81,6.16,42.53
PT_010,33,None,0.0,2.19,4.58,43.99
PT_010,34,None,0.0,1.89,3.9,45.43
PT_010,35,None,0.0,1.66,3.72,46.87
PT_010,36,None,0.0,1.55,3.28,48.29
PT_010,37,None,0.0,1.35,2.78,49.69
PT_010,38,None,0.0,1.51,3.46,51.08
PT_010,39,None,0.0,1.5,3.68,52.46
PT_010,40,None,0.0,1.79,3.99,53.81
PT_010,41,None,0.0,1.63,3.65,55.14
PT_010,42,None,0.0,2.09,4.33,56.46
PT_010,43,None,0.0,2.33,4.98,57.75
PT_010,44,None,0.0,2.39,5.42,59.02
PT_010,45,None,0.0,2.41,5.32,60.26
PT_010,46,None,0.0,3.14,7.08,61.48
PT_010,47,None,0.0,2.92,6.47,62.68
PT_010,48,None,0.0,3.43,7.12,63.85
PT_010,49,None,0.0,3.3,7.11,64.99
PT_010,50,None,0.0,6.05,13.55,66.11
PT_010,51,None,0.0,6.04,12.87,67.21
PT_010,52,None,0.0,6.06,13.64,68.28
PT_010,53,None,0.0,5.81,13.02,69.32
PT_010,54,None,0.0,5.81,12.88,70.34
PT_010,55,None,0.0,6.01,13.24,71.33
PT_010,56,None,0.0,5.9,13.13,72.29
PT_010,57,None,0.0,5.94,12.65,73.23
PT_010,58,Regimen A,100.0,5.9,12.71,50.42
PT_010,59,None,0.0,5.46,12.05,51.8
PT_010,60,None,0.0,5.39,11.81,53.16
PT_010,61,None,0.0,4.9,10.99,54.5
PT_010,62,None,0.0,4.94,11.11,55.83
PT_010,63,None,0.0,4.71,10.27,57.13
PT_010,64,None,0.0,4.64,10.33,58.41
PT_010,65,None,0.0,4.62,9.88,59.66
PT_010,66,None,0.0,4.53,10.46,60.9
PT_010,67,None,0.0,4.65,10.45,62.1
PT_010,68,None,0.0,4.62,10.05,63.29
PT_010,69,None,0.0,4.5,10.16,64.45
PT_010,70,None,0.0,4.87,10.21,65.58
PT_010,71,None,0.0,4.7,10.45,66.69
PT_010,72,None,0.0,4.82,10.67,67.77
PT_010,73,None,0.0,4.98,11.73,68.82
PT_010,74,None,0.0,5.08,11.11,69.85
PT_010,75,None,0.0,4.88,10.8,70.85
PT_010,76,None,0.0,5.18,12.06,71.83
PT_010,77,None,0.0,5.06,10.84,72.78
PT_010,78,None,0.0,4.96,10.66,73.7
PT_010,79,Regimen A,100.0,5.88,13.1,50.73
PT_010,80,None,0.0,4.59,9.95,52.11
PT_010,81,None,0.0,3.77,8.57,53.47
PT_010,82,None,0.0,2.95,6.2,54.81
PT_010,83,None,0.0,2.55,5.64,56.12
PT_010,84,None,0.0,1.91,4.26,57.42
PT_010,85,None,0.0,1.76,4.17,58.69
PT_010,86,None,0.0,1.69,4.09,59.95
PT_010,87,None,0.0,1.66,3.36,61.17
PT_010,88,None,0.0,1.79,3.77,62.38
PT_010,89,None,0.0,1.73,3.66,63.55
PT_011,0,Regimen A,100.0,5.5,12.08,8.85
PT_011,1,None,0.0,5.11,11.18,9.71
PT_011,2,None,0.0,4.82,10.66,10.62
PT_011,3,None,0.0,4.55,10.15,11.57
PT_011,4,None,0.0,4.32,9.64,12.57
PT_011,5,None,0.0,3.95,9.15,13.61
PT_011,6,None,0.0,4.24,9.34,14.7
PT_011,7,None,0.0,4.19,9.22,15.82
PT_011,8,None,0.0,4.18,9.47,16.99
PT_011,9,None,0.0,4.13,9.07,18.19
PT_011,10,None,0.0,4.31,8.72,19.43
PT_011,11,None,0.0,4.29,9.65,20.71
PT_011,12,None,0.0,3.97,8.66,22.01
PT_011,13,None,0.0,4.43,9.47,23.34
PT_011,14,None,0.0,4.47,10.03,24.7
PT_011,15,None,0.0,4.62,9.97,26.08
PT_011,16,None,0.0,4.48,9.97,27.49
PT_011,17,None,0.0,4.51,10.54,28.91
PT_011,18,None,0.0,4.83,10.74,30.34
PT_011,19,None,0.0,4.76,10.41,31.79
PT_011,20,None,0.0,4.66,10.74,33.25
PT_011,21,None,0.0,5.79,12.67,34.71
PT_011,22,None,0.0,5.61,12.28,36.18
PT_011,23,None,0.0,5.55,11.88,37.65
PT_011,24,None,0.0,5.46,11.52,39.12
PT_011,25,None,0.0,5.61,11.7,40.59
PT_011,26,None,0.0,5.55,12.48,42.05
PT_011,27,None,0.0,5.53,12.65,43.51
PT_011,28,None,0.0,5.61,12.27,44.96
PT_011,29,None,0.0,5.56,12.13,46.4
PT_011,30,None,0.0,5.64,12.17,47.82
PT_011,31,None,0.0,5.69,12.73,49.23
PT_011,32,None,0.0,5.43,11.95,50.63
PT_011,33,Regimen A,100.0,5.48,12.62,35.37
PT_011,34,None,0.0,5.26,11.13,36.84
PT_011,35,None,0.0,4.97,10.49,38.31
PT_011,36,None,0.0,4.52,10.01,39.78
PT_011,37,None,0.0,4.32,9.29,41.24
PT_011,38,None,0.0,4.22,9.16,42.71
PT_011,39,None,0.0,4.26,9.24,44.16
PT_011,40,None,0.0,4.19,9.24,45.6
PT_011,41,None,0.0,4.11,9.12,47.04
PT_011,42,None,0.0,4.07,8.99,48.45
PT_011,43,None,0.0,4.09,8.95,49.86
PT_011,44,None,0.0,4.13,8.78,51.25
PT_011,45,None,0.0,4.29,9.78,52.62
PT_011,46,None,0.0,4.18,9.43,53.97
PT_011,47,None,0.0,4.26,9.35,55.3
PT_011,48,None,0.0,4.75,10.25,56.61
PT_011,49,None,0.0,4.62,9.79,57.9
PT_011,50,None,0.0,4.56,10.07,59.16
PT_011,51,None,0.0,4.47,9.52,60.41
PT_011,52,None,0.0,4.59,10.04,61.62
PT_011,53,None,0.0,4.75,10.24,62.82
PT_011,54,None,0.0,5.7,12.54,63.99
PT_011,55,None,0.0,5.42,11.46,65.13
PT_011,56,None,0.0,5.73,12.32,66.25
PT_011,57,None,0.0,5.58,12.22,67.34
PT_011,58,None,0.0,5.58,11.94,68.4
PT_011,59,None,0.0,5.54,11.74,69.44
PT_011,60,None,0.0,5.63,12.5,70.45
PT_011,61,None,0.0,5.44,11.47,71.44
PT_011,62,None,0.0,5.46,11.9,72.4
PT_011,63,Regimen A,100.0,5.4,12.06,49.87
PT_011,64,None,0.0,5.22,11.21,51.26
PT_011,65,None,0.0,4.89,10.67,52.63
PT_011,66,None,0.0,4.61,10.24,53.98
PT_011,67,None,0.0,4.22,8.77,55.31
PT_011,68,None,0.0,4.12,9.12,56.62
PT_011,69,None,0.0,4.4,9.87,57.91
PT_011,70,None,0.0,4.32,9.62,59.17
PT_011,71,None,0.0,4.21,9.48,60.42
PT_011,72,None,0.0,4.29,9.62,61.63
PT_011,73,None,0.0,4.29,9.49,62.83
PT_011,74,None,0.0,3.98,8.55,63.99
PT_011,75,None,0.0,4.1,8.79,65.14
PT_011,76,None,0.0,4.29,9.12,66.25
PT_011,77,None,0.0,4.27,9.23,67.35
PT_011,78,None,0.0,4.33,9.56,68.41
PT_011,79,None,0.0,4.55,9.5,69.45
PT_011,80,None,0.0,4.68,10.4,70.46
PT_011,81,None,0.0,4.51,9.9,71.45
PT_011,82,None,0.0,4.9,11.12,72.41
PT_011,83,None,0.0,4.76,10.31,73.34
PT_011,84,Regimen A,100.0,5.55,11.9,50.49
PT_011,85,None,0.0,5.07,11.47,51.87
PT_011,86,None,0.0,4.75,10.24,53.23
PT_011,87,None,0.0,4.69,10.74,54.58
PT_011,88,None,0.0,4.83,10.71,55.9
PT_011,89,None,0.0,4.67,9.86,57.2
PT_012,0,Regimen A,100.0,4.49,9.82,15.87
PT_012,1,None,0.0,3.36,7.37,17.03
PT_012,2,None,0.0,2.5,5.16,18.24
PT_012,3,None,0.0,1.71,3.63,19.48
PT_012,4,None,0.0,1.28,2.33,20.76
PT_012,5,None,0.0,0.96,2.1,22.06
PT_012,6,None,0.0,0.75,1.88,23.4
PT_012,7,None,0.0,0.87,1.75,24.76
PT_012,8,None,0.0,0.89,2.13,26.14
PT_012,9,None,0.0,0.78,1.56,27.54
PT_012,10,None,0.0,0.78,1.98,28.96
PT_012,11,None,0.0,1.2,2.56,30.4
PT_012,12,None,0.0,0.91,2.17,31.84
PT_012,13,None,0.0,1.21,2.59,33.3
PT_012,14,None,0.0,1.38,3.17,34.77
PT_012,15,None,0.0,1.43,3.28,36.24
PT_012,16,None,0.0,1.77,3.91,37.71
PT_012,17,None,0.0,1.99,4.0,39.18
PT_012,18,None,0.0,2.09,4.57,40.65
PT_012,19,None,0.0,2.28,5.32,42.11
PT_012,20,None,0.0,2.28,4.95,43.57
PT_012,21,None,0.0,4.25,9.26,45.02
PT_012,22,None,0.0,4.25,9.47,46.45
PT_012,23,None,0.0,4.34,9.29,47.88
PT_012,24,None,0.0,4.28,9.3,49.29
PT_012,25,None,0.0,4.21,9.08,50.68
PT_012,26,None,0.0,4.31,9.41,52.06
PT_012,27,None,0.0,4.21,8.75,53.42
PT_012,28,None,0.0,4.42,9.94,54.76
PT_012,29,None,0.0,4.32,9.63,56.08
PT_012,30,None,0.0,4.03,9.27,57.38
PT_012,31,None,0.0,4.45,9.47,58.65
PT_012,32,Regimen A,100.0,4.41,9.64,40.73
PT_012,33,None,0.0,3.6,8.28,42.2
PT_012,34,None,0.0,3.42,7.34,43.65
PT_012,35,None,0.0,2.95,6.89,45.1
PT_012,36,None,0.0,2.71,5.78,46.54
PT_012,37,None,0.0,2.37,5.06,47.96
PT_012,38,None,0.0,2.54,5.93,49.37
PT_012,39,None,0.0,2.32,4.95,50.76
PT_012,40,None,0.0,2.24,4.53,52.14
PT_012,41,None,0.0,2.22,4.84,53.5
PT_012,42,None,0.0,2.22,5.13,54.84
PT_012,43,None,0.0,2.3,4.96,56.16
PT_012,44,None,0.0,2.52,5.12,57.45
PT_012,45,None,0.0,2.74,5.91,58.73
PT_012,46,None,0.0,2.55,5.62,59.98
PT_012,47,None,0.0,2.79,6.04,61.2
PT_012,48,None,0.0,2.79,6.12,62.4
PT_012,49,None,0.0,2.93,6.52,63.58
PT_012,50,None,0.0,2.87,6.46,64.73
PT_012,51,None,0.0,3.29,7.32,65.86
PT_012,52,None,0.0,3.08,6.68,66.96
PT_012,53,None,0.0,4.38,9.72,68.03
PT_012,54,None,0.0,4.32,9.38,69.08
PT_012,55,None,0.0,4.27,9.55,70.1
PT_012,56,None,0.0,4.23,9.23,71.1
PT_012,57,None,0.0,4.31,9.56,72.07
PT_012,58,None,0.0,4.33,9.48,73.01
PT_012,59,Regimen A,100.0,4.36,9.69,50.27
PT_012,60,None,0.0,3.52,7.8,51.66
PT_012,61,None,0.0,2.96,6.65,53.02
PT_012,62,None,0.0,2.25,4.7,54.37
PT_012,63,None,0.0,2.06,4.64,55.69
PT_012,64,None,0.0,1.68,3.48,57.0
PT_012,65,None,0.0,1.54,3.21,58.28
PT_012,66,None,0.0,1.51,3.42,59.54
PT_012,67,None,0.0,1.37,3.34,60.77
PT_012,68,None,0.0,1.71,3.37,61.98
PT_012,69,None,0.0,1.42,2.7,63.17
PT_012,70,None,0.0,1.71,3.59,64.33
PT_012,71,None,0.0,1.58,3.66,65.46
PT_012,72,None,0.0,1.71,3.82,66.57
PT_012,73,None,0.0,1.75,3.7,67.66
PT_012,74,None,0.0,2.21,5.1,68.71
PT_012,75,None,0.0,2.0,4.82,69.75
PT_012,76,None,0.0,2.32,4.66,70.75
PT_012,77,None,0.0,2.74,5.71,71.73
PT_012,78,None,0.0,2.6,5.68,72.68
PT_012,79,None,0.0,3.06,6.64,73.61
PT_012,80,Regimen A,100.0,4.24,9.32,50.67
PT_012,81,None,0.0,3.31,7.25,52.05
PT_012,82,None,0.0,3.02,6.67,53.41
PT_012,83,None,0.0,2.42,5.46,54.75
PT_012,84,None,0.0,2.22,5.1,56.07
PT_012,85,None,0.0,1.79,3.85,57.36
PT_012,86,None,0.0,1.89,4.17,58.64
PT_012,87,None,0.0,1.72,3.8,59.89
PT_012,88,None,0.0,1.91,3.87,61.12
PT_012,89,None,0.0,1.56,3.34,62.32
PT_013,0,Regimen A,100.0,6.34,14.44,15.87
PT_013,1,None,0.0,5.8,12.69,17.03
PT_013,2,None,0.0,5.29,11.7,18.24
PT_013,3,None,0.0,4.8,10.67,19.48
PT_013,4,None,0.0,4.73,10.46,20.76
PT_013,5,None,0.0,4.54,10.21,22.06
PT_013,6,None,0.0,4.35,10.01,23.4
PT_013,7,None,0.0,4.35,9.36,24.76
PT_013,8,None,0.0,4.43,9.55,26.14
PT_013,9,None,0.0,4.6,10.27,27.54
PT_013,10,None,0.0,4.37,9.33,28.96
PT_013,11,None,0.0,4.45,9.92,30.4
PT_013,12,None,0.0,4.6,10.32,31.84
PT_013,13,None,0.0,4.61,10.15,33.3
PT_013,14,None,0.0,4.81,10.21,34.77
PT_013,15,None,0.0,4.79,10.45,36.24
PT_013,16,None,0.0,5.09,11.49,37.71
PT_013,17,None,0.0,4.8,11.24,39.18
PT_013,18,None,0.0,5.23,11.46,40.65
PT_013,19,None,0.0,5.0,11.11,42.11
PT_013,20,None,0.0,5.17,11.58,43.57
PT_013,21,None,0.0,6.42,14.34,45.02
PT_013,22,None,0.0,6.31,13.73,46.45
PT_013,23,None,0.0,6.27,13.58,47.88
PT_013,24,None,0.0,6.21,13.59,49.29
PT_013,25,None,0.0,6.2,13.53,50.68
PT_013,26,None,0.0,6.27,13.85,52.06
PT_013,27,None,0.0,6.22,13.88,53.42
PT_013,28,None,0.0,6.11,13.58,54.76
PT_013,29,None,0.0,6.24,13.57,56.08
PT_013,30,None,0.0,6.41,14.11,57.38
PT_013,31,None,0.0,6.32,13.79,58.65
PT_013,32,Regimen A,100.0,6.27,13.9,40.73
PT_013,33,None,0.0,5.48,11.99,42.2
PT_013,34,None,0.0,4.99,11.5,43.65
PT_013,35,None,0.0,4.51,9.9,45.1
PT_013,36,None,0.0,4.2,9.08,46.54
PT_013,37,None,0.0,3.91,8.69,47.96
PT_013,38,None,0.0,3.68,7.75,49.37
PT_013,39,None,0.0,3.48,7.6,50.76
PT_013,40,None,0.0,3.39,7.52,52.14
PT_013,41,None,0.0,3.51,7.77,53.5
PT_013,42,None,0.0,3.66,8.39,54.84
PT_013,43,None,0.0,3.66,8.26,56.16
PT_013,44,None,0.0,3.8,8.26,57.45
PT_013,45,None,0.0,3.91,8.56,58.73
PT_013,46,None,0.0,4.05,9.06,59.98
PT_013,47,None,0.0,4.45,10.01,61.2
PT_013,48,None,0.0,4.41,10.13,62.4
PT_013,49,None,0.0,4.46,9.92,63.58
PT_013,50,None,0.0,4.6,9.82,64.73
PT_013,51,None,0.0,4.58,10.3,65.86
PT_013,52,None,0.0,4.64,10.58,66.96
PT_013,53,None,0.0,6.24,13.91,68.03
PT_013,54,None,0.0,6.22,13.63,69.08
PT_013,55,None,0.0,6.12,13.54,70.1
PT_013,56,None,0.0,6.37,13.71,71.1
PT_013,57,None,0.0,6.17,13.56,72.07
PT_013,58,None,0.0,6.34,14.13,73.01
PT_013,59,None,0.0,6.25,13.26,73.93
PT_013,60,None,0.0,6.18,13.44,74.83
PT_013,61,None,0.0,6.35,13.81,75.69
PT_013,62,None,0.0,6.21,13.8,76.54
PT_013,63,None,0.0,6.35,14.02,77.36
PT_013,64,Regimen A,100.0,6.37,14.15,53.14
PT_013,65,None,0.0,5.65,12.24,54.49
PT_013,66,None,0.0,5.37,11.9,55.81
PT_013,67,None,0.0,4.95,11.07,57.11
PT_013,68,None,0.0,4.61,10.36,58.39
PT_013,69,None,0.0,4.36,8.89,59.65
PT_013,70,None,0.0,3.87,8.31,60.88
PT_013,71,None,0.0,4.29,9.36,62.09
PT_013,72,None,0.0,4.2,9.67,63.27
PT_013,73,None,0.0,4.27,9.81,64.43
PT_013,74,None,0.0,4.13,9.05,65.56
PT_013,75,None,0.0,4.35,9.94,66.67
PT_013,76,None,0.0,4.32,9.36,67.75
PT_013,77,None,0.0,4.64,9.91,68.81
PT_013,78,None,0.0,4.6,10.21,69.84
PT_013,79,None,0.0,4.75,10.56,70.84
PT_013,80,None,0.0,4.57,10.12,71.82
PT_013,81,None,0.0,4.68,10.17,72.77
PT_013,82,None,0.0,4.96,10.54,73.69
PT_013,83,None,0.0,5.15,11.42,74.59
PT_013,84,None,0.0,5.34,11.97,75.47
PT_013,85,Regimen A,100.0,6.2,13.38,51.9
PT_013,86,None,0.0,5.52,12.15,53.26
PT_013,87,None,0.0,5.04,10.8,54.6
PT_013,88,None,0.0,4.88,10.24,55.92
PT_013,89,None,0.0,4.62,10.65,57.22
PT_014,0,Regimen A,100.0,6.4,13.74,8.85
PT_014,1,None,0.0,6.12,13.65,9.71
PT_014,2,None,0.0,5.78,12.61,10.62
PT_014,3,None,0.0,5.85,12.72,11.57
PT_014,4,None,0.0,5.45,11.78,12.57
PT_014,5,None,0.0,5.64,12.68,13.61
PT_014,6,None,0.0,5.34,11.47,14.7
PT_014,7,None,0.0,5.5,12.22,15.82
PT_014,8,None,0.0,5.12,11.27,16.99
PT_014,9,None,0.0,5.37,11.98,18.19
PT_014,10,None,0.0,5.48,11.85,19.43
PT_014,11,None,0.0,5.3,11.54,20.71
PT_014,12,None,0.0,5.52,12.0,22.01
PT_014,13,None,0.0,5.46,11.96,23.34
PT_014,14,None,0.0,5.43,11.95,24.7
PT_014,15,None,0.0,5.55,12.44,26.08
PT_014,16,None,0.0,5.85,12.82,27.49
PT_014,17,None,0.0,5.64,12.16,28.91
PT_014,18,None,0.0,5.93,13.05,30.34
PT_014,19,None,0.0,5.57,12.02,31.79
PT_014,20,None,0.0,5.96,12.94,33.25
PT_014,21,None,0.0,6.46,14.35,34.71
PT_014,22,None,0.0,6.74,14.44,36.18
PT_014,23,None,0.0,6.34,13.64,37.65
PT_014,24,None,0.0,6.62,14.4,39.12
PT_014,25,None,0.0,6.34,14.0,40.59
PT_014,26,None,0.0,6.32,14.14,42.05
PT_014,27,None,0.0,6.43,14.1,43.51
PT_014,28,None,0.0,6.63,14.42,44.96
PT_014,29,None,0.0,6.31,13.62,46.4
PT_014,30,None,0.0,6.48,14.3,47.82
PT_014,31,Regimen A,100.0,6.32,13.5,33.48
PT_014,32,None,0.0,5.78,12.73,34.94
PT_014,33,None,0.0,4.92,10.47,36.41
PT_014,34,None,0.0,4.33,9.57,37.89
PT_014,35,None,0.0,3.97,8.36,39.36
PT_014,36,None,0.0,3.68,8.35,40.82
PT_014,37,None,0.0,3.26,7.25,42.29
PT_014,38,None,0.0,3.33,7.29,43.74
PT_014,39,None,0.0,3.35,7.36,45.19
PT_014,40,None,0.0,3.55,8.02,46.63
PT_014,41,None,0.0,3.4,7.3,48.05
PT_014,42,None,0.0,3.57,8.23,49.46
PT_014,43,None,0.0,3.76,8.41,50.85
PT_014,44,None,0.0,3.77,8.47,52.23
PT_014,45,None,0.0,3.8,8.15,53.58
PT_014,46,None,0.0,3.8,8.53,54.92
PT_014,47,None,0.0,3.94,8.61,56.24
PT_014,48,None,0.0,4.25,9.78,57.53
PT_014,49,None,0.0,4.42,9.63,58.8
PT_014,50,None,0.0,4.48,9.61,60.05
PT_014,51,None,0.0,4.6,10.05,61.28
PT_014,52,Regimen A,100.0,6.39,13.46,42.49
PT_014,53,None,0.0,5.67,12.68,43.94
PT_014,54,None,0.0,5.46,11.94,45.39
PT_014,55,None,0.0,5.18,11.45,46.82
PT_014,56,None,0.0,4.98,11.12,48.24
PT_014,57,None,0.0,5.05,11.07,49.65
PT_014,58,None,0.0,4.67,10.34,51.04
PT_014,59,None,0.0,4.75,10.41,52.41
PT_014,60,None,0.0,4.72,10.13,53.77
PT_014,61,None,0.0,4.41,9.08,55.1
PT_014,62,None,0.0,4.51,9.93,56.41
PT_014,63,None,0.0,4.91,10.25,57.71
PT_014,64,None,0.0,4.74,10.59,58.97
PT_014,65,None,0.0,4.93,10.69,60.22
PT_014,66,None,0.0,4.85,10.9,61.44
PT_014,67,None,0.0,4.92,10.55,62.64
PT_014,68,None,0.0,5.11,11.07,63.81
PT_014,69,None,0.0,4.94,10.46,64.96
PT_014,70,None,0.0,5.26,11.42,66.08
PT_014,71,None,0.0,5.56,12.3,67.17
PT_014,72,None,0.0,5.33,11.58,68.24
PT_014,73,Regimen A,100.0,6.39,13.79,47.11
PT_014,74,None,0.0,5.52,11.8,48.53
PT_014,75,None,0.0,4.76,10.65,49.94
PT_014,76,None,0.0,4.15,8.98,51.32
PT_014,77,None,0.0,3.68,7.98,52.69
PT_014,78,None,0.0,3.45,7.73,54.04
PT_014,79,None,0.0,3.34,7.28,55.37
PT_014,80,None,0.0,2.99,6.05,56.68
PT_014,81,None,0.0,3.36,7.37,57.97
PT_014,82,None,0.0,3.25,7.34,59.23
PT_014,83,None,0.0,3.45,7.68,60.47
PT_014,84,None,0.0,3.3,7.25,61.69
PT_014,85,None,0.0,3.52,7.69,62.88
PT_014,86,None,0.0,3.49,7.92,64.05
PT_014,87,None,0.0,3.6,8.03,65.19
PT_014,88,None,0.0,3.97,8.76,66.31
PT_014,89,None,0.0,3.88,8.66,67.4
PT_015,0,Regimen A,100.0,3.56,7.51,15.87
PT_015,1,None,0.0,2.51,5.76,17.03
PT_015,2,None,0.0,1.61,3.85,18.24
PT_015,3,None,0.0,1.31,2.96,19.48
PT_015,4,None,0.0,0.99,1.97,20.76
PT_015,5,None,0.0,0.53,1.23,22.06
PT_015,6,None,0.0,0.27,0.85,23.4
PT_015,7,None,0.0,0.1,0.8,24.76
PT_015,8,None,0.0,0.1,0.8,26.14
PT_015,9,None,0.0,0.32,0.8,27.54
PT_015,10,None,0.0,0.31,1.05,28.96
PT_015,11,None,0.0,0.83,2.17,30.4
PT_015,12,None,0.0,0.53,1.24,31.84
PT_015,13,None,0.0,0.64,1.44,33.3
PT_015,14,None,0.0,0.99,2.17,34.77
PT_015,15,None,0.0,1.04,1.45,36.24
PT_015,16,None,0.0,1.32,2.5,37.71
PT_015,17,None,0.0,1.17,2.29,39.18
PT_015,18,None,0.0,1.26,2.68,40.65
PT_015,19,None,0.0,1.45,3.25,42.11
PT_015,20,None,0.0,1.77,3.63,43.57
PT_015,21,None,0.0,3.59,8.26,45.02
PT_015,22,None,0.0,3.67,8.03,46.45
PT_015,23,None,0.0,3.48,7.93,47.88
PT_015,24,None,0.0,3.63,7.88,49.29
PT_015,25,None,0.0,3.66,8.07,50.68
PT_015,26,Regimen A,100.0,3.59,7.74,35.4
PT_015,27,None,0.0,2.32,5.03,36.87
PT_015,28,None,0.0,1.3,2.94,38.34
PT_015,29,None,0.0,0.46,0.8,39.81
PT_015,30,None,0.0,0.26,0.8,41.28
PT_015,31,None,0.0,0.31,0.8,42.74
PT_015,32,None,0.0,0.16,0.8,44.19
PT_015,33,None,0.0,0.18,0.8,45.64
PT_015,34,None,0.0,0.1,0.8,47.07
PT_015,35,None,0.0,0.16,0.8,48.49
PT_015,36,None,0.0,0.1,0.8,49.89
PT_015,37,None,0.0,0.22,1.16,51.28
PT_015,38,None,0.0,0.13,0.8,52.65
PT_015,39,None,0.0,0.26,0.8,54.0
PT_015,40,None,0.0,0.15,0.8,55.33
PT_015,41,None,0.0,0.1,0.8,56.64
PT_015,42,None,0.0,0.44,1.23,57.93
PT_015,43,None,0.0,0.57,1.23,59.19
PT_015,44,None,0.0,0.54,0.81,60.44
PT_015,45,None,0.0,0.92,2.0,61.65
PT_015,46,None,0.0,0.98,2.44,62.85
PT_015,47,None,0.0,3.7,7.82,64.01
PT_015,48,None,0.0,3.51,7.79,65.16
PT_015,49,None,0.0,3.57,7.29,66.27
PT_015,50,None,0.0,3.41,7.43,67.36
PT_015,51,None,0.0,3.64,8.21,68.43
PT_015,52,None,0.0,3.52,7.8,69.47
PT_015,53,Regimen A,100.0,3.64,8.3,47.93
PT_015,54,None,0.0,1.86,4.08,49.34
PT_015,55,None,0.0,0.4,0.89,50.73
PT_015,56,None,0.0,0.1,0.8,52.11
PT_015,57,None,0.0,0.33,0.8,53.47
PT_015,58,None,0.0,0.49,0.8,54.8
PT_015,59,None,0.0,0.1,0.8,56.12
PT_015,60,None,0.0,0.14,0.8,57.42
PT_015,61,None,0.0,0.19,0.8,58.69
PT_015,62,None,0.0,0.1,0.8,59.94
PT_015,63,None,0.0,0.36,0.8,61.17
PT_015,64,None,0.0,0.12,0.8,62.37
PT_015,65,None,0.0,0.22,0.8,63.55
PT_015,66,None,0.0,0.1,0.8,64.7
PT_015,67,None,0.0,0.1,0.8,65.83
PT_015,68,None,0.0,0.43,0.8,66.93
PT_015,69,None,0.0,0.11,0.8,68.01
PT_015,70,None,0.0,0.1,0.8,69.06
PT_015,71,None,0.0,0.14,0.8,70.08
PT_015,72,None,0.0,0.5,1.09,71.08
PT_015,73,None,0.0,0.5,0.88,72.05
PT_015,74,Regimen A,100.0,3.57,7.47,49.63
PT_015,75,None,0.0,2.56,5.55,51.02
PT_015,76,None,0.0,1.96,4.57,52.4
PT_015,77,None,0.0,1.26,2.73,53.75
PT_015,78,None,0.0,0.69,1.53,55.09
PT_015,79,None,0.0,0.34,0.8,56.4
PT_015,80,None,0.0,0.17,0.8,57.69
PT_015,81,None,0.0,0.1,0.8,58.96
PT_015,82,None,0.0,0.35,1.02,60.21
PT_015,83,None,0.0,0.18,0.8,61.43
PT_015,84,None,0.0,0.34,1.12,62.63
PT_015,85,None,0.0,0.2,0.8,63.8
PT_015,86,None,0.0,0.35,0.8,64.95
PT_015,87,None,0.0,0.54,1.42,66.07
PT_015,88,None,0.0,0.66,1.67,67.16
PT_015,89,None,0.0,0.9,2.24,68.23
PT_016,0,Regimen A,100.0,4.3,9.55,8.85
PT_016,1,None,0.0,3.24,7.37,9.71
PT_016,2,None,0.0,2.16,4.62,10.62
PT_016,3,None,0.0,1.47,3.89,11.57
PT_016,4,None,0.0,1.25,2.84,12.57
PT_016,5,None,0.0,0.85,1.53,13.61
PT_016,6,None,0.0,0.43,0.84,14.7
PT_016,7,None,0.0,0.46,1.22,15.82
PT_016,8,None,0.0,0.37,1.27,16.99
PT_016,9,None,0.0,0.54,1.33,18.19
PT_016,10,None,0.0,0.45,0.87,19.43
PT_016,11,None,0.0,0.79,1.54,20.71
PT_016,12,None,0.0,0.73,1.48,22.01
PT_016,13,None,0.0,0.81,1.86,23.34
PT_016,14,None,0.0,0.99,1.86,24.7
PT_016,15,None,0.0,1.08,2.04,26.08
PT_016,16,None,0.0,1.46,3.52,27.49
PT_016,17,None,0.0,1.4,2.87,28.91
PT_016,18,None,0.0,1.87,3.87,30.34
PT_016,19,None,0.0,1.7,3.88,31.79
PT_016,20,None,0.0,1.98,4.34,33.25
PT_016,21,None,0.0,4.19,9.14,34.71
PT_016,22,None,0.0,4.45,9.34,36.18
PT_016,23,Regimen A,100.0,4.09,9.07,25.6
PT_016,24,None,0.0,3.47,7.54,27.0
PT_016,25,None,0.0,3.08,6.96,28.41
PT_016,26,None,0.0,2.73,6.28,29.84
PT_016,27,None,0.0,2.33,5.19,31.29
PT_016,28,None,0.0,2.17,4.42,32.74
PT_016,29,None,0.0,2.03,4.51,34.2
PT_016,30,None,0.0,2.03,4.16,35.67
PT_016,31,None,0.0,2.05,4.53,37.14
PT_016,32,None,0.0,1.92,4.11,38.61
PT_016,33,None,0.0,1.89,4.31,40.08
PT_016,34,None,0.0,2.33,5.4,41.55
PT_016,35,None,0.0,2.07,4.55,43.01
PT_016,36,None,0.0,2.23,4.98,44.46
PT_016,37,None,0.0,2.4,5.33,45.9
PT_016,38,None,0.0,2.58,5.71,47.33
PT_016,39,None,0.0,2.32,5.76,48.75
PT_016,40,None,0.0,2.79,6.18,50.15
PT_016,41,None,0.0,2.69,6.24,51.53
PT_016,42,None,0.0,2.85,6.18,52.9
PT_016,43,None,0.0,3.01,6.43,54.25
PT_016,44,None,0.0,4.26,9.25,55.57
PT_016,45,None,0.0,4.26,9.35,56.88
PT_016,46,None,0.0,4.13,9.28,58.16
PT_016,47,None,0.0,4.28,9.1,59.42
PT_016,48,None,0.0,4.27,9.51,60.66
PT_016,49,None,0.0,4.34,9.55,61.87
PT_016,50,Regimen A,100.0,4.08,8.85,42.88
PT_016,51,None,0.0,2.79,6.18,44.33
PT_016,52,None,0.0,2.06,4.41,45.78
PT_016,53,None,0.0,1.53,2.94,47.21
PT_016,54,None,0.0,1.02,2.02,48.63
PT_016,55,None,0.0,0.44,0.8,50.03
PT_016,56,None,0.0,0.19,0.8,51.41
PT_016,57,None,0.0,0.1,0.8,52.78
PT_016,58,None,0.0,0.13,0.8,54.13
PT_016,59,None,0.0,0.32,0.8,55.46
PT_016,60,None,0.0,0.14,0.91,56.77
PT_016,61,None,0.0,0.51,0.86,58.05
PT_016,62,None,0.0,0.6,1.33,59.32
PT_016,63,None,0.0,0.8,2.22,60.56
PT_016,64,None,0.0,0.99,2.32,61.77
PT_016,65,None,0.0,0.94,1.79,62.96
PT_016,66,None,0.0,1.27,2.91,64.13
PT_016,67,None,0.0,1.42,3.37,65.27
PT_016,68,None,0.0,1.45,3.44,66.38
PT_016,69,None,0.0,1.78,3.95,67.47
PT_016,70,None,0.0,2.05,4.53,68.53
PT_016,71,Regimen A,100.0,4.33,9.93,47.3
PT_016,72,None,0.0,2.55,5.74,48.72
PT_016,73,None,0.0,1.55,3.17,50.12
PT_016,74,None,0.0,0.37,0.8,51.51
PT_016,75,None,0.0,0.24,0.8,52.87
PT_016,76,None,0.0,0.1,0.8,54.22
PT_016,77,None,0.0,0.1,0.8,55.55
PT_016,78,None,0.0,0.1,0.8,56.86
PT_016,79,None,0.0,0.26,0.8,58.14
PT_016,80,None,0.0,0.1,0.8,59.4
PT_016,81,None,0.0,0.25,0.8,60.64
PT_016,82,None,0.0,0.1,0.8,61.85
PT_016,83,None,0.0,0.15,0.8,63.04
PT_016,84,None,0.0,0.21,0.8,64.2
PT_016,85,None,0.0,0.14,0.8,65.34
PT_016,86,None,0.0,0.13,0.8,66.45
PT_016,87,None,0.0,0.1,0.8,67.54
PT_016,88,None,0.0,0.35,0.8,68.6
PT_016,89,None,0.0,0.79,1.85,69.63
PT_017,0,Regimen A,100.0,6.21,13.53,15.87
PT_017,1,None,0.0,6.02,13.61,17.03
PT_017,2,None,0.0,6.12,13.65,18.24
PT_017,3,None,0.0,5.79,12.9,19.48
PT_017,4,None,0.0,5.65,12.47,20.76
PT_017,5,None,0.0,5.52,11.77,22.06
PT_017,6,None,0.0,5.66,12.36,23.4
PT_017,7,None,0.0,5.61,12.25,24.76
PT_017,8,None,0.0,5.56,12.14,26.14
PT_017,9,None,0.0,5.47,11.76,27.54
PT_017,10,None,0.0,5.53,11.76,28.96
PT_017,11,None,0.0,5.6,12.5,30.4
PT_017,12,None,0.0,5.49,12.08,31.84
PT_017,13,None,0.0,5.52,12.0,33.3
PT_017,14,None,0.0,5.88,13.26,34.77
PT_017,15,None,0.0,5.95,13.13,36.24
PT_017,16,None,0.0,5.72,12.53,37.71
PT_017,17,None,0.0,5.83,12.59,39.18
PT_017,18,None,0.0,5.72,12.81,40.65
PT_017,19,None,0.0,5.78,13.07,42.11
PT_017,20,None,0.0,5.66,12.38,43.57
PT_017,21,None,0.0,6.42,14.34,45.02
PT_017,22,Regimen A,100.0,6.3,13.49,31.59
PT_017,23,None,0.0,5.64,12.61,33.04
PT_017,24,None,0.0,5.53,12.3,34.51
PT_017,25,None,0.0,5.17,11.72,35.98
PT_017,26,None,0.0,5.03,11.32,37.45
PT_017,27,None,0.0,4.72,10.14,38.92
PT_017,28,None,0.0,4.65,10.07,40.39
PT_017,29,None,0.0,4.87,10.95,41.85
PT_017,30,None,0.0,4.57,10.06,43.31
PT_017,31,None,0.0,4.7,10.49,44.76
PT_017,32,None,0.0,4.65,10.69,46.2
PT_017,33,None,0.0,4.71,10.59,47.63
PT_017,34,None,0.0,4.46,10.09,49.04
PT_017,35,None,0.0,4.79,10.99,50.44
PT_017,36,None,0.0,4.86,10.34,51.82
PT_017,37,None,0.0,4.96,11.13,53.18
PT_017,38,None,0.0,4.98,11.54,54.52
PT_017,39,None,0.0,4.88,10.63,55.85
PT_017,40,None,0.0,5.11,11.14,57.15
PT_017,41,None,0.0,5.29,11.82,58.43
PT_017,42,None,0.0,5.52,11.87,59.68
PT_017,43,None,0.0,6.14,13.38,60.92
PT_017,44,None,0.0,6.32,13.58,62.12
PT_017,45,None,0.0,6.13,13.49,63.31
PT_017,46,None,0.0,6.3,14.04,64.46
PT_017,47,None,0.0,6.23,13.45,65.6
PT_017,48,None,0.0,6.31,13.91,66.7
PT_017,49,None,0.0,6.38,14.01,67.78
PT_017,50,None,0.0,6.0,13.54,68.84
PT_017,51,Regimen A,100.0,6.07,13.61,47.51
PT_017,52,None,0.0,5.45,11.97,48.92
PT_017,53,None,0.0,4.51,9.77,50.32
PT_017,54,None,0.0,4.09,9.31,51.7
PT_017,55,None,0.0,4.06,8.72,53.07
PT_017,56,None,0.0,3.61,8.03,54.41
PT_017,57,None,0.0,3.36,7.22,55.74
PT_017,58,None,0.0,3.33,7.46,57.04
PT_017,59,None,0.0,3.44,7.7,58.32
PT_017,60,None,0.0,3.18,7.28,59.58
PT_017,61,None,0.0,3.16,6.74,60.81
PT_017,62,None,0.0,3.52,7.93,62.02
PT_017,63,None,0.0,3.53,7.89,63.21
PT_017,64,None,0.0,3.68,8.09,64.37
PT_017,65,None,0.0,4.01,8.76,65.5
PT_017,66,None,0.0,4.18,9.83,66.61
PT_017,67,None,0.0,3.91,8.72,67.69
PT_017,68,None,0.0,4.24,9.3,68.75
PT_017,69,None,0.0,4.18,8.92,69.78
PT_017,70,None,0.0,4.52,9.69,70.79
PT_017,71,None,0.0,4.51,9.81,71.76
PT_017,72,Regimen A,100.0,6.22,13.56,49.45
PT_017,73,None,0.0,5.78,12.71,50.84
PT_017,74,None,0.0,5.56,12.11,52.22
PT_017,75,None,0.0,5.18,11.77,53.57
PT_017,76,None,0.0,5.16,11.34,54.91
PT_017,77,None,0.0,5.08,10.9,56.23
PT_017,78,None,0.0,4.82,10.54,57.52
PT_017,79,None,0.0,5.06,10.99,58.79
PT_017,80,None,0.0,4.67,9.92,60.04
PT_017,81,None,0.0,4.82,10.55,61.27
PT_017,82,None,0.0,4.95,10.58,62.47
PT_017,83,None,0.0,4.87,11.29,63.64
PT_017,84,None,0.0,4.79,10.78,64.79
PT_017,85,None,0.0,5.21,11.68,65.92
PT_017,86,None,0.0,5.0,10.64,67.02
PT_017,87,None,0.0,5.22,11.45,68.09
PT_017,88,None,0.0,5.24,11.31,69.14
PT_017,89,None,0.0,5.35,11.75,70.16
PT_018,0,Regimen A,100.0,5.42,12.18,8.85
PT_018,1,None,0.0,4.83,10.41,9.71
PT_018,2,None,0.0,4.53,10.24,10.62
PT_018,3,None,0.0,4.06,8.86,11.57
PT_018,4,None,0.0,3.93,8.54,12.57
PT_018,5,None,0.0,3.81,8.32,13.61
PT_018,6,None,0.0,3.57,8.07,14.7
PT_018,7,None,0.0,3.41,7.5,15.82
PT_018,8,None,0.0,3.57,8.22,16.99
PT_018,9,None,0.0,3.54,7.57,18.19
PT_018,10,None,0.0,3.43,7.98,19.43
PT_018,11,None,0.0,3.8,8.36,20.71
PT_018,12,None,0.0,3.79,8.27,22.01
PT_018,13,None,0.0,3.97,8.66,23.34
PT_018,14,None,0.0,3.88,8.22,24.7
PT_018,15,None,0.0,3.86,8.46,26.08
PT_018,16,None,0.0,4.1,8.67,27.49
PT_018,17,None,0.0,4.17,9.38,28.91
PT_018,18,None,0.0,4.08,9.1,30.34
PT_018,19,None,0.0,4.36,9.2,31.79
PT_018,20,None,0.0,4.33,9.88,33.25
PT_018,21,None,0.0,5.61,12.23,34.71
PT_018,22,Regimen A,100.0,5.45,12.04,24.6
PT_018,23,None,0.0,4.52,9.85,25.98
PT_018,24,None,0.0,3.92,8.92,27.38
PT_018,25,None,0.0,3.56,7.99,28.8
PT_018,26,None,0.0,2.98,6.88,30.24
PT_018,27,None,0.0,3.05,6.74,31.68
PT_018,28,None,0.0,2.89,6.65,33.14
PT_018,29,None,0.0,2.54,5.86,34.6
PT_018,30,None,0.0,2.58,5.51,36.07
PT_018,31,None,0.0,2.88,6.63,37.54
PT_018,32,None,0.0,2.72,6.33,39.01
PT_018,33,None,0.0,2.96,6.88,40.48
PT_018,34,None,0.0,2.92,6.03,41.95
PT_018,35,None,0.0,2.96,6.49,43.41
PT_018,36,None,0.0,3.18,7.29,44.85
PT_018,37,None,0.0,3.07,6.47,46.29
PT_018,38,None,0.0,3.34,7.36,47.72
PT_018,39,None,0.0,3.46,7.43,49.13
PT_018,40,None,0.0,3.42,7.48,50.53
PT_018,41,None,0.0,3.81,8.27,51.91
PT_018,42,None,0.0,4.15,9.0,53.27
PT_018,43,None,0.0,5.51,12.38,54.61
PT_018,44,None,0.0,5.37,12.07,55.93
PT_018,45,Regimen A,100.0,5.32,11.84,38.92
PT_018,46,None,0.0,5.0,10.55,40.39
PT_018,47,None,0.0,4.62,10.46,41.85
PT_018,48,None,0.0,4.34,9.12,43.31
PT_018,49,None,0.0,3.8,8.29,44.76
PT_018,50,None,0.0,3.83,8.52,46.2
PT_018,51,None,0.0,3.81,8.06,47.63
PT_018,52,None,0.0,3.49,7.5,49.04
PT_018,53,None,0.0,3.71,7.93,50.44
PT_018,54,None,0.0,3.51,8.14,51.82
PT_018,55,None,0.0,3.72,8.56,53.18
PT_018,56,None,0.0,3.85,8.47,54.52
PT_018,57,None,0.0,3.78,8.13,55.85
PT_018,58,None,0.0,3.84,8.91,57.15
PT_018,59,None,0.0,4.0,8.97,58.43
PT_018,60,None,0.0,4.04,8.57,59.68
PT_018,61,None,0.0,4.25,9.14,60.91
PT_018,62,None,0.0,4.07,8.87,62.12
PT_018,63,None,0.0,4.28,9.09,63.31
PT_018,64,None,0.0,4.59,9.87,64.46
PT_018,65,None,0.0,4.53,9.81,65.6
PT_018,66,Regimen A,100.0,5.57,12.08,45.36
PT_018,67,None,0.0,4.9,10.74,46.79
PT_018,68,None,0.0,4.39,9.49,48.21
PT_018,69,None,0.0,3.86,8.56,49.62
PT_018,70,None,0.0,3.66,8.19,51.01
PT_018,71,None,0.0,3.47,7.67,52.38
PT_018,72,None,0.0,3.51,7.52,53.74
PT_018,73,None,0.0,3.7,8.19,55.07
PT_018,74,None,0.0,3.2,7.29,56.39
PT_018,75,None,0.0,3.47,7.8,57.68
PT_018,76,None,0.0,3.46,7.63,58.95
PT_018,77,None,0.0,3.5,7.85,60.2
PT_018,78,None,0.0,3.39,7.56,61.42
PT_018,79,None,0.0,3.59,7.85,62.62
PT_018,80,None,0.0,3.55,7.86,63.79
PT_018,81,None,0.0,3.76,8.6,64.94
PT_018,82,None,0.0,4.16,9.17,66.06
PT_018,83,None,0.0,3.99,8.85,67.15
PT_018,84,None,0.0,4.37,9.35,68.22
PT_018,85,None,0.0,4.34,9.22,69.27
PT_018,86,None,0.0,4.22,8.9,70.28
PT_018,87,None,0.0,5.43,11.68,71.27
PT_018,88,None,0.0,5.42,11.94,72.24
PT_018,89,None,0.0,5.59,12.43,73.18
PT_019,0,Regimen A,100.0,3.05,6.68,8.85
PT_019,1,None,0.0,2.32,4.9,9.71
PT_019,2,None,0.0,1.57,3.43,10.62
PT_019,3,None,0.0,0.83,2.06,11.57
PT_019,4,None,0.0,0.52,0.8,12.57
PT_019,5,None,0.0,0.43,0.8,13.61
PT_019,6,None,0.0,0.1,0.8,14.7
PT_019,7,None,0.0,0.13,0.8,15.82
PT_019,8,None,0.0,0.14,0.8,16.99
PT_019,9,None,0.0,0.12,0.8,18.19
PT_019,10,None,0.0,0.1,0.8,19.43
PT_019,11,None,0.0,0.35,0.91,20.71
PT_019,12,None,0.0,0.32,0.8,22.01
PT_019,13,None,0.0,0.42,0.81,23.34
PT_019,14,None,0.0,0.7,2.02,24.7
PT_019,15,None,0.0,0.66,0.93,26.08
PT_019,16,None,0.0,0.82,1.21,27.49
PT_019,17,None,0.0,1.31,3.17,28.91
PT_019,18,None,0.0,1.12,2.77,30.34
PT_019,19,None,0.0,1.03,2.23,31.79
PT_019,20,None,0.0,1.34,2.24,33.25
PT_019,21,None,0.0,2.81,6.28,34.71
PT_019,22,Regimen A,100.0,2.93,6.83,24.6
PT_019,23,None,0.0,2.08,4.8,25.98
PT_019,24,None,0.0,1.3,3.43,27.38
PT_019,25,None,0.0,0.57,1.15,28.8
PT_019,26,None,0.0,0.1,0.8,30.24
PT_019,27,None,0.0,0.1,0.8,31.68
PT_019,28,None,0.0,0.1,0.8,33.14
PT_019,29,None,0.0,0.17,0.8,34.6
PT_019,30,None,0.0,0.2,0.8,36.07
PT_019,31,None,0.0,0.1,0.8,37.54
PT_019,32,None,0.0,0.1,0.8,39.01
PT_019,33,None,0.0,0.1,0.8,40.48
PT_019,34,None,0.0,0.1,0.8,41.95
PT_019,35,None,0.0,0.2,0.8,43.41
PT_019,36,None,0.0,0.14,0.8,44.85
PT_019,37,None,0.0,0.48,0.8,46.29
PT_019,38,None,0.0,0.57,0.92,47.72
PT_019,39,None,0.0,0.6,1.14,49.13
PT_019,40,None,0.0,0.82,2.01,50.53
PT_019,41,None,0.0,0.72,0.95,51.91
PT_019,42,None,0.0,1.0,2.17,53.27
PT_019,43,None,0.0,3.05,6.73,54.61
PT_019,44,None,0.0,2.9,6.75,55.93
PT_019,45,None,0.0,2.99,6.83,57.23
PT_019,46,None,0.0,3.1,6.62,58.51
PT_019,47,None,0.0,3.11,6.77,59.76
PT_019,48,None,0.0,3.16,7.24,60.99
PT_019,49,None,0.0,3.14,7.35,62.2
PT_019,50,None,0.0,2.89,6.12,63.38
PT_019,51,None,0.0,2.95,6.23,64.54
PT_019,52,None,0.0,2.92,6.56,65.67
PT_019,53,None,0.0,3.12,7.19,66.77
PT_019,54,None,0.0,2.88,6.13,67.85
PT_019,55,Regimen A,100.0,3.21,7.02,46.86
PT_019,56,None,0.0,1.83,3.49,48.28
PT_019,57,None,0.0,0.92,2.19,49.68
PT_019,58,None,0.0,0.41,0.8,51.07
PT_019,59,None,0.0,0.21,0.8,52.45
PT_019,60,None,0.0,0.21,0.8,53.8
PT_019,61,None,0.0,0.19,0.8,55.13
PT_019,62,None,0.0,0.23,0.8,56.45
PT_019,63,None,0.0,0.29,0.8,57.74
PT_019,64,None,0.0,0.1,0.8,59.01
PT_019,65,None,0.0,0.24,0.8,60.25
PT_019,66,None,0.0,0.38,0.8,61.47
PT_019,67,None,0.0,0.11,0.8,62.67
PT_019,68,None,0.0,0.25,0.8,63.84
PT_019,69,None,0.0,0.13,0.8,64.99
PT_019,70,None,0.0,0.23,0.8,66.11
PT_019,71,None,0.0,0.28,0.8,67.2
PT_019,72,None,0.0,0.18,0.8,68.27
PT_019,73,None,0.0,0.4,0.84,69.31
PT_019,74,None,0.0,0.45,0.96,70.33
PT_019,75,None,0.0,0.64,1.3,71.32
PT_019,76,Regimen A,100.0,2.97,6.84,49.15
PT_019,77,None,0.0,2.02,4.38,50.55
PT_019,78,None,0.0,1.15,2.0,51.93
PT_019,79,None,0.0,0.49,1.04,53.29
PT_019,80,None,0.0,0.4,1.31,54.63
PT_019,81,None,0.0,0.24,0.8,55.95
PT_019,82,None,0.0,0.1,0.8,57.25
PT_019,83,None,0.0,0.17,0.8,58.53
PT_019,84,None,0.0,0.14,0.8,59.78
PT_019,85,None,0.0,0.2,0.8,61.01
PT_019,86,None,0.0,0.15,0.8,62.22
PT_019,87,None,0.0,0.14,0.8,63.4
PT_019,88,None,0.0,0.23,0.8,64.56
PT_019,89,None,0.0,0.15,0.8,65.69
PT_020,0,Regimen A,100.0,5.68,12.43,15.87
PT_020,1,None,0.0,4.53,10.09,17.03
PT_020,2,None,0.0,3.72,8.04,18.24
PT_020,3,None,0.0,3.19,7.33,19.48
PT_020,4,None,0.0,2.7,5.93,20.76
PT_020,5,None,0.0,2.38,5.17,22.06
PT_020,6,None,0.0,2.28,5.29,23.4
PT_020,7,None,0.0,1.95,3.93,24.76
PT_020,8,None,0.0,1.84,3.86,26.14
PT_020,9,None,0.0,2.23,4.97,27.54
PT_020,10,None,0.0,2.27,4.64,28.96
PT_020,11,None,0.0,2.29,4.81,30.4
PT_020,12,None,0.0,2.31,5.68,31.84
PT_020,13,None,0.0,2.42,5.31,33.3
PT_020,14,None,0.0,2.68,6.28,34.77
PT_020,15,None,0.0,2.57,6.1,36.24
PT_020,16,None,0.0,2.77,6.01,37.71
PT_020,17,None,0.0,3.09,6.47,39.18
PT_020,18,None,0.0,3.19,7.15,40.65
PT_020,19,None,0.0,3.64,8.52,42.11
PT_020,20,None,0.0,3.78,8.19,43.57
PT_020,21,None,0.0,5.75,12.5,45.02
PT_020,22,None,0.0,5.67,12.14,46.45
PT_020,23,None,0.0,5.6,12.49,47.88
PT_020,24,None,0.0,5.77,12.69,49.29
PT_020,25,None,0.0,5.81,12.93,50.68
PT_020,26,None,0.0,5.58,12.26,52.06
PT_020,27,None,0.0,5.69,12.21,53.42
PT_020,28,Regimen A,100.0,5.65,12.35,37.24
PT_020,29,None,0.0,4.37,9.82,38.71
PT_020,30,None,0.0,3.59,7.54,40.18
PT_020,31,None,0.0,2.75,6.28,41.64
PT_020,32,None,0.0,2.38,4.7,43.1
PT_020,33,None,0.0,2.13,5.11,44.55
PT_020,34,None,0.0,1.76,4.24,45.99
PT_020,35,None,0.0,1.89,4.01,47.42
PT_020,36,None,0.0,1.54,3.32,48.84
PT_020,37,None,0.0,1.89,4.57,50.24
PT_020,38,None,0.0,1.88,4.0,51.62
PT_020,39,None,0.0,1.87,4.07,52.99
PT_020,40,None,0.0,2.21,4.79,54.33
PT_020,41,None,0.0,2.1,4.51,55.66
PT_020,42,None,0.0,2.57,5.68,56.96
PT_020,43,None,0.0,2.49,5.51,58.25
PT_020,44,None,0.0,2.76,6.02,59.5
PT_020,45,None,0.0,2.86,6.42,60.74
PT_020,46,None,0.0,3.05,6.88,61.95
PT_020,47,None,0.0,3.32,6.97,63.14
PT_020,48,None,0.0,3.6,8.3,64.3
PT_020,49,None,0.0,5.79,12.96,65.44
PT_020,50,None,0.0,5.78,12.78,66.55
PT_020,51,None,0.0,5.57,12.02,67.63
PT_020,52,None,0.0,5.68,12.72,68.69
PT_020,53,None,0.0,5.75,12.65,69.72
PT_020,54,None,0.0,5.73,12.55,70.73
PT_020,55,None,0.0,5.73,12.8,71.71
PT_020,56,None,0.0,5.58,12.1,72.66
PT_020,57,None,0.0,5.73,12.59,73.59
PT_020,58,Regimen A,100.0,5.66,12.3,50.65
PT_020,59,None,0.0,5.07,11.12,52.03
PT_020,60,None,0.0,4.81,10.73,53.39
PT_020,61,None,0.0,4.62,10.28,54.73
PT_020,62,None,0.0,4.52,9.86,56.05
PT_020,63,None,0.0,4.32,10.08,57.35
PT_020,64,None,0.0,4.2,9.17,58.62
PT_020,65,None,0.0,4.01,8.89,59.88
PT_020,66,None,0.0,4.35,9.42,61.1
PT_020,67,None,0.0,4.09,8.58,62.31
PT_020,68,None,0.0,4.49,10.22,63.49
PT_020,69,None,0.0,4.21,9.54,64.64
PT_020,70,None,0.0,4.31,9.84,65.77
PT_020,71,None,0.0,4.16,9.14,66.87
PT_020,72,None,0.0,4.32,9.55,67.95
PT_020,73,None,0.0,4.49,9.87,69.0
PT_020,74,None,0.0,4.37,10.03,70.02
PT_020,75,None,0.0,4.53,10.33,71.02
PT_020,76,None,0.0,4.91,10.74,71.99
PT_020,77,None,0.0,4.87,10.99,72.94
PT_020,78,None,0.0,4.92,10.93,73.86
PT_020,79,Regimen A,100.0,5.45,11.69,50.83
PT_020,80,None,0.0,4.1,8.9,52.21
PT_020,81,None,0.0,3.05,6.69,53.57
PT_020,82,None,0.0,2.27,5.25,54.9
PT_020,83,None,0.0,1.7,3.46,56.22
PT_020,84,None,0.0,1.18,2.62,57.52
PT_020,85,None,0.0,1.09,2.66,58.79
PT_020,86,None,0.0,0.69,1.8,60.04
PT_020,87,None,0.0,0.83,2.06,61.26
PT_020,88,None,0.0,0.75,1.56,62.46
PT_020,89,None,0.0,0.94,1.88,63.64
PT_021,0,Regimen A,100.0,5.83,12.97,8.85
PT_021,1,None,0.0,4.76,10.81,9.71
PT_021,2,None,0.0,3.88,8.42,10.62
PT_021,3,None,0.0,3.46,7.53,11.57
PT_021,4,None,0.0,3.07,6.63,12.57
PT_021,5,None,0.0,2.81,5.98,13.61
PT_021,6,None,0.0,2.65,5.29,14.7
PT_021,7,None,0.0,2.3,5.05,15.82
PT_021,8,None,0.0,2.32,5.02,16.99
PT_021,9,None,0.0,2.16,4.86,18.19
PT_021,10,None,0.0,2.73,5.84,19.43
PT_021,11,None,0.0,2.52,6.35,20.71
PT_021,12,None,0.0,2.76,6.26,22.01
PT_021,13,None,0.0,2.91,6.58,23.34
PT_021,14,None,0.0,3.0,6.62,24.7
PT_021,15,None,0.0,3.08,6.65,26.08
PT_021,16,None,0.0,3.14,6.6,27.49
PT_021,17,None,0.0,3.37,7.39,28.91
PT_021,18,None,0.0,3.51,7.74,30.34
PT_021,19,None,0.0,3.7,7.98,31.79
PT_021,20,None,0.0,3.8,8.13,33.25
PT_021,21,None,0.0,5.94,13.11,34.71
PT_021,22,None,0.0,6.01,13.27,36.18
PT_021,23,None,0.0,6.03,13.41,37.65
PT_021,24,None,0.0,5.89,12.87,39.12
PT_021,25,None,0.0,5.88,13.09,40.59
PT_021,26,None,0.0,5.93,13.29,42.05
PT_021,27,None,0.0,5.9,13.0,43.51
PT_021,28,None,0.0,5.75,13.16,44.96
PT_021,29,Regimen A,100.0,5.84,12.92,31.55
PT_021,30,None,0.0,5.29,11.54,33.01
PT_021,31,None,0.0,5.27,11.82,34.47
PT_021,32,None,0.0,4.89,10.65,35.94
PT_021,33,None,0.0,4.4,9.89,37.41
PT_021,34,None,0.0,4.63,10.3,38.88
PT_021,35,None,0.0,4.32,9.49,40.35
PT_021,36,None,0.0,4.25,9.79,41.81
PT_021,37,None,0.0,4.35,9.06,43.27
PT_021,38,None,0.0,4.28,9.39,44.72
PT_021,39,None,0.0,4.23,9.67,46.16
PT_021,40,None,0.0,4.27,9.6,47.59
PT_021,41,None,0.0,4.45,10.23,49.0
PT_021,42,None,0.0,4.51,10.03,50.4
PT_021,43,None,0.0,4.62,10.5,51.78
PT_021,44,None,0.0,4.64,10.18,53.15
PT_021,45,None,0.0,4.64,10.36,54.49
PT_021,46,None,0.0,4.61,9.84,55.81
PT_021,47,None,0.0,4.56,9.87,57.12
PT_021,48,None,0.0,5.01,10.92,58.39
PT_021,49,None,0.0,4.92,10.45,59.65
PT_021,50,None,0.0,5.82,13.22,60.88
PT_021,51,None,0.0,5.9,12.72,62.09
PT_021,52,None,0.0,5.95,13.0,63.28
PT_021,53,Regimen A,100.0,5.65,12.21,43.82
PT_021,54,None,0.0,5.34,12.24,45.26
PT_021,55,None,0.0,4.71,9.91,46.7
PT_021,56,None,0.0,4.4,9.49,48.12
PT_021,57,None,0.0,4.19,9.08,49.53
PT_021,58,None,0.0,4.09,8.4,50.92
PT_021,59,None,0.0,3.84,8.76,52.29
PT_021,60,None,0.0,3.71,8.29,53.65
PT_021,61,None,0.0,3.74,8.56,54.99
PT_021,62,None,0.0,3.71,7.83,56.3
PT_021,63,None,0.0,3.88,8.53,57.6
PT_021,64,None,0.0,3.84,8.54,58.87
PT_021,65,None,0.0,3.68,7.84,60.11
PT_021,66,None,0.0,4.01,8.66,61.34
PT_021,67,None,0.0,4.36,9.45,62.54
PT_021,68,None,0.0,4.32,9.65,63.71
PT_021,69,None,0.0,4.62,10.19,64.86
PT_021,70,None,0.0,4.87,10.83,65.98
PT_021,71,None,0.0,4.51,9.9,67.08
PT_021,72,None,0.0,4.64,10.03,68.15
PT_021,73,None,0.0,4.6,9.86,69.2
PT_021,74,Regimen A,100.0,5.62,12.4,47.75
PT_021,75,None,0.0,4.79,10.23,49.16
PT_021,76,None,0.0,4.11,9.38,50.56
PT_021,77,None,0.0,3.17,6.77,51.93
PT_021,78,None,0.0,3.05,6.46,53.3
PT_021,79,None,0.0,2.6,5.59,54.64
PT_021,80,None,0.0,2.08,4.44,55.96
PT_021,81,None,0.0,2.15,4.83,57.26
PT_021,82,None,0.0,2.2,4.81,58.54
PT_021,83,None,0.0,2.4,5.12,59.79
PT_021,84,None,0.0,2.34,5.4,61.02
PT_021,85,None,0.0,2.4,5.39,62.22
PT_021,86,None,0.0,2.65,6.13,63.41
PT_021,87,None,0.0,2.81,6.36,64.56
PT_021,88,None,0.0,2.64,5.83,65.69
PT_021,89,None,0.0,3.08,6.9,66.8
PT_022,0,Regimen A,100.0,5.53,11.95,8.85
PT_022,1,None,0.0,5.34,11.86,9.71
PT_022,2,None,0.0,5.44,11.97,10.62
PT_022,3,None,0.0,5.38,11.48,11.57
PT_022,4,None,0.0,5.08,11.23,12.57
PT_022,5,None,0.0,5.26,11.87,13.61
PT_022,6,None,0.0,5.13,11.1,14.7
PT_022,7,None,0.0,5.22,11.29,15.82
PT_022,8,None,0.0,5.43,11.79,16.99
PT_022,9,None,0.0,5.01,10.96,18.19
PT_022,10,None,0.0,5.11,11.54,19.43
PT_022,11,None,0.0,5.13,11.06,20.71
PT_022,12,None,0.0,5.32,12.1,22.01
PT_022,13,None,0.0,5.27,11.79,23.34
PT_022,14,None,0.0,5.45,11.73,24.7
PT_022,15,None,0.0,5.14,11.11,26.08
PT_022,16,None,0.0,5.41,12.3,27.49
PT_022,17,None,0.0,5.12,10.92,28.91
PT_022,18,None,0.0,5.51,12.49,30.34
PT_022,19,None,0.0,5.43,12.07,31.79
PT_022,20,None,0.0,5.47,11.92,33.25
PT_022,21,None,0.0,5.54,12.57,34.71
PT_022,22,None,0.0,5.56,11.92,36.18
PT_022,23,None,0.0,5.46,12.44,37.65
PT_022,24,None,0.0,5.57,12.15,39.12
PT_022,25,Regimen A,100.0,5.64,12.11,27.6
PT_022,26,None,0.0,5.2,11.36,29.02
PT_022,27,None,0.0,4.81,10.21,30.46
PT_022,28,None,0.0,4.52,9.7,31.91
PT_022,29,None,0.0,4.6,9.99,33.37
PT_022,30,None,0.0,4.02,9.05,34.83
PT_022,31,None,0.0,4.03,9.3,36.3
PT_022,32,None,0.0,3.96,8.7,37.77
PT_022,33,None,0.0,4.09,9.02,39.24
PT_022,34,None,0.0,3.93,8.48,40.71
PT_022,35,None,0.0,4.25,9.62,42.17
PT_022,36,None,0.0,4.0,8.56,43.63
PT_022,37,None,0.0,4.31,9.97,45.08
PT_022,38,None,0.0,4.22,9.34,46.51
PT_022,39,None,0.0,4.52,9.83,47.94
PT_022,40,None,0.0,4.42,9.6,49.35
PT_022,41,None,0.0,4.38,9.51,50.74
PT_022,42,None,0.0,4.79,10.79,52.12
PT_022,43,None,0.0,4.42,10.28,53.48
PT_022,44,None,0.0,4.71,10.63,54.82
PT_022,45,None,0.0,4.65,10.53,56.14
PT_022,46,None,0.0,5.52,12.19,57.43
PT_022,47,None,0.0,5.52,12.18,58.71
PT_022,48,None,0.0,5.53,11.93,59.96
PT_022,49,None,0.0,5.58,12.17,61.18
PT_022,50,None,0.0,5.62,12.18,62.39
PT_022,51,None,0.0,5.74,12.77,63.56
PT_022,52,None,0.0,5.77,12.76,64.72
PT_022,53,None,0.0,5.64,12.28,65.84
PT_022,54,None,0.0,5.64,12.01,66.94
PT_022,55,None,0.0,5.69,12.39,68.02
PT_022,56,None,0.0,5.85,12.89,69.07
PT_022,57,Regimen A,100.0,5.69,12.02,47.66
PT_022,58,None,0.0,4.86,10.48,49.07
PT_022,59,None,0.0,4.31,9.6,50.47
PT_022,60,None,0.0,3.82,8.57,51.85
PT_022,61,None,0.0,3.54,7.87,53.21
PT_022,62,None,0.0,3.32,7.68,54.56
PT_022,63,None,0.0,3.11,6.55,55.88
PT_022,64,None,0.0,3.29,7.44,57.18
PT_022,65,None,0.0,3.03,7.08,58.46
PT_022,66,None,0.0,3.32,7.16,59.71
PT_022,67,None,0.0,3.17,7.02,60.94
PT_022,68,None,0.0,3.22,6.86,62.15
PT_022,69,None,0.0,3.34,6.96,63.33
PT_022,70,None,0.0,3.45,7.54,64.49
PT_022,71,None,0.0,3.38,7.71,65.62
PT_022,72,None,0.0,3.89,8.32,66.73
PT_022,73,None,0.0,3.79,8.51,67.81
PT_022,74,None,0.0,3.82,8.5,68.86
PT_022,75,None,0.0,3.93,8.22,69.89
PT_022,76,None,0.0,4.24,9.51,70.89
PT_022,77,None,0.0,4.24,9.25,71.87
PT_022,78,Regimen A,100.0,5.8,12.78,49.51
PT_022,79,None,0.0,5.33,12.03,50.91
PT_022,80,None,0.0,5.04,10.94,52.28
PT_022,81,None,0.0,4.6,10.33,53.64
PT_022,82,None,0.0,4.92,10.86,54.97
PT_022,83,None,0.0,4.75,10.31,56.29
PT_022,84,None,0.0,4.55,9.79,57.58
PT_022,85,None,0.0,4.51,9.78,58.86
PT_022,86,None,0.0,4.65,10.53,60.1
PT_022,87,None,0.0,4.5,9.81,61.33
PT_022,88,None,0.0,4.37,9.61,62.53
PT_022,89,None,0.0,4.83,10.46,63.7
PT_023,0,Regimen A,100.0,5.79,12.25,8.85
PT_023,1,None,0.0,4.92,11.18,9.71
PT_023,2,None,0.0,4.19,9.46,10.62
PT_023,3,None,0.0,4.05,8.98,11.57
PT_023,4,None,0.0,3.49,7.5,12.57
PT_023,5,None,0.0,3.26,7.62,13.61
PT_023,6,None,0.0,3.09,6.63,14.7
PT_023,7,None,0.0,3.12,7.22,15.82
PT_023,8,None,0.0,3.07,6.67,16.99
PT_023,9,None,0.0,3.0,6.55,18.19
PT_023,10,None,0.0,3.33,7.49,19.43
PT_023,11,None,0.0,3.39,7.03,20.71
PT_023,12,None,0.0,3.3,7.17,22.01
PT_023,13,None,0.0,3.36,7.28,23.34
PT_023,14,None,0.0,3.59,7.62,24.7
PT_023,15,None,0.0,3.58,7.69,26.08
PT_023,16,None,0.0,3.79,8.43,27.49
PT_023,17,None,0.0,4.05,9.17,28.91
PT_023,18,None,0.0,3.97,8.49,30.34
PT_023,19,None,0.0,4.0,8.75,31.79
PT_023,20,None,0.0,4.19,9.4,33.25
PT_023,21,None,0.0,5.7,12.54,34.71
PT_023,22,None,0.0,5.93,12.79,36.18
PT_023,23,None,0.0,5.85,13.08,37.65
PT_023,24,None,0.0,5.68,12.77,39.12
PT_023,25,None,0.0,5.85,12.74,40.59
PT_023,26,None,0.0,5.8,12.98,42.05
PT_023,27,None,0.0,5.67,13.05,43.51
PT_023,28,None,0.0,5.84,12.78,44.96
PT_023,29,None,0.0,5.82,12.88,46.4
PT_023,30,Regimen A,100.0,5.72,13.08,32.52
PT_023,31,None,0.0,4.9,10.86,33.98
PT_023,32,None,0.0,4.38,10.0,35.45
PT_023,33,None,0.0,4.03,9.16,36.92
PT_023,34,None,0.0,3.6,7.88,38.39
PT_023,35,None,0.0,3.5,7.6,39.86
PT_023,36,None,0.0,3.42,7.42,41.33
PT_023,37,None,0.0,3.17,7.17,42.79
PT_023,38,None,0.0,3.31,7.29,44.24
PT_023,39,None,0.0,3.14,7.05,45.68
PT_023,40,None,0.0,3.05,6.26,47.12
PT_023,41,None,0.0,3.45,7.25,48.53
PT_023,42,None,0.0,3.27,7.07,49.94
PT_023,43,None,0.0,3.54,7.73,51.32
PT_023,44,None,0.0,3.83,8.29,52.69
PT_023,45,None,0.0,3.83,8.78,54.04
PT_023,46,None,0.0,4.19,9.31,55.37
PT_023,47,None,0.0,4.11,8.98,56.68
PT_023,48,None,0.0,4.28,9.44,57.97
PT_023,49,None,0.0,4.19,9.06,59.23
PT_023,50,None,0.0,4.5,9.62,60.48
PT_023,51,None,0.0,5.92,13.26,61.69
PT_023,52,None,0.0,5.83,13.43,62.88
PT_023,53,None,0.0,5.66,12.33,64.05
PT_023,54,None,0.0,5.77,12.44,65.19
PT_023,55,None,0.0,5.71,12.31,66.31
PT_023,56,None,0.0,5.8,12.65,67.4
PT_023,57,None,0.0,5.74,12.83,68.46
PT_023,58,None,0.0,5.8,12.83,69.5
PT_023,59,None,0.0,5.72,13.0,70.51
PT_023,60,None,0.0,5.69,12.42,71.5
PT_023,61,None,0.0,5.84,12.83,72.46
PT_023,62,None,0.0,5.72,12.75,73.39
PT_023,63,Regimen A,100.0,5.66,12.45,50.52
PT_023,64,None,0.0,5.5,11.69,51.9
PT_023,65,None,0.0,5.11,11.4,53.26
PT_023,66,None,0.0,5.05,11.08,54.61
PT_023,67,None,0.0,4.95,10.9,55.93
PT_023,68,None,0.0,4.83,10.82,57.23
PT_023,69,None,0.0,4.92,10.62,58.5
PT_023,70,None,0.0,4.9,10.55,59.76
PT_023,71,None,0.0,4.36,9.71,60.99
PT_023,72,None,0.0,4.86,10.75,62.2
PT_023,73,None,0.0,4.99,11.1,63.38
PT_023,74,None,0.0,4.7,10.46,64.53
PT_023,75,None,0.0,4.86,10.51,65.66
PT_023,76,None,0.0,4.98,10.61,66.77
PT_023,77,None,0.0,5.06,11.4,67.85
PT_023,78,None,0.0,5.0,10.83,68.9
PT_023,79,None,0.0,5.08,11.22,69.93
PT_023,80,None,0.0,5.03,11.21,70.93
PT_023,81,None,0.0,4.94,10.89,71.9
PT_023,82,None,0.0,5.42,11.85,72.85
PT_023,83,None,0.0,5.19,11.42,73.77
PT_023,84,Regimen A,100.0,5.78,12.81,50.78
PT_023,85,None,0.0,5.18,10.94,52.15
PT_023,86,None,0.0,4.65,10.52,53.51
PT_023,87,None,0.0,4.18,8.92,54.85
PT_023,88,None,0.0,3.87,8.7,56.17
PT_023,89,None,0.0,3.45,7.67,57.46
PT_024,0,Regimen A,100.0,5.88,12.79,8.85
PT_024,1,None,0.0,5.33,11.92,9.71
PT_024,2,None,0.0,4.52,9.82,10.62
PT_024,3,None,0.0,4.04,8.68,11.57
PT_024,4,None,0.0,3.82,8.34,12.57
PT_024,5,None,0.0,3.76,8.55,13.61
PT_024,6,None,0.0,3.53,7.75,14.7
PT_024,7,None,0.0,3.42,7.66,15.82
PT_024,8,None,0.0,3.42,7.51,16.99
PT_024,9,None,0.0,3.63,8.29,18.19
PT_024,10,None,0.0,3.26,7.05,19.43
PT_024,11,None,0.0,3.26,6.98,20.71
PT_024,12,None,0.0,3.47,7.6,22.01
PT_024,13,None,0.0,3.65,7.99,23.34
PT_024,14,None,0.0,3.8,8.36,24.7
PT_024,15,None,0.0,4.11,9.29,26.08
PT_024,16,None,0.0,4.12,9.25,27.49
PT_024,17,None,0.0,4.34,9.2,28.91
PT_024,18,None,0.0,4.11,9.01,30.34
PT_024,19,None,0.0,4.4,9.54,31.79
PT_024,20,None,0.0,4.61,9.93,33.25
PT_024,21,None,0.0,6.02,13.18,34.71
PT_024,22,None,0.0,5.82,12.93,36.18
PT_024,23,None,0.0,5.78,12.33,37.65
PT_024,24,None,0.0,5.78,12.46,39.12
PT_024,25,None,0.0,5.85,12.94,40.59
PT_024,26,None,0.0,5.84,13.26,42.05
PT_024,27,None,0.0,5.84,13.11,43.51
PT_024,28,None,0.0,5.92,12.97,44.96
PT_024,29,None,0.0,5.88,13.25,46.4
PT_024,30,None,0.0,5.96,13.37,47.82
PT_024,31,None,0.0,5.79,12.36,49.23
PT_024,32,None,0.0,5.87,12.82,50.63
PT_024,33,Regimen A,100.0,5.84,12.6,35.37
PT_024,34,None,0.0,5.26,11.39,36.84
PT_024,35,None,0.0,4.89,10.59,38.31
PT_024,36,None,0.0,4.71,10.64,39.78
PT_024,37,None,0.0,4.47,9.9,41.24
PT_024,38,None,0.0,4.04,9.25,42.71
PT_024,39,None,0.0,3.89,8.76,44.16
PT_024,40,None,0.0,3.8,8.79,45.6
PT_024,41,None,0.0,4.03,9.31,47.04
PT_024,42,None,0.0,3.96,8.65,48.45
PT_024,43,None,0.0,4.11,9.4,49.86
PT_024,44,None,0.0,4.0,9.14,51.25
PT_024,45,None,0.0,3.78,8.24,52.62
PT_024,46,None,0.0,4.22,9.14,53.97
PT_024,47,None,0.0,4.23,9.34,55.3
PT_024,48,None,0.0,4.12,9.27,56.61
PT_024,49,None,0.0,4.57,9.98,57.9
PT_024,50,None,0.0,4.49,9.54,59.16
PT_024,51,None,0.0,4.45,9.24,60.41
PT_024,52,None,0.0,4.79,10.65,61.62
PT_024,53,None,0.0,4.84,10.31,62.82
PT_024,54,None,0.0,5.94,12.56,63.99
PT_024,55,None,0.0,5.84,13.62,65.13
PT_024,56,None,0.0,5.8,12.83,66.25
PT_024,57,Regimen A,100.0,5.96,13.21,45.79
PT_024,58,None,0.0,4.87,10.46,47.22
PT_024,59,None,0.0,4.42,9.65,48.64
PT_024,60,None,0.0,3.95,8.23,50.04
PT_024,61,None,0.0,3.56,8.0,51.43
PT_024,62,None,0.0,3.4,7.46,52.79
PT_024,63,None,0.0,3.37,7.77,54.14
PT_024,64,None,0.0,3.16,6.71,55.47
PT_024,65,None,0.0,3.03,6.7,56.78
PT_024,66,None,0.0,3.22,6.99,58.06
PT_024,67,None,0.0,3.29,7.55,59.33
PT_024,68,None,0.0,3.05,6.77,60.57
PT_024,69,None,0.0,3.26,7.35,61.78
PT_024,70,None,0.0,3.53,7.64,62.97
PT_024,71,None,0.0,3.89,8.06,64.14
PT_024,72,None,0.0,3.63,8.02,65.27
PT_024,73,None,0.0,3.96,8.45,66.39
PT_024,74,None,0.0,3.86,8.36,67.48
PT_024,75,None,0.0,4.0,9.11,68.54
PT_024,76,None,0.0,4.34,9.61,69.57
PT_024,77,None,0.0,4.51,10.19,70.58
PT_024,78,Regimen A,100.0,5.87,13.07,48.67
PT_024,79,None,0.0,4.61,9.63,50.07
PT_024,80,None,0.0,3.61,8.08,51.45
PT_024,81,None,0.0,2.75,6.26,52.82
PT_024,82,None,0.0,2.18,5.23,54.17
PT_024,83,None,0.0,1.85,4.56,55.5
PT_024,84,None,0.0,1.79,3.65,56.8
PT_024,85,None,0.0,1.34,3.36,58.09
PT_024,86,None,0.0,1.42,3.48,59.35
PT_024,87,None,0.0,1.47,3.19,60.59
PT_024,88,None,0.0,1.56,3.17,61.8
PT_024,89,None,0.0,1.73,3.71,62.99
PT_025,0,Regimen A,100.0,3.72,8.31,24.8
PT_025,1,None,0.0,2.75,6.35,26.18
PT_025,2,None,0.0,2.4,5.32,27.59
PT_025,3,None,0.0,2.11,5.1,29.01
PT_025,4,None,0.0,1.65,3.81,30.44
PT_025,5,None,0.0,1.49,3.05,31.89
PT_025,6,None,0.0,1.36,2.72,33.35
PT_025,7,None,0.0,1.03,2.07,34.81
PT_025,8,None,0.0,1.26,2.49,36.28
PT_025,9,None,0.0,1.36,3.16,37.75
PT_025,10,None,0.0,1.4,3.11,39.23
PT_025,11,None,0.0,1.41,3.09,40.69
PT_025,12,None,0.0,1.13,2.45,42.16
PT_025,13,None,0.0,1.58,3.39,43.61
PT_025,14,None,0.0,1.53,3.26,45.06
PT_025,15,None,0.0,1.8,4.13,46.5
PT_025,16,None,0.0,1.66,3.52,47.92
PT_025,17,None,0.0,1.85,4.01,49.33
PT_025,18,None,0.0,2.26,5.55,50.73
PT_025,19,None,0.0,2.04,4.36,52.1
PT_025,20,None,0.0,2.3,4.85,53.46
PT_025,21,None,0.0,3.52,7.57,54.8
PT_025,22,None,0.0,3.43,7.19,56.12
PT_025,23,None,0.0,3.63,8.18,57.42
PT_025,24,None,0.0,3.33,6.79,58.69
PT_025,25,None,0.0,3.49,7.91,59.94
PT_025,26,None,0.0,3.46,7.49,61.17
PT_025,27,None,0.0,3.5,7.76,62.37
PT_025,28,None,0.0,3.48,7.88,63.55
PT_025,29,None,0.0,3.51,8.51,64.7
PT_025,30,None,0.0,3.24,6.65,65.83
PT_025,31,None,0.0,3.57,8.27,66.93
PT_025,32,None,0.0,3.44,7.73,68.01
PT_025,33,None,0.0,3.42,7.59,69.05
PT_025,34,None,0.0,3.56,7.72,70.08
PT_025,35,Regimen A,100.0,3.33,7.63,48.33
PT_025,36,None,0.0,2.9,6.91,49.74
PT_025,37,None,0.0,2.51,5.59,51.13
PT_025,38,None,0.0,2.26,5.22,52.5
PT_025,39,None,0.0,1.96,4.55,53.85
PT_025,40,None,0.0,1.66,3.56,55.18
PT_025,41,None,0.0,1.74,3.63,56.5
PT_025,42,None,0.0,1.64,3.66,57.79
PT_025,43,None,0.0,1.36,2.81,59.05
PT_025,44,None,0.0,1.59,3.52,60.3
PT_025,45,None,0.0,1.43,2.85,61.52
PT_025,46,None,0.0,1.79,3.93,62.71
PT_025,47,None,0.0,1.44,2.95,63.88
PT_025,48,None,0.0,1.63,3.83,65.03
PT_025,49,None,0.0,2.03,4.59,66.15
PT_025,50,None,0.0,1.89,4.12,67.24
PT_025,51,None,0.0,2.03,4.58,68.31
PT_025,52,None,0.0,2.12,4.41,69.35
PT_025,53,None,0.0,2.03,4.31,70.37
PT_025,54,None,0.0,2.21,5.0,71.36
PT_025,55,None,0.0,2.65,5.86,72.32
PT_025,56,None,0.0,3.31,7.34,73.26
PT_025,57,None,0.0,3.35,7.29,74.17
PT_025,58,None,0.0,3.43,7.22,75.05
PT_025,59,None,0.0,3.42,7.41,75.92
PT_025,60,None,0.0,3.41,7.54,76.75
PT_025,61,None,0.0,3.47,7.13,77.57
PT_025,62,None,0.0,3.54,7.42,78.35
PT_025,63,None,0.0,3.35,7.45,79.12
PT_025,64,None,0.0,3.43,7.59,79.86
PT_025,65,None,0.0,3.34,6.94,80.58
PT_025,66,None,0.0,3.63,8.12,81.27
PT_025,67,None,0.0,3.47,7.46,81.95
PT_025,68,None,0.0,3.49,7.58,82.6
PT_025,69,None,0.0,3.45,8.05,83.23
PT_025,70,Regimen A,100.0,3.46,7.34,57.01
PT_025,71,None,0.0,3.06,6.65,58.29
PT_025,72,None,0.0,2.95,6.72,59.55
PT_025,73,None,0.0,2.79,6.07,60.79
PT_025,74,None,0.0,2.53,5.62,62.0
PT_025,75,None,0.0,2.46,4.79,63.18
PT_025,76,None,0.0,2.61,5.87,64.34
PT_025,77,None,0.0,2.38,5.53,65.48
PT_025,78,None,0.0,2.48,5.63,66.59
PT_025,79,None,0.0,2.6,5.5,67.67
PT_025,80,None,0.0,2.37,4.99,68.73
PT_025,81,None,0.0,2.5,5.59,69.76
PT_025,82,None,0.0,2.41,4.95,70.76
PT_025,83,None,0.0,2.55,5.44,71.74
PT_025,84,None,0.0,2.37,5.4,72.7
PT_025,85,None,0.0,2.73,5.62,73.62
PT_025,86,None,0.0,2.55,5.61,74.52
PT_025,87,None,0.0,2.54,5.41,75.4
PT_025,88,None,0.0,2.74,5.69,76.25
PT_025,89,None,0.0,2.91,6.82,77.08
PT_026,0,Regimen A,100.0,3.51,8.08,8.85
PT_026,1,None,0.0,2.97,6.28,9.71
PT_026,2,None,0.0,2.62,5.94,10.62
PT_026,3,None,0.0,2.37,5.19,11.57
PT_026,4,None,0.0,1.9,4.15,12.57
PT_026,5,None,0.0,1.46,2.84,13.61
PT_026,6,None,0.0,1.52,3.33,14.7
PT_026,7,None,0.0,1.21,2.7,15.82
PT_026,8,None,0.0,1.49,3.38,16.99
PT_026,9,None,0.0,1.33,2.92,18.19
PT_026,10,None,0.0,1.43,3.3,19.43
PT_026,11,None,0.0,1.39,3.25,20.71
PT_026,12,None,0.0,1.58,3.18,22.01
PT_026,13,None,0.0,1.75,3.7,23.34
PT_026,14,None,0.0,1.96,4.12,24.7
PT_026,15,None,0.0,2.06,5.0,26.08
PT_026,16,None,0.0,1.89,4.01,27.49
PT_026,17,None,0.0,2.06,4.53,28.91
PT_026,18,None,0.0,2.32,4.89,30.34
PT_026,19,None,0.0,2.23,5.25,31.79
PT_026,20,None,0.0,2.44,5.7,33.25
PT_026,21,None,0.0,3.68,8.65,34.71
PT_026,22,None,0.0,3.71,7.98,36.18
PT_026,23,None,0.0,3.63,7.87,37.65
PT_026,24,None,0.0,3.56,8.15,39.12
PT_026,25,None,0.0,3.82,8.31,40.59
PT_026,26,None,0.0,3.68,8.47,42.05
PT_026,27,Regimen A,100.0,3.43,7.13,29.59
PT_026,28,None,0.0,3.33,7.35,31.03
PT_026,29,None,0.0,2.94,6.45,32.48
PT_026,30,None,0.0,2.74,5.92,33.94
PT_026,31,None,0.0,2.61,6.48,35.41
PT_026,32,None,0.0,2.59,5.43,36.88
PT_026,33,None,0.0,2.43,5.17,38.35
PT_026,34,None,0.0,2.36,5.51,39.82
PT_026,35,None,0.0,2.59,5.25,41.29
PT_026,36,None,0.0,2.5,5.54,42.75
PT_026,37,None,0.0,2.51,5.47,44.2
PT_026,38,None,0.0,2.5,5.69,45.65
PT_026,39,None,0.0,2.79,5.99,47.08
PT_026,40,None,0.0,2.79,5.89,48.5
PT_026,41,None,0.0,2.88,6.46,49.9
PT_026,42,None,0.0,2.54,5.52,51.29
PT_026,43,None,0.0,2.74,5.87,52.66
PT_026,44,None,0.0,2.64,6.01,54.01
PT_026,45,None,0.0,3.09,6.54,55.34
PT_026,46,None,0.0,3.03,6.34,56.65
PT_026,47,None,0.0,3.18,7.07,57.94
PT_026,48,Regimen A,100.0,3.6,7.77,40.26
PT_026,49,None,0.0,3.1,6.74,41.72
PT_026,50,None,0.0,2.9,6.62,43.18
PT_026,51,None,0.0,2.64,5.82,44.63
PT_026,52,None,0.0,2.52,5.38,46.07
PT_026,53,None,0.0,2.3,5.31,47.5
PT_026,54,None,0.0,2.42,5.64,48.91
PT_026,55,None,0.0,2.26,5.21,50.31
PT_026,56,None,0.0,2.32,5.03,51.7
PT_026,57,None,0.0,2.07,4.96,53.06
PT_026,58,None,0.0,2.26,4.77,54.41
PT_026,59,None,0.0,2.4,5.2,55.73
PT_026,60,None,0.0,2.65,6.02,57.03
PT_026,61,None,0.0,2.35,4.96,58.31
PT_026,62,None,0.0,2.41,4.83,59.57
PT_026,63,None,0.0,2.44,5.73,60.81
PT_026,64,None,0.0,2.63,5.3,62.02
PT_026,65,None,0.0,2.65,5.69,63.2
PT_026,66,None,0.0,2.71,5.95,64.36
PT_026,67,None,0.0,2.9,6.62,65.5
PT_026,68,None,0.0,2.68,5.84,66.61
PT_026,69,Regimen A,100.0,3.52,7.92,46.03
PT_026,70,None,0.0,2.77,5.61,47.46
PT_026,71,None,0.0,2.37,5.2,48.87
PT_026,72,None,0.0,1.87,4.44,50.27
PT_026,73,None,0.0,1.57,3.59,51.65
PT_026,74,None,0.0,1.12,2.54,53.02
PT_026,75,None,0.0,1.04,2.32,54.36
PT_026,76,None,0.0,0.86,1.89,55.69
PT_026,77,None,0.0,0.8,1.34,56.99
PT_026,78,None,0.0,1.07,2.17,58.28
PT_026,79,None,0.0,1.08,2.7,59.53
PT_026,80,None,0.0,1.17,2.58,60.77
PT_026,81,None,0.0,1.23,2.57,61.98
PT_026,82,None,0.0,1.34,3.01,63.17
PT_026,83,None,0.0,1.48,3.17,64.33
PT_026,84,None,0.0,1.52,3.12,65.46
PT_026,85,None,0.0,1.65,3.97,66.57
PT_026,86,None,0.0,1.99,4.51,67.65
PT_026,87,None,0.0,1.88,4.17,68.71
PT_026,88,None,0.0,2.2,4.94,69.74
PT_026,89,None,0.0,2.14,4.78,70.75
PT_027,0,Regimen A,100.0,5.02,11.23,15.87
PT_027,1,None,0.0,5.17,11.18,17.03
PT_027,2,None,0.0,5.13,11.04,18.24
PT_027,3,None,0.0,4.93,10.47,19.48
PT_027,4,None,0.0,4.93,10.55,20.76
PT_027,5,None,0.0,4.95,10.94,22.06
PT_027,6,None,0.0,4.87,11.0,23.4
PT_027,7,None,0.0,4.88,11.05,24.76
PT_027,8,None,0.0,4.69,10.28,26.14
PT_027,9,None,0.0,4.79,10.34,27.54
PT_027,10,None,0.0,4.64,9.76,28.96
PT_027,11,None,0.0,4.91,11.01,30.4
PT_027,12,None,0.0,4.86,10.86,31.84
PT_027,13,None,0.0,4.66,10.32,33.3
PT_027,14,None,0.0,4.68,10.15,34.77
PT_027,15,None,0.0,4.85,10.51,36.24
PT_027,16,None,0.0,4.9,10.7,37.71
PT_027,17,None,0.0,4.7,10.49,39.18
PT_027,18,None,0.0,4.73,10.77,40.65
PT_027,19,None,0.0,4.99,10.93,42.11
PT_027,20,None,0.0,4.84,10.8,43.57
PT_027,21,None,0.0,5.07,11.33,45.02
PT_027,22,None,0.0,5.17,11.56,46.45
PT_027,23,None,0.0,5.01,11.28,47.88
PT_027,24,None,0.0,5.25,11.42,49.29
PT_027,25,None,0.0,5.13,11.58,50.68
PT_027,26,None,0.0,5.07,11.47,52.06
PT_027,27,None,0.0,5.19,11.47,53.42
PT_027,28,None,0.0,5.26,11.5,54.76
PT_027,29,Regimen A,100.0,5.13,11.39,38.13
PT_027,30,None,0.0,5.01,10.77,39.6
PT_027,31,None,0.0,4.69,10.17,41.07
PT_027,32,None,0.0,4.36,9.45,42.53
PT_027,33,None,0.0,4.15,9.27,43.99
PT_027,34,None,0.0,4.14,8.85,45.43
PT_027,35,None,0.0,4.37,10.14,46.87
PT_027,36,None,0.0,4.37,9.95,48.29
PT_027,37,None,0.0,4.12,9.04,49.69
PT_027,38,None,0.0,4.07,8.92,51.08
PT_027,39,None,0.0,3.92,8.62,52.46
PT_027,40,None,0.0,3.82,8.7,53.81
PT_027,41,None,0.0,4.07,8.83,55.14
PT_027,42,None,0.0,3.97,8.69,56.46
PT_027,43,None,0.0,4.31,9.64,57.75
PT_027,44,None,0.0,4.47,9.12,59.02
PT_027,45,None,0.0,4.43,9.93,60.26
PT_027,46,None,0.0,4.39,9.18,61.48
PT_027,47,None,0.0,4.21,9.43,62.68
PT_027,48,None,0.0,4.46,9.94,63.85
PT_027,49,None,0.0,4.71,10.23,64.99
PT_027,50,None,0.0,5.16,11.1,66.11
PT_027,51,None,0.0,5.16,11.69,67.21
PT_027,52,None,0.0,5.21,11.42,68.28
PT_027,53,None,0.0,5.14,11.16,69.32
PT_027,54,None,0.0,5.01,11.26,70.34
PT_027,55,None,0.0,5.09,11.23,71.33
PT_027,56,Regimen A,100.0,5.05,10.73,49.16
PT_027,57,None,0.0,4.88,10.79,50.55
PT_027,58,None,0.0,4.37,9.67,51.93
PT_027,59,None,0.0,4.36,9.82,53.29
PT_027,60,None,0.0,4.2,9.49,54.64
PT_027,61,None,0.0,3.83,8.74,55.96
PT_027,62,None,0.0,4.0,8.73,57.26
PT_027,63,None,0.0,3.79,8.71,58.53
PT_027,64,None,0.0,3.85,8.4,59.79
PT_027,65,None,0.0,3.73,7.93,61.02
PT_027,66,None,0.0,3.75,7.79,62.22
PT_027,67,None,0.0,4.06,9.18,63.4
PT_027,68,None,0.0,3.79,8.48,64.56
PT_027,69,None,0.0,3.76,8.21,65.69
PT_027,70,None,0.0,4.04,8.74,66.79
PT_027,71,None,0.0,4.26,9.54,67.87
PT_027,72,None,0.0,3.98,8.72,68.92
PT_027,73,None,0.0,4.26,9.31,69.95
PT_027,74,None,0.0,4.31,9.65,70.95
PT_027,75,None,0.0,4.5,9.41,71.92
PT_027,76,None,0.0,4.53,9.55,72.87
PT_027,77,Regimen A,100.0,5.36,11.76,50.18
PT_027,78,None,0.0,4.99,10.95,51.56
PT_027,79,None,0.0,4.85,10.28,52.93
PT_027,80,None,0.0,4.84,10.85,54.28
PT_027,81,None,0.0,4.74,10.49,55.6
PT_027,82,None,0.0,4.67,10.35,56.91
PT_027,83,None,0.0,4.55,10.23,58.19
PT_027,84,None,0.0,4.43,9.53,59.45
PT_027,85,None,0.0,4.6,9.81,60.69
PT_027,86,None,0.0,4.76,10.39,61.9
PT_027,87,None,0.0,4.58,10.24,63.09
PT_027,88,None,0.0,4.65,9.93,64.25
PT_027,89,None,0.0,4.88,10.76,65.39
PT_028,0,Regimen A,100.0,6.09,13.65,15.87
PT_028,1,None,0.0,5.49,11.67,17.03
PT_028,2,None,0.0,5.18,11.54,18.24
PT_028,3,None,0.0,4.89,10.83,19.48
PT_028,4,None,0.0,4.74,10.47,20.76
PT_028,5,None,0.0,4.53,10.01,22.06
PT_028,6,None,0.0,4.66,10.29,23.4
PT_028,7,None,0.0,4.6,10.41,24.76
PT_028,8,None,0.0,4.32,9.3,26.14
PT_028,9,None,0.0,4.37,9.82,27.54
PT_028,10,None,0.0,4.44,9.79,28.96
PT_028,11,None,0.0,4.6,10.09,30.4
PT_028,12,None,0.0,4.77,10.89,31.84
PT_028,13,None,0.0,4.64,10.53,33.3
PT_028,14,None,0.0,4.78,10.83,34.77
PT_028,15,None,0.0,4.72,9.8,36.24
PT_028,16,None,0.0,4.99,10.7,37.71
PT_028,17,None,0.0,4.95,10.75,39.18
PT_028,18,None,0.0,5.11,11.21,40.65
PT_028,19,None,0.0,4.92,11.08,42.11
PT_028,20,None,0.0,5.14,11.62,43.57
PT_028,21,None,0.0,6.04,13.16,45.02
PT_028,22,None,0.0,6.07,13.21,46.45
PT_028,23,None,0.0,6.15,13.43,47.88
PT_028,24,None,0.0,6.32,13.65,49.29
PT_028,25,None,0.0,6.24,13.52,50.68
PT_028,26,None,0.0,6.19,13.78,52.06
PT_028,27,None,0.0,6.12,13.65,53.42
PT_028,28,Regimen A,100.0,6.05,13.37,37.24
PT_028,29,None,0.0,5.6,11.92,38.71
PT_028,30,None,0.0,4.89,10.86,40.18
PT_028,31,None,0.0,4.64,10.03,41.64
PT_028,32,None,0.0,4.55,9.97,43.1
PT_028,33,None,0.0,4.09,8.64,44.55
PT_028,34,None,0.0,4.06,8.77,45.99
PT_028,35,None,0.0,4.06,8.84,47.42
PT_028,36,None,0.0,3.9,8.43,48.84
PT_028,37,None,0.0,4.23,9.5,50.24
PT_028,38,None,0.0,4.3,9.58,51.62
PT_028,39,None,0.0,4.42,9.39,52.99
PT_028,40,None,0.0,4.34,9.31,54.33
PT_028,41,None,0.0,4.14,9.56,55.66
PT_028,42,None,0.0,4.55,10.04,56.96
PT_028,43,None,0.0,4.64,10.3,58.25
PT_028,44,None,0.0,4.46,10.19,59.5
PT_028,45,None,0.0,4.64,10.28,60.74
PT_028,46,None,0.0,4.66,10.49,61.95
PT_028,47,None,0.0,4.71,10.7,63.14
PT_028,48,None,0.0,4.96,10.76,64.3
PT_028,49,None,0.0,6.14,12.66,65.44
PT_028,50,None,0.0,6.17,13.54,66.55
PT_028,51,None,0.0,5.96,13.42,67.63
PT_028,52,None,0.0,6.02,13.35,68.69
PT_028,53,None,0.0,5.88,12.97,69.72
PT_028,54,None,0.0,6.14,13.38,70.73
PT_028,55,None,0.0,6.24,13.93,71.71
PT_028,56,None,0.0,6.04,13.03,72.66
PT_028,57,None,0.0,5.93,13.05,73.59
PT_028,58,None,0.0,6.34,13.94,74.49
PT_028,59,None,0.0,6.3,14.04,75.37
PT_028,60,None,0.0,6.06,13.51,76.22
PT_028,61,None,0.0,6.31,13.96,77.05
PT_028,62,Regimen A,100.0,6.25,13.67,52.94
PT_028,63,None,0.0,5.52,12.13,54.29
PT_028,64,None,0.0,5.09,11.43,55.61
PT_028,65,None,0.0,4.58,9.83,56.92
PT_028,66,None,0.0,4.59,10.09,58.2
PT_028,67,None,0.0,4.53,10.23,59.46
PT_028,68,None,0.0,4.13,9.03,60.7
PT_028,69,None,0.0,4.34,9.21,61.91
PT_028,70,None,0.0,3.9,8.39,63.1
PT_028,71,None,0.0,3.94,8.94,64.26
PT_028,72,None,0.0,4.21,9.27,65.4
PT_028,73,None,0.0,4.18,9.32,66.51
PT_028,74,None,0.0,4.19,9.19,67.59
PT_028,75,None,0.0,4.41,9.5,68.65
PT_028,76,None,0.0,4.47,9.09,69.68
PT_028,77,None,0.0,4.36,9.52,70.69
PT_028,78,None,0.0,4.71,10.44,71.67
PT_028,79,None,0.0,4.94,10.44,72.63
PT_028,80,None,0.0,5.01,10.86,73.56
PT_028,81,None,0.0,5.1,10.82,74.46
PT_028,82,None,0.0,5.09,11.07,75.34
PT_028,83,Regimen A,100.0,6.14,13.45,51.81
PT_028,84,None,0.0,5.93,12.92,53.17
PT_028,85,None,0.0,5.77,12.7,54.52
PT_028,86,None,0.0,5.51,12.43,55.84
PT_028,87,None,0.0,5.33,11.67,57.14
PT_028,88,None,0.0,5.17,11.56,58.42
PT_028,89,None,0.0,5.1,11.45,59.68
PT_029,0,Regimen A,100.0,4.05,8.87,15.87
PT_029,1,None,0.0,3.36,7.53,17.03
PT_029,2,None,0.0,2.75,5.89,18.24
PT_029,3,None,0.0,2.67,5.99,19.48
PT_029,4,None,0.0,2.14,4.41,20.76
PT_029,5,None,0.0,2.27,5.09,22.06
PT_029,6,None,0.0,2.15,5.05,23.4
PT_029,7,None,0.0,2.22,5.26,24.76
PT_029,8,None,0.0,1.97,4.25,26.14
PT_029,9,None,0.0,2.0,4.25,27.54
PT_029,10,None,0.0,2.17,4.66,28.96
PT_029,11,None,0.0,2.39,4.8,30.4
PT_029,12,None,0.0,2.33,4.96,31.84
PT_029,13,None,0.0,2.12,4.65,33.3
PT_029,14,None,0.0,2.48,5.68,34.77
PT_029,15,None,0.0,2.44,4.98,36.24
PT_029,16,None,0.0,2.63,5.54,37.71
PT_029,17,None,0.0,2.81,6.23,39.18
PT_029,18,None,0.0,2.61,5.32,40.65
PT_029,19,None,0.0,2.73,6.27,42.11
PT_029,20,None,0.0,2.83,6.39,43.57
PT_029,21,None,0.0,3.88,8.48,45.02
PT_029,22,None,0.0,4.02,9.15,46.45
PT_029,23,None,0.0,4.08,9.35,47.88
PT_029,24,None,0.0,3.9,8.67,49.29
PT_029,25,None,0.0,4.0,8.67,50.68
PT_029,26,None,0.0,3.79,8.71,52.06
PT_029,27,None,0.0,4.02,8.63,53.42
PT_029,28,Regimen A,100.0,3.92,8.49,37.24
PT_029,29,None,0.0,3.03,7.07,38.71
PT_029,30,None,0.0,2.1,4.73,40.18
PT_029,31,None,0.0,1.82,4.15,41.64
PT_029,32,None,0.0,1.44,3.26,43.1
PT_029,33,None,0.0,1.08,2.09,44.55
PT_029,34,None,0.0,1.01,1.84,45.99
PT_029,35,None,0.0,0.77,1.84,47.42
PT_029,36,None,0.0,0.74,1.53,48.84
PT_029,37,None,0.0,1.11,2.6,50.24
PT_029,38,None,0.0,0.96,2.57,51.62
PT_029,39,None,0.0,1.05,2.3,52.99
PT_029,40,None,0.0,1.05,1.99,54.33
PT_029,41,None,0.0,1.11,2.21,55.66
PT_029,42,None,0.0,1.49,3.08,56.96
PT_029,43,None,0.0,1.54,3.61,58.25
PT_029,44,None,0.0,1.8,4.04,59.5
PT_029,45,None,0.0,1.8,4.39,60.74
PT_029,46,None,0.0,1.83,4.43,61.95
PT_029,47,None,0.0,2.01,4.7,63.14
PT_029,48,None,0.0,2.48,5.49,64.3
PT_029,49,None,0.0,3.95,8.8,65.44
PT_029,50,None,0.0,4.01,9.17,66.55
PT_029,51,None,0.0,4.06,9.26,67.63
PT_029,52,None,0.0,4.0,8.85,68.69
PT_029,53,None,0.0,3.92,8.85,69.72
PT_029,54,None,0.0,3.86,8.53,70.73
PT_029,55,None,0.0,3.89,7.8,71.71
PT_029,56,None,0.0,4.11,9.34,72.66
PT_029,57,None,0.0,4.09,9.19,73.59
PT_029,58,None,0.0,3.97,8.67,74.49
PT_029,59,None,0.0,4.09,8.65,75.37
PT_029,60,None,0.0,3.91,8.38,76.22
PT_029,61,None,0.0,4.03,8.51,77.05
PT_029,62,Regimen A,100.0,3.89,8.23,52.94
PT_029,63,None,0.0,2.26,4.84,54.29
PT_029,64,None,0.0,1.32,2.91,55.61
PT_029,65,None,0.0,0.1,0.8,56.92
PT_029,66,None,0.0,0.22,0.8,58.2
PT_029,67,None,0.0,0.31,0.8,59.46
PT_029,68,None,0.0,0.1,0.8,60.7
PT_029,69,None,0.0,0.1,0.8,61.91
PT_029,70,None,0.0,0.23,0.8,63.1
PT_029,71,None,0.0,0.16,0.8,64.26
PT_029,72,None,0.0,0.27,0.8,65.4
PT_029,73,None,0.0,0.25,0.8,66.51
PT_029,74,None,0.0,0.1,0.8,67.59
PT_029,75,None,0.0,0.22,0.95,68.65
PT_029,76,None,0.0,0.1,0.8,69.68
PT_029,77,None,0.0,0.24,0.88,70.69
PT_029,78,None,0.0,0.27,1.25,71.67
PT_029,79,None,0.0,0.22,0.8,72.63
PT_029,80,None,0.0,0.41,0.99,73.56
PT_029,81,None,0.0,0.86,2.01,74.46
PT_029,82,None,0.0,0.91,2.18,75.34
PT_029,83,Regimen A,100.0,3.91,8.37,51.81
PT_029,84,None,0.0,2.88,6.6,53.17
PT_029,85,None,0.0,2.36,5.31,54.52
PT_029,86,None,0.0,1.5,3.76,55.84
PT_029,87,None,0.0,1.54,3.34,57.14
PT_029,88,None,0.0,0.86,2.06,58.42
PT_029,89,None,0.0,0.99,1.67,59.68
PT_030,0,Regimen A,100.0,4.82,10.75,8.85
PT_030,1,None,0.0,4.35,9.41,9.71
PT_030,2,None,0.0,3.83,8.23,10.62
PT_030,3,None,0.0,3.51,7.94,11.57
PT_030,4,None,0.0,3.32,7.55,12.57
PT_030,5,None,0.0,2.86,6.02,13.61
PT_030,6,None,0.0,2.87,6.44,14.7
PT_030,7,None,0.0,2.7,6.02,15.82
PT_030,8,None,0.0,2.76,6.34,16.99
PT_030,9,None,0.0,2.67,6.1,18.19
PT_030,10,None,0.0,2.56,5.0,19.43
PT_030,11,None,0.0,2.83,6.05,20.71
PT_030,12,None,0.0,3.0,6.29,22.01
PT_030,13,None,0.0,2.99,7.22,23.34
PT_030,14,None,0.0,3.14,6.74,24.7
PT_030,15,None,0.0,3.18,6.94,26.08
PT_030,16,None,0.0,3.23,7.42,27.49
PT_030,17,None,0.0,3.27,7.05,28.91
PT_030,18,None,0.0,3.53,8.4,30.34
PT_030,19,None,0.0,3.61,7.89,31.79
PT_030,20,None,0.0,3.77,8.34,33.25
PT_030,21,None,0.0,4.86,10.6,34.71
PT_030,22,None,0.0,4.87,10.95,36.18
PT_030,23,None,0.0,5.03,10.92,37.65
PT_030,24,None,0.0,5.01,11.02,39.12
PT_030,25,None,0.0,4.93,11.05,40.59
PT_030,26,None,0.0,5.17,11.22,42.05
PT_030,27,None,0.0,4.99,10.94,43.51
PT_030,28,Regimen A,100.0,5.1,11.44,30.57
PT_030,29,None,0.0,4.38,9.91,32.02
PT_030,30,None,0.0,4.0,8.77,33.48
PT_030,31,None,0.0,3.8,8.46,34.95
PT_030,32,None,0.0,3.58,7.95,36.42
PT_030,33,None,0.0,3.34,7.14,37.89
PT_030,34,None,0.0,3.33,7.19,39.36
PT_030,35,None,0.0,3.32,7.3,40.83
PT_030,36,None,0.0,2.83,6.15,42.29
PT_030,37,None,0.0,3.02,6.61,43.74
PT_030,38,None,0.0,3.23,6.88,45.19
PT_030,39,None,0.0,3.03,6.35,46.63
PT_030,40,None,0.0,3.23,6.89,48.05
PT_030,41,None,0.0,3.54,7.27,49.46
PT_030,42,None,0.0,3.36,7.47,50.85
PT_030,43,None,0.0,3.68,8.3,52.23
PT_030,44,None,0.0,3.75,8.37,53.58
PT_030,45,None,0.0,3.79,8.45,54.92
PT_030,46,None,0.0,3.59,7.76,56.24
PT_030,47,None,0.0,3.96,8.78,57.53
PT_030,48,None,0.0,3.94,8.76,58.81
PT_030,49,None,0.0,5.07,10.86,60.05
PT_030,50,None,0.0,5.05,10.9,61.28
PT_030,51,None,0.0,5.18,11.33,62.48
PT_030,52,None,0.0,5.04,11.38,63.65
PT_030,53,None,0.0,5.04,11.45,64.81
PT_030,54,None,0.0,4.92,10.89,65.93
PT_030,55,None,0.0,5.05,11.37,67.03
PT_030,56,None,0.0,4.95,10.61,68.1
PT_030,57,None,0.0,5.07,11.01,69.15
PT_030,58,None,0.0,4.88,10.53,70.17
PT_030,59,Regimen A,100.0,5.05,11.61,48.39
PT_030,60,None,0.0,4.3,9.43,49.8
PT_030,61,None,0.0,3.74,8.59,51.18
PT_030,62,None,0.0,3.44,7.75,52.56
PT_030,63,None,0.0,3.19,7.27,53.91
PT_030,64,None,0.0,2.82,6.48,55.24
PT_030,65,None,0.0,2.94,6.37,56.55
PT_030,66,None,0.0,3.04,6.32,57.84
PT_030,67,None,0.0,2.79,6.12,59.11
PT_030,68,None,0.0,2.85,6.66,60.35
PT_030,69,None,0.0,2.95,6.68,61.57
PT_030,70,None,0.0,3.02,6.59,62.76
PT_030,71,None,0.0,3.03,6.31,63.93
PT_030,72,None,0.0,3.39,7.52,65.08
PT_030,73,None,0.0,3.27,7.33,66.2
PT_030,74,None,0.0,3.26,7.22,67.29
PT_030,75,None,0.0,3.53,7.86,68.35
PT_030,76,None,0.0,3.48,7.89,69.39
PT_030,77,None,0.0,3.63,8.48,70.41
PT_030,78,None,0.0,3.75,8.35,71.4
PT_030,79,None,0.0,3.74,7.76,72.36
PT_030,80,Regimen A,100.0,4.82,10.43,49.84
PT_030,81,None,0.0,4.54,10.31,51.23
PT_030,82,None,0.0,4.15,8.86,52.6
PT_030,83,None,0.0,4.06,8.95,53.95
PT_030,84,None,0.0,3.71,8.44,55.28
PT_030,85,None,0.0,3.87,8.17,56.59
PT_030,86,None,0.0,3.6,8.11,57.88
PT_030,87,None,0.0,3.64,7.89,59.15
PT_030,88,None,0.0,3.75,7.95,60.39
PT_030,89,None,0.0,3.76,8.14,61.61
PT_031,0,Regimen A,100.0,5.27,11.39,8.85
PT_031,1,None,0.0,4.8,10.33,9.71
PT_031,2,None,0.0,3.95,8.32,10.62
PT_031,3,None,0.0,3.85,8.13,11.57
PT_031,4,None,0.0,3.39,7.03,12.57
PT_031,5,None,0.0,3.32,7.36,13.61
PT_031,6,None,0.0,3.34,7.42,14.7
PT_031,7,None,0.0,3.11,6.89,15.82
PT_031,8,None,0.0,3.08,6.95,16.99
PT_031,9,None,0.0,3.06,6.58,18.19
PT_031,10,None,0.0,3.31,7.2,19.43
PT_031,11,None,0.0,3.22,7.44,20.71
PT_031,12,None,0.0,3.31,7.69,22.01
PT_031,13,None,0.0,3.53,7.69,23.34
PT_031,14,None,0.0,3.52,7.67,24.7
PT_031,15,None,0.0,3.78,8.49,26.08
PT_031,16,None,0.0,3.66,8.18,27.49
PT_031,17,None,0.0,3.7,7.91,28.91
PT_031,18,None,0.0,3.74,8.03,30.34
PT_031,19,None,0.0,3.89,8.95,31.79
PT_031,20,None,0.0,4.16,9.19,33.25
PT_031,21,None,0.0,5.2,11.67,34.71
PT_031,22,None,0.0,5.42,11.96,36.18
PT_031,23,Regimen A,100.0,5.44,12.0,25.6
PT_031,24,None,0.0,4.14,8.6,27.0
PT_031,25,None,0.0,3.18,6.49,28.41
PT_031,26,None,0.0,2.63,6.07,29.84
PT_031,27,None,0.0,2.14,4.71,31.29
PT_031,28,None,0.0,1.52,3.04,32.74
PT_031,29,None,0.0,1.48,2.93,34.2
PT_031,30,None,0.0,1.41,2.98,35.67
PT_031,31,None,0.0,1.3,2.94,37.14
PT_031,32,None,0.0,1.25,2.51,38.61
PT_031,33,None,0.0,1.41,2.89,40.08
PT_031,34,None,0.0,1.67,3.89,41.55
PT_031,35,None,0.0,1.8,4.6,43.01
PT_031,36,None,0.0,1.85,4.66,44.46
PT_031,37,None,0.0,1.77,4.08,45.9
PT_031,38,None,0.0,2.01,4.43,47.33
PT_031,39,None,0.0,2.31,4.92,48.75
PT_031,40,None,0.0,2.31,5.53,50.15
PT_031,41,None,0.0,2.51,5.02,51.53
PT_031,42,None,0.0,2.95,6.12,52.9
PT_031,43,None,0.0,3.08,6.51,54.25
PT_031,44,None,0.0,5.34,11.44,55.57
PT_031,45,None,0.0,5.35,11.59,56.88
PT_031,46,Regimen A,100.0,5.38,11.59,39.55
PT_031,47,None,0.0,4.27,9.46,41.02
PT_031,48,None,0.0,3.59,7.87,42.48
PT_031,49,None,0.0,3.12,6.47,43.94
PT_031,50,None,0.0,2.55,5.44,45.38
PT_031,51,None,0.0,2.26,4.68,46.81
PT_031,52,None,0.0,2.09,4.61,48.24
PT_031,53,None,0.0,2.1,4.67,49.64
PT_031,54,None,0.0,1.81,3.76,51.03
PT_031,55,None,0.0,1.79,4.42,52.41
PT_031,56,None,0.0,2.07,4.75,53.76
PT_031,57,None,0.0,2.12,4.71,55.1
PT_031,58,None,0.0,2.43,5.16,56.41
PT_031,59,None,0.0,2.47,5.42,57.7
PT_031,60,None,0.0,2.38,4.9,58.97
PT_031,61,None,0.0,2.64,5.48,60.22
PT_031,62,None,0.0,2.74,5.94,61.44
PT_031,63,None,0.0,2.75,5.79,62.63
PT_031,64,None,0.0,3.11,6.76,63.81
PT_031,65,None,0.0,3.13,6.77,64.95
PT_031,66,None,0.0,3.47,7.85,66.07
PT_031,67,Regimen A,100.0,5.26,11.81,45.68
PT_031,68,None,0.0,4.57,10.51,47.11
PT_031,69,None,0.0,4.18,9.16,48.53
PT_031,70,None,0.0,3.59,7.57,49.93
PT_031,71,None,0.0,3.51,7.28,51.32
PT_031,72,None,0.0,3.1,7.26,52.69
PT_031,73,None,0.0,2.84,6.78,54.04
PT_031,74,None,0.0,2.79,6.02,55.37
PT_031,75,None,0.0,3.08,6.72,56.68
PT_031,76,None,0.0,2.69,6.03,57.96
PT_031,77,None,0.0,2.83,6.1,59.23
PT_031,78,None,0.0,3.09,6.67,60.47
PT_031,79,None,0.0,2.71,6.24,61.69
PT_031,80,None,0.0,2.94,5.96,62.88
PT_031,81,None,0.0,3.17,7.42,64.04
PT_031,82,None,0.0,3.31,7.25,65.19
PT_031,83,None,0.0,3.43,7.6,66.3
PT_031,84,None,0.0,3.69,8.1,67.39
PT_031,85,None,0.0,3.69,8.21,68.46
PT_031,86,None,0.0,3.85,8.83,69.49
PT_031,87,None,0.0,3.95,8.89,70.5
PT_031,88,None,0.0,5.58,12.15,71.49
PT_031,89,None,0.0,5.41,12.14,72.45
PT_032,0,Regimen A,100.0,4.56,9.98,24.8
PT_032,1,None,0.0,4.02,8.72,26.18
PT_032,2,None,0.0,3.2,7.14,27.59
PT_032,3,None,0.0,3.11,6.63,29.01
PT_032,4,None,0.0,2.52,5.51,30.44
PT_032,5,None,0.0,2.74,6.2,31.89
PT_032,6,None,0.0,2.36,5.21,33.35
PT_032,7,None,0.0,2.3,5.27,34.81
PT_032,8,None,0.0,2.47,5.13,36.28
PT_032,9,None,0.0,2.46,4.89,37.75
PT_032,10,None,0.0,2.45,5.52,39.23
PT_032,11,None,0.0,2.76,6.17,40.69
PT_032,12,None,0.0,2.69,5.31,42.16
PT_032,13,None,0.0,2.55,5.75,43.61
PT_032,14,None,0.0,2.72,6.42,45.06
PT_032,15,None,0.0,2.91,5.85,46.5
PT_032,16,None,0.0,2.96,6.64,47.92
PT_032,17,None,0.0,2.91,6.31,49.33
PT_032,18,None,0.0,2.98,6.31,50.73
PT_032,19,None,0.0,3.34,7.35,52.1
PT_032,20,None,0.0,3.05,6.53,53.46
PT_032,21,None,0.0,4.37,9.47,54.8
PT_032,22,None,0.0,4.44,9.82,56.12
PT_032,23,None,0.0,4.62,9.97,57.42
PT_032,24,None,0.0,4.58,10.02,58.69
PT_032,25,None,0.0,4.6,10.54,59.94
PT_032,26,None,0.0,4.46,9.93,61.17
PT_032,27,None,0.0,4.55,9.94,62.37
PT_032,28,None,0.0,4.33,9.5,63.55
PT_032,29,None,0.0,4.39,9.74,64.7
PT_032,30,None,0.0,4.41,9.42,65.83
PT_032,31,None,0.0,4.43,9.48,66.93
PT_032,32,None,0.0,4.32,9.64,68.01
PT_032,33,None,0.0,4.34,9.92,69.05
PT_032,34,None,0.0,4.36,9.74,70.08
PT_032,35,Regimen A,100.0,4.5,9.97,48.33
PT_032,36,None,0.0,3.28,7.1,49.74
PT_032,37,None,0.0,3.0,6.72,51.13
PT_032,38,None,0.0,2.49,5.89,52.5
PT_032,39,None,0.0,1.97,4.11,53.85
PT_032,40,None,0.0,1.6,3.82,55.18
PT_032,41,None,0.0,1.54,3.76,56.5
PT_032,42,None,0.0,1.48,3.87,57.79
PT_032,43,None,0.0,1.3,2.56,59.05
PT_032,44,None,0.0,1.31,3.09,60.3
PT_032,45,None,0.0,1.49,3.11,61.52
PT_032,46,None,0.0,1.65,3.51,62.71
PT_032,47,None,0.0,1.66,4.1,63.88
PT_032,48,None,0.0,1.74,3.43,65.03
PT_032,49,None,0.0,1.91,4.36,66.15
PT_032,50,None,0.0,2.04,4.3,67.24
PT_032,51,None,0.0,2.41,5.9,68.31
PT_032,52,None,0.0,2.06,4.58,69.35
PT_032,53,None,0.0,2.3,5.35,70.37
PT_032,54,None,0.0,2.51,5.37,71.36
PT_032,55,None,0.0,2.86,6.16,72.32
PT_032,56,None,0.0,4.51,9.9,73.26
PT_032,57,None,0.0,4.51,9.85,74.17
PT_032,58,None,0.0,4.39,9.79,75.05
PT_032,59,None,0.0,4.33,9.55,75.92
PT_032,60,None,0.0,4.23,9.31,76.75
PT_032,61,None,0.0,4.49,9.94,77.57
PT_032,62,None,0.0,4.61,9.91,78.35
PT_032,63,None,0.0,4.43,9.73,79.12
PT_032,64,None,0.0,4.47,9.58,79.86
PT_032,65,None,0.0,4.61,9.78,80.58
PT_032,66,None,0.0,4.51,10.27,81.27
PT_032,67,Regimen A,100.0,4.51,9.68,55.72
PT_032,68,None,0.0,3.86,7.93,57.03
PT_032,69,None,0.0,3.84,8.46,58.31
PT_032,70,None,0.0,3.29,7.22,59.57
PT_032,71,None,0.0,3.24,7.02,60.8
PT_032,72,None,0.0,3.25,7.68,62.01
PT_032,73,None,0.0,2.84,5.97,63.2
PT_032,74,None,0.0,3.16,7.21,64.36
PT_032,75,None,0.0,3.07,7.06,65.49
PT_032,76,None,0.0,3.13,6.72,66.6
PT_032,77,None,0.0,3.07,6.94,67.68
PT_032,78,None,0.0,3.08,6.55,68.74
PT_032,79,None,0.0,3.28,7.24,69.77
PT_032,80,None,0.0,3.45,7.31,70.78
PT_032,81,None,0.0,3.19,6.83,71.75
PT_032,82,None,0.0,3.45,7.13,72.71
PT_032,83,None,0.0,3.46,7.71,73.63
PT_032,84,None,0.0,3.39,7.41,74.53
PT_032,85,None,0.0,3.61,7.99,75.41
PT_032,86,None,0.0,3.27,6.69,76.26
PT_032,87,None,0.0,3.66,8.04,77.09
PT_032,88,Regimen A,100.0,4.24,9.04,52.97
PT_032,89,None,0.0,3.58,7.86,54.31
PT_033,0,Regimen A,100.0,5.44,11.91,15.87
PT_033,1,None,0.0,4.86,10.7,17.03
PT_033,2,None,0.0,4.53,10.47,18.24
PT_033,3,None,0.0,4.33,9.98,19.48
PT_033,4,None,0.0,4.3,9.59,20.76
PT_033,5,None,0.0,4.06,9.4,22.06
PT_033,6,None,0.0,3.89,9.09,23.4
PT_033,7,None,0.0,4.08,9.09,24.76
PT_033,8,None,0.0,3.93,8.7,26.14
PT_033,9,None,0.0,3.97,9.02,27.54
PT_033,10,None,0.0,4.14,9.36,28.96
PT_033,11,None,0.0,3.92,8.49,30.4
PT_033,12,None,0.0,4.23,9.29,31.84
PT_033,13,None,0.0,4.14,9.54,33.3
PT_033,14,None,0.0,3.9,8.7,34.77
PT_033,15,None,0.0,4.22,9.38,36.24
PT_033,16,None,0.0,4.27,9.66,37.71
PT_033,17,None,0.0,4.59,10.06,39.18
PT_033,18,None,0.0,4.37,9.91,40.65
PT_033,19,None,0.0,4.59,9.75,42.11
PT_033,20,None,0.0,4.54,9.88,43.57
PT_033,21,None,0.0,5.52,11.91,45.02
PT_033,22,None,0.0,5.61,12.44,46.45
PT_033,23,None,0.0,5.38,11.66,47.88
PT_033,24,None,0.0,5.63,11.95,49.29
PT_033,25,None,0.0,5.44,11.91,50.68
PT_033,26,None,0.0,5.4,11.83,52.06
PT_033,27,None,0.0,5.59,12.1,53.42
PT_033,28,None,0.0,5.43,11.83,54.76
PT_033,29,None,0.0,5.35,11.87,56.08
PT_033,30,Regimen A,100.0,5.44,11.86,39.02
PT_033,31,None,0.0,5.12,11.29,40.48
PT_033,32,None,0.0,4.52,9.74,41.95
PT_033,33,None,0.0,4.16,8.97,43.41
PT_033,34,None,0.0,3.74,8.03,44.86
PT_033,35,None,0.0,3.99,8.45,46.29
PT_033,36,None,0.0,3.6,7.42,47.72
PT_033,37,None,0.0,3.74,8.33,49.13
PT_033,38,None,0.0,3.44,7.62,50.53
PT_033,39,None,0.0,3.85,8.54,51.91
PT_033,40,None,0.0,3.6,8.2,53.27
PT_033,41,None,0.0,3.61,7.95,54.61
PT_033,42,None,0.0,3.68,8.05,55.93
PT_033,43,None,0.0,3.55,7.9,57.23
PT_033,44,None,0.0,3.9,8.69,58.51
PT_033,45,None,0.0,4.15,8.71,59.77
PT_033,46,None,0.0,4.01,8.66,61.0
PT_033,47,None,0.0,4.36,9.31,62.2
PT_033,48,None,0.0,4.19,8.9,63.38
PT_033,49,None,0.0,4.3,9.42,64.54
PT_033,50,None,0.0,4.43,9.56,65.67
PT_033,51,None,0.0,5.43,11.43,66.77
PT_033,52,None,0.0,5.38,12.04,67.85
PT_033,53,None,0.0,5.47,11.86,68.91
PT_033,54,None,0.0,5.37,11.86,69.93
PT_033,55,None,0.0,5.4,11.47,70.93
PT_033,56,None,0.0,5.59,12.03,71.91
PT_033,57,None,0.0,5.55,12.43,72.86
PT_033,58,None,0.0,5.38,11.64,73.78
PT_033,59,None,0.0,5.43,11.8,74.68
PT_033,60,None,0.0,5.32,11.37,75.55
PT_033,61,Regimen A,100.0,5.47,11.84,51.95
PT_033,62,None,0.0,4.05,8.86,53.31
PT_033,63,None,0.0,2.68,5.65,54.65
PT_033,64,None,0.0,1.96,4.06,55.97
PT_033,65,None,0.0,1.43,2.75,57.27
PT_033,66,None,0.0,1.04,2.42,58.55
PT_033,67,None,0.0,0.61,0.9,59.8
PT_033,68,None,0.0,0.92,1.68,61.03
PT_033,69,None,0.0,0.67,1.19,62.24
PT_033,70,None,0.0,0.58,1.73,63.42
PT_033,71,None,0.0,0.68,1.56,64.57
PT_033,72,None,0.0,0.78,1.58,65.7
PT_033,73,None,0.0,1.0,1.98,66.81
PT_033,74,None,0.0,1.3,2.98,67.88
PT_033,75,None,0.0,1.43,2.98,68.94
PT_033,76,None,0.0,1.61,3.46,69.96
PT_033,77,None,0.0,1.84,4.21,70.96
PT_033,78,None,0.0,2.21,5.01,71.94
PT_033,79,None,0.0,2.48,5.21,72.88
PT_033,80,None,0.0,2.64,5.66,73.81
PT_033,81,None,0.0,2.71,5.9,74.7
PT_033,82,Regimen A,100.0,5.15,11.19,51.39
PT_033,83,None,0.0,4.2,8.91,52.76
PT_033,84,None,0.0,2.93,6.35,54.11
PT_033,85,None,0.0,2.64,5.46,55.44
PT_033,86,None,0.0,1.93,4.25,56.75
PT_033,87,None,0.0,1.52,3.42,58.03
PT_033,88,None,0.0,1.22,2.33,59.29
PT_033,89,None,0.0,1.4,3.14,60.53
PT_034,0,Regimen A,100.0,6.06,13.29,24.8
PT_034,1,None,0.0,5.1,11.48,26.18
PT_034,2,None,0.0,4.42,9.84,27.59
PT_034,3,None,0.0,3.98,8.75,29.01
PT_034,4,None,0.0,3.49,7.47,30.44
PT_034,5,None,0.0,3.4,7.57,31.89
PT_034,6,None,0.0,3.17,7.17,33.35
PT_034,7,None,0.0,2.92,6.64,34.81
PT_034,8,None,0.0,2.79,5.92,36.28
PT_034,9,None,0.0,2.86,6.19,37.75
PT_034,10,None,0.0,3.04,6.55,39.23
PT_034,11,None,0.0,3.03,6.32,40.69
PT_034,12,None,0.0,3.31,7.59,42.16
PT_034,13,None,0.0,3.58,7.6,43.61
PT_034,14,None,0.0,3.56,8.08,45.06
PT_034,15,None,0.0,3.64,8.05,46.5
PT_034,16,None,0.0,3.98,8.89,47.92
PT_034,17,None,0.0,3.94,8.82,49.33
PT_034,18,None,0.0,4.15,9.18,50.73
PT_034,19,None,0.0,4.28,9.14,52.1
PT_034,20,None,0.0,4.62,10.31,53.46
PT_034,21,None,0.0,6.41,14.13,54.8
PT_034,22,None,0.0,6.19,13.42,56.12
PT_034,23,None,0.0,6.28,13.71,57.42
PT_034,24,None,0.0,6.17,13.37,58.69
PT_034,25,None,0.0,6.09,13.23,59.94
PT_034,26,None,0.0,6.1,13.32,61.17
PT_034,27,None,0.0,6.13,13.79,62.37
PT_034,28,None,0.0,6.05,13.54,63.55
PT_034,29,Regimen A,100.0,6.18,13.57,44.0
PT_034,30,None,0.0,5.55,12.36,45.44
PT_034,31,None,0.0,4.7,10.23,46.88
PT_034,32,None,0.0,4.19,9.36,48.3
PT_034,33,None,0.0,3.76,8.78,49.7
PT_034,34,None,0.0,3.91,8.77,51.09
PT_034,35,None,0.0,3.63,8.31,52.47
PT_034,36,None,0.0,3.57,7.95,53.82
PT_034,37,None,0.0,3.59,7.73,55.15
PT_034,38,None,0.0,3.65,8.44,56.47
PT_034,39,None,0.0,3.75,8.32,57.76
PT_034,40,None,0.0,3.49,7.51,59.02
PT_034,41,None,0.0,4.02,8.91,60.27
PT_034,42,None,0.0,3.88,8.54,61.49
PT_034,43,None,0.0,4.11,9.5,62.69
PT_034,44,None,0.0,4.24,9.31,63.86
PT_034,45,None,0.0,4.2,9.43,65.0
PT_034,46,None,0.0,4.62,10.14,66.12
PT_034,47,None,0.0,4.45,10.07,67.22
PT_034,48,None,0.0,4.57,10.39,68.28
PT_034,49,None,0.0,5.08,11.03,69.33
PT_034,50,None,0.0,6.06,13.24,70.34
PT_034,51,Regimen A,100.0,6.18,13.42,48.51
PT_034,52,None,0.0,5.46,11.78,49.91
PT_034,53,None,0.0,4.42,9.68,51.3
PT_034,54,None,0.0,4.38,9.73,52.67
PT_034,55,None,0.0,4.09,8.65,54.02
PT_034,56,None,0.0,3.82,8.33,55.35
PT_034,57,None,0.0,3.99,9.14,56.66
PT_034,58,None,0.0,3.84,8.18,57.95
PT_034,59,None,0.0,3.6,7.59,59.21
PT_034,60,None,0.0,3.81,8.11,60.45
PT_034,61,None,0.0,3.73,8.36,61.67
PT_034,62,None,0.0,4.01,8.54,62.86
PT_034,63,None,0.0,3.78,8.53,64.03
PT_034,64,None,0.0,4.09,8.77,65.17
PT_034,65,None,0.0,4.18,9.55,66.29
PT_034,66,None,0.0,4.24,9.37,67.38
PT_034,67,None,0.0,4.32,9.57,68.44
PT_034,68,None,0.0,4.53,9.98,69.48
PT_034,69,None,0.0,4.69,10.28,70.49
PT_034,70,None,0.0,4.74,10.27,71.48
PT_034,71,None,0.0,4.7,10.42,72.44
PT_034,72,Regimen A,100.0,5.95,13.1,49.89
PT_034,73,None,0.0,4.93,11.04,51.28
PT_034,74,None,0.0,3.83,8.2,52.65
PT_034,75,None,0.0,3.07,7.15,54.0
PT_034,76,None,0.0,2.72,6.34,55.33
PT_034,77,None,0.0,2.53,5.48,56.64
PT_034,78,None,0.0,2.29,4.92,57.93
PT_034,79,None,0.0,2.2,4.72,59.19
PT_034,80,None,0.0,2.58,5.84,60.44
PT_034,81,None,0.0,2.14,4.46,61.65
PT_034,82,None,0.0,2.15,4.63,62.85
PT_034,83,None,0.0,2.31,4.82,64.01
PT_034,84,None,0.0,2.46,5.25,65.16
PT_034,85,None,0.0,2.83,6.11,66.27
PT_034,86,None,0.0,2.67,5.76,67.36
PT_034,87,None,0.0,3.29,7.24,68.43
PT_034,88,None,0.0,3.19,7.08,69.47
PT_034,89,None,0.0,3.47,8.0,70.48
PT_035,0,Regimen A,100.0,5.03,10.93,8.85
PT_035,1,None,0.0,4.77,10.92,9.71
PT_035,2,None,0.0,4.2,9.84,10.62
PT_035,3,None,0.0,3.74,8.49,11.57
PT_035,4,None,0.0,3.45,7.72,12.57
PT_035,5,None,0.0,3.29,6.92,13.61
PT_035,6,None,0.0,3.39,7.4,14.7
PT_035,7,None,0.0,3.17,6.86,15.82
PT_035,8,None,0.0,3.14,6.89,16.99
PT_035,9,None,0.0,3.42,7.51,18.19
PT_035,10,None,0.0,3.48,8.0,19.43
PT_035,11,None,0.0,3.32,7.37,20.71
PT_035,12,None,0.0,3.42,7.96,22.01
PT_035,13,None,0.0,3.4,7.11,23.34
PT_035,14,None,0.0,3.81,8.37,24.7
PT_035,15,None,0.0,3.64,8.52,26.08
PT_035,16,None,0.0,3.58,8.3,27.49
PT_035,17,None,0.0,3.8,8.28,28.91
PT_035,18,None,0.0,3.86,8.83,30.34
PT_035,19,None,0.0,4.03,8.78,31.79
PT_035,20,None,0.0,3.99,8.71,33.25
PT_035,21,None,0.0,5.11,11.13,34.71
PT_035,22,None,0.0,5.03,10.92,36.18
PT_035,23,None,0.0,5.0,11.11,37.65
PT_035,24,None,0.0,4.97,10.92,39.12
PT_035,25,None,0.0,5.1,11.3,40.59
PT_035,26,None,0.0,5.0,11.18,42.05
PT_035,27,None,0.0,5.04,11.31,43.51
PT_035,28,None,0.0,5.07,10.85,44.96
PT_035,29,None,0.0,5.1,11.3,46.4
PT_035,30,Regimen A,100.0,4.99,10.68,32.52
PT_035,31,None,0.0,4.55,9.75,33.98
PT_035,32,None,0.0,4.09,8.81,35.45
PT_035,33,None,0.0,3.58,7.7,36.92
PT_035,34,None,0.0,3.5,7.56,38.39
PT_035,35,None,0.0,3.38,7.36,39.86
PT_035,36,None,0.0,3.2,7.18,41.33
PT_035,37,None,0.0,3.16,6.73,42.79
PT_035,38,None,0.0,3.17,6.27,44.24
PT_035,39,None,0.0,3.08,7.01,45.68
PT_035,40,None,0.0,3.14,6.78,47.12
PT_035,41,None,0.0,3.25,7.39,48.53
PT_035,42,None,0.0,3.39,7.29,49.94
PT_035,43,None,0.0,3.27,7.52,51.32
PT_035,44,None,0.0,3.32,7.08,52.69
PT_035,45,None,0.0,3.46,7.85,54.04
PT_035,46,None,0.0,3.66,8.24,55.37
PT_035,47,None,0.0,3.65,8.11,56.68
PT_035,48,None,0.0,3.86,8.36,57.97
PT_035,49,None,0.0,3.86,8.57,59.23
PT_035,50,None,0.0,3.85,8.54,60.48
PT_035,51,None,0.0,5.18,11.16,61.69
PT_035,52,None,0.0,5.17,11.55,62.88
PT_035,53,None,0.0,5.18,11.0,64.05
PT_035,54,None,0.0,5.09,11.12,65.19
PT_035,55,None,0.0,5.02,11.07,66.31
PT_035,56,None,0.0,5.07,11.09,67.4
PT_035,57,None,0.0,4.95,10.74,68.46
PT_035,58,None,0.0,5.32,11.44,69.5
PT_035,59,None,0.0,4.92,11.11,70.51
PT_035,60,None,0.0,5.13,11.23,71.5
PT_035,61,Regimen A,100.0,5.13,11.26,49.27
PT_035,62,None,0.0,4.75,10.22,50.66
PT_035,63,None,0.0,4.39,9.79,52.04
PT_035,64,None,0.0,4.15,8.76,53.4
PT_035,65,None,0.0,3.72,8.1,54.74
PT_035,66,None,0.0,3.54,8.23,56.06
PT_035,67,None,0.0,3.44,7.53,57.36
PT_035,68,None,0.0,3.26,6.87,58.63
PT_035,69,None,0.0,3.28,6.97,59.89
PT_035,70,None,0.0,3.49,7.81,61.11
PT_035,71,None,0.0,3.56,7.51,62.32
PT_035,72,None,0.0,3.43,7.5,63.5
PT_035,73,None,0.0,3.45,7.92,64.65
PT_035,74,None,0.0,3.66,8.02,65.78
PT_035,75,None,0.0,3.65,7.8,66.88
PT_035,76,None,0.0,3.71,8.08,67.96
PT_035,77,None,0.0,3.88,8.66,69.01
PT_035,78,None,0.0,3.75,8.72,70.03
PT_035,79,None,0.0,3.89,8.6,71.03
PT_035,80,None,0.0,3.94,8.15,72.0
PT_035,81,None,0.0,4.01,8.76,72.95
PT_035,82,Regimen A,100.0,5.03,10.91,50.23
PT_035,83,None,0.0,4.42,9.7,51.61
PT_035,84,None,0.0,3.74,8.1,52.98
PT_035,85,None,0.0,3.25,7.27,54.33
PT_035,86,None,0.0,3.16,7.53,55.65
PT_035,87,None,0.0,2.88,6.55,56.96
PT_035,88,None,0.0,2.76,5.79,58.24
PT_035,89,None,0.0,2.62,6.07,59.5
PT_036,0,Regimen A,100.0,4.78,10.61,8.85
PT_036,1,None,0.0,4.88,10.92,9.71
PT_036,2,None,0.0,4.54,9.68,10.62
PT_036,3,None,0.0,4.5,9.62,11.57
PT_036,4,None,0.0,4.29,9.52,12.57
PT_036,5,None,0.0,4.59,9.85,13.61
PT_036,6,None,0.0,4.5,9.68,14.7
PT_036,7,None,0.0,4.26,9.19,15.82
PT_036,8,None,0.0,4.36,9.2,16.99
PT_036,9,None,0.0,4.22,8.82,18.19
PT_036,10,None,0.0,4.17,9.16,19.43
PT_036,11,None,0.0,4.2,9.25,20.71
PT_036,12,None,0.0,4.26,9.52,22.01
PT_036,13,None,0.0,4.35,9.5,23.34
PT_036,14,None,0.0,4.47,9.87,24.7
PT_036,15,None,0.0,4.39,9.34,26.08
PT_036,16,None,0.0,4.4,9.5,27.49
PT_036,17,None,0.0,4.52,9.89,28.91
PT_036,18,None,0.0,4.44,9.91,30.34
PT_036,19,None,0.0,4.55,9.8,31.79
PT_036,20,None,0.0,4.48,10.05,33.25
PT_036,21,None,0.0,4.92,10.52,34.71
PT_036,22,None,0.0,4.74,10.23,36.18
PT_036,23,None,0.0,4.81,10.82,37.65
PT_036,24,None,0.0,4.88,10.29,39.12
PT_036,25,Regimen A,100.0,4.78,10.79,27.6
PT_036,26,None,0.0,4.54,9.89,29.02
PT_036,27,None,0.0,4.18,9.84,30.46
PT_036,28,None,0.0,3.86,8.47,31.91
PT_036,29,None,0.0,3.46,7.98,33.37
PT_036,30,None,0.0,3.73,8.33,34.83
PT_036,31,None,0.0,3.64,7.65,36.3
PT_036,32,None,0.0,3.3,7.25,37.77
PT_036,33,None,0.0,3.63,8.1,39.24
PT_036,34,None,0.0,3.65,7.84,40.71
PT_036,35,None,0.0,3.76,8.23,42.17
PT_036,36,None,0.0,3.61,7.98,43.63
PT_036,37,None,0.0,3.36,7.41,45.08
PT_036,38,None,0.0,3.61,8.16,46.51
PT_036,39,None,0.0,3.67,8.28,47.94
PT_036,40,None,0.0,3.62,7.9,49.35
PT_036,41,None,0.0,3.9,8.79,50.74
PT_036,42,None,0.0,4.08,9.13,52.12
PT_036,43,None,0.0,3.82,8.31,53.48
PT_036,44,None,0.0,4.09,9.0,54.82
PT_036,45,None,0.0,3.95,8.69,56.14
PT_036,46,None,0.0,4.73,10.07,57.43
PT_036,47,None,0.0,4.79,10.5,58.71
PT_036,48,None,0.0,4.8,10.55,59.96
PT_036,49,None,0.0,4.77,10.51,61.18
PT_036,50,None,0.0,4.76,10.7,62.39
PT_036,51,None,0.0,4.72,10.21,63.56
PT_036,52,None,0.0,4.62,10.83,64.72
PT_036,53,None,0.0,4.71,10.83,65.84
PT_036,54,None,0.0,4.64,9.84,66.94
PT_036,55,None,0.0,4.67,10.45,68.02
PT_036,56,None,0.0,4.78,10.31,69.07
PT_036,57,None,0.0,4.83,10.43,70.09
PT_036,58,None,0.0,4.8,10.74,71.08
PT_036,59,Regimen A,100.0,4.79,10.33,49.0
PT_036,60,None,0.0,3.88,8.67,50.4
PT_036,61,None,0.0,3.58,7.8,51.78
PT_036,62,None,0.0,3.04,6.47,53.14
PT_036,63,None,0.0,2.73,6.22,54.48
PT_036,64,None,0.0,2.53,5.55,55.81
PT_036,65,None,0.0,2.16,4.7,57.11
PT_036,66,None,0.0,2.27,4.69,58.39
PT_036,67,None,0.0,2.2,4.99,59.65
PT_036,68,None,0.0,1.98,4.5,60.88
PT_036,69,None,0.0,2.49,5.69,62.09
PT_036,70,None,0.0,2.35,5.21,63.27
PT_036,71,None,0.0,2.61,6.03,64.43
PT_036,72,None,0.0,2.58,5.52,65.56
PT_036,73,None,0.0,2.6,6.14,66.67
PT_036,74,None,0.0,2.95,6.71,67.75
PT_036,75,None,0.0,2.81,5.84,68.81
PT_036,76,None,0.0,2.88,6.77,69.83
PT_036,77,None,0.0,3.27,7.35,70.84
PT_036,78,None,0.0,3.39,7.57,71.81
PT_036,79,None,0.0,3.21,7.14,72.77
PT_036,80,Regimen A,100.0,4.82,10.65,50.11
PT_036,81,None,0.0,4.02,8.32,51.49
PT_036,82,None,0.0,3.63,8.07,52.86
PT_036,83,None,0.0,3.28,7.07,54.21
PT_036,84,None,0.0,2.7,5.88,55.54
PT_036,85,None,0.0,2.64,5.91,56.84
PT_036,86,None,0.0,2.24,4.86,58.13
PT_036,87,None,0.0,2.31,4.85,59.39
PT_036,88,None,0.0,2.28,5.23,60.63
PT_036,89,None,0.0,2.48,5.73,61.84
PT_037,0,Regimen A,100.0,4.49,10.29,8.85
PT_037,1,None,0.0,3.85,8.3,9.71
PT_037,2,None,0.0,3.53,7.65,10.62
PT_037,3,None,0.0,3.1,6.58,11.57
PT_037,4,None,0.0,2.66,5.81,12.57
PT_037,5,None,0.0,2.44,5.23,13.61
PT_037,6,None,0.0,2.52,5.81,14.7
PT_037,7,None,0.0,2.44,5.35,15.82
PT_037,8,None,0.0,2.49,5.53,16.99
PT_037,9,None,0.0,2.73,6.37,18.19
PT_037,10,None,0.0,2.61,5.49,19.43
PT_037,11,None,0.0,2.34,5.0,20.71
PT_037,12,None,0.0,2.61,5.57,22.01
PT_037,13,None,0.0,2.5,5.63,23.34
PT_037,14,None,0.0,2.62,6.02,24.7
PT_037,15,None,0.0,2.95,6.41,26.08
PT_037,16,None,0.0,2.96,6.32,27.49
PT_037,17,None,0.0,3.14,6.77,28.91
PT_037,18,None,0.0,3.03,6.55,30.34
PT_037,19,None,0.0,3.16,6.96,31.79
PT_037,20,None,0.0,3.48,8.08,33.25
PT_037,21,None,0.0,4.4,9.55,34.71
PT_037,22,None,0.0,4.46,10.05,36.18
PT_037,23,None,0.0,4.41,9.62,37.65
PT_037,24,None,0.0,4.42,9.54,39.12
PT_037,25,None,0.0,4.43,9.53,40.59
PT_037,26,None,0.0,4.33,9.68,42.05
PT_037,27,None,0.0,4.42,9.83,43.51
PT_037,28,None,0.0,4.64,10.27,44.96
PT_037,29,None,0.0,4.45,9.9,46.4
PT_037,30,Regimen A,100.0,4.42,9.47,32.52
PT_037,31,None,0.0,3.8,8.33,33.98
PT_037,32,None,0.0,3.19,6.93,35.45
PT_037,33,None,0.0,2.72,6.03,36.92
PT_037,34,None,0.0,2.58,5.47,38.39
PT_037,35,None,0.0,2.35,4.95,39.86
PT_037,36,None,0.0,1.99,4.45,41.33
PT_037,37,None,0.0,1.88,4.26,42.79
PT_037,38,None,0.0,1.92,4.43,44.24
PT_037,39,None,0.0,2.41,5.11,45.68
PT_037,40,None,0.0,2.16,4.41,47.12
PT_037,41,None,0.0,2.15,4.82,48.53
PT_037,42,None,0.0,2.16,4.77,49.94
PT_037,43,None,0.0,2.41,5.55,51.32
PT_037,44,None,0.0,2.54,5.72,52.69
PT_037,45,None,0.0,2.44,5.47,54.04
PT_037,46,None,0.0,2.86,6.19,55.37
PT_037,47,None,0.0,2.79,6.09,56.68
PT_037,48,None,0.0,2.82,6.09,57.97
PT_037,49,None,0.0,3.09,6.99,59.23
PT_037,50,None,0.0,3.05,7.28,60.48
PT_037,51,None,0.0,4.44,9.84,61.69
PT_037,52,Regimen A,100.0,4.42,9.7,42.76
PT_037,53,None,0.0,3.22,7.25,44.21
PT_037,54,None,0.0,2.34,4.76,45.66
PT_037,55,None,0.0,1.41,3.16,47.09
PT_037,56,None,0.0,0.76,1.55,48.51
PT_037,57,None,0.0,0.85,1.89,49.91
PT_037,58,None,0.0,0.43,0.8,51.3
PT_037,59,None,0.0,0.44,1.31,52.67
PT_037,60,None,0.0,0.37,0.82,54.02
PT_037,61,None,0.0,0.54,1.42,55.35
PT_037,62,None,0.0,0.4,0.83,56.66
PT_037,63,None,0.0,0.46,1.02,57.95
PT_037,64,None,0.0,0.71,1.4,59.21
PT_037,65,None,0.0,0.93,2.05,60.45
PT_037,66,None,0.0,1.2,2.71,61.67
PT_037,67,None,0.0,1.1,2.43,62.86
PT_037,68,None,0.0,1.31,2.62,64.03
PT_037,69,None,0.0,1.66,3.56,65.17
PT_037,70,None,0.0,1.84,3.96,66.29
PT_037,71,None,0.0,2.02,4.54,67.38
PT_037,72,None,0.0,1.98,4.05,68.44
PT_037,73,Regimen A,100.0,4.69,9.98,47.25
PT_037,74,None,0.0,2.96,6.49,48.66
PT_037,75,None,0.0,1.73,4.15,50.07
PT_037,76,None,0.0,1.04,2.27,51.45
PT_037,77,None,0.0,0.57,1.33,52.82
PT_037,78,None,0.0,0.12,0.8,54.17
PT_037,79,None,0.0,0.1,0.8,55.5
PT_037,80,None,0.0,0.15,0.8,56.8
PT_037,81,None,0.0,0.13,0.8,58.09
PT_037,82,None,0.0,0.13,0.8,59.35
PT_037,83,None,0.0,0.31,0.8,60.59
PT_037,84,None,0.0,0.24,0.8,61.8
PT_037,85,None,0.0,0.11,0.8,62.99
PT_037,86,None,0.0,0.2,0.8,64.16
PT_037,87,None,0.0,0.48,1.17,65.3
PT_037,88,None,0.0,0.6,1.11,66.41
PT_037,89,None,0.0,0.88,1.74,67.5
PT_038,0,Regimen A,100.0,4.87,10.77,15.87
PT_038,1,None,0.0,4.24,9.51,17.03
PT_038,2,None,0.0,3.6,7.76,18.24
PT_038,3,None,0.0,3.09,6.81,19.48
PT_038,4,None,0.0,2.9,6.01,20.76
PT_038,5,None,0.0,2.82,5.72,22.06
PT_038,6,None,0.0,2.89,6.23,23.4
PT_038,7,None,0.0,2.53,5.34,24.76
PT_038,8,None,0.0,2.45,5.52,26.14
PT_038,9,None,0.0,2.5,5.44,27.54
PT_038,10,None,0.0,2.83,6.58,28.96
PT_038,11,None,0.0,2.71,6.58,30.4
PT_038,12,None,0.0,2.78,6.18,31.84
PT_038,13,None,0.0,2.73,6.03,33.3
PT_038,14,None,0.0,3.0,6.84,34.77
PT_038,15,None,0.0,2.92,6.6,36.24
PT_038,16,None,0.0,3.52,7.61,37.71
PT_038,17,None,0.0,3.11,7.31,39.18
PT_038,18,None,0.0,3.49,7.92,40.65
PT_038,19,None,0.0,3.63,8.18,42.11
PT_038,20,None,0.0,3.41,7.16,43.57
PT_038,21,None,0.0,4.88,10.3,45.02
PT_038,22,None,0.0,5.02,11.16,46.45
PT_038,23,None,0.0,4.9,11.02,47.88
PT_038,24,None,0.0,5.07,11.04,49.29
PT_038,25,None,0.0,5.03,11.06,50.68
PT_038,26,Regimen A,100.0,4.99,11.02,35.4
PT_038,27,None,0.0,3.88,8.21,36.87
PT_038,28,None,0.0,3.06,6.61,38.34
PT_038,29,None,0.0,2.69,5.64,39.81
PT_038,30,None,0.0,2.35,5.09,41.28
PT_038,31,None,0.0,1.96,4.46,42.74
PT_038,32,None,0.0,1.69,3.83,44.19
PT_038,33,None,0.0,1.65,3.74,45.64
PT_038,34,None,0.0,2.0,4.36,47.07
PT_038,35,None,0.0,1.66,3.62,48.49
PT_038,36,None,0.0,1.78,3.96,49.89
PT_038,37,None,0.0,1.95,4.14,51.28
PT_038,38,None,0.0,1.94,4.23,52.65
PT_038,39,None,0.0,2.2,5.13,54.0
PT_038,40,None,0.0,2.3,5.32,55.33
PT_038,41,None,0.0,2.35,5.47,56.64
PT_038,42,None,0.0,2.58,6.03,57.93
PT_038,43,None,0.0,2.68,5.91,59.19
PT_038,44,None,0.0,2.82,6.22,60.44
PT_038,45,None,0.0,2.87,6.46,61.65
PT_038,46,None,0.0,2.96,6.38,62.85
PT_038,47,None,0.0,4.97,10.58,64.01
PT_038,48,None,0.0,5.1,11.31,65.16
PT_038,49,None,0.0,4.83,10.88,66.27
PT_038,50,None,0.0,5.01,10.97,67.36
PT_038,51,None,0.0,4.94,11.06,68.43
PT_038,52,None,0.0,4.95,10.94,69.47
PT_038,53,None,0.0,4.87,10.47,70.48
PT_038,54,None,0.0,4.89,11.08,71.46
PT_038,55,None,0.0,4.77,10.16,72.43
PT_038,56,None,0.0,4.96,11.16,73.36
PT_038,57,None,0.0,4.79,10.27,74.27
PT_038,58,Regimen A,100.0,4.89,10.76,51.1
PT_038,59,None,0.0,4.69,10.35,52.48
PT_038,60,None,0.0,4.43,9.46,53.83
PT_038,61,None,0.0,4.2,9.37,55.16
PT_038,62,None,0.0,4.09,9.04,56.48
PT_038,63,None,0.0,3.89,7.74,57.77
PT_038,64,None,0.0,3.79,7.95,59.03
PT_038,65,None,0.0,3.96,8.76,60.28
PT_038,66,None,0.0,3.68,8.18,61.5
PT_038,67,None,0.0,3.81,8.5,62.7
PT_038,68,None,0.0,3.76,7.89,63.87
PT_038,69,None,0.0,3.94,9.02,65.01
PT_038,70,None,0.0,3.92,8.15,66.13
PT_038,71,None,0.0,3.84,8.22,67.23
PT_038,72,None,0.0,4.35,9.45,68.29
PT_038,73,None,0.0,4.0,8.6,69.33
PT_038,74,None,0.0,3.99,8.34,70.35
PT_038,75,None,0.0,4.23,9.12,71.34
PT_038,76,None,0.0,4.11,9.27,72.3
PT_038,77,None,0.0,4.36,10.09,73.24
PT_038,78,None,0.0,4.23,9.12,74.15
PT_038,79,Regimen A,100.0,4.92,10.86,51.03
PT_038,80,None,0.0,4.66,10.24,52.4
PT_038,81,None,0.0,3.97,8.92,53.76
PT_038,82,None,0.0,3.69,8.04,55.09
PT_038,83,None,0.0,3.39,7.5,56.4
PT_038,84,None,0.0,3.38,7.38,57.7
PT_038,85,None,0.0,3.15,6.94,58.97
PT_038,86,None,0.0,3.26,6.94,60.21
PT_038,87,None,0.0,3.22,7.55,61.43
PT_038,88,None,0.0,3.03,6.82,62.63
PT_038,89,None,0.0,3.17,7.15,63.8
PT_039,0,Regimen A,100.0,3.91,8.41,8.85
PT_039,1,None,0.0,1.96,4.5,9.71
PT_039,2,None,0.0,0.48,1.28,10.62
PT_039,3,None,0.0,0.18,0.8,11.57
PT_039,4,None,0.0,0.11,0.8,12.57
PT_039,5,None,0.0,0.14,0.8,13.61
PT_039,6,None,0.0,0.22,0.84,14.7
PT_039,7,None,0.0,0.1,0.8,15.82
PT_039,8,None,0.0,0.2,0.8,16.99
PT_039,9,None,0.0,0.14,0.8,18.19
PT_039,10,None,0.0,0.15,0.8,19.43
PT_039,11,None,0.0,0.26,0.8,20.71
PT_039,12,None,0.0,0.28,0.8,22.01
PT_039,13,None,0.0,0.19,0.8,23.34
PT_039,14,None,0.0,0.1,0.8,24.7
PT_039,15,None,0.0,0.1,0.8,26.08
PT_039,16,None,0.0,0.33,1.03,27.49
PT_039,17,None,0.0,0.11,0.8,28.91
PT_039,18,None,0.0,0.13,0.8,30.34
PT_039,19,None,0.0,0.1,0.8,31.79
PT_039,20,None,0.0,0.43,1.01,33.25
PT_039,21,None,0.0,3.95,8.3,34.71
PT_039,22,None,0.0,3.97,8.94,36.18
PT_039,23,None,0.0,4.12,9.43,37.65
PT_039,24,None,0.0,4.1,8.59,39.12
PT_039,25,None,0.0,4.14,9.28,40.59
PT_039,26,None,0.0,4.09,9.08,42.05
PT_039,27,None,0.0,4.14,8.99,43.51
PT_039,28,None,0.0,4.17,9.36,44.96
PT_039,29,None,0.0,4.32,9.67,46.4
PT_039,30,None,0.0,3.87,8.86,47.82
PT_039,31,Regimen A,100.0,4.21,9.6,33.48
PT_039,32,None,0.0,2.78,6.1,34.94
PT_039,33,None,0.0,2.1,4.79,36.41
PT_039,34,None,0.0,1.49,3.32,37.89
PT_039,35,None,0.0,0.83,2.17,39.36
PT_039,36,None,0.0,0.72,1.34,40.82
PT_039,37,None,0.0,0.42,0.98,42.29
PT_039,38,None,0.0,0.53,1.21,43.74
PT_039,39,None,0.0,0.24,0.8,45.19
PT_039,40,None,0.0,0.31,0.8,46.63
PT_039,41,None,0.0,0.36,1.11,48.05
PT_039,42,None,0.0,0.67,1.42,49.46
PT_039,43,None,0.0,0.65,1.48,50.85
PT_039,44,None,0.0,0.84,1.83,52.23
PT_039,45,None,0.0,0.79,1.98,53.58
PT_039,46,None,0.0,1.28,2.84,54.92
PT_039,47,None,0.0,1.17,2.49,56.24
PT_039,48,None,0.0,1.49,3.61,57.53
PT_039,49,None,0.0,1.65,4.17,58.8
PT_039,50,None,0.0,1.83,3.79,60.05
PT_039,51,None,0.0,1.9,4.29,61.28
PT_039,52,None,0.0,4.07,8.73,62.48
PT_039,53,None,0.0,4.1,8.93,63.65
PT_039,54,Regimen A,100.0,3.97,8.86,44.07
PT_039,55,None,0.0,3.22,7.72,45.51
PT_039,56,None,0.0,2.41,5.51,46.94
PT_039,57,None,0.0,2.2,4.89,48.36
PT_039,58,None,0.0,1.4,3.05,49.77
PT_039,59,None,0.0,1.11,2.53,51.16
PT_039,60,None,0.0,1.02,2.81,52.53
PT_039,61,None,0.0,1.12,2.44,53.88
PT_039,62,None,0.0,0.83,2.32,55.22
PT_039,63,None,0.0,0.95,2.06,56.53
PT_039,64,None,0.0,1.18,2.49,57.82
PT_039,65,None,0.0,1.2,2.49,59.08
PT_039,66,None,0.0,1.07,2.22,60.33
PT_039,67,None,0.0,1.38,2.92,61.55
PT_039,68,None,0.0,1.47,3.58,62.74
PT_039,69,None,0.0,1.51,3.18,63.91
PT_039,70,None,0.0,1.88,4.02,65.06
PT_039,71,None,0.0,2.08,4.78,66.18
PT_039,72,None,0.0,1.86,4.01,67.27
PT_039,73,None,0.0,2.14,4.31,68.33
PT_039,74,None,0.0,2.24,4.98,69.38
PT_039,75,Regimen A,100.0,3.95,8.48,47.87
PT_039,76,None,0.0,3.25,6.85,49.28
PT_039,77,None,0.0,2.37,5.09,50.67
PT_039,78,None,0.0,1.77,4.35,52.05
PT_039,79,None,0.0,1.4,2.77,53.41
PT_039,80,None,0.0,0.91,1.8,54.75
PT_039,81,None,0.0,0.93,2.5,56.07
PT_039,82,None,0.0,0.97,2.31,57.37
PT_039,83,None,0.0,0.75,1.62,58.64
PT_039,84,None,0.0,0.75,1.51,59.89
PT_039,85,None,0.0,0.72,1.47,61.12
PT_039,86,None,0.0,1.09,2.04,62.32
PT_039,87,None,0.0,1.37,3.08,63.5
PT_039,88,None,0.0,1.1,2.05,64.66
PT_039,89,None,0.0,1.51,3.31,65.78
PT_040,0,Regimen A,100.0,4.26,9.45,15.87
PT_040,1,None,0.0,3.3,7.52,17.03
PT_040,2,None,0.0,2.5,5.47,18.24
PT_040,3,None,0.0,2.03,4.38,19.48
PT_040,4,None,0.0,1.82,3.82,20.76
PT_040,5,None,0.0,1.18,2.96,22.06
PT_040,6,None,0.0,1.18,2.67,23.4
PT_040,7,None,0.0,1.33,2.75,24.76
PT_040,8,None,0.0,1.07,2.09,26.14
PT_040,9,None,0.0,1.04,2.34,27.54
PT_040,10,None,0.0,1.12,2.41,28.96
PT_040,11,None,0.0,1.57,3.11,30.4
PT_040,12,None,0.0,1.17,2.43,31.84
PT_040,13,None,0.0,1.33,2.84,33.3
PT_040,14,None,0.0,1.53,3.22,34.77
PT_040,15,None,0.0,1.9,4.15,36.24
PT_040,16,None,0.0,1.71,3.81,37.71
PT_040,17,None,0.0,1.92,3.92,39.18
PT_040,18,None,0.0,2.35,5.17,40.65
PT_040,19,None,0.0,2.13,4.8,42.11
PT_040,20,None,0.0,2.27,4.57,43.57
PT_040,21,None,0.0,4.15,8.59,45.02
PT_040,22,None,0.0,4.09,8.77,46.45
PT_040,23,Regimen A,100.0,4.39,9.75,32.56
PT_040,24,None,0.0,4.39,9.75,34.02
PT_040,25,None,0.0,4.15,9.1,35.49
PT_040,26,None,0.0,4.08,8.44,36.96
PT_040,27,None,0.0,4.02,9.02,38.43
PT_040,28,None,0.0,3.75,8.47,39.9
PT_040,29,None,0.0,3.93,8.14,41.36
PT_040,30,None,0.0,4.05,9.13,42.82
PT_040,31,None,0.0,3.95,8.38,44.28
PT_040,32,None,0.0,3.82,8.65,45.72
PT_040,33,None,0.0,3.87,8.8,47.15
PT_040,34,None,0.0,4.01,8.52,48.57
PT_040,35,None,0.0,3.88,8.71,49.97
PT_040,36,None,0.0,3.89,8.65,51.36
PT_040,37,None,0.0,4.04,8.72,52.73
PT_040,38,None,0.0,3.81,8.9,54.08
PT_040,39,None,0.0,3.89,8.54,55.41
PT_040,40,None,0.0,4.13,8.67,56.72
PT_040,41,None,0.0,4.06,8.56,58.0
PT_040,42,None,0.0,4.03,8.79,59.27
PT_040,43,None,0.0,4.01,8.75,60.51
PT_040,44,None,0.0,4.27,9.17,61.72
PT_040,45,None,0.0,4.39,9.47,62.91
PT_040,46,None,0.0,4.22,8.81,64.08
PT_040,47,None,0.0,4.27,9.37,65.22
PT_040,48,None,0.0,4.23,9.28,66.34
PT_040,49,Regimen A,100.0,4.03,8.46,45.85
PT_040,50,None,0.0,3.31,7.48,47.28
PT_040,51,None,0.0,2.71,6.34,48.7
PT_040,52,None,0.0,2.26,5.1,50.1
PT_040,53,None,0.0,1.83,4.0,51.48
PT_040,54,None,0.0,1.81,4.5,52.85
PT_040,55,None,0.0,1.43,3.48,54.2
PT_040,56,None,0.0,1.61,3.72,55.53
PT_040,57,None,0.0,1.32,2.86,56.83
PT_040,58,None,0.0,1.32,2.95,58.12
PT_040,59,None,0.0,1.43,3.41,59.38
PT_040,60,None,0.0,1.6,3.37,60.62
PT_040,61,None,0.0,1.66,4.07,61.83
PT_040,62,None,0.0,1.97,4.31,63.02
PT_040,63,None,0.0,1.96,4.26,64.18
PT_040,64,None,0.0,1.95,4.48,65.32
PT_040,65,None,0.0,2.08,4.21,66.43
PT_040,66,None,0.0,2.38,5.07,67.52
PT_040,67,None,0.0,2.32,5.19,68.58
PT_040,68,None,0.0,2.44,5.56,69.62
PT_040,69,None,0.0,2.64,5.41,70.62
PT_040,70,Regimen A,100.0,4.25,9.38,48.69
PT_040,71,None,0.0,3.39,7.24,50.09
PT_040,72,None,0.0,2.79,6.43,51.48
PT_040,73,None,0.0,2.38,5.23,52.85
PT_040,74,None,0.0,1.77,4.06,54.2
PT_040,75,None,0.0,1.48,3.57,55.52
PT_040,76,None,0.0,1.32,2.71,56.83
PT_040,77,None,0.0,1.13,2.38,58.11
PT_040,78,None,0.0,1.43,3.23,59.38
PT_040,79,None,0.0,1.38,3.48,60.61
PT_040,80,None,0.0,1.24,2.81,61.83
PT_040,81,None,0.0,1.51,3.19,63.02
PT_040,82,None,0.0,1.51,3.3,64.18
PT_040,83,None,0.0,1.52,3.06,65.32
PT_040,84,None,0.0,1.94,4.72,66.43
PT_040,85,None,0.0,1.99,4.54,67.52
PT_040,86,None,0.0,1.92,4.02,68.58
PT_040,87,None,0.0,2.2,4.75,69.61
PT_040,88,None,0.0,2.34,5.36,70.62
PT_040,89,None,0.0,2.45,5.36,71.61
PT_041,0,Regimen A,100.0,4.7,10.18,8.85
PT_041,1,None,0.0,3.92,8.6,9.71
PT_041,2,None,0.0,3.56,7.72,10.62
PT_041,3,None,0.0,3.2,7.09,11.57
PT_041,4,None,0.0,2.76,6.26,12.57
PT_041,5,None,0.0,2.66,6.08,13.61
PT_041,6,None,0.0,2.74,6.36,14.7
PT_041,7,None,0.0,2.7,5.81,15.82
PT_041,8,None,0.0,2.62,5.46,16.99
PT_041,9,None,0.0,2.71,6.0,18.19
PT_041,10,None,0.0,2.78,6.2,19.43
PT_041,11,None,0.0,2.78,6.19,20.71
PT_041,12,None,0.0,2.89,6.37,22.01
PT_041,13,None,0.0,2.98,6.0,23.34
PT_041,14,None,0.0,3.04,6.33,24.7
PT_041,15,None,0.0,3.21,7.07,26.08
PT_041,16,None,0.0,3.22,6.98,27.49
PT_041,17,None,0.0,3.33,7.09,28.91
PT_041,18,None,0.0,3.44,7.37,30.34
PT_041,19,None,0.0,3.5,7.52,31.79
PT_041,20,None,0.0,3.52,7.49,33.25
PT_041,21,None,0.0,4.79,10.41,34.71
PT_041,22,Regimen A,100.0,4.69,10.34,24.6
PT_041,23,None,0.0,4.34,9.23,25.98
PT_041,24,None,0.0,3.79,8.3,27.38
PT_041,25,None,0.0,3.58,7.67,28.8
PT_041,26,None,0.0,3.39,7.69,30.24
PT_041,27,None,0.0,2.86,6.1,31.68
PT_041,28,None,0.0,3.05,6.56,33.14
PT_041,29,None,0.0,3.15,6.78,34.6
PT_041,30,None,0.0,3.28,7.33,36.07
PT_041,31,None,0.0,2.99,6.64,37.54
PT_041,32,None,0.0,3.01,6.34,39.01
PT_041,33,None,0.0,3.24,6.82,40.48
PT_041,34,None,0.0,3.06,6.72,41.95
PT_041,35,None,0.0,3.14,7.04,43.41
PT_041,36,None,0.0,3.33,7.17,44.85
PT_041,37,None,0.0,3.52,7.7,46.29
PT_041,38,None,0.0,3.46,7.57,47.72
PT_041,39,None,0.0,3.68,7.68,49.13
PT_041,40,None,0.0,3.64,7.7,50.53
PT_041,41,None,0.0,3.68,8.07,51.91
PT_041,42,None,0.0,3.89,8.55,53.27
PT_041,43,None,0.0,4.76,10.34,54.61
PT_041,44,None,0.0,4.82,10.68,55.93
PT_041,45,None,0.0,4.89,11.01,57.23
PT_041,46,None,0.0,4.77,10.77,58.51
PT_041,47,None,0.0,4.73,10.39,59.76
PT_041,48,None,0.0,4.66,10.27,60.99
PT_041,49,Regimen A,100.0,4.75,10.42,42.3
PT_041,50,None,0.0,4.13,9.49,43.75
PT_041,51,None,0.0,3.7,8.02,45.2
PT_041,52,None,0.0,3.41,7.4,46.63
PT_041,53,None,0.0,3.36,7.97,48.06
PT_041,54,None,0.0,2.89,6.51,49.47
PT_041,55,None,0.0,2.87,6.39,50.86
PT_041,56,None,0.0,2.81,6.42,52.23
PT_041,57,None,0.0,2.86,6.71,53.59
PT_041,58,None,0.0,2.65,5.79,54.93
PT_041,59,None,0.0,2.92,6.15,56.25
PT_041,60,None,0.0,2.93,6.33,57.54
PT_041,61,None,0.0,2.86,6.12,58.81
PT_041,62,None,0.0,2.9,6.24,60.06
PT_041,63,None,0.0,3.1,7.05,61.29
PT_041,64,None,0.0,3.15,7.12,62.49
PT_041,65,None,0.0,3.28,7.04,63.66
PT_041,66,None,0.0,3.6,7.92,64.81
PT_041,67,None,0.0,3.32,7.29,65.94
PT_041,68,None,0.0,3.47,7.74,67.03
PT_041,69,None,0.0,3.58,8.18,68.11
PT_041,70,Regimen A,100.0,4.69,10.44,47.02
PT_041,71,None,0.0,4.2,8.62,48.44
PT_041,72,None,0.0,3.22,6.76,49.85
PT_041,73,None,0.0,2.88,6.09,51.24
PT_041,74,None,0.0,2.35,4.96,52.61
PT_041,75,None,0.0,2.28,4.59,53.96
PT_041,76,None,0.0,1.95,4.17,55.29
PT_041,77,None,0.0,2.13,4.25,56.6
PT_041,78,None,0.0,1.86,4.13,57.89
PT_041,79,None,0.0,1.98,4.43,59.15
PT_041,80,None,0.0,2.0,4.2,60.4
PT_041,81,None,0.0,2.16,5.11,61.61
PT_041,82,None,0.0,2.28,5.33,62.81
PT_041,83,None,0.0,2.34,4.97,63.98
PT_041,84,None,0.0,2.6,5.71,65.12
PT_041,85,None,0.0,2.58,5.24,66.24
PT_041,86,None,0.0,2.77,6.28,67.33
PT_041,87,None,0.0,2.85,6.21,68.39
PT_041,88,None,0.0,3.25,7.07,69.43
PT_041,89,None,0.0,3.17,7.57,70.45
PT_042,0,Regimen A,100.0,2.79,6.23,24.8
PT_042,1,None,0.0,2.02,4.47,26.18
PT_042,2,None,0.0,1.63,3.45,27.59
PT_042,3,None,0.0,0.42,1.16,29.01
PT_042,4,None,0.0,0.41,0.8,30.44
PT_042,5,None,0.0,0.19,0.8,31.89
PT_042,6,None,0.0,0.1,0.8,33.35
PT_042,7,None,0.0,0.3,0.96,34.81
PT_042,8,None,0.0,0.1,0.8,36.28
PT_042,9,None,0.0,0.1,0.8,37.75
PT_042,10,None,0.0,0.1,0.8,39.23
PT_042,11,None,0.0,0.2,0.8,40.69
PT_042,12,None,0.0,0.29,0.8,42.16
PT_042,13,None,0.0,0.15,0.8,43.61
PT_042,14,None,0.0,0.31,1.09,45.06
PT_042,15,None,0.0,0.52,1.55,46.5
PT_042,16,None,0.0,0.77,1.69,47.92
PT_042,17,None,0.0,0.81,2.0,49.33
PT_042,18,None,0.0,1.04,2.33,50.73
PT_042,19,None,0.0,1.34,3.05,52.1
PT_042,20,None,0.0,1.17,2.8,53.46
PT_042,21,None,0.0,3.14,7.17,54.8
PT_042,22,None,0.0,3.01,6.6,56.12
PT_042,23,Regimen A,100.0,3.15,7.12,39.04
PT_042,24,None,0.0,2.49,5.73,40.51
PT_042,25,None,0.0,2.19,5.08,41.98
PT_042,26,None,0.0,1.69,3.72,43.43
PT_042,27,None,0.0,1.39,3.73,44.88
PT_042,28,None,0.0,1.43,3.52,46.32
PT_042,29,None,0.0,1.5,3.14,47.75
PT_042,30,None,0.0,1.31,2.83,49.16
PT_042,31,None,0.0,1.36,3.24,50.56
PT_042,32,None,0.0,1.28,2.57,51.93
PT_042,33,None,0.0,1.25,2.9,53.3
PT_042,34,None,0.0,1.46,3.34,54.64
PT_042,35,None,0.0,1.57,3.47,55.96
PT_042,36,None,0.0,1.52,3.19,57.26
PT_042,37,None,0.0,1.65,3.44,58.54
PT_042,38,None,0.0,1.62,3.09,59.79
PT_042,39,None,0.0,1.68,3.88,61.02
PT_042,40,None,0.0,1.75,3.57,62.22
PT_042,41,None,0.0,1.8,4.59,63.41
PT_042,42,None,0.0,1.76,4.03,64.56
PT_042,43,None,0.0,2.05,4.44,65.69
PT_042,44,None,0.0,3.2,7.23,66.8
PT_042,45,None,0.0,3.19,6.96,67.87
PT_042,46,None,0.0,3.09,6.56,68.93
PT_042,47,None,0.0,2.91,6.49,69.95
PT_042,48,Regimen A,100.0,2.78,6.72,48.25
PT_042,49,None,0.0,1.96,4.08,49.65
PT_042,50,None,0.0,1.48,3.22,51.04
PT_042,51,None,0.0,0.62,1.2,52.42
PT_042,52,None,0.0,0.38,0.8,53.77
PT_042,53,None,0.0,0.1,0.8,55.11
PT_042,54,None,0.0,0.12,0.8,56.42
PT_042,55,None,0.0,0.1,0.8,57.71
PT_042,56,None,0.0,0.1,0.8,58.98
PT_042,57,None,0.0,0.11,0.8,60.23
PT_042,58,None,0.0,0.1,0.8,61.45
PT_042,59,None,0.0,0.12,0.8,62.64
PT_042,60,None,0.0,0.21,0.8,63.82
PT_042,61,None,0.0,0.17,0.8,64.96
PT_042,62,None,0.0,0.3,0.8,66.08
PT_042,63,None,0.0,0.6,1.69,67.18
PT_042,64,None,0.0,0.66,1.28,68.25
PT_042,65,None,0.0,0.95,2.33,69.29
PT_042,66,None,0.0,1.0,2.64,70.31
PT_042,67,None,0.0,1.23,2.83,71.3
PT_042,68,None,0.0,1.09,2.53,72.26
PT_042,69,Regimen A,100.0,3.14,6.9,49.78
PT_042,70,None,0.0,2.38,4.9,51.17
PT_042,71,None,0.0,1.78,3.86,52.54
PT_042,72,None,0.0,1.27,2.57,53.89
PT_042,73,None,0.0,1.17,2.58,55.22
PT_042,74,None,0.0,0.88,1.37,56.53
PT_042,75,None,0.0,0.53,1.47,57.82
PT_042,76,None,0.0,0.44,0.8,59.09
PT_042,77,None,0.0,0.59,0.9,60.33
PT_042,78,None,0.0,0.82,1.58,61.55
PT_042,79,None,0.0,0.72,1.35,62.75
PT_042,80,None,0.0,0.61,1.36,63.92
PT_042,81,None,0.0,0.73,1.72,65.06
PT_042,82,None,0.0,1.23,2.77,66.18
PT_042,83,None,0.0,0.92,1.59,67.27
PT_042,84,None,0.0,1.16,2.64,68.34
PT_042,85,None,0.0,1.03,2.32,69.38
PT_042,86,None,0.0,1.08,2.42,70.4
PT_042,87,None,0.0,1.43,2.8,71.38
PT_042,88,None,0.0,1.32,2.76,72.35
PT_042,89,None,0.0,1.59,2.8,73.28
PT_043,0,Regimen A,100.0,3.45,7.31,15.87
PT_043,1,None,0.0,2.66,5.84,17.03
PT_043,2,None,0.0,2.31,5.48,18.24
PT_043,3,None,0.0,1.53,3.83,19.48
PT_043,4,None,0.0,1.29,2.54,20.76
PT_043,5,None,0.0,0.93,2.06,22.06
PT_043,6,None,0.0,0.73,1.61,23.4
PT_043,7,None,0.0,0.6,1.08,24.76
PT_043,8,None,0.0,0.85,1.86,26.14
PT_043,9,None,0.0,0.55,1.58,27.54
PT_043,10,None,0.0,0.7,1.75,28.96
PT_043,11,None,0.0,0.95,1.92,30.4
PT_043,12,None,0.0,1.06,2.87,31.84
PT_043,13,None,0.0,1.1,2.68,33.3
PT_043,14,None,0.0,1.11,2.41,34.77
PT_043,15,None,0.0,0.95,1.89,36.24
PT_043,16,None,0.0,1.51,3.67,37.71
PT_043,17,None,0.0,1.29,2.66,39.18
PT_043,18,None,0.0,1.73,4.45,40.65
PT_043,19,None,0.0,1.79,3.94,42.11
PT_043,20,None,0.0,1.78,3.7,43.57
PT_043,21,None,0.0,3.66,8.14,45.02
PT_043,22,None,0.0,3.51,7.82,46.45
PT_043,23,Regimen A,100.0,3.56,7.62,32.56
PT_043,24,None,0.0,3.07,6.59,34.02
PT_043,25,None,0.0,2.5,5.54,35.49
PT_043,26,None,0.0,2.46,5.85,36.96
PT_043,27,None,0.0,1.95,3.89,38.43
PT_043,28,None,0.0,1.91,4.36,39.9
PT_043,29,None,0.0,1.9,4.07,41.36
PT_043,30,None,0.0,1.69,3.81,42.82
PT_043,31,None,0.0,1.67,3.41,44.28
PT_043,32,None,0.0,1.75,3.56,45.72
PT_043,33,None,0.0,1.69,4.04,47.15
PT_043,34,None,0.0,1.87,4.15,48.57
PT_043,35,None,0.0,1.78,4.07,49.97
PT_043,36,None,0.0,1.9,4.64,51.36
PT_043,37,None,0.0,1.98,4.28,52.73
PT_043,38,None,0.0,2.41,5.25,54.08
PT_043,39,None,0.0,2.06,4.41,55.41
PT_043,40,None,0.0,2.22,4.85,56.72
PT_043,41,None,0.0,2.47,5.39,58.0
PT_043,42,None,0.0,2.49,5.54,59.27
PT_043,43,None,0.0,2.69,5.84,60.51
PT_043,44,None,0.0,3.64,8.15,61.72
PT_043,45,None,0.0,3.7,7.91,62.91
PT_043,46,None,0.0,3.59,7.99,64.08
PT_043,47,None,0.0,3.7,7.77,65.22
PT_043,48,None,0.0,3.69,8.08,66.34
PT_043,49,None,0.0,3.68,8.36,67.42
PT_043,50,None,0.0,3.61,7.93,68.49
PT_043,51,None,0.0,3.5,7.42,69.52
PT_043,52,None,0.0,3.53,7.93,70.54
PT_043,53,None,0.0,3.59,8.09,71.52
PT_043,54,None,0.0,3.63,8.38,72.48
PT_043,55,None,0.0,3.58,7.88,73.41
PT_043,56,Regimen A,100.0,3.42,7.21,50.54
PT_043,57,None,0.0,3.61,7.66,51.92
PT_043,58,None,0.0,3.16,6.69,53.28
PT_043,59,None,0.0,3.0,6.5,54.62
PT_043,60,None,0.0,3.03,7.12,55.94
PT_043,61,None,0.0,2.87,6.6,57.24
PT_043,62,None,0.0,3.22,7.23,58.52
PT_043,63,None,0.0,2.83,6.42,59.77
PT_043,64,None,0.0,2.85,6.27,61.0
PT_043,65,None,0.0,2.98,6.74,62.21
PT_043,66,None,0.0,3.1,6.54,63.39
PT_043,67,None,0.0,2.97,6.73,64.55
PT_043,68,None,0.0,2.89,6.31,65.68
PT_043,69,None,0.0,3.09,6.73,66.78
PT_043,70,None,0.0,3.17,6.57,67.86
PT_043,71,None,0.0,3.08,6.16,68.91
PT_043,72,None,0.0,3.09,6.67,69.94
PT_043,73,None,0.0,3.21,6.7,70.94
PT_043,74,None,0.0,3.24,7.0,71.91
PT_043,75,None,0.0,3.23,7.42,72.86
PT_043,76,None,0.0,3.36,6.9,73.78
PT_043,77,Regimen A,100.0,3.66,8.6,50.78
PT_043,78,None,0.0,3.24,6.98,52.16
PT_043,79,None,0.0,2.63,6.09,53.52
PT_043,80,None,0.0,2.05,4.44,54.86
PT_043,81,None,0.0,1.95,4.22,56.17
PT_043,82,None,0.0,1.85,3.73,57.47
PT_043,83,None,0.0,1.94,4.41,58.74
PT_043,84,None,0.0,1.76,4.09,59.99
PT_043,85,None,0.0,1.53,3.52,61.22
PT_043,86,None,0.0,1.7,3.96,62.42
PT_043,87,None,0.0,1.7,3.89,63.6
PT_043,88,None,0.0,1.69,3.61,64.75
PT_043,89,None,0.0,1.62,3.42,65.87
PT_044,0,Regimen A,100.0,4.73,10.59,15.87
PT_044,1,None,0.0,3.93,8.46,17.03
PT_044,2,None,0.0,2.86,6.03,18.24
PT_044,3,None,0.0,2.33,5.22,19.48
PT_044,4,None,0.0,1.98,4.44,20.76
PT_044,5,None,0.0,1.98,4.22,22.06
PT_044,6,None,0.0,1.64,3.54,23.4
PT_044,7,None,0.0,1.44,3.42,24.76
PT_044,8,None,0.0,1.21,2.56,26.14
PT_044,9,None,0.0,1.48,3.63,27.54
PT_044,10,None,0.0,1.56,3.07,28.96
PT_044,11,None,0.0,1.5,2.98,30.4
PT_044,12,None,0.0,1.65,3.8,31.84
PT_044,13,None,0.0,1.96,4.9,33.3
PT_044,14,None,0.0,2.05,4.42,34.77
PT_044,15,None,0.0,2.34,5.19,36.24
PT_044,16,None,0.0,2.31,5.04,37.71
PT_044,17,None,0.0,2.56,5.94,39.18
PT_044,18,None,0.0,2.63,5.55,40.65
PT_044,19,None,0.0,2.91,6.6,42.11
PT_044,20,None,0.0,3.19,7.19,43.57
PT_044,21,None,0.0,4.87,11.04,45.02
PT_044,22,Regimen A,100.0,4.74,9.86,31.59
PT_044,23,None,0.0,3.77,7.81,33.04
PT_044,24,None,0.0,3.39,7.33,34.51
PT_044,25,None,0.0,2.69,5.83,35.98
PT_044,26,None,0.0,2.22,4.48,37.45
PT_044,27,None,0.0,2.01,4.7,38.92
PT_044,28,None,0.0,1.61,3.34,40.39
PT_044,29,None,0.0,1.78,3.92,41.85
PT_044,30,None,0.0,1.56,3.63,43.31
PT_044,31,None,0.0,1.57,3.55,44.76
PT_044,32,None,0.0,1.62,3.53,46.2
PT_044,33,None,0.0,1.73,3.88,47.63
PT_044,34,None,0.0,1.78,4.22,49.04
PT_044,35,None,0.0,2.08,4.72,50.44
PT_044,36,None,0.0,2.04,4.16,51.82
PT_044,37,None,0.0,2.16,4.94,53.18
PT_044,38,None,0.0,2.35,4.92,54.52
PT_044,39,None,0.0,2.65,6.0,55.85
PT_044,40,None,0.0,2.77,5.96,57.15
PT_044,41,None,0.0,2.86,6.41,58.43
PT_044,42,None,0.0,3.07,6.81,59.68
PT_044,43,None,0.0,4.82,11.16,60.92
PT_044,44,None,0.0,4.58,10.19,62.12
PT_044,45,None,0.0,4.77,10.53,63.31
PT_044,46,None,0.0,4.91,10.69,64.46
PT_044,47,None,0.0,4.71,10.39,65.6
PT_044,48,None,0.0,4.77,10.57,66.7
PT_044,49,None,0.0,4.78,10.7,67.78
PT_044,50,None,0.0,4.57,9.95,68.84
PT_044,51,Regimen A,100.0,4.78,10.35,47.51
PT_044,52,None,0.0,3.65,8.2,48.92
PT_044,53,None,0.0,2.34,5.05,50.32
PT_044,54,None,0.0,1.81,3.88,51.7
PT_044,55,None,0.0,1.51,3.27,53.07
PT_044,56,None,0.0,0.9,1.9,54.41
PT_044,57,None,0.0,0.95,2.25,55.74
PT_044,58,None,0.0,0.66,0.92,57.04
PT_044,59,None,0.0,0.72,1.83,58.32
PT_044,60,None,0.0,0.62,1.33,59.58
PT_044,61,None,0.0,0.95,1.85,60.81
PT_044,62,None,0.0,1.14,2.48,62.02
PT_044,63,None,0.0,1.39,3.11,63.21
PT_044,64,None,0.0,1.27,2.55,64.37
PT_044,65,None,0.0,1.55,3.09,65.5
PT_044,66,None,0.0,1.66,3.43,66.61
PT_044,67,None,0.0,1.82,3.55,67.69
PT_044,68,None,0.0,2.15,5.06,68.75
PT_044,69,None,0.0,2.17,4.11,69.78
PT_044,70,None,0.0,2.5,5.15,70.79
PT_044,71,None,0.0,2.44,5.52,71.76
PT_044,72,Regimen A,100.0,4.68,10.31,49.45
PT_044,73,None,0.0,4.03,8.94,50.84
PT_044,74,None,0.0,3.7,8.34,52.22
PT_044,75,None,0.0,3.16,7.26,53.57
PT_044,76,None,0.0,2.78,6.12,54.91
PT_044,77,None,0.0,2.74,5.97,56.23
PT_044,78,None,0.0,2.63,5.85,57.52
PT_044,79,None,0.0,2.51,5.39,58.79
PT_044,80,None,0.0,2.57,5.69,60.04
PT_044,81,None,0.0,2.63,5.79,61.27
PT_044,82,None,0.0,2.55,5.98,62.47
PT_044,83,None,0.0,2.65,5.87,63.64
PT_044,84,None,0.0,2.7,5.51,64.79
PT_044,85,None,0.0,2.86,5.78,65.92
PT_044,86,None,0.0,3.04,6.81,67.02
PT_044,87,None,0.0,2.99,6.62,68.09
PT_044,88,None,0.0,3.12,7.08,69.14
PT_044,89,None,0.0,3.2,6.83,70.16
PT_045,0,Regimen A,100.0,4.51,10.07,8.85
PT_045,1,None,0.0,3.77,7.68,9.71
PT_045,2,None,0.0,2.82,6.1,10.62
PT_045,3,None,0.0,2.74,5.51,11.57
PT_045,4,None,0.0,2.1,4.78,12.57
PT_045,5,None,0.0,2.0,3.63,13.61
PT_045,6,None,0.0,1.88,4.28,14.7
PT_045,7,None,0.0,1.9,4.06,15.82
PT_045,8,None,0.0,1.72,4.16,16.99
PT_045,9,None,0.0,1.84,4.05,18.19
PT_045,10,None,0.0,2.01,4.56,19.43
PT_045,11,None,0.0,2.23,4.84,20.71
PT_045,12,None,0.0,1.96,4.24,22.01
PT_045,13,None,0.0,2.11,4.59,23.34
PT_045,14,None,0.0,2.4,5.36,24.7
PT_045,15,None,0.0,2.34,5.22,26.08
PT_045,16,None,0.0,2.61,5.71,27.49
PT_045,17,None,0.0,2.52,5.57,28.91
PT_045,18,None,0.0,2.69,5.81,30.34
PT_045,19,None,0.0,2.99,6.54,31.79
PT_045,20,None,0.0,3.03,6.79,33.25
PT_045,21,None,0.0,4.64,10.49,34.71
PT_045,22,None,0.0,4.37,9.03,36.18
PT_045,23,None,0.0,4.44,9.83,37.65
PT_045,24,None,0.0,4.45,10.01,39.12
PT_045,25,None,0.0,4.48,10.04,40.59
PT_045,26,None,0.0,4.38,9.75,42.05
PT_045,27,None,0.0,4.27,9.06,43.51
PT_045,28,None,0.0,4.54,9.94,44.96
PT_045,29,Regimen A,100.0,4.32,9.55,31.55
PT_045,30,None,0.0,3.87,8.46,33.01
PT_045,31,None,0.0,3.54,7.63,34.47
PT_045,32,None,0.0,3.33,7.39,35.94
PT_045,33,None,0.0,3.37,7.43,37.41
PT_045,34,None,0.0,3.11,6.98,38.88
PT_045,35,None,0.0,3.11,6.97,40.35
PT_045,36,None,0.0,2.82,6.77,41.81
PT_045,37,None,0.0,2.91,6.38,43.27
PT_045,38,None,0.0,3.2,7.27,44.72
PT_045,39,None,0.0,2.82,5.96,46.16
PT_045,40,None,0.0,3.04,6.81,47.59
PT_045,41,None,0.0,3.12,6.94,49.0
PT_045,42,None,0.0,3.23,7.18,50.4
PT_045,43,None,0.0,3.31,7.51,51.78
PT_045,44,None,0.0,3.41,7.49,53.15
PT_045,45,None,0.0,3.38,7.3,54.49
PT_045,46,None,0.0,3.38,7.25,55.81
PT_045,47,None,0.0,3.39,7.45,57.12
PT_045,48,None,0.0,3.75,8.0,58.39
PT_045,49,None,0.0,3.67,8.15,59.65
PT_045,50,None,0.0,4.24,9.29,60.88
PT_045,51,Regimen A,100.0,4.27,9.24,42.22
PT_045,52,None,0.0,3.47,7.72,43.68
PT_045,53,None,0.0,2.94,6.29,45.13
PT_045,54,None,0.0,2.42,5.02,46.56
PT_045,55,None,0.0,2.11,4.0,47.99
PT_045,56,None,0.0,1.67,3.44,49.4
PT_045,57,None,0.0,1.7,4.5,50.79
PT_045,58,None,0.0,1.58,3.61,52.17
PT_045,59,None,0.0,1.66,3.54,53.52
PT_045,60,None,0.0,1.6,3.49,54.86
PT_045,61,None,0.0,1.51,3.66,56.18
PT_045,62,None,0.0,1.59,3.77,57.47
PT_045,63,None,0.0,1.72,4.01,58.75
PT_045,64,None,0.0,1.87,4.14,60.0
PT_045,65,None,0.0,2.12,4.83,61.22
PT_045,66,None,0.0,2.08,4.75,62.43
PT_045,67,None,0.0,2.24,5.13,63.6
PT_045,68,None,0.0,2.2,5.15,64.75
PT_045,69,None,0.0,2.7,6.32,65.88
PT_045,70,None,0.0,2.6,5.79,66.98
PT_045,71,None,0.0,2.75,6.35,68.05
PT_045,72,Regimen A,100.0,4.42,9.81,46.99
PT_045,73,None,0.0,3.56,7.38,48.41
PT_045,74,None,0.0,3.4,7.3,49.81
PT_045,75,None,0.0,2.96,6.08,51.2
PT_045,76,None,0.0,2.76,6.04,52.57
PT_045,77,None,0.0,2.49,5.47,53.92
PT_045,78,None,0.0,2.38,5.11,55.26
PT_045,79,None,0.0,2.55,5.38,56.57
PT_045,80,None,0.0,2.41,5.27,57.86
PT_045,81,None,0.0,2.29,5.13,59.12
PT_045,82,None,0.0,2.28,4.98,60.37
PT_045,83,None,0.0,2.48,5.18,61.58
PT_045,84,None,0.0,2.45,5.94,62.78
PT_045,85,None,0.0,2.54,5.47,63.95
PT_045,86,None,0.0,2.7,5.7,65.09
PT_045,87,None,0.0,2.89,6.59,66.21
PT_045,88,None,0.0,2.93,6.2,67.3
PT_045,89,None,0.0,3.03,6.71,68.37
PT_046,0,Regimen A,100.0,4.04,9.04,15.87
PT_046,1,None,0.0,3.73,8.62,17.03
PT_046,2,None,0.0,3.41,7.42,18.24
PT_046,3,None,0.0,3.41,7.58,19.48
PT_046,4,None,0.0,3.37,7.03,20.76
PT_046,5,None,0.0,2.93,6.43,22.06
PT_046,6,None,0.0,3.21,6.82,23.4
PT_046,7,None,0.0,2.87,6.13,24.76
PT_046,8,None,0.0,3.13,6.83,26.14
PT_046,9,None,0.0,3.18,6.86,27.54
PT_046,10,None,0.0,3.17,7.4,28.96
PT_046,11,None,0.0,3.25,7.12,30.4
PT_046,12,None,0.0,3.24,7.32,31.84
PT_046,13,None,0.0,3.12,6.81,33.3
PT_046,14,None,0.0,3.32,8.17,34.77
PT_046,15,None,0.0,3.09,7.17,36.24
PT_046,16,None,0.0,3.23,6.56,37.71
PT_046,17,None,0.0,3.3,7.59,39.18
PT_046,18,None,0.0,3.42,7.47,40.65
PT_046,19,None,0.0,3.27,7.33,42.11
PT_046,20,None,0.0,3.5,7.36,43.57
PT_046,21,None,0.0,3.93,9.08,45.02
PT_046,22,None,0.0,3.97,8.65,46.45
PT_046,23,None,0.0,4.14,9.17,47.88
PT_046,24,None,0.0,3.93,8.49,49.29
PT_046,25,None,0.0,4.22,9.45,50.68
PT_046,26,None,0.0,4.08,9.21,52.06
PT_046,27,None,0.0,3.98,8.97,53.42
PT_046,28,None,0.0,3.96,8.41,54.76
PT_046,29,None,0.0,4.09,9.37,56.08
PT_046,30,None,0.0,3.93,8.66,57.38
PT_046,31,None,0.0,4.0,8.41,58.65
PT_046,32,Regimen A,100.0,3.98,8.83,40.73
PT_046,33,None,0.0,3.73,8.38,42.2
PT_046,34,None,0.0,3.27,7.13,43.65
PT_046,35,None,0.0,3.27,7.4,45.1
PT_046,36,None,0.0,2.92,6.44,46.54
PT_046,37,None,0.0,2.58,5.91,47.96
PT_046,38,None,0.0,2.76,5.92,49.37
PT_046,39,None,0.0,2.66,6.24,50.76
PT_046,40,None,0.0,2.81,6.28,52.14
PT_046,41,None,0.0,2.79,6.1,53.5
PT_046,42,None,0.0,2.67,5.36,54.84
PT_046,43,None,0.0,2.96,6.56,56.16
PT_046,44,None,0.0,2.88,6.18,57.45
PT_046,45,None,0.0,2.75,6.03,58.73
PT_046,46,None,0.0,2.77,6.21,59.98
PT_046,47,None,0.0,3.05,6.7,61.2
PT_046,48,None,0.0,2.99,6.5,62.4
PT_046,49,None,0.0,2.9,5.89,63.58
PT_046,50,None,0.0,3.16,7.11,64.73
PT_046,51,None,0.0,3.38,7.33,65.86
PT_046,52,None,0.0,3.28,6.87,66.96
PT_046,53,None,0.0,4.0,9.1,68.03
PT_046,54,Regimen A,100.0,3.84,8.21,46.98
PT_046,55,None,0.0,4.06,9.12,48.4
PT_046,56,None,0.0,3.64,7.56,49.8
PT_046,57,None,0.0,3.75,8.3,51.19
PT_046,58,None,0.0,3.44,7.54,52.56
PT_046,59,None,0.0,3.26,7.21,53.91
PT_046,60,None,0.0,3.4,7.5,55.24
PT_046,61,None,0.0,3.29,6.73,56.56
PT_046,62,None,0.0,3.4,7.21,57.85
PT_046,63,None,0.0,3.56,7.82,59.11
PT_046,64,None,0.0,3.53,7.48,60.36
PT_046,65,None,0.0,3.46,7.78,61.57
PT_046,66,None,0.0,3.57,7.66,62.77
PT_046,67,None,0.0,3.46,7.65,63.94
PT_046,68,None,0.0,3.43,7.89,65.08
PT_046,69,None,0.0,3.46,7.52,66.2
PT_046,70,None,0.0,3.5,7.83,67.29
PT_046,71,None,0.0,3.7,7.97,68.36
PT_046,72,None,0.0,3.56,7.63,69.4
PT_046,73,None,0.0,3.58,8.67,70.41
PT_046,74,None,0.0,3.56,8.01,71.4
PT_046,75,Regimen A,100.0,4.09,8.89,49.21
PT_046,76,None,0.0,3.39,7.24,50.6
PT_046,77,None,0.0,3.14,7.02,51.98
PT_046,78,None,0.0,2.45,5.32,53.34
PT_046,79,None,0.0,2.31,5.22,54.68
PT_046,80,None,0.0,2.25,4.97,56.0
PT_046,81,None,0.0,2.24,4.33,57.3
PT_046,82,None,0.0,2.26,5.21,58.58
PT_046,83,None,0.0,2.05,4.72,59.83
PT_046,84,None,0.0,2.18,5.14,61.06
PT_046,85,None,0.0,1.99,4.13,62.27
PT_046,86,None,0.0,2.09,4.35,63.45
PT_046,87,None,0.0,2.37,5.4,64.6
PT_046,88,None,0.0,2.27,5.28,65.73
PT_046,89,None,0.0,2.3,4.84,66.83
PT_047,0,Regimen A,100.0,5.42,11.93,15.87
PT_047,1,None,0.0,5.12,11.19,17.03
PT_047,2,None,0.0,4.69,10.4,18.24
PT_047,3,None,0.0,4.49,10.04,19.48
PT_047,4,None,0.0,4.14,9.09,20.76
PT_047,5,None,0.0,4.11,9.01,22.06
PT_047,6,None,0.0,4.2,9.34,23.4
PT_047,7,None,0.0,4.05,9.4,24.76
PT_047,8,None,0.0,3.96,8.69,26.14
PT_047,9,None,0.0,3.96,8.9,27.54
PT_047,10,None,0.0,3.95,8.61,28.96
PT_047,11,None,0.0,3.9,8.44,30.4
PT_047,12,None,0.0,4.18,9.06,31.84
PT_047,13,None,0.0,4.14,8.98,33.3
PT_047,14,None,0.0,3.94,8.69,34.77
PT_047,15,None,0.0,4.33,9.6,36.24
PT_047,16,None,0.0,4.29,9.51,37.71
PT_047,17,None,0.0,4.21,9.28,39.18
PT_047,18,None,0.0,4.37,9.71,40.65
PT_047,19,None,0.0,4.72,10.19,42.11
PT_047,20,None,0.0,4.54,10.16,43.57
PT_047,21,None,0.0,5.49,12.07,45.02
PT_047,22,None,0.0,5.69,12.28,46.45
PT_047,23,Regimen A,100.0,5.54,11.6,32.56
PT_047,24,None,0.0,5.11,11.39,34.02
PT_047,25,None,0.0,4.8,10.5,35.49
PT_047,26,None,0.0,4.46,10.08,36.96
PT_047,27,None,0.0,4.57,10.27,38.43
PT_047,28,None,0.0,4.41,10.03,39.9
PT_047,29,None,0.0,4.16,9.13,41.36
PT_047,30,None,0.0,4.34,10.01,42.82
PT_047,31,None,0.0,4.17,8.71,44.28
PT_047,32,None,0.0,4.23,9.31,45.72
PT_047,33,None,0.0,4.27,9.29,47.15
PT_047,34,None,0.0,4.51,9.74,48.57
PT_047,35,None,0.0,4.33,9.39,49.97
PT_047,36,None,0.0,4.49,9.91,51.36
PT_047,37,None,0.0,4.43,9.64,52.73
PT_047,38,None,0.0,4.4,9.66,54.08
PT_047,39,None,0.0,4.5,10.08,55.41
PT_047,40,None,0.0,4.31,9.37,56.72
PT_047,41,None,0.0,4.62,10.16,58.0
PT_047,42,None,0.0,4.61,9.94,59.27
PT_047,43,None,0.0,4.59,10.41,60.51
PT_047,44,None,0.0,5.37,11.37,61.72
PT_047,45,None,0.0,5.42,12.07,62.91
PT_047,46,None,0.0,5.55,12.42,64.08
PT_047,47,None,0.0,5.39,11.97,65.22
PT_047,48,None,0.0,5.45,11.83,66.34
PT_047,49,None,0.0,5.52,12.14,67.42
PT_047,50,None,0.0,5.66,12.38,68.49
PT_047,51,None,0.0,5.59,12.4,69.52
PT_047,52,None,0.0,5.53,11.81,70.54
PT_047,53,None,0.0,5.36,11.9,71.52
PT_047,54,None,0.0,5.49,12.03,72.48
PT_047,55,None,0.0,5.29,11.54,73.41
PT_047,56,Regimen A,100.0,5.52,11.79,50.54
PT_047,57,None,0.0,4.55,10.44,51.92
PT_047,58,None,0.0,4.19,8.96,53.28
PT_047,59,None,0.0,3.57,7.66,54.62
PT_047,60,None,0.0,3.59,7.61,55.94
PT_047,61,None,0.0,3.27,7.7,57.24
PT_047,62,None,0.0,2.97,6.77,58.52
PT_047,63,None,0.0,2.79,6.04,59.77
PT_047,64,None,0.0,2.97,6.51,61.0
PT_047,65,None,0.0,2.8,6.18,62.21
PT_047,66,None,0.0,3.13,7.03,63.39
PT_047,67,None,0.0,3.33,7.0,64.55
PT_047,68,None,0.0,3.01,7.14,65.68
PT_047,69,None,0.0,3.16,6.81,66.78
PT_047,70,None,0.0,3.21,6.89,67.86
PT_047,71,None,0.0,3.51,8.06,68.91
PT_047,72,None,0.0,3.39,7.58,69.94
PT_047,73,None,0.0,3.49,7.58,70.94
PT_047,74,None,0.0,3.85,8.63,71.91
PT_047,75,None,0.0,3.58,8.43,72.86
PT_047,76,None,0.0,3.7,8.18,73.78
PT_047,77,Regimen A,100.0,5.4,11.64,50.78
PT_047,78,None,0.0,5.33,11.63,52.16
PT_047,79,None,0.0,5.41,12.31,53.52
PT_047,80,None,0.0,5.3,11.77,54.86
PT_047,81,None,0.0,5.16,11.45,56.17
PT_047,82,None,0.0,4.96,10.93,57.47
PT_047,83,None,0.0,5.15,11.68,58.74
PT_047,84,None,0.0,5.09,11.38,59.99
PT_047,85,None,0.0,5.2,11.17,61.22
PT_047,86,None,0.0,5.06,11.85,62.42
PT_047,87,None,0.0,5.34,11.15,63.6
PT_047,88,None,0.0,5.2,11.02,64.75
PT_047,89,None,0.0,5.09,10.95,65.87
PT_048,0,Regimen A,100.0,5.56,12.33,8.85
PT_048,1,None,0.0,4.28,9.38,9.71
PT_048,2,None,0.0,3.57,8.28,10.62
PT_048,3,None,0.0,3.31,7.14,11.57
PT_048,4,None,0.0,2.73,5.47,12.57
PT_048,5,None,0.0,2.7,5.94,13.61
PT_048,6,None,0.0,2.27,5.22,14.7
PT_048,7,None,0.0,2.36,5.5,15.82
PT_048,8,None,0.0,2.17,5.01,16.99
PT_048,9,None,0.0,2.19,5.12,18.19
PT_048,10,None,0.0,2.25,4.88,19.43
PT_048,11,None,0.0,2.46,5.14,20.71
PT_048,12,None,0.0,2.17,4.34,22.01
PT_048,13,None,0.0,2.65,5.76,23.34
PT_048,14,None,0.0,2.81,6.15,24.7
PT_048,15,None,0.0,3.15,7.2,26.08
PT_048,16,None,0.0,2.96,6.45,27.49
PT_048,17,None,0.0,3.23,6.93,28.91
PT_048,18,None,0.0,3.2,6.97,30.34
PT_048,19,None,0.0,3.58,8.16,31.79
PT_048,20,None,0.0,3.67,8.4,33.25
PT_048,21,Regimen A,100.0,5.27,11.9,23.6
PT_048,22,None,0.0,4.51,9.65,24.97
PT_048,23,None,0.0,3.41,7.21,26.35
PT_048,24,None,0.0,2.96,6.15,27.76
PT_048,25,None,0.0,2.13,4.79,29.18
PT_048,26,None,0.0,2.31,4.87,30.62
PT_048,27,None,0.0,2.02,3.93,32.07
PT_048,28,None,0.0,2.14,4.47,33.53
PT_048,29,None,0.0,1.87,4.24,34.99
PT_048,30,None,0.0,1.94,4.66,36.46
PT_048,31,None,0.0,2.15,4.55,37.93
PT_048,32,None,0.0,1.9,3.87,39.4
PT_048,33,None,0.0,2.09,4.23,40.87
PT_048,34,None,0.0,2.29,5.18,42.34
PT_048,35,None,0.0,2.42,5.25,43.79
PT_048,36,None,0.0,2.62,5.85,45.24
PT_048,37,None,0.0,2.76,5.94,46.67
PT_048,38,None,0.0,2.99,6.47,48.1
PT_048,39,None,0.0,2.95,6.34,49.5
PT_048,40,None,0.0,3.11,7.2,50.9
PT_048,41,None,0.0,3.16,7.22,52.27
PT_048,42,None,0.0,5.31,11.79,53.63
PT_048,43,None,0.0,5.32,11.76,54.96
PT_048,44,None,0.0,5.29,11.49,56.28
PT_048,45,None,0.0,5.3,11.35,57.57
PT_048,46,None,0.0,5.47,12.63,58.85
PT_048,47,None,0.0,5.42,11.72,60.09
PT_048,48,None,0.0,5.49,12.14,61.32
PT_048,49,None,0.0,5.38,11.94,62.52
PT_048,50,None,0.0,5.32,11.59,63.69
PT_048,51,Regimen A,100.0,5.37,11.7,44.09
PT_048,52,None,0.0,4.4,9.91,45.54
PT_048,53,None,0.0,3.5,8.24,46.97
PT_048,54,None,0.0,3.08,7.4,48.39
PT_048,55,None,0.0,2.69,6.29,49.79
PT_048,56,None,0.0,2.71,5.95,51.18
PT_048,57,None,0.0,2.13,4.61,52.55
PT_048,58,None,0.0,2.29,5.02,53.91
PT_048,59,None,0.0,2.32,5.09,55.24
PT_048,60,None,0.0,2.29,4.79,56.55
PT_048,61,None,0.0,2.33,5.84,57.84
PT_048,62,None,0.0,2.32,5.1,59.11
PT_048,63,None,0.0,2.41,5.43,60.35
PT_048,64,None,0.0,2.75,6.13,61.57
PT_048,65,None,0.0,2.54,5.63,62.76
PT_048,66,None,0.0,2.82,5.97,63.93
PT_048,67,None,0.0,2.8,6.13,65.08
PT_048,68,None,0.0,3.41,7.56,66.19
PT_048,69,None,0.0,3.67,7.89,67.29
PT_048,70,None,0.0,3.61,8.01,68.35
PT_048,71,None,0.0,3.76,8.61,69.39
PT_048,72,Regimen A,100.0,5.29,11.46,47.88
PT_048,73,None,0.0,4.77,10.58,49.29
PT_048,74,None,0.0,4.36,9.36,50.68
PT_048,75,None,0.0,4.15,9.2,52.06
PT_048,76,None,0.0,3.78,8.52,53.42
PT_048,77,None,0.0,3.18,6.9,54.76
PT_048,78,None,0.0,3.25,7.15,56.08
PT_048,79,None,0.0,3.4,7.49,57.38
PT_048,80,None,0.0,3.17,6.86,58.65
PT_048,81,None,0.0,3.42,7.14,59.9
PT_048,82,None,0.0,3.13,7.0,61.13
PT_048,83,None,0.0,3.1,6.87,62.33
PT_048,84,None,0.0,3.43,8.02,63.51
PT_048,85,None,0.0,3.5,7.99,64.67
PT_048,86,None,0.0,3.58,7.75,65.79
PT_048,87,None,0.0,3.91,8.51,66.9
PT_048,88,None,0.0,3.94,8.22,67.97
PT_048,89,None,0.0,3.79,8.26,69.02
PT_049,0,Regimen A,100.0,3.41,7.86,8.85
PT_049,1,None,0.0,2.63,5.26,9.71
PT_049,2,None,0.0,2.2,4.96,10.62
PT_049,3,None,0.0,1.37,2.97,11.57
PT_049,4,None,0.0,0.96,1.8,12.57
PT_049,5,None,0.0,0.88,2.04,13.61
PT_049,6,None,0.0,0.67,1.58,14.7
PT_049,7,None,0.0,0.85,1.56,15.82
PT_049,8,None,0.0,0.85,1.74,16.99
PT_049,9,None,0.0,0.74,1.39,18.19
PT_049,10,None,0.0,0.91,2.13,19.43
PT_049,11,None,0.0,0.91,2.15,20.71
PT_049,12,None,0.0,1.41,3.16,22.01
PT_049,13,None,0.0,1.26,3.17,23.34
PT_049,14,None,0.0,1.3,2.8,24.7
PT_049,15,None,0.0,1.17,2.57,26.08
PT_049,16,None,0.0,1.71,3.79,27.49
PT_049,17,None,0.0,1.51,2.88,28.91
PT_049,18,None,0.0,1.76,4.39,30.34
PT_049,19,None,0.0,1.79,4.16,31.79
PT_049,20,None,0.0,1.89,4.34,33.25
PT_049,21,None,0.0,3.47,7.78,34.71
PT_049,22,Regimen A,100.0,3.25,7.34,24.6
PT_049,23,None,0.0,2.84,6.54,25.98
PT_049,24,None,0.0,2.57,5.78,27.38
PT_049,25,None,0.0,1.99,5.0,28.8
PT_049,26,None,0.0,1.56,3.66,30.24
PT_049,27,None,0.0,1.36,2.7,31.68
PT_049,28,None,0.0,1.38,2.65,33.14
PT_049,29,None,0.0,1.28,2.72,34.6
PT_049,30,None,0.0,1.17,2.38,36.07
PT_049,31,None,0.0,1.29,2.81,37.54
PT_049,32,None,0.0,1.47,3.49,39.01
PT_049,33,None,0.0,1.37,2.8,40.48
PT_049,34,None,0.0,1.48,3.19,41.95
PT_049,35,None,0.0,1.48,3.2,43.41
PT_049,36,None,0.0,1.62,3.42,44.85
PT_049,37,None,0.0,1.9,3.96,46.29
PT_049,38,None,0.0,1.81,4.3,47.72
PT_049,39,None,0.0,1.99,4.51,49.13
PT_049,40,None,0.0,2.06,4.65,50.53
PT_049,41,None,0.0,2.22,5.08,51.91
PT_049,42,None,0.0,2.16,4.69,53.27
PT_049,43,None,0.0,3.44,7.9,54.61
PT_049,44,None,0.0,3.52,7.23,55.93
PT_049,45,None,0.0,3.27,7.21,57.23
PT_049,46,None,0.0,3.42,7.41,58.51
PT_049,47,None,0.0,3.48,7.71,59.76
PT_049,48,None,0.0,3.35,7.74,60.99
PT_049,49,Regimen A,100.0,3.53,7.89,42.3
PT_049,50,None,0.0,2.5,5.52,43.75
PT_049,51,None,0.0,1.77,3.76,45.2
PT_049,52,None,0.0,1.48,2.9,46.63
PT_049,53,None,0.0,0.89,1.82,48.06
PT_049,54,None,0.0,0.66,1.43,49.47
PT_049,55,None,0.0,0.52,1.25,50.86
PT_049,56,None,0.0,0.65,1.49,52.23
PT_049,57,None,0.0,0.11,0.8,53.59
PT_049,58,None,0.0,0.5,1.07,54.93
PT_049,59,None,0.0,0.5,1.01,56.25
PT_049,60,None,0.0,0.68,1.6,57.54
PT_049,61,None,0.0,0.65,1.29,58.81
PT_049,62,None,0.0,0.85,2.18,60.06
PT_049,63,None,0.0,0.8,2.03,61.29
PT_049,64,None,0.0,0.94,1.86,62.49
PT_049,65,None,0.0,0.99,2.16,63.66
PT_049,66,None,0.0,1.2,2.43,64.81
PT_049,67,None,0.0,1.45,2.87,65.94
PT_049,68,None,0.0,1.48,3.07,67.03
PT_049,69,None,0.0,1.76,3.38,68.11
PT_049,70,Regimen A,100.0,3.32,7.3,47.02
PT_049,71,None,0.0,2.3,5.05,48.44
PT_049,72,None,0.0,1.65,3.49,49.85
PT_049,73,None,0.0,0.75,1.76,51.24
PT_049,74,None,0.0,0.46,0.86,52.61
PT_049,75,None,0.0,0.16,0.8,53.96
PT_049,76,None,0.0,0.1,0.8,55.29
PT_049,77,None,0.0,0.29,0.8,56.6
PT_049,78,None,0.0,0.22,0.8,57.89
PT_049,79,None,0.0,0.27,0.8,59.15
PT_049,80,None,0.0,0.22,0.8,60.4
PT_049,81,None,0.0,0.1,0.8,61.61
PT_049,82,None,0.0,0.22,0.8,62.81
PT_049,83,None,0.0,0.1,0.8,63.98
PT_049,84,None,0.0,0.37,0.8,65.12
PT_049,85,None,0.0,0.49,1.08,66.24
PT_049,86,None,0.0,0.66,1.28,67.33
PT_049,87,None,0.0,0.94,2.05,68.39
PT_049,88,None,0.0,0.99,1.85,69.43
PT_049,89,None,0.0,1.38,2.82,70.45
PT_050,0,Regimen A,100.0,6.15,13.56,24.8
PT_050,1,None,0.0,5.33,11.98,26.18
PT_050,2,None,0.0,4.79,10.79,27.59
PT_050,3,None,0.0,4.4,9.62,29.01
PT_050,4,None,0.0,3.94,8.99,30.44
PT_050,5,None,0.0,3.54,7.55,31.89
PT_050,6,None,0.0,3.59,8.58,33.35
PT_050,7,None,0.0,3.6,7.94,34.81
PT_050,8,None,0.0,3.33,7.24,36.28
PT_050,9,None,0.0,3.59,7.54,37.75
PT_050,10,None,0.0,3.61,8.08,39.23
PT_050,11,None,0.0,3.62,7.61,40.69
PT_050,12,None,0.0,3.66,7.84,42.16
PT_050,13,None,0.0,3.63,8.21,43.61
PT_050,14,None,0.0,4.02,8.65,45.06
PT_050,15,None,0.0,3.89,8.02,46.5
PT_050,16,None,0.0,4.18,9.12,47.92
PT_050,17,None,0.0,4.32,9.87,49.33
PT_050,18,None,0.0,4.36,9.53,50.73
PT_050,19,None,0.0,4.4,9.63,52.1
PT_050,20,None,0.0,4.74,10.46,53.46
PT_050,21,None,0.0,6.03,13.42,54.8
PT_050,22,None,0.0,6.05,13.23,56.12
PT_050,23,None,0.0,6.13,13.48,57.42
PT_050,24,None,0.0,6.03,13.54,58.69
PT_050,25,None,0.0,5.98,12.95,59.94
PT_050,26,None,0.0,6.07,13.68,61.17
PT_050,27,None,0.0,6.06,13.59,62.37
PT_050,28,None,0.0,6.06,13.58,63.55
PT_050,29,None,0.0,5.98,13.4,64.7
PT_050,30,None,0.0,5.95,13.3,65.83
PT_050,31,None,0.0,6.18,13.69,66.93
PT_050,32,None,0.0,5.87,12.99,68.01
PT_050,33,None,0.0,6.12,13.81,69.05
PT_050,34,None,0.0,5.9,13.36,70.08
PT_050,35,Regimen A,100.0,6.08,13.5,48.33
PT_050,36,None,0.0,5.52,12.01,49.74
PT_050,37,None,0.0,5.04,10.74,51.13
PT_050,38,None,0.0,4.98,10.99,52.5
PT_050,39,None,0.0,4.59,10.32,53.85
PT_050,40,None,0.0,4.63,9.8,55.18
PT_050,41,None,0.0,4.53,9.96,56.5
PT_050,42,None,0.0,4.25,9.16,57.79
PT_050,43,None,0.0,4.47,9.78,59.05
PT_050,44,None,0.0,4.33,10.06,60.3
PT_050,45,None,0.0,4.24,9.35,61.52
PT_050,46,None,0.0,4.48,9.66,62.71
PT_050,47,None,0.0,4.57,10.31,63.88
PT_050,48,None,0.0,4.45,9.61,65.03
PT_050,49,None,0.0,4.71,10.64,66.15
PT_050,50,None,0.0,4.77,10.0,67.24
PT_050,51,None,0.0,4.66,10.06,68.31
PT_050,52,None,0.0,4.98,11.2,69.35
PT_050,53,None,0.0,4.97,10.64,70.37
PT_050,54,None,0.0,4.91,11.05,71.36
PT_050,55,None,0.0,4.92,10.78,72.32
PT_050,56,None,0.0,6.13,13.57,73.26
PT_050,57,None,0.0,6.13,13.27,74.17
PT_050,58,None,0.0,6.11,13.52,75.05
PT_050,59,None,0.0,6.0,12.84,75.92
PT_050,60,None,0.0,6.12,13.14,76.75
PT_050,61,None,0.0,6.1,13.45,77.57
PT_050,62,Regimen A,100.0,5.77,12.84,53.28
PT_050,63,None,0.0,5.46,12.0,54.62
PT_050,64,None,0.0,4.94,10.6,55.94
PT_050,65,None,0.0,4.6,10.38,57.24
PT_050,66,None,0.0,4.58,10.13,58.52
PT_050,67,None,0.0,4.44,9.84,59.77
PT_050,68,None,0.0,4.17,9.16,61.01
PT_050,69,None,0.0,4.02,9.08,62.21
PT_050,70,None,0.0,4.24,9.42,63.39
PT_050,71,None,0.0,4.07,9.14,64.55
PT_050,72,None,0.0,4.0,8.79,65.68
PT_050,73,None,0.0,3.75,8.63,66.78
PT_050,74,None,0.0,4.19,9.59,67.86
PT_050,75,None,0.0,4.47,10.1,68.91
PT_050,76,None,0.0,4.53,9.54,69.94
PT_050,77,None,0.0,4.67,10.3,70.94
PT_050,78,None,0.0,4.58,9.89,71.91
PT_050,79,None,0.0,4.51,10.07,72.86
PT_050,80,None,0.0,4.83,10.35,73.79
PT_050,81,None,0.0,4.74,10.45,74.68
PT_050,82,None,0.0,5.06,11.14,75.55
PT_050,83,Regimen A,100.0,5.94,12.93,51.95
PT_050,84,None,0.0,5.57,12.25,53.31
PT_050,85,None,0.0,5.26,11.25,54.66
PT_050,86,None,0.0,5.04,10.83,55.98
PT_050,87,None,0.0,4.77,10.7,57.28
PT_050,88,None,0.0,4.54,9.77,58.55
PT_050,89,None,0.0,4.55,10.18,59.81
PT_051,0,Regimen A,100.0,4.54,10.17,15.87
PT_051,1,None,0.0,4.21,9.3,17.03
PT_051,2,None,0.0,3.67,7.84,18.24
PT_051,3,None,0.0,3.28,7.38,19.48
PT_051,4,None,0.0,3.25,7.23,20.76
PT_051,5,None,0.0,3.12,7.17,22.06
PT_051,6,None,0.0,3.06,6.93,23.4
PT_051,7,None,0.0,2.84,6.2,24.76
PT_051,8,None,0.0,2.93,6.41,26.14
PT_051,9,None,0.0,2.68,5.93,27.54
PT_051,10,None,0.0,2.92,6.53,28.96
PT_051,11,None,0.0,3.16,6.82,30.4
PT_051,12,None,0.0,2.91,6.61,31.84
PT_051,13,None,0.0,3.16,6.95,33.3
PT_051,14,None,0.0,3.34,7.67,34.77
PT_051,15,None,0.0,3.27,7.17,36.24
PT_051,16,None,0.0,3.37,7.45,37.71
PT_051,17,None,0.0,3.26,6.95,39.18
PT_051,18,None,0.0,3.4,7.14,40.65
PT_051,19,None,0.0,3.8,8.8,42.11
PT_051,20,None,0.0,3.61,7.94,43.57
PT_051,21,Regimen A,100.0,4.65,9.85,30.61
PT_051,22,None,0.0,3.97,8.89,32.06
PT_051,23,None,0.0,3.67,8.07,33.52
PT_051,24,None,0.0,3.34,7.61,34.98
PT_051,25,None,0.0,3.35,7.38,36.45
PT_051,26,None,0.0,3.03,6.62,37.93
PT_051,27,None,0.0,3.03,6.68,39.4
PT_051,28,None,0.0,2.82,6.28,40.86
PT_051,29,None,0.0,3.08,6.76,42.33
PT_051,30,None,0.0,2.89,6.68,43.78
PT_051,31,None,0.0,3.0,6.32,45.23
PT_051,32,None,0.0,3.07,6.89,46.66
PT_051,33,None,0.0,3.43,7.86,48.09
PT_051,34,None,0.0,3.19,6.85,49.5
PT_051,35,None,0.0,3.26,7.21,50.89
PT_051,36,None,0.0,3.35,6.96,52.26
PT_051,37,None,0.0,3.5,7.28,53.62
PT_051,38,None,0.0,3.38,7.7,54.96
PT_051,39,None,0.0,3.66,8.16,56.27
PT_051,40,None,0.0,3.62,8.01,57.57
PT_051,41,None,0.0,3.56,7.53,58.84
PT_051,42,None,0.0,4.7,10.16,60.09
PT_051,43,None,0.0,4.64,10.06,61.31
PT_051,44,None,0.0,4.42,10.1,62.51
PT_051,45,None,0.0,4.72,10.22,63.68
PT_051,46,None,0.0,4.66,10.16,64.83
PT_051,47,None,0.0,4.65,9.98,65.96
PT_051,48,Regimen A,100.0,4.57,10.29,45.6
PT_051,49,None,0.0,4.03,8.82,47.03
PT_051,50,None,0.0,3.55,8.06,48.45
PT_051,51,None,0.0,3.79,7.94,49.85
PT_051,52,None,0.0,3.24,6.93,51.24
PT_051,53,None,0.0,3.09,6.83,52.61
PT_051,54,None,0.0,2.98,6.06,53.96
PT_051,55,None,0.0,3.13,6.21,55.3
PT_051,56,None,0.0,2.79,6.63,56.61
PT_051,57,None,0.0,2.81,6.38,57.89
PT_051,58,None,0.0,2.96,6.53,59.16
PT_051,59,None,0.0,3.02,6.64,60.4
PT_051,60,None,0.0,2.95,6.84,61.62
PT_051,61,None,0.0,3.33,7.57,62.81
PT_051,62,None,0.0,3.4,7.22,63.98
PT_051,63,None,0.0,3.41,7.45,65.13
PT_051,64,None,0.0,3.17,7.05,66.24
PT_051,65,None,0.0,3.46,7.89,67.33
PT_051,66,None,0.0,3.59,8.41,68.4
PT_051,67,None,0.0,3.3,7.34,69.44
PT_051,68,None,0.0,3.86,8.28,70.45
PT_051,69,Regimen A,100.0,4.62,10.16,48.58
PT_051,70,None,0.0,4.37,9.98,49.98
PT_051,71,None,0.0,3.8,8.67,51.37
PT_051,72,None,0.0,3.77,8.42,52.74
PT_051,73,None,0.0,3.43,7.68,54.09
PT_051,74,None,0.0,3.5,8.08,55.42
PT_051,75,None,0.0,3.72,7.97,56.72
PT_051,76,None,0.0,3.4,7.44,58.01
PT_051,77,None,0.0,3.4,7.84,59.27
PT_051,78,None,0.0,3.46,7.58,60.51
PT_051,79,None,0.0,3.52,7.67,61.73
PT_051,80,None,0.0,3.46,7.49,62.92
PT_051,81,None,0.0,3.62,7.86,64.09
PT_051,82,None,0.0,3.73,8.63,65.23
PT_051,83,None,0.0,3.58,7.35,66.34
PT_051,84,None,0.0,3.92,8.66,67.43
PT_051,85,None,0.0,3.66,8.19,68.49
PT_051,86,None,0.0,3.87,8.41,69.53
PT_051,87,None,0.0,3.83,8.32,70.54
PT_051,88,None,0.0,3.8,7.97,71.53
PT_051,89,None,0.0,4.08,8.91,72.49
PT_052,0,Regimen A,100.0,5.42,11.86,8.85
PT_052,1,None,0.0,4.83,11.09,9.71
PT_052,2,None,0.0,4.17,8.96,10.62
PT_052,3,None,0.0,3.84,8.68,11.57
PT_052,4,None,0.0,3.32,7.53,12.57
PT_052,5,None,0.0,3.19,7.24,13.61
PT_052,6,None,0.0,3.3,7.6,14.7
PT_052,7,None,0.0,3.07,6.71,15.82
PT_052,8,None,0.0,3.06,6.81,16.99
PT_052,9,None,0.0,3.06,6.65,18.19
PT_052,10,None,0.0,3.21,7.16,19.43
PT_052,11,None,0.0,3.25,7.13,20.71
PT_052,12,None,0.0,3.24,6.71,22.01
PT_052,13,None,0.0,3.44,7.68,23.34
PT_052,14,None,0.0,3.55,7.64,24.7
PT_052,15,None,0.0,3.69,8.05,26.08
PT_052,16,None,0.0,3.69,8.16,27.49
PT_052,17,None,0.0,3.72,8.05,28.91
PT_052,18,None,0.0,3.83,8.55,30.34
PT_052,19,None,0.0,4.12,8.66,31.79
PT_052,20,None,0.0,4.33,9.6,33.25
PT_052,21,None,0.0,5.64,12.41,34.71
PT_052,22,None,0.0,5.59,11.97,36.18
PT_052,23,None,0.0,5.5,12.45,37.65
PT_052,24,None,0.0,5.56,12.18,39.12
PT_052,25,None,0.0,5.48,11.93,40.59
PT_052,26,None,0.0,5.37,11.9,42.05
PT_052,27,None,0.0,5.54,11.95,43.51
PT_052,28,None,0.0,5.71,12.45,44.96
PT_052,29,None,0.0,5.63,12.72,46.4
PT_052,30,None,0.0,5.66,12.27,47.82
PT_052,31,None,0.0,5.49,11.78,49.23
PT_052,32,None,0.0,5.49,11.72,50.63
PT_052,33,Regimen A,100.0,5.51,12.39,35.37
PT_052,34,None,0.0,5.08,10.98,36.84
PT_052,35,None,0.0,4.38,9.95,38.31
PT_052,36,None,0.0,4.09,9.11,39.78
PT_052,37,None,0.0,4.01,8.68,41.24
PT_052,38,None,0.0,3.7,8.66,42.71
PT_052,39,None,0.0,3.57,7.43,44.16
PT_052,40,None,0.0,3.65,7.78,45.6
PT_052,41,None,0.0,3.66,8.66,47.04
PT_052,42,None,0.0,3.61,8.31,48.45
PT_052,43,None,0.0,3.81,8.57,49.86
PT_052,44,None,0.0,3.66,8.32,51.25
PT_052,45,None,0.0,3.6,8.03,52.62
PT_052,46,None,0.0,3.66,8.27,53.97
PT_052,47,None,0.0,3.81,8.74,55.3
PT_052,48,None,0.0,3.79,8.36,56.61
PT_052,49,None,0.0,3.88,8.05,57.9
PT_052,50,None,0.0,4.1,8.76,59.16
PT_052,51,None,0.0,4.34,9.44,60.41
PT_052,52,None,0.0,4.26,8.99,61.62
PT_052,53,None,0.0,4.49,9.9,62.82
PT_052,54,Regimen A,100.0,5.61,11.95,43.51
PT_052,55,None,0.0,4.83,10.99,44.96
PT_052,56,None,0.0,4.55,10.27,46.4
PT_052,57,None,0.0,4.02,8.94,47.82
PT_052,58,None,0.0,3.64,8.39,49.23
PT_052,59,None,0.0,3.83,8.62,50.63
PT_052,60,None,0.0,3.56,8.1,52.01
PT_052,61,None,0.0,3.51,7.44,53.37
PT_052,62,None,0.0,3.31,7.25,54.71
PT_052,63,None,0.0,3.61,8.07,56.03
PT_052,64,None,0.0,3.67,8.1,57.33
PT_052,65,None,0.0,3.57,8.08,58.6
PT_052,66,None,0.0,3.49,7.96,59.85
PT_052,67,None,0.0,3.31,7.06,61.08
PT_052,68,None,0.0,3.81,8.32,62.29
PT_052,69,None,0.0,3.78,8.34,63.47
PT_052,70,None,0.0,3.97,8.85,64.62
PT_052,71,None,0.0,3.97,8.62,65.75
PT_052,72,None,0.0,4.29,9.43,66.85
PT_052,73,None,0.0,4.29,9.23,67.93
PT_052,74,None,0.0,4.31,10.05,68.98
PT_052,75,Regimen A,100.0,5.53,12.32,47.6
PT_052,76,None,0.0,4.76,10.49,49.02
PT_052,77,None,0.0,4.55,10.22,50.41
PT_052,78,None,0.0,4.26,9.0,51.8
PT_052,79,None,0.0,4.0,8.08,53.16
PT_052,80,None,0.0,3.92,8.77,54.5
PT_052,81,None,0.0,3.39,7.28,55.83
PT_052,82,None,0.0,3.55,7.57,57.13
PT_052,83,None,0.0,3.67,7.98,58.41
PT_052,84,None,0.0,3.84,8.47,59.66
PT_052,85,None,0.0,3.64,7.74,60.9
PT_052,86,None,0.0,3.7,8.42,62.1
PT_052,87,None,0.0,3.69,7.99,63.29
PT_052,88,None,0.0,3.86,8.69,64.45
PT_052,89,None,0.0,4.03,9.3,65.58
PT_053,0,Regimen A,100.0,4.93,10.63,8.85
PT_053,1,None,0.0,3.88,8.68,9.71
PT_053,2,None,0.0,3.14,6.67,10.62
PT_053,3,None,0.0,2.73,6.18,11.57
PT_053,4,None,0.0,2.26,5.21,12.57
PT_053,5,None,0.0,2.06,5.0,13.61
PT_053,6,None,0.0,1.84,3.92,14.7
PT_053,7,None,0.0,1.65,3.07,15.82
PT_053,8,None,0.0,1.63,3.42,16.99
PT_053,9,None,0.0,1.61,3.64,18.19
PT_053,10,None,0.0,1.56,3.46,19.43
PT_053,11,None,0.0,1.84,4.42,20.71
PT_053,12,None,0.0,1.93,4.19,22.01
PT_053,13,None,0.0,2.27,5.22,23.34
PT_053,14,None,0.0,2.14,4.85,24.7
PT_053,15,None,0.0,2.47,5.53,26.08
PT_053,16,None,0.0,2.57,5.65,27.49
PT_053,17,None,0.0,2.8,6.37,28.91
PT_053,18,None,0.0,2.94,6.08,30.34
PT_053,19,None,0.0,2.95,6.68,31.79
PT_053,20,None,0.0,3.27,7.65,33.25
PT_053,21,None,0.0,4.89,10.89,34.71
PT_053,22,None,0.0,4.93,10.91,36.18
PT_053,23,None,0.0,4.89,10.91,37.65
PT_053,24,None,0.0,4.9,11.09,39.12
PT_053,25,None,0.0,4.91,10.57,40.59
PT_053,26,None,0.0,4.69,10.69,42.05
PT_053,27,None,0.0,4.97,11.12,43.51
PT_053,28,None,0.0,4.94,10.95,44.96
PT_053,29,None,0.0,4.78,10.16,46.4
PT_053,30,Regimen A,100.0,4.82,10.83,32.52
PT_053,31,None,0.0,4.5,10.28,33.98
PT_053,32,None,0.0,4.81,10.64,35.45
PT_053,33,None,0.0,4.4,9.48,36.92
PT_053,34,None,0.0,4.05,9.13,38.39
PT_053,35,None,0.0,4.03,8.42,39.86
PT_053,36,None,0.0,3.95,8.33,41.33
PT_053,37,None,0.0,4.09,9.09,42.79
PT_053,38,None,0.0,3.91,8.68,44.24
PT_053,39,None,0.0,3.95,8.78,45.68
PT_053,40,None,0.0,4.01,8.82,47.12
PT_053,41,None,0.0,4.09,9.07,48.53
PT_053,42,None,0.0,4.06,9.29,49.94
PT_053,43,None,0.0,4.28,9.28,51.32
PT_053,44,None,0.0,4.08,9.09,52.69
PT_053,45,None,0.0,4.38,10.0,54.04
PT_053,46,None,0.0,4.32,9.33,55.37
PT_053,47,None,0.0,4.23,9.27,56.68
PT_053,48,None,0.0,4.4,10.02,57.97
PT_053,49,None,0.0,4.5,9.98,59.23
PT_053,50,None,0.0,4.3,9.8,60.48
PT_053,51,None,0.0,4.98,11.32,61.69
PT_053,52,None,0.0,4.87,10.88,62.88
PT_053,53,None,0.0,4.93,11.09,64.05
PT_053,54,None,0.0,5.06,11.46,65.19
PT_053,55,None,0.0,5.02,11.44,66.31
PT_053,56,None,0.0,4.91,10.74,67.4
PT_053,57,None,0.0,4.92,10.46,68.46
PT_053,58,None,0.0,4.88,10.64,69.5
PT_053,59,Regimen A,100.0,4.97,10.79,47.95
PT_053,60,None,0.0,4.68,10.1,49.36
PT_053,61,None,0.0,4.6,10.18,50.75
PT_053,62,None,0.0,4.39,9.76,52.13
PT_053,63,None,0.0,4.35,9.65,53.49
PT_053,64,None,0.0,4.06,9.06,54.82
PT_053,65,None,0.0,3.96,8.37,56.14
PT_053,66,None,0.0,3.88,8.18,57.44
PT_053,67,None,0.0,3.99,8.56,58.71
PT_053,68,None,0.0,4.18,9.06,59.96
PT_053,69,None,0.0,4.34,9.97,61.19
PT_053,70,None,0.0,4.06,9.31,62.39
PT_053,71,None,0.0,4.46,9.63,63.57
PT_053,72,None,0.0,4.18,9.72,64.72
PT_053,73,None,0.0,4.23,8.65,65.85
PT_053,74,None,0.0,4.31,9.43,66.95
PT_053,75,None,0.0,4.2,8.91,68.02
PT_053,76,None,0.0,4.29,9.34,69.07
PT_053,77,None,0.0,4.46,10.03,70.09
PT_053,78,None,0.0,4.41,9.87,71.09
PT_053,79,None,0.0,4.43,9.97,72.06
PT_053,80,Regimen A,100.0,4.85,10.53,49.64
PT_053,81,None,0.0,4.53,10.1,51.03
PT_053,82,None,0.0,3.92,8.74,52.41
PT_053,83,None,0.0,3.88,8.31,53.76
PT_053,84,None,0.0,3.34,7.23,55.1
PT_053,85,None,0.0,3.39,7.54,56.41
PT_053,86,None,0.0,3.14,7.0,57.7
PT_053,87,None,0.0,3.45,7.49,58.97
PT_053,88,None,0.0,3.42,7.45,60.22
PT_053,89,None,0.0,3.34,7.25,61.44
PT_054,0,Regimen A,100.0,6.46,14.12,15.87
PT_054,1,None,0.0,6.25,13.62,17.03
PT_054,2,None,0.0,5.69,12.63,18.24
PT_054,3,None,0.0,5.75,12.56,19.48
PT_054,4,None,0.0,5.25,11.4,20.76
PT_054,5,None,0.0,4.99,11.03,22.06
PT_054,6,None,0.0,4.97,10.67,23.4
PT_054,7,None,0.0,4.7,10.44,24.76
PT_054,8,None,0.0,5.03,11.11,26.14
PT_054,9,None,0.0,5.12,10.83,27.54
PT_054,10,None,0.0,4.87,11.24,28.96
PT_054,11,None,0.0,4.96,11.02,30.4
PT_054,12,None,0.0,5.16,11.4,31.84
PT_054,13,None,0.0,5.28,11.96,33.3
PT_054,14,None,0.0,4.87,10.44,34.77
PT_054,15,None,0.0,5.25,11.52,36.24
PT_054,16,None,0.0,5.46,12.43,37.71
PT_054,17,None,0.0,5.62,12.3,39.18
PT_054,18,None,0.0,5.38,12.02,40.65
PT_054,19,None,0.0,5.82,12.61,42.11
PT_054,20,None,0.0,5.51,11.58,43.57
PT_054,21,None,0.0,6.49,14.36,45.02
PT_054,22,None,0.0,6.51,14.13,46.45
PT_054,23,None,0.0,6.56,14.35,47.88
PT_054,24,None,0.0,6.47,13.82,49.29
PT_054,25,None,0.0,6.67,14.7,50.68
PT_054,26,None,0.0,6.52,14.8,52.06
PT_054,27,None,0.0,6.43,14.42,53.42
PT_054,28,None,0.0,6.45,14.19,54.76
PT_054,29,None,0.0,6.44,14.08,56.08
PT_054,30,None,0.0,6.44,14.09,57.38
PT_054,31,None,0.0,6.75,15.26,58.65
PT_054,32,None,0.0,6.5,14.37,59.9
PT_054,33,None,0.0,6.52,14.05,61.13
PT_054,34,Regimen A,100.0,6.55,14.31,42.39
PT_054,35,None,0.0,5.94,13.6,43.84
PT_054,36,None,0.0,5.06,11.3,45.29
PT_054,37,None,0.0,4.87,10.98,46.72
PT_054,38,None,0.0,4.52,9.78,48.15
PT_054,39,None,0.0,4.12,9.33,49.55
PT_054,40,None,0.0,4.09,9.22,50.94
PT_054,41,None,0.0,3.91,8.48,52.32
PT_054,42,None,0.0,4.33,9.45,53.67
PT_054,43,None,0.0,4.15,8.96,55.01
PT_054,44,None,0.0,4.31,9.84,56.33
PT_054,45,None,0.0,4.35,10.0,57.62
PT_054,46,None,0.0,4.23,9.51,58.89
PT_054,47,None,0.0,4.6,9.75,60.14
PT_054,48,None,0.0,4.45,10.05,61.36
PT_054,49,None,0.0,4.64,10.32,62.56
PT_054,50,None,0.0,4.6,9.99,63.73
PT_054,51,None,0.0,4.67,10.36,64.88
PT_054,52,None,0.0,4.71,10.18,66.0
PT_054,53,None,0.0,5.08,11.23,67.1
PT_054,54,None,0.0,5.19,11.01,68.17
PT_054,55,None,0.0,6.4,14.08,69.22
PT_054,56,None,0.0,6.54,14.64,70.24
PT_054,57,Regimen A,100.0,6.46,14.23,48.43
PT_054,58,None,0.0,5.54,12.45,49.84
PT_054,59,None,0.0,4.79,10.36,51.23
PT_054,60,None,0.0,4.23,9.08,52.6
PT_054,61,None,0.0,3.99,8.68,53.95
PT_054,62,None,0.0,3.81,8.18,55.28
PT_054,63,None,0.0,3.33,7.29,56.59
PT_054,64,None,0.0,3.35,7.37,57.88
PT_054,65,None,0.0,3.26,7.08,59.15
PT_054,66,None,0.0,3.26,7.39,60.39
PT_054,67,None,0.0,3.35,7.34,61.61
PT_054,68,None,0.0,3.61,7.9,62.8
PT_054,69,None,0.0,3.57,7.73,63.97
PT_054,70,None,0.0,3.54,8.04,65.11
PT_054,71,None,0.0,3.8,8.19,66.23
PT_054,72,None,0.0,3.79,8.69,67.32
PT_054,73,None,0.0,4.3,9.12,68.39
PT_054,74,None,0.0,4.24,9.64,69.43
PT_054,75,None,0.0,4.53,9.89,70.44
PT_054,76,None,0.0,4.7,10.42,71.43
PT_054,77,None,0.0,4.6,9.68,72.39
PT_054,78,Regimen A,100.0,6.45,14.25,49.86
PT_054,79,None,0.0,5.74,12.43,51.25
PT_054,80,None,0.0,5.23,11.42,52.62
PT_054,81,None,0.0,4.82,10.49,53.97
PT_054,82,None,0.0,4.48,10.22,55.3
PT_054,83,None,0.0,4.35,9.53,56.61
PT_054,84,None,0.0,4.21,9.01,57.9
PT_054,85,None,0.0,4.06,8.58,59.17
PT_054,86,None,0.0,4.14,9.13,60.41
PT_054,87,None,0.0,3.99,8.59,61.63
PT_054,88,None,0.0,4.34,9.24,62.82
PT_054,89,None,0.0,4.15,8.93,63.99
PT_055,0,Regimen A,100.0,5.68,12.59,15.87
PT_055,1,None,0.0,5.35,11.57,17.03
PT_055,2,None,0.0,5.1,11.47,18.24
PT_055,3,None,0.0,4.91,10.92,19.48
PT_055,4,None,0.0,4.68,10.28,20.76
PT_055,5,None,0.0,4.38,9.63,22.06
PT_055,6,None,0.0,4.63,10.51,23.4
PT_055,7,None,0.0,4.49,9.51,24.76
PT_055,8,None,0.0,4.68,10.54,26.14
PT_055,9,None,0.0,4.45,10.27,27.54
PT_055,10,None,0.0,4.52,10.05,28.96
PT_055,11,None,0.0,4.62,9.95,30.4
PT_055,12,None,0.0,4.7,10.58,31.84
PT_055,13,None,0.0,4.77,10.11,33.3
PT_055,14,None,0.0,4.64,10.25,34.77
PT_055,15,None,0.0,4.86,10.99,36.24
PT_055,16,None,0.0,4.89,10.41,37.71
PT_055,17,None,0.0,4.88,11.01,39.18
PT_055,18,None,0.0,4.77,10.18,40.65
PT_055,19,None,0.0,4.73,9.93,42.11
PT_055,20,None,0.0,5.09,10.78,43.57
PT_055,21,None,0.0,5.66,12.46,45.02
PT_055,22,Regimen A,100.0,5.82,12.95,31.59
PT_055,23,None,0.0,5.2,11.27,33.04
PT_055,24,None,0.0,5.08,11.15,34.51
PT_055,25,None,0.0,5.08,11.47,35.98
PT_055,26,None,0.0,5.09,11.13,37.45
PT_055,27,None,0.0,4.91,10.73,38.92
PT_055,28,None,0.0,4.81,10.99,40.39
PT_055,29,None,0.0,4.76,10.51,41.85
PT_055,30,None,0.0,4.71,10.32,43.31
PT_055,31,None,0.0,4.72,10.8,44.76
PT_055,32,None,0.0,4.94,10.92,46.2
PT_055,33,None,0.0,4.91,10.58,47.63
PT_055,34,None,0.0,4.98,11.44,49.04
PT_055,35,None,0.0,4.84,10.75,50.44
PT_055,36,None,0.0,4.91,10.97,51.82
PT_055,37,None,0.0,4.96,11.05,53.18
PT_055,38,None,0.0,5.08,11.32,54.52
PT_055,39,None,0.0,5.14,11.09,55.85
PT_055,40,None,0.0,5.17,11.52,57.15
PT_055,41,None,0.0,4.93,10.47,58.43
PT_055,42,None,0.0,5.25,11.64,59.68
PT_055,43,None,0.0,5.48,11.93,60.92
PT_055,44,None,0.0,5.66,12.16,62.12
PT_055,45,None,0.0,5.57,12.49,63.31
PT_055,46,None,0.0,5.5,12.09,64.46
PT_055,47,None,0.0,5.72,12.71,65.6
PT_055,48,None,0.0,5.62,12.17,66.7
PT_055,49,None,0.0,5.58,12.24,67.78
PT_055,50,None,0.0,5.67,12.76,68.84
PT_055,51,None,0.0,5.57,11.95,69.87
PT_055,52,None,0.0,5.5,12.5,70.87
PT_055,53,Regimen A,100.0,5.48,12.37,48.85
PT_055,54,None,0.0,5.27,10.95,50.25
PT_055,55,None,0.0,4.84,10.76,51.64
PT_055,56,None,0.0,4.45,9.99,53.0
PT_055,57,None,0.0,4.36,9.62,54.35
PT_055,58,None,0.0,4.41,10.1,55.67
PT_055,59,None,0.0,4.06,8.66,56.98
PT_055,60,None,0.0,4.09,9.01,58.26
PT_055,61,None,0.0,4.35,9.78,59.52
PT_055,62,None,0.0,4.06,9.15,60.75
PT_055,63,None,0.0,4.23,9.49,61.96
PT_055,64,None,0.0,4.2,9.38,63.15
PT_055,65,None,0.0,4.17,9.37,64.31
PT_055,66,None,0.0,4.45,9.34,65.45
PT_055,67,None,0.0,4.2,9.28,66.56
PT_055,68,None,0.0,4.25,9.17,67.64
PT_055,69,None,0.0,4.18,9.2,68.7
PT_055,70,None,0.0,4.43,9.5,69.73
PT_055,71,None,0.0,4.5,10.06,70.74
PT_055,72,None,0.0,4.91,10.66,71.72
PT_055,73,None,0.0,4.66,9.88,72.67
PT_055,74,Regimen A,100.0,5.71,12.67,50.05
PT_055,75,None,0.0,4.82,10.59,51.43
PT_055,76,None,0.0,4.59,10.17,52.8
PT_055,77,None,0.0,4.17,8.53,54.15
PT_055,78,None,0.0,3.61,7.97,55.48
PT_055,79,None,0.0,3.58,7.47,56.79
PT_055,80,None,0.0,3.44,7.63,58.07
PT_055,81,None,0.0,3.3,7.15,59.33
PT_055,82,None,0.0,3.59,7.87,60.57
PT_055,83,None,0.0,3.43,7.55,61.79
PT_055,84,None,0.0,3.31,7.04,62.98
PT_055,85,None,0.0,3.44,7.48,64.14
PT_055,86,None,0.0,3.7,8.19,65.28
PT_055,87,None,0.0,3.97,8.68,66.39
PT_055,88,None,0.0,4.04,8.38,67.48
PT_055,89,None,0.0,3.94,8.62,68.54
PT_056,0,Regimen A,100.0,5.42,12.15,8.85
PT_056,1,None,0.0,4.82,10.45,9.71
PT_056,2,None,0.0,4.31,9.04,10.62
PT_056,3,None,0.0,3.72,8.06,11.57
PT_056,4,None,0.0,3.34,6.98,12.57
PT_056,5,None,0.0,3.25,7.23,13.61
PT_056,6,None,0.0,3.06,6.49,14.7
PT_056,7,None,0.0,2.95,6.5,15.82
PT_056,8,None,0.0,3.03,6.37,16.99
PT_056,9,None,0.0,2.98,6.7,18.19
PT_056,10,None,0.0,3.04,6.59,19.43
PT_056,11,None,0.0,3.1,6.97,20.71
PT_056,12,None,0.0,3.22,6.84,22.01
PT_056,13,None,0.0,3.43,7.59,23.34
PT_056,14,None,0.0,3.19,7.17,24.7
PT_056,15,None,0.0,3.5,7.77,26.08
PT_056,16,None,0.0,3.5,7.98,27.49
PT_056,17,None,0.0,3.78,8.27,28.91
PT_056,18,None,0.0,4.1,9.16,30.34
PT_056,19,None,0.0,4.15,9.01,31.79
PT_056,20,None,0.0,4.19,9.15,33.25
PT_056,21,Regimen A,100.0,5.55,12.46,23.6
PT_056,22,None,0.0,5.12,11.43,24.97
PT_056,23,None,0.0,5.24,11.83,26.35
PT_056,24,None,0.0,5.07,11.15,27.76
PT_056,25,None,0.0,4.97,10.98,29.18
PT_056,26,None,0.0,4.79,10.67,30.62
PT_056,27,None,0.0,4.62,10.21,32.07
PT_056,28,None,0.0,4.89,10.69,33.53
PT_056,29,None,0.0,4.78,10.35,34.99
PT_056,30,None,0.0,4.79,10.77,36.46
PT_056,31,None,0.0,5.04,10.88,37.93
PT_056,32,None,0.0,4.89,10.37,39.4
PT_056,33,None,0.0,5.01,11.01,40.87
PT_056,34,None,0.0,4.96,10.92,42.34
PT_056,35,None,0.0,5.33,11.66,43.79
PT_056,36,None,0.0,4.99,11.13,45.24
PT_056,37,None,0.0,5.27,11.46,46.67
PT_056,38,None,0.0,5.01,11.27,48.1
PT_056,39,None,0.0,4.86,10.49,49.5
PT_056,40,None,0.0,5.16,10.96,50.9
PT_056,41,None,0.0,5.12,11.15,52.27
PT_056,42,None,0.0,5.47,12.29,53.63
PT_056,43,None,0.0,5.36,11.59,54.96
PT_056,44,None,0.0,5.63,12.14,56.28
PT_056,45,None,0.0,5.6,12.85,57.57
PT_056,46,None,0.0,5.55,11.86,58.85
PT_056,47,None,0.0,5.38,11.81,60.09
PT_056,48,None,0.0,5.58,12.34,61.32
PT_056,49,None,0.0,5.42,11.91,62.52
PT_056,50,None,0.0,5.48,12.14,63.69
PT_056,51,None,0.0,5.37,11.69,64.84
PT_056,52,None,0.0,5.34,11.87,65.96
PT_056,53,None,0.0,5.58,12.2,67.06
PT_056,54,None,0.0,5.44,11.82,68.13
PT_056,55,Regimen A,100.0,5.5,12.19,47.04
PT_056,56,None,0.0,4.45,9.78,48.46
PT_056,57,None,0.0,3.52,8.25,49.87
PT_056,58,None,0.0,3.01,6.87,51.25
PT_056,59,None,0.0,2.76,6.32,52.62
PT_056,60,None,0.0,2.53,5.53,53.98
PT_056,61,None,0.0,2.13,4.51,55.31
PT_056,62,None,0.0,1.84,3.89,56.62
PT_056,63,None,0.0,2.05,4.54,57.91
PT_056,64,None,0.0,2.08,4.81,59.17
PT_056,65,None,0.0,2.28,5.02,60.41
PT_056,66,None,0.0,2.09,4.38,61.63
PT_056,67,None,0.0,2.48,5.09,62.82
PT_056,68,None,0.0,2.65,6.49,63.99
PT_056,69,None,0.0,2.46,5.57,65.13
PT_056,70,None,0.0,2.77,5.83,66.25
PT_056,71,None,0.0,2.87,6.46,67.34
PT_056,72,None,0.0,3.15,7.08,68.41
PT_056,73,None,0.0,3.25,7.4,69.45
PT_056,74,None,0.0,3.62,7.77,70.46
PT_056,75,None,0.0,3.46,7.86,71.45
PT_056,76,Regimen A,100.0,5.56,12.47,49.24
PT_056,77,None,0.0,4.51,9.96,50.63
PT_056,78,None,0.0,4.07,8.82,52.01
PT_056,79,None,0.0,3.84,8.58,53.37
PT_056,80,None,0.0,3.14,6.65,54.71
PT_056,81,None,0.0,2.87,6.36,56.03
PT_056,82,None,0.0,2.93,6.31,57.33
PT_056,83,None,0.0,2.88,6.05,58.6
PT_056,84,None,0.0,2.96,6.77,59.86
PT_056,85,None,0.0,2.93,6.33,61.09
PT_056,86,None,0.0,2.97,6.34,62.29
PT_056,87,None,0.0,2.93,6.6,63.47
PT_056,88,None,0.0,3.22,7.22,64.62
PT_056,89,None,0.0,2.99,6.89,65.75
PT_057,0,Regimen A,100.0,5.7,12.93,8.85
PT_057,1,None,0.0,5.09,11.52,9.71
PT_057,2,None,0.0,4.29,9.67,10.62
PT_057,3,None,0.0,3.93,8.94,11.57
PT_057,4,None,0.0,3.67,8.21,12.57
PT_057,5,None,0.0,3.58,8.29,13.61
PT_057,6,None,0.0,3.35,7.5,14.7
PT_057,7,None,0.0,3.45,7.78,15.82
PT_057,8,None,0.0,3.45,7.45,16.99
PT_057,9,None,0.0,3.16,6.46,18.19
PT_057,10,None,0.0,3.31,7.65,19.43
PT_057,11,None,0.0,3.64,8.23,20.71
PT_057,12,None,0.0,3.66,8.06,22.01
PT_057,13,None,0.0,3.65,8.06,23.34
PT_057,14,None,0.0,3.77,8.51,24.7
PT_057,15,None,0.0,3.8,8.49,26.08
PT_057,16,None,0.0,4.1,9.19,27.49
PT_057,17,None,0.0,3.91,8.67,28.91
PT_057,18,None,0.0,4.05,8.91,30.34
PT_057,19,None,0.0,4.32,9.47,31.79
PT_057,20,None,0.0,4.12,9.14,33.25
PT_057,21,None,0.0,5.83,13.03,34.71
PT_057,22,None,0.0,5.74,12.92,36.18
PT_057,23,None,0.0,5.58,12.48,37.65
PT_057,24,None,0.0,5.59,12.32,39.12
PT_057,25,None,0.0,5.7,12.89,40.59
PT_057,26,Regimen A,100.0,5.63,12.34,28.6
PT_057,27,None,0.0,5.02,11.14,30.03
PT_057,28,None,0.0,4.1,8.97,31.47
PT_057,29,None,0.0,3.77,7.88,32.93
PT_057,30,None,0.0,3.53,7.22,34.39
PT_057,31,None,0.0,3.2,6.76,35.86
PT_057,32,None,0.0,3.08,7.13,37.33
PT_057,33,None,0.0,2.97,6.83,38.8
PT_057,34,None,0.0,2.88,5.89,40.27
PT_057,35,None,0.0,2.86,6.5,41.74
PT_057,36,None,0.0,2.91,6.47,43.2
PT_057,37,None,0.0,3.23,7.69,44.65
PT_057,38,None,0.0,3.22,7.22,46.09
PT_057,39,None,0.0,3.34,7.33,47.52
PT_057,40,None,0.0,3.44,7.31,48.93
PT_057,41,None,0.0,3.32,7.38,50.33
PT_057,42,None,0.0,3.53,7.59,51.71
PT_057,43,None,0.0,3.66,7.92,53.07
PT_057,44,None,0.0,3.83,8.67,54.42
PT_057,45,None,0.0,4.03,8.7,55.74
PT_057,46,None,0.0,4.09,9.04,57.05
PT_057,47,None,0.0,5.78,12.91,58.33
PT_057,48,None,0.0,5.85,12.76,59.59
PT_057,49,Regimen A,100.0,5.63,12.19,41.36
PT_057,50,None,0.0,5.14,11.43,42.82
PT_057,51,None,0.0,4.68,10.31,44.27
PT_057,52,None,0.0,4.81,10.66,45.71
PT_057,53,None,0.0,4.47,9.66,47.15
PT_057,54,None,0.0,4.23,9.45,48.56
PT_057,55,None,0.0,4.18,9.33,49.97
PT_057,56,None,0.0,4.29,9.67,51.35
PT_057,57,None,0.0,4.03,8.37,52.72
PT_057,58,None,0.0,4.08,8.71,54.07
PT_057,59,None,0.0,4.22,9.18,55.4
PT_057,60,None,0.0,4.19,9.34,56.71
PT_057,61,None,0.0,4.16,9.54,58.0
PT_057,62,None,0.0,4.06,8.79,59.26
PT_057,63,None,0.0,4.33,9.51,60.5
PT_057,64,None,0.0,4.32,10.13,61.72
PT_057,65,None,0.0,4.73,10.4,62.91
PT_057,66,None,0.0,4.33,9.41,64.07
PT_057,67,None,0.0,4.59,10.09,65.22
PT_057,68,None,0.0,4.94,10.74,66.33
PT_057,69,None,0.0,4.74,10.46,67.42
PT_057,70,Regimen A,100.0,5.66,12.55,46.57
PT_057,71,None,0.0,4.8,10.88,47.99
PT_057,72,None,0.0,4.14,9.19,49.4
PT_057,73,None,0.0,3.41,7.36,50.8
PT_057,74,None,0.0,3.16,7.51,52.17
PT_057,75,None,0.0,2.91,6.84,53.53
PT_057,76,None,0.0,2.84,6.31,54.87
PT_057,77,None,0.0,2.51,5.39,56.18
PT_057,78,None,0.0,2.63,5.86,57.48
PT_057,79,None,0.0,2.66,5.44,58.75
PT_057,80,None,0.0,2.7,5.88,60.0
PT_057,81,None,0.0,2.71,6.2,61.23
PT_057,82,None,0.0,2.82,6.35,62.43
PT_057,83,None,0.0,3.13,7.32,63.61
PT_057,84,None,0.0,2.99,6.77,64.76
PT_057,85,None,0.0,3.24,7.44,65.88
PT_057,86,None,0.0,3.31,7.08,66.98
PT_057,87,None,0.0,3.47,7.85,68.06
PT_057,88,None,0.0,3.86,8.85,69.1
PT_057,89,None,0.0,3.98,8.99,70.13
PT_058,0,Regimen A,100.0,3.12,6.58,8.85
PT_058,1,None,0.0,2.45,5.38,9.71
PT_058,2,None,0.0,1.93,4.38,10.62
PT_058,3,None,0.0,1.62,3.4,11.57
PT_058,4,None,0.0,1.52,3.15,12.57
PT_058,5,None,0.0,1.3,2.63,13.61
PT_058,6,None,0.0,0.99,2.16,14.7
PT_058,7,None,0.0,0.88,2.04,15.82
PT_058,8,None,0.0,0.79,1.86,16.99
PT_058,9,None,0.0,0.92,2.53,18.19
PT_058,10,None,0.0,0.93,2.29,19.43
PT_058,11,None,0.0,1.12,2.45,20.71
PT_058,12,None,0.0,1.13,2.79,22.01
PT_058,13,None,0.0,1.19,2.84,23.34
PT_058,14,None,0.0,1.35,2.73,24.7
PT_058,15,None,0.0,1.18,2.44,26.08
PT_058,16,None,0.0,1.42,2.99,27.49
PT_058,17,None,0.0,1.73,3.97,28.91
PT_058,18,None,0.0,1.61,3.49,30.34
PT_058,19,None,0.0,1.7,3.72,31.79
PT_058,20,None,0.0,2.06,4.43,33.25
PT_058,21,None,0.0,3.49,8.13,34.71
PT_058,22,None,0.0,3.18,6.92,36.18
PT_058,23,None,0.0,3.31,7.66,37.65
PT_058,24,None,0.0,3.31,7.05,39.12
PT_058,25,None,0.0,3.26,6.88,40.59
PT_058,26,None,0.0,3.49,7.32,42.05
PT_058,27,None,0.0,3.31,7.49,43.51
PT_058,28,None,0.0,3.09,6.62,44.96
PT_058,29,None,0.0,3.25,7.22,46.4
PT_058,30,None,0.0,3.53,7.72,47.82
PT_058,31,Regimen A,100.0,3.25,7.2,33.48
PT_058,32,None,0.0,2.79,5.97,34.94
PT_058,33,None,0.0,2.26,4.72,36.41
PT_058,34,None,0.0,1.94,3.95,37.89
PT_058,35,None,0.0,1.92,4.23,39.36
PT_058,36,None,0.0,1.67,3.55,40.82
PT_058,37,None,0.0,1.63,3.36,42.29
PT_058,38,None,0.0,1.59,3.54,43.74
PT_058,39,None,0.0,1.62,3.71,45.19
PT_058,40,None,0.0,1.61,3.37,46.63
PT_058,41,None,0.0,1.73,3.88,48.05
PT_058,42,None,0.0,1.49,3.4,49.46
PT_058,43,None,0.0,1.51,2.96,50.85
PT_058,44,None,0.0,1.72,3.73,52.23
PT_058,45,None,0.0,1.56,3.46,53.58
PT_058,46,None,0.0,1.75,4.01,54.92
PT_058,47,None,0.0,2.27,5.14,56.24
PT_058,48,None,0.0,1.84,4.06,57.53
PT_058,49,None,0.0,2.08,4.68,58.8
PT_058,50,None,0.0,2.21,4.77,60.05
PT_058,51,None,0.0,2.53,5.58,61.28
PT_058,52,None,0.0,3.33,7.42,62.48
PT_058,53,Regimen A,100.0,3.2,6.72,43.28
PT_058,54,None,0.0,2.73,6.26,44.73
PT_058,55,None,0.0,2.27,4.8,46.17
PT_058,56,None,0.0,2.0,3.88,47.6
PT_058,57,None,0.0,2.05,4.71,49.01
PT_058,58,None,0.0,1.5,3.52,50.41
PT_058,59,None,0.0,1.77,4.22,51.79
PT_058,60,None,0.0,1.39,3.26,53.16
PT_058,61,None,0.0,1.65,3.38,54.5
PT_058,62,None,0.0,1.67,3.58,55.82
PT_058,63,None,0.0,1.65,3.83,57.13
PT_058,64,None,0.0,1.4,3.26,58.4
PT_058,65,None,0.0,1.75,3.94,59.66
PT_058,66,None,0.0,1.77,4.12,60.89
PT_058,67,None,0.0,1.96,4.26,62.1
PT_058,68,None,0.0,1.99,4.45,63.29
PT_058,69,None,0.0,1.8,4.11,64.44
PT_058,70,None,0.0,1.79,4.46,65.58
PT_058,71,None,0.0,2.01,4.34,66.68
PT_058,72,None,0.0,2.27,4.83,67.76
PT_058,73,None,0.0,2.35,5.29,68.82
PT_058,74,Regimen A,100.0,3.14,6.82,47.5
PT_058,75,None,0.0,2.94,6.35,48.91
PT_058,76,None,0.0,2.64,5.84,50.31
PT_058,77,None,0.0,2.7,6.12,51.69
PT_058,78,None,0.0,2.71,5.74,53.06
PT_058,79,None,0.0,2.48,5.46,54.4
PT_058,80,None,0.0,2.27,4.95,55.73
PT_058,81,None,0.0,2.2,4.68,57.03
PT_058,82,None,0.0,2.47,6.01,58.31
PT_058,83,None,0.0,2.36,4.95,59.57
PT_058,84,None,0.0,2.38,5.28,60.8
PT_058,85,None,0.0,2.35,5.17,62.01
PT_058,86,None,0.0,2.55,5.38,63.2
PT_058,87,None,0.0,2.62,6.11,64.36
PT_058,88,None,0.0,2.57,5.65,65.49
PT_058,89,None,0.0,2.44,5.36,66.6
PT_059,0,Regimen A,100.0,3.71,8.27,15.87
PT_059,1,None,0.0,3.58,7.8,17.03
PT_059,2,None,0.0,3.47,7.44,18.24
PT_059,3,None,0.0,3.26,7.39,19.48
PT_059,4,None,0.0,2.96,6.47,20.76
PT_059,5,None,0.0,3.27,7.01,22.06
PT_059,6,None,0.0,2.96,6.63,23.4
PT_059,7,None,0.0,3.34,6.75,24.76
PT_059,8,None,0.0,3.1,6.91,26.14
PT_059,9,None,0.0,3.23,6.73,27.54
PT_059,10,None,0.0,3.11,6.69,28.96
PT_059,11,None,0.0,3.09,6.84,30.4
PT_059,12,None,0.0,2.95,6.45,31.84
PT_059,13,None,0.0,3.15,6.93,33.3
PT_059,14,None,0.0,3.23,6.72,34.77
PT_059,15,None,0.0,3.24,7.57,36.24
PT_059,16,None,0.0,3.17,7.2,37.71
PT_059,17,None,0.0,3.44,7.4,39.18
PT_059,18,None,0.0,3.44,7.5,40.65
PT_059,19,None,0.0,3.28,6.96,42.11
PT_059,20,None,0.0,3.46,7.95,43.57
PT_059,21,None,0.0,3.48,8.05,45.02
PT_059,22,None,0.0,3.61,7.54,46.45
PT_059,23,None,0.0,3.56,8.19,47.88
PT_059,24,None,0.0,3.53,7.79,49.29
PT_059,25,None,0.0,3.6,8.15,50.68
PT_059,26,None,0.0,3.58,7.88,52.06
PT_059,27,None,0.0,3.65,7.73,53.42
PT_059,28,None,0.0,3.51,8.06,54.76
PT_059,29,None,0.0,3.48,7.09,56.08
PT_059,30,None,0.0,3.5,7.67,57.38
PT_059,31,None,0.0,3.74,8.64,58.65
PT_059,32,None,0.0,3.57,7.63,59.9
PT_059,33,None,0.0,3.55,7.59,61.13
PT_059,34,None,0.0,3.55,7.96,62.33
PT_059,35,Regimen A,100.0,3.41,7.4,43.19
PT_059,36,None,0.0,3.42,7.5,44.64
PT_059,37,None,0.0,3.31,7.16,46.08
PT_059,38,None,0.0,3.36,7.34,47.51
PT_059,39,None,0.0,3.19,6.88,48.92
PT_059,40,None,0.0,3.25,7.15,50.32
PT_059,41,None,0.0,3.2,7.29,51.7
PT_059,42,None,0.0,3.12,7.2,53.07
PT_059,43,None,0.0,3.36,7.23,54.41
PT_059,44,None,0.0,3.04,6.9,55.74
PT_059,45,None,0.0,3.22,7.18,57.04
PT_059,46,None,0.0,3.04,6.61,58.32
PT_059,47,None,0.0,3.36,7.06,59.58
PT_059,48,None,0.0,3.12,6.76,60.81
PT_059,49,None,0.0,3.38,7.59,62.02
PT_059,50,None,0.0,3.11,6.49,63.21
PT_059,51,None,0.0,3.5,7.28,64.37
PT_059,52,None,0.0,3.36,7.66,65.5
PT_059,53,None,0.0,3.53,7.93,66.61
PT_059,54,None,0.0,3.18,7.53,67.69
PT_059,55,None,0.0,3.45,7.54,68.75
PT_059,56,None,0.0,3.47,7.41,69.78
PT_059,57,None,0.0,3.69,8.01,70.78
PT_059,58,None,0.0,3.6,7.66,71.76
PT_059,59,Regimen A,100.0,3.38,7.77,49.45
PT_059,60,None,0.0,3.2,7.43,50.84
PT_059,61,None,0.0,3.1,6.32,52.21
PT_059,62,None,0.0,2.87,6.66,53.57
PT_059,63,None,0.0,2.6,5.04,54.91
PT_059,64,None,0.0,2.39,5.48,56.23
PT_059,65,None,0.0,2.78,5.92,57.52
PT_059,66,None,0.0,2.66,6.4,58.79
PT_059,67,None,0.0,2.6,5.56,60.04
PT_059,68,None,0.0,2.46,5.28,61.27
PT_059,69,None,0.0,2.47,6.11,62.47
PT_059,70,None,0.0,2.76,6.1,63.64
PT_059,71,None,0.0,2.52,5.7,64.79
PT_059,72,None,0.0,2.79,6.05,65.92
PT_059,73,None,0.0,2.6,6.0,67.02
PT_059,74,None,0.0,2.67,5.65,68.09
PT_059,75,None,0.0,2.76,6.32,69.14
PT_059,76,None,0.0,2.92,5.92,70.16
PT_059,77,None,0.0,2.76,6.39,71.15
PT_059,78,None,0.0,2.84,5.96,72.12
PT_059,79,None,0.0,2.96,7.15,73.06
PT_059,80,Regimen A,100.0,3.47,7.52,50.31
PT_059,81,None,0.0,3.43,7.27,51.69
PT_059,82,None,0.0,2.99,6.62,53.05
PT_059,83,None,0.0,3.0,6.25,54.4
PT_059,84,None,0.0,2.78,6.3,55.72
PT_059,85,None,0.0,2.54,6.06,57.03
PT_059,86,None,0.0,2.88,6.09,58.31
PT_059,87,None,0.0,2.59,5.63,59.57
PT_059,88,None,0.0,2.38,5.71,60.8
PT_059,89,None,0.0,2.62,5.51,62.01
PT_060,0,Regimen A,100.0,5.59,12.23,15.87
PT_060,1,None,0.0,4.87,10.74,17.03
PT_060,2,None,0.0,4.38,9.69,18.24
PT_060,3,None,0.0,4.31,9.65,19.48
PT_060,4,None,0.0,3.66,8.17,20.76
PT_060,5,None,0.0,3.94,8.97,22.06
PT_060,6,None,0.0,3.95,9.1,23.4
PT_060,7,None,0.0,3.66,7.78,24.76
PT_060,8,None,0.0,3.48,7.53,26.14
PT_060,9,None,0.0,3.65,7.95,27.54
PT_060,10,None,0.0,3.77,8.15,28.96
PT_060,11,None,0.0,3.71,7.5,30.4
PT_060,12,None,0.0,3.71,8.58,31.84
PT_060,13,None,0.0,3.96,9.18,33.3
PT_060,14,None,0.0,4.02,8.67,34.77
PT_060,15,None,0.0,4.03,8.83,36.24
PT_060,16,None,0.0,4.02,9.09,37.71
PT_060,17,None,0.0,4.24,9.3,39.18
PT_060,18,None,0.0,4.46,9.57,40.65
PT_060,19,None,0.0,4.27,9.64,42.11
PT_060,20,None,0.0,4.56,10.09,43.57
PT_060,21,None,0.0,5.56,12.19,45.02
PT_060,22,None,0.0,5.56,12.13,46.45
PT_060,23,None,0.0,5.3,11.53,47.88
PT_060,24,None,0.0,5.36,11.48,49.29
PT_060,25,None,0.0,5.35,11.97,50.68
PT_060,26,None,0.0,5.3,11.64,52.06
PT_060,27,None,0.0,5.39,11.77,53.42
PT_060,28,None,0.0,5.44,12.12,54.76
PT_060,29,None,0.0,5.55,12.84,56.08
PT_060,30,None,0.0,5.6,12.51,57.38
PT_060,31,None,0.0,5.63,12.65,58.65
PT_060,32,Regimen A,100.0,5.28,11.66,40.73
PT_060,33,None,0.0,4.97,11.53,42.2
PT_060,34,None,0.0,4.69,10.58,43.65
PT_060,35,None,0.0,4.41,10.03,45.1
PT_060,36,None,0.0,4.24,9.17,46.54
PT_060,37,None,0.0,4.03,8.98,47.96
PT_060,38,None,0.0,4.16,9.05,49.37
PT_060,39,None,0.0,4.18,9.02,50.76
PT_060,40,None,0.0,4.09,9.09,52.14
PT_060,41,None,0.0,3.86,8.77,53.5
PT_060,42,None,0.0,3.81,8.35,54.84
PT_060,43,None,0.0,3.83,8.6,56.16
PT_060,44,None,0.0,4.13,9.19,57.45
PT_060,45,None,0.0,4.12,8.99,58.73
PT_060,46,None,0.0,4.37,9.07,59.98
PT_060,47,None,0.0,4.18,8.87,61.2
PT_060,48,None,0.0,4.14,9.17,62.4
PT_060,49,None,0.0,4.38,9.91,63.58
PT_060,50,None,0.0,4.4,9.76,64.73
PT_060,51,None,0.0,4.49,9.89,65.86
PT_060,52,None,0.0,4.56,10.2,66.96
PT_060,53,None,0.0,5.53,12.16,68.03
PT_060,54,None,0.0,5.55,12.28,69.08
PT_060,55,None,0.0,5.29,11.61,70.1
PT_060,56,None,0.0,5.48,11.92,71.1
PT_060,57,None,0.0,5.46,12.62,72.07
PT_060,58,None,0.0,5.47,12.28,73.01
PT_060,59,None,0.0,5.43,11.85,73.93
PT_060,60,None,0.0,5.33,11.76,74.83
PT_060,61,Regimen A,100.0,5.26,11.51,51.47
PT_060,62,None,0.0,4.81,10.53,52.84
PT_060,63,None,0.0,4.22,9.2,54.19
PT_060,64,None,0.0,4.08,9.31,55.52
PT_060,65,None,0.0,3.79,8.44,56.82
PT_060,66,None,0.0,3.81,8.68,58.11
PT_060,67,None,0.0,3.39,7.31,59.37
PT_060,68,None,0.0,3.62,8.18,60.61
PT_060,69,None,0.0,3.75,8.42,61.82
PT_060,70,None,0.0,3.62,8.31,63.01
PT_060,71,None,0.0,3.4,7.31,64.17
PT_060,72,None,0.0,3.59,7.78,65.31
PT_060,73,None,0.0,3.74,8.3,66.43
PT_060,74,None,0.0,3.82,8.54,67.51
PT_060,75,None,0.0,3.92,8.4,68.57
PT_060,76,None,0.0,3.96,9.01,69.61
PT_060,77,None,0.0,4.06,9.2,70.62
PT_060,78,None,0.0,4.47,10.27,71.6
PT_060,79,None,0.0,4.14,9.19,72.56
PT_060,80,None,0.0,4.22,9.09,73.49
PT_060,81,None,0.0,4.37,9.44,74.39
PT_060,82,Regimen A,100.0,5.41,11.78,51.19
PT_060,83,None,0.0,4.66,10.13,52.56
PT_060,84,None,0.0,4.05,9.24,53.91
PT_060,85,None,0.0,3.89,8.29,55.24
PT_060,86,None,0.0,3.17,7.37,56.55
PT_060,87,None,0.0,3.22,7.4,57.84
PT_060,88,None,0.0,2.99,6.55,59.11
PT_060,89,None,0.0,3.0,6.53,60.35
PT_061,0,Regimen A,100.0,4.7,10.6,8.85
PT_061,1,None,0.0,3.91,8.82,9.71
PT_061,2,None,0.0,3.66,7.8,10.62
PT_061,3,None,0.0,3.62,7.81,11.57
PT_061,4,None,0.0,3.32,7.24,12.57
PT_061,5,None,0.0,3.2,6.48,13.61
PT_061,6,None,0.0,3.14,6.87,14.7
PT_061,7,None,0.0,2.99,6.46,15.82
PT_061,8,None,0.0,3.04,6.44,16.99
PT_061,9,None,0.0,3.14,6.83,18.19
PT_061,10,None,0.0,3.19,6.97,19.43
PT_061,11,None,0.0,3.21,7.37,20.71
PT_061,12,None,0.0,3.23,7.17,22.01
PT_061,13,None,0.0,3.3,7.51,23.34
PT_061,14,None,0.0,3.35,7.1,24.7
PT_061,15,None,0.0,3.45,7.4,26.08
PT_061,16,None,0.0,3.57,7.74,27.49
PT_061,17,None,0.0,3.5,7.44,28.91
PT_061,18,None,0.0,3.66,8.24,30.34
PT_061,19,None,0.0,3.77,8.14,31.79
PT_061,20,None,0.0,3.96,8.97,33.25
PT_061,21,None,0.0,4.67,10.31,34.71
PT_061,22,None,0.0,4.71,10.35,36.18
PT_061,23,None,0.0,4.62,10.18,37.65
PT_061,24,None,0.0,4.82,10.27,39.12
PT_061,25,None,0.0,4.55,10.0,40.59
PT_061,26,None,0.0,4.55,9.91,42.05
PT_061,27,None,0.0,4.62,10.14,43.51
PT_061,28,None,0.0,4.59,10.53,44.96
PT_061,29,Regimen A,100.0,4.62,9.83,31.55
PT_061,30,None,0.0,4.15,8.89,33.01
PT_061,31,None,0.0,3.42,7.51,34.47
PT_061,32,None,0.0,2.95,6.59,35.94
PT_061,33,None,0.0,2.58,5.63,37.41
PT_061,34,None,0.0,2.36,5.67,38.88
PT_061,35,None,0.0,2.4,5.11,40.35
PT_061,36,None,0.0,2.36,5.58,41.81
PT_061,37,None,0.0,2.21,4.66,43.27
PT_061,38,None,0.0,2.19,4.75,44.72
PT_061,39,None,0.0,2.39,5.27,46.16
PT_061,40,None,0.0,2.38,5.11,47.59
PT_061,41,None,0.0,2.32,5.55,49.0
PT_061,42,None,0.0,2.5,5.35,50.4
PT_061,43,None,0.0,2.69,6.01,51.78
PT_061,44,None,0.0,2.52,5.42,53.15
PT_061,45,None,0.0,3.05,7.05,54.49
PT_061,46,None,0.0,2.92,6.75,55.81
PT_061,47,None,0.0,3.1,6.45,57.12
PT_061,48,None,0.0,3.11,7.14,58.39
PT_061,49,None,0.0,3.17,6.75,59.65
PT_061,50,None,0.0,4.69,10.57,60.88
PT_061,51,None,0.0,4.66,10.48,62.09
PT_061,52,None,0.0,4.78,10.53,63.28
PT_061,53,None,0.0,4.61,9.69,64.43
PT_061,54,None,0.0,4.61,10.01,65.57
PT_061,55,None,0.0,4.72,10.44,66.67
PT_061,56,None,0.0,4.66,10.77,67.76
PT_061,57,None,0.0,4.56,10.18,68.81
PT_061,58,None,0.0,4.79,10.44,69.84
PT_061,59,None,0.0,4.58,10.11,70.84
PT_061,60,None,0.0,4.52,10.08,71.82
PT_061,61,None,0.0,4.69,10.24,72.77
PT_061,62,None,0.0,4.61,9.99,73.7
PT_061,63,Regimen A,100.0,4.62,10.48,50.72
PT_061,64,None,0.0,3.79,8.19,52.1
PT_061,65,None,0.0,3.58,7.77,53.46
PT_061,66,None,0.0,3.08,6.84,54.8
PT_061,67,None,0.0,2.56,5.2,56.12
PT_061,68,None,0.0,2.23,4.72,57.41
PT_061,69,None,0.0,2.44,5.5,58.69
PT_061,70,None,0.0,1.87,4.04,59.94
PT_061,71,None,0.0,2.17,4.63,61.17
PT_061,72,None,0.0,2.13,4.31,62.37
PT_061,73,None,0.0,2.28,5.04,63.55
PT_061,74,None,0.0,2.44,5.4,64.7
PT_061,75,None,0.0,2.4,5.29,65.83
PT_061,76,None,0.0,2.63,5.55,66.93
PT_061,77,None,0.0,2.71,6.2,68.0
PT_061,78,None,0.0,2.99,6.66,69.05
PT_061,79,None,0.0,2.84,6.06,70.07
PT_061,80,None,0.0,2.74,5.68,71.07
PT_061,81,None,0.0,3.35,7.24,72.04
PT_061,82,None,0.0,3.22,6.78,72.99
PT_061,83,None,0.0,3.44,7.26,73.91
PT_061,84,Regimen A,100.0,4.63,9.9,50.86
PT_061,85,None,0.0,4.43,9.64,52.24
PT_061,86,None,0.0,3.95,8.75,53.6
PT_061,87,None,0.0,3.88,8.38,54.93
PT_061,88,None,0.0,3.58,7.82,56.25
PT_061,89,None,0.0,3.59,8.1,57.54
PT_062,0,Regimen A,100.0,5.56,11.87,24.8
PT_062,1,None,0.0,4.38,9.29,26.18
PT_062,2,None,0.0,3.53,7.88,27.59
PT_062,3,None,0.0,2.87,6.34,29.01
PT_062,4,None,0.0,2.39,4.91,30.44
PT_062,5,None,0.0,1.69,3.83,31.89
PT_062,6,None,0.0,1.86,4.27,33.35
PT_062,7,None,0.0,1.55,3.83,34.81
PT_062,8,None,0.0,1.51,3.42,36.28
PT_062,9,None,0.0,1.52,2.95,37.75
PT_062,10,None,0.0,1.47,3.07,39.23
PT_062,11,None,0.0,1.65,3.39,40.69
PT_062,12,None,0.0,1.69,3.86,42.16
PT_062,13,None,0.0,1.97,4.29,43.61
PT_062,14,None,0.0,2.32,5.3,45.06
PT_062,15,None,0.0,2.24,4.87,46.5
PT_062,16,None,0.0,2.62,6.06,47.92
PT_062,17,None,0.0,2.6,6.0,49.33
PT_062,18,None,0.0,3.1,6.75,50.73
PT_062,19,None,0.0,2.98,6.68,52.1
PT_062,20,None,0.0,3.37,6.94,53.46
PT_062,21,None,0.0,5.68,12.96,54.8
PT_062,22,None,0.0,5.54,12.51,56.12
PT_062,23,None,0.0,5.57,11.9,57.42
PT_062,24,None,0.0,5.64,12.66,58.69
PT_062,25,None,0.0,5.58,12.25,59.94
PT_062,26,None,0.0,5.39,11.89,61.17
PT_062,27,None,0.0,5.65,12.5,62.37
PT_062,28,None,0.0,5.61,12.37,63.55
PT_062,29,Regimen A,100.0,5.49,12.36,44.0
PT_062,30,None,0.0,4.41,9.51,45.44
PT_062,31,None,0.0,3.51,7.42,46.88
PT_062,32,None,0.0,3.01,6.71,48.3
PT_062,33,None,0.0,2.68,5.71,49.7
PT_062,34,None,0.0,2.33,4.84,51.09
PT_062,35,None,0.0,2.21,4.86,52.47
PT_062,36,None,0.0,1.89,4.17,53.82
PT_062,37,None,0.0,2.07,4.4,55.15
PT_062,38,None,0.0,2.01,4.69,56.47
PT_062,39,None,0.0,2.04,4.56,57.76
PT_062,40,None,0.0,2.16,4.73,59.02
PT_062,41,None,0.0,2.29,5.09,60.27
PT_062,42,None,0.0,2.35,5.31,61.49
PT_062,43,None,0.0,2.61,5.83,62.69
PT_062,44,None,0.0,2.79,6.01,63.86
PT_062,45,None,0.0,2.64,5.82,65.0
PT_062,46,None,0.0,3.03,6.76,66.12
PT_062,47,None,0.0,3.39,7.42,67.22
PT_062,48,None,0.0,3.33,7.35,68.28
PT_062,49,None,0.0,3.5,7.65,69.33
PT_062,50,None,0.0,5.77,12.9,70.34
PT_062,51,None,0.0,5.61,12.39,71.33
PT_062,52,None,0.0,5.55,12.54,72.3
PT_062,53,None,0.0,5.63,12.72,73.23
PT_062,54,None,0.0,5.56,11.89,74.15
PT_062,55,None,0.0,5.42,11.97,75.03
PT_062,56,None,0.0,5.58,12.42,75.9
PT_062,57,None,0.0,5.62,12.05,76.73
PT_062,58,None,0.0,5.55,12.08,77.55
PT_062,59,None,0.0,5.69,12.34,78.34
PT_062,60,None,0.0,5.49,11.83,79.1
PT_062,61,None,0.0,5.67,12.23,79.84
PT_062,62,None,0.0,5.52,11.91,80.56
PT_062,63,Regimen A,100.0,5.63,12.51,55.26
PT_062,64,None,0.0,4.92,11.12,56.57
PT_062,65,None,0.0,4.43,9.55,57.86
PT_062,66,None,0.0,4.17,9.2,59.12
PT_062,67,None,0.0,4.06,8.79,60.36
PT_062,68,None,0.0,3.74,8.03,61.58
PT_062,69,None,0.0,3.68,8.43,62.78
PT_062,70,None,0.0,3.63,8.34,63.95
PT_062,71,None,0.0,3.41,7.44,65.09
PT_062,72,None,0.0,3.71,8.41,66.21
PT_062,73,None,0.0,3.35,7.44,67.3
PT_062,74,None,0.0,3.82,7.96,68.37
PT_062,75,None,0.0,3.69,7.64,69.41
PT_062,76,None,0.0,3.83,8.91,70.42
PT_062,77,None,0.0,4.07,8.68,71.41
PT_062,78,None,0.0,3.95,8.73,72.37
PT_062,79,None,0.0,4.12,8.91,73.31
PT_062,80,None,0.0,4.26,9.76,74.22
PT_062,81,None,0.0,4.45,9.98,75.1
PT_062,82,None,0.0,4.36,9.84,75.96
PT_062,83,None,0.0,4.44,9.91,76.8
PT_062,84,Regimen A,100.0,5.61,12.78,52.77
PT_062,85,None,0.0,4.67,10.28,54.12
PT_062,86,None,0.0,3.88,8.68,55.45
PT_062,87,None,0.0,3.32,6.55,56.76
PT_062,88,None,0.0,2.8,6.1,58.05
PT_062,89,None,0.0,2.59,6.04,59.31
PT_063,0,Regimen A,100.0,3.17,7.2,15.87
PT_063,1,None,0.0,2.17,4.76,17.03
PT_063,2,None,0.0,1.17,2.64,18.24
PT_063,3,None,0.0,0.58,1.61,19.48
PT_063,4,None,0.0,0.44,1.21,20.76
PT_063,5,None,0.0,0.2,0.8,22.06
PT_063,6,None,0.0,0.19,0.8,23.4
PT_063,7,None,0.0,0.1,0.8,24.76
PT_063,8,None,0.0,0.14,0.8,26.14
PT_063,9,None,0.0,0.1,0.8,27.54
PT_063,10,None,0.0,0.11,0.8,28.96
PT_063,11,None,0.0,0.1,0.8,30.4
PT_063,12,None,0.0,0.19,0.8,31.84
PT_063,13,None,0.0,0.12,0.8,33.3
PT_063,14,None,0.0,0.16,0.8,34.77
PT_063,15,None,0.0,0.44,0.88,36.24
PT_063,16,None,0.0,0.7,1.5,37.71
PT_063,17,None,0.0,0.66,1.63,39.18
PT_063,18,None,0.0,0.74,2.06,40.65
PT_063,19,None,0.0,0.8,1.92,42.11
PT_063,20,None,0.0,1.12,2.16,43.57
PT_063,21,None,0.0,3.18,7.15,45.02
PT_063,22,None,0.0,3.17,7.06,46.45
PT_063,23,None,0.0,3.27,7.28,47.88
PT_063,24,None,0.0,3.12,6.57,49.29
PT_063,25,Regimen A,100.0,3.17,6.88,34.46
PT_063,26,None,0.0,3.05,6.68,35.93
PT_063,27,None,0.0,2.97,6.74,37.4
PT_063,28,None,0.0,2.93,6.57,38.88
PT_063,29,None,0.0,2.72,5.88,40.34
PT_063,30,None,0.0,2.58,5.3,41.81
PT_063,31,None,0.0,2.72,5.93,43.27
PT_063,32,None,0.0,2.63,6.06,44.72
PT_063,33,None,0.0,2.76,6.29,46.16
PT_063,34,None,0.0,2.55,5.53,47.58
PT_063,35,None,0.0,2.59,5.63,49.0
PT_063,36,None,0.0,2.95,6.45,50.4
PT_063,37,None,0.0,2.6,5.56,51.78
PT_063,38,None,0.0,2.82,6.47,53.14
PT_063,39,None,0.0,2.61,5.35,54.48
PT_063,40,None,0.0,2.79,6.43,55.81
PT_063,41,None,0.0,2.9,6.38,57.11
PT_063,42,None,0.0,3.03,6.96,58.39
PT_063,43,None,0.0,2.97,6.3,59.65
PT_063,44,None,0.0,2.9,6.34,60.88
PT_063,45,None,0.0,3.0,6.91,62.09
PT_063,46,Regimen A,100.0,3.25,7.39,43.02
PT_063,47,None,0.0,2.12,4.47,44.48
PT_063,48,None,0.0,1.35,3.08,45.92
PT_063,49,None,0.0,0.88,1.75,47.35
PT_063,50,None,0.0,0.47,0.96,48.76
PT_063,51,None,0.0,0.1,0.8,50.16
PT_063,52,None,0.0,0.1,0.8,51.55
PT_063,53,None,0.0,0.14,0.8,52.91
PT_063,54,None,0.0,0.15,0.8,54.26
PT_063,55,None,0.0,0.1,0.8,55.59
PT_063,56,None,0.0,0.1,0.8,56.89
PT_063,57,None,0.0,0.1,0.85,58.18
PT_063,58,None,0.0,0.18,1.11,59.44
PT_063,59,None,0.0,0.33,0.8,60.68
PT_063,60,None,0.0,0.67,1.35,61.89
PT_063,61,None,0.0,0.73,1.9,63.08
PT_063,62,None,0.0,0.67,1.38,64.24
PT_063,63,None,0.0,0.87,1.76,65.38
PT_063,64,None,0.0,1.2,2.5,66.49
PT_063,65,None,0.0,1.18,2.56,67.57
PT_063,66,None,0.0,1.58,3.57,68.63
PT_063,67,Regimen A,100.0,3.12,6.81,47.37
PT_063,68,None,0.0,2.45,5.48,48.79
PT_063,69,None,0.0,1.95,4.33,50.19
PT_063,70,None,0.0,1.35,2.71,51.57
PT_063,71,None,0.0,0.93,1.92,52.94
PT_063,72,None,0.0,0.92,2.19,54.29
PT_063,73,None,0.0,0.82,1.92,55.61
PT_063,74,None,0.0,0.66,1.5,56.92
PT_063,75,None,0.0,0.74,1.6,58.2
PT_063,76,None,0.0,0.81,1.55,59.46
PT_063,77,None,0.0,0.83,1.91,60.7
PT_063,78,None,0.0,0.64,1.48,61.91
PT_063,79,None,0.0,0.86,1.52,63.1
PT_063,80,None,0.0,0.68,1.58,64.26
PT_063,81,None,0.0,0.99,1.91,65.4
PT_063,82,None,0.0,1.3,2.46,66.51
PT_063,83,None,0.0,1.13,2.3,67.59
PT_063,84,None,0.0,1.34,2.94,68.65
PT_063,85,None,0.0,1.71,3.89,69.68
PT_063,86,None,0.0,1.59,3.44,70.69
PT_063,87,None,0.0,1.82,4.36,71.67
PT_063,88,None,0.0,3.2,6.74,72.63
PT_063,89,None,0.0,3.27,7.18,73.56
PT_064,0,Regimen A,100.0,4.79,10.46,8.85
PT_064,1,None,0.0,3.62,7.67,9.71
PT_064,2,None,0.0,3.42,7.28,10.62
PT_064,3,None,0.0,2.94,6.86,11.57
PT_064,4,None,0.0,2.61,5.71,12.57
PT_064,5,None,0.0,2.25,4.81,13.61
PT_064,6,None,0.0,2.26,5.3,14.7
PT_064,7,None,0.0,2.25,4.88,15.82
PT_064,8,None,0.0,2.25,4.89,16.99
PT_064,9,None,0.0,2.16,5.24,18.19
PT_064,10,None,0.0,2.2,5.02,19.43
PT_064,11,None,0.0,2.19,4.93,20.71
PT_064,12,None,0.0,2.59,5.85,22.01
PT_064,13,None,0.0,2.32,5.37,23.34
PT_064,14,None,0.0,2.49,5.55,24.7
PT_064,15,None,0.0,2.76,6.09,26.08
PT_064,16,None,0.0,2.88,5.88,27.49
PT_064,17,None,0.0,2.9,6.37,28.91
PT_064,18,None,0.0,3.3,7.2,30.34
PT_064,19,None,0.0,3.06,6.52,31.79
PT_064,20,None,0.0,3.45,8.11,33.25
PT_064,21,None,0.0,4.81,10.02,34.71
PT_064,22,None,0.0,4.74,10.08,36.18
PT_064,23,Regimen A,100.0,4.73,10.29,25.6
PT_064,24,None,0.0,4.6,9.91,27.0
PT_064,25,None,0.0,4.56,10.13,28.41
PT_064,26,None,0.0,4.62,10.35,29.84
PT_064,27,None,0.0,4.29,9.32,31.29
PT_064,28,None,0.0,4.45,9.81,32.74
PT_064,29,None,0.0,4.32,9.45,34.2
PT_064,30,None,0.0,4.26,9.64,35.67
PT_064,31,None,0.0,4.16,9.11,37.14
PT_064,32,None,0.0,4.22,9.55,38.61
PT_064,33,None,0.0,4.56,10.11,40.08
PT_064,34,None,0.0,4.04,8.87,41.55
PT_064,35,None,0.0,4.48,9.91,43.01
PT_064,36,None,0.0,4.49,9.85,44.46
PT_064,37,None,0.0,4.43,10.09,45.9
PT_064,38,None,0.0,4.34,9.81,47.33
PT_064,39,None,0.0,4.46,10.2,48.75
PT_064,40,None,0.0,4.45,9.67,50.15
PT_064,41,None,0.0,4.41,9.9,51.53
PT_064,42,None,0.0,4.35,9.3,52.9
PT_064,43,None,0.0,4.48,9.46,54.25
PT_064,44,None,0.0,4.69,10.55,55.57
PT_064,45,None,0.0,4.78,10.61,56.88
PT_064,46,None,0.0,4.92,11.2,58.16
PT_064,47,Regimen A,100.0,4.74,10.23,40.41
PT_064,48,None,0.0,4.27,9.25,41.87
PT_064,49,None,0.0,3.83,8.82,43.33
PT_064,50,None,0.0,3.39,7.91,44.78
PT_064,51,None,0.0,3.18,6.93,46.22
PT_064,52,None,0.0,2.91,6.72,47.65
PT_064,53,None,0.0,2.93,6.27,49.06
PT_064,54,None,0.0,2.65,5.97,50.46
PT_064,55,None,0.0,2.93,6.28,51.84
PT_064,56,None,0.0,2.87,6.68,53.2
PT_064,57,None,0.0,2.84,6.22,54.54
PT_064,58,None,0.0,3.03,6.49,55.87
PT_064,59,None,0.0,3.03,7.0,57.17
PT_064,60,None,0.0,3.15,6.95,58.44
PT_064,61,None,0.0,3.31,7.22,59.7
PT_064,62,None,0.0,3.19,7.0,60.93
PT_064,63,None,0.0,3.47,7.34,62.14
PT_064,64,None,0.0,3.46,7.41,63.32
PT_064,65,None,0.0,3.53,7.7,64.48
PT_064,66,None,0.0,3.8,8.02,65.61
PT_064,67,None,0.0,3.69,7.96,66.72
PT_064,68,Regimen A,100.0,4.73,10.58,46.1
PT_064,69,None,0.0,3.78,8.07,47.53
PT_064,70,None,0.0,2.71,6.02,48.94
PT_064,71,None,0.0,2.0,4.22,50.34
PT_064,72,None,0.0,1.3,3.1,51.73
PT_064,73,None,0.0,0.97,2.23,53.09
PT_064,74,None,0.0,0.9,2.15,54.43
PT_064,75,None,0.0,0.72,1.62,55.76
PT_064,76,None,0.0,0.72,1.54,57.06
PT_064,77,None,0.0,0.78,2.07,58.34
PT_064,78,None,0.0,0.71,1.68,59.6
PT_064,79,None,0.0,1.18,2.44,60.83
PT_064,80,None,0.0,1.13,2.38,62.04
PT_064,81,None,0.0,1.14,2.47,63.23
PT_064,82,None,0.0,1.25,3.17,64.39
PT_064,83,None,0.0,1.97,4.22,65.52
PT_064,84,None,0.0,1.7,3.83,66.63
PT_064,85,None,0.0,2.02,4.61,67.71
PT_064,86,None,0.0,2.07,4.43,68.77
PT_064,87,None,0.0,2.32,5.71,69.8
PT_064,88,None,0.0,2.54,5.78,70.8
PT_064,89,None,0.0,4.54,9.34,71.78
PT_065,0,Regimen A,100.0,4.15,8.91,8.85
PT_065,1,None,0.0,3.4,7.74,9.71
PT_065,2,None,0.0,2.68,5.93,10.62
PT_065,3,None,0.0,2.44,5.27,11.57
PT_065,4,None,0.0,2.04,4.74,12.57
PT_065,5,None,0.0,1.7,3.6,13.61
PT_065,6,None,0.0,1.56,3.36,14.7
PT_065,7,None,0.0,1.43,2.9,15.82
PT_065,8,None,0.0,1.6,3.47,16.99
PT_065,9,None,0.0,1.5,3.67,18.19
PT_065,10,None,0.0,1.57,3.45,19.43
PT_065,11,None,0.0,1.62,3.45,20.71
PT_065,12,None,0.0,1.78,3.9,22.01
PT_065,13,None,0.0,1.78,3.82,23.34
PT_065,14,None,0.0,1.94,4.56,24.7
PT_065,15,None,0.0,1.91,4.47,26.08
PT_065,16,None,0.0,2.06,4.5,27.49
PT_065,17,None,0.0,2.42,5.58,28.91
PT_065,18,None,0.0,2.49,5.45,30.34
PT_065,19,None,0.0,2.6,5.63,31.79
PT_065,20,None,0.0,2.69,6.2,33.25
PT_065,21,None,0.0,4.09,9.01,34.71
PT_065,22,None,0.0,4.38,9.77,36.18
PT_065,23,None,0.0,4.22,9.24,37.65
PT_065,24,None,0.0,4.05,9.09,39.12
PT_065,25,None,0.0,4.31,9.21,40.59
PT_065,26,None,0.0,4.25,9.49,42.05
PT_065,27,None,0.0,4.06,9.12,43.51
PT_065,28,None,0.0,4.06,9.14,44.96
PT_065,29,None,0.0,4.26,9.35,46.4
PT_065,30,None,0.0,4.08,9.2,47.82
PT_065,31,None,0.0,4.21,9.29,49.23
PT_065,32,None,0.0,4.3,9.24,50.63
PT_065,33,None,0.0,4.16,9.23,52.01
PT_065,34,Regimen A,100.0,4.23,8.51,36.29
PT_065,35,None,0.0,2.66,6.44,37.76
PT_065,36,None,0.0,1.71,3.47,39.23
PT_065,37,None,0.0,0.97,2.14,40.7
PT_065,38,None,0.0,0.36,0.98,42.16
PT_065,39,None,0.0,0.22,0.8,43.62
PT_065,40,None,0.0,0.1,0.8,45.07
PT_065,41,None,0.0,0.18,0.8,46.51
PT_065,42,None,0.0,0.1,0.8,47.93
PT_065,43,None,0.0,0.15,0.8,49.34
PT_065,44,None,0.0,0.1,0.8,50.73
PT_065,45,None,0.0,0.15,0.8,52.11
PT_065,46,None,0.0,0.1,0.8,53.47
PT_065,47,None,0.0,0.13,0.8,54.81
PT_065,48,None,0.0,0.56,1.34,56.13
PT_065,49,None,0.0,0.68,1.16,57.42
PT_065,50,None,0.0,0.76,1.49,58.7
PT_065,51,None,0.0,0.94,1.93,59.95
PT_065,52,None,0.0,1.18,2.52,61.18
PT_065,53,None,0.0,1.3,2.95,62.38
PT_065,54,None,0.0,1.69,3.69,63.56
PT_065,55,None,0.0,4.32,9.41,64.71
PT_065,56,None,0.0,4.24,9.16,65.83
PT_065,57,None,0.0,4.06,9.2,66.94
PT_065,58,None,0.0,4.22,9.66,68.01
PT_065,59,None,0.0,4.07,8.72,69.06
PT_065,60,None,0.0,4.25,9.67,70.08
PT_065,61,None,0.0,4.14,9.03,71.08
PT_065,62,None,0.0,4.39,9.71,72.05
PT_065,63,None,0.0,4.14,8.97,72.99
PT_065,64,None,0.0,4.09,8.79,73.91
PT_065,65,None,0.0,4.13,8.57,74.81
PT_065,66,None,0.0,4.07,9.0,75.67
PT_065,67,None,0.0,4.2,9.1,76.52
PT_065,68,Regimen A,100.0,4.33,9.61,52.59
PT_065,69,None,0.0,3.33,7.33,53.94
PT_065,70,None,0.0,2.46,5.4,55.27
PT_065,71,None,0.0,1.89,4.61,56.58
PT_065,72,None,0.0,1.68,4.38,57.87
PT_065,73,None,0.0,1.51,3.21,59.14
PT_065,74,None,0.0,1.12,2.59,60.38
PT_065,75,None,0.0,1.14,2.15,61.6
PT_065,76,None,0.0,1.14,2.41,62.79
PT_065,77,None,0.0,1.09,2.39,63.96
PT_065,78,None,0.0,1.37,2.99,65.11
PT_065,79,None,0.0,1.08,2.68,66.22
PT_065,80,None,0.0,1.31,2.7,67.32
PT_065,81,None,0.0,1.35,3.33,68.38
PT_065,82,None,0.0,1.64,3.51,69.42
PT_065,83,None,0.0,1.61,4.05,70.43
PT_065,84,None,0.0,1.86,4.22,71.42
PT_065,85,None,0.0,2.03,4.81,72.38
PT_065,86,None,0.0,2.57,5.88,73.32
PT_065,87,None,0.0,2.21,4.9,74.23
PT_065,88,None,0.0,2.38,5.26,75.11
PT_065,89,Regimen A,100.0,4.18,8.98,51.66
PT_066,0,Regimen A,100.0,4.36,9.47,8.85
PT_066,1,None,0.0,3.47,7.76,9.71
PT_066,2,None,0.0,2.79,6.22,10.62
PT_066,3,None,0.0,2.03,4.37,11.57
PT_066,4,None,0.0,1.77,3.79,12.57
PT_066,5,None,0.0,1.66,3.64,13.61
PT_066,6,None,0.0,1.56,3.46,14.7
PT_066,7,None,0.0,1.4,3.02,15.82
PT_066,8,None,0.0,1.48,3.17,16.99
PT_066,9,None,0.0,1.18,2.57,18.19
PT_066,10,None,0.0,1.37,2.91,19.43
PT_066,11,None,0.0,1.63,3.6,20.71
PT_066,12,None,0.0,1.78,3.56,22.01
PT_066,13,None,0.0,1.91,3.9,23.34
PT_066,14,None,0.0,1.87,4.32,24.7
PT_066,15,None,0.0,2.2,5.34,26.08
PT_066,16,None,0.0,2.31,4.79,27.49
PT_066,17,None,0.0,2.28,4.92,28.91
PT_066,18,None,0.0,2.4,5.42,30.34
PT_066,19,None,0.0,2.4,5.03,31.79
PT_066,20,None,0.0,2.74,6.02,33.25
PT_066,21,Regimen A,100.0,4.3,9.47,23.6
PT_066,22,None,0.0,4.02,9.29,24.97
PT_066,23,None,0.0,3.23,7.12,26.35
PT_066,24,None,0.0,3.41,7.79,27.76
PT_066,25,None,0.0,2.7,6.05,29.18
PT_066,26,None,0.0,2.84,6.07,30.62
PT_066,27,None,0.0,2.45,5.47,32.07
PT_066,28,None,0.0,2.48,5.6,33.53
PT_066,29,None,0.0,2.85,6.18,34.99
PT_066,30,None,0.0,2.71,5.91,36.46
PT_066,31,None,0.0,2.72,6.22,37.93
PT_066,32,None,0.0,2.86,6.36,39.4
PT_066,33,None,0.0,2.7,5.88,40.87
PT_066,34,None,0.0,2.77,6.24,42.34
PT_066,35,None,0.0,2.96,6.33,43.79
PT_066,36,None,0.0,3.26,7.3,45.24
PT_066,37,None,0.0,3.34,7.27,46.67
PT_066,38,None,0.0,3.18,7.15,48.1
PT_066,39,None,0.0,3.16,6.93,49.5
PT_066,40,None,0.0,3.38,7.48,50.9
PT_066,41,None,0.0,3.51,7.66,52.27
PT_066,42,None,0.0,4.61,10.09,53.63
PT_066,43,None,0.0,4.37,9.73,54.96
PT_066,44,None,0.0,4.68,9.55,56.28
PT_066,45,None,0.0,4.48,9.69,57.57
PT_066,46,None,0.0,4.48,9.77,58.85
PT_066,47,None,0.0,4.5,9.62,60.09
PT_066,48,None,0.0,4.44,9.85,61.32
PT_066,49,None,0.0,4.46,9.79,62.52
PT_066,50,None,0.0,4.46,9.94,63.69
PT_066,51,None,0.0,4.49,9.85,64.84
PT_066,52,None,0.0,4.56,9.67,65.96
PT_066,53,Regimen A,100.0,4.5,9.88,45.6
PT_066,54,None,0.0,3.84,8.35,47.03
PT_066,55,None,0.0,3.16,7.25,48.45
PT_066,56,None,0.0,2.46,5.24,49.86
PT_066,57,None,0.0,2.05,4.35,51.25
PT_066,58,None,0.0,1.67,4.35,52.62
PT_066,59,None,0.0,1.68,3.88,53.97
PT_066,60,None,0.0,1.65,3.61,55.3
PT_066,61,None,0.0,1.6,3.03,56.61
PT_066,62,None,0.0,1.72,3.77,57.9
PT_066,63,None,0.0,1.6,3.65,59.16
PT_066,64,None,0.0,1.82,3.66,60.41
PT_066,65,None,0.0,1.81,3.79,61.62
PT_066,66,None,0.0,2.01,4.58,62.82
PT_066,67,None,0.0,1.91,3.8,63.99
PT_066,68,None,0.0,2.3,4.76,65.13
PT_066,69,None,0.0,2.08,4.5,66.25
PT_066,70,None,0.0,2.59,5.74,67.34
PT_066,71,None,0.0,2.55,6.05,68.4
PT_066,72,None,0.0,2.77,5.85,69.44
PT_066,73,None,0.0,2.86,6.12,70.45
PT_066,74,Regimen A,100.0,4.48,9.43,48.58
PT_066,75,None,0.0,3.52,7.69,49.98
PT_066,76,None,0.0,2.43,5.3,51.37
PT_066,77,None,0.0,1.94,4.09,52.74
PT_066,78,None,0.0,1.6,3.4,54.09
PT_066,79,None,0.0,1.11,2.74,55.42
PT_066,80,None,0.0,1.13,2.2,56.73
PT_066,81,None,0.0,1.18,2.36,58.01
PT_066,82,None,0.0,1.12,2.75,59.28
PT_066,83,None,0.0,1.13,3.1,60.52
PT_066,84,None,0.0,1.15,2.51,61.73
PT_066,85,None,0.0,1.17,2.47,62.92
PT_066,86,None,0.0,1.5,3.58,64.09
PT_066,87,None,0.0,1.45,2.87,65.23
PT_066,88,None,0.0,1.8,3.9,66.34
PT_066,89,None,0.0,1.91,4.06,67.43
PT_067,0,Regimen A,100.0,5.19,11.47,24.8
PT_067,1,None,0.0,4.58,9.97,26.18
PT_067,2,None,0.0,4.0,8.7,27.59
PT_067,3,None,0.0,4.04,9.14,29.01
PT_067,4,None,0.0,3.66,8.34,30.44
PT_067,5,None,0.0,3.63,8.06,31.89
PT_067,6,None,0.0,3.56,8.03,33.35
PT_067,7,None,0.0,3.53,7.89,34.81
PT_067,8,None,0.0,3.54,7.71,36.28
PT_067,9,None,0.0,3.35,7.65,37.75
PT_067,10,None,0.0,3.63,8.26,39.23
PT_067,11,None,0.0,3.8,8.39,40.69
PT_067,12,None,0.0,3.75,8.59,42.16
PT_067,13,None,0.0,3.66,8.07,43.61
PT_067,14,None,0.0,3.85,8.82,45.06
PT_067,15,None,0.0,3.82,8.68,46.5
PT_067,16,None,0.0,3.95,8.54,47.92
PT_067,17,None,0.0,4.17,9.23,49.33
PT_067,18,None,0.0,4.39,9.34,50.73
PT_067,19,None,0.0,4.29,9.22,52.1
PT_067,20,None,0.0,4.43,9.4,53.46
PT_067,21,None,0.0,4.92,10.94,54.8
PT_067,22,None,0.0,5.19,11.26,56.12
PT_067,23,None,0.0,5.14,11.44,57.42
PT_067,24,None,0.0,5.18,11.48,58.69
PT_067,25,None,0.0,5.08,11.56,59.94
PT_067,26,None,0.0,5.33,11.8,61.17
PT_067,27,None,0.0,4.99,10.6,62.37
PT_067,28,Regimen A,100.0,5.2,11.1,43.21
PT_067,29,None,0.0,4.48,9.66,44.66
PT_067,30,None,0.0,4.32,9.52,46.1
PT_067,31,None,0.0,4.44,9.67,47.53
PT_067,32,None,0.0,4.01,8.78,48.95
PT_067,33,None,0.0,3.91,8.53,50.35
PT_067,34,None,0.0,3.91,8.59,51.73
PT_067,35,None,0.0,3.97,9.01,53.09
PT_067,36,None,0.0,3.66,8.32,54.44
PT_067,37,None,0.0,3.89,8.21,55.76
PT_067,38,None,0.0,3.81,8.63,57.06
PT_067,39,None,0.0,3.88,8.24,58.34
PT_067,40,None,0.0,3.97,8.9,59.6
PT_067,41,None,0.0,3.93,8.34,60.83
PT_067,42,None,0.0,3.8,8.09,62.04
PT_067,43,None,0.0,4.07,8.9,63.23
PT_067,44,None,0.0,4.08,8.85,64.39
PT_067,45,None,0.0,4.09,9.52,65.52
PT_067,46,None,0.0,4.29,9.45,66.63
PT_067,47,None,0.0,4.19,9.21,67.71
PT_067,48,None,0.0,4.44,9.56,68.77
PT_067,49,None,0.0,4.94,10.75,69.8
PT_067,50,None,0.0,5.02,10.7,70.8
PT_067,51,None,0.0,5.12,10.91,71.78
PT_067,52,None,0.0,5.02,11.15,72.73
PT_067,53,None,0.0,5.02,11.07,73.66
PT_067,54,None,0.0,5.01,11.14,74.56
PT_067,55,None,0.0,5.12,11.45,75.43
PT_067,56,None,0.0,4.87,10.64,76.28
PT_067,57,None,0.0,4.93,10.28,77.11
PT_067,58,None,0.0,5.2,11.1,77.91
PT_067,59,Regimen A,100.0,5.07,10.84,53.51
PT_067,60,None,0.0,4.21,9.07,54.85
PT_067,61,None,0.0,4.0,8.66,56.17
PT_067,62,None,0.0,3.59,8.03,57.46
PT_067,63,None,0.0,3.15,7.36,58.74
PT_067,64,None,0.0,2.99,6.9,59.99
PT_067,65,None,0.0,2.59,5.57,61.21
PT_067,66,None,0.0,2.71,6.19,62.41
PT_067,67,None,0.0,2.75,6.06,63.59
PT_067,68,None,0.0,2.69,6.27,64.74
PT_067,69,None,0.0,3.08,6.09,65.87
PT_067,70,None,0.0,2.91,5.87,66.97
PT_067,71,None,0.0,2.55,5.16,68.04
PT_067,72,None,0.0,2.74,5.96,69.09
PT_067,73,None,0.0,3.03,6.43,70.11
PT_067,74,None,0.0,3.15,7.06,71.11
PT_067,75,None,0.0,3.19,7.17,72.08
PT_067,76,None,0.0,3.37,7.33,73.02
PT_067,77,None,0.0,3.49,7.71,73.94
PT_067,78,None,0.0,3.53,7.6,74.83
PT_067,79,None,0.0,3.74,8.21,75.7
PT_067,80,Regimen A,100.0,4.86,10.4,52.05
PT_067,81,None,0.0,4.55,10.23,53.41
PT_067,82,None,0.0,4.18,9.13,54.75
PT_067,83,None,0.0,3.63,7.93,56.07
PT_067,84,None,0.0,3.41,7.03,57.37
PT_067,85,None,0.0,3.39,7.49,58.64
PT_067,86,None,0.0,3.29,7.57,59.89
PT_067,87,None,0.0,3.24,7.24,61.12
PT_067,88,None,0.0,3.03,6.36,62.32
PT_067,89,None,0.0,3.48,7.54,63.5
PT_068,0,Regimen A,100.0,4.55,10.27,15.87
PT_068,1,None,0.0,4.03,8.75,17.03
PT_068,2,None,0.0,3.27,7.12,18.24
PT_068,3,None,0.0,2.67,5.59,19.48
PT_068,4,None,0.0,2.52,5.57,20.76
PT_068,5,None,0.0,2.24,4.88,22.06
PT_068,6,None,0.0,2.08,4.78,23.4
PT_068,7,None,0.0,2.25,4.64,24.76
PT_068,8,None,0.0,2.16,4.76,26.14
PT_068,9,None,0.0,2.18,5.29,27.54
PT_068,10,None,0.0,2.04,4.13,28.96
PT_068,11,None,0.0,2.01,4.34,30.4
PT_068,12,None,0.0,2.19,4.89,31.84
PT_068,13,None,0.0,2.55,5.75,33.3
PT_068,14,None,0.0,2.44,5.3,34.77
PT_068,15,None,0.0,2.5,5.2,36.24
PT_068,16,None,0.0,2.81,6.03,37.71
PT_068,17,None,0.0,2.8,6.14,39.18
PT_068,18,None,0.0,3.21,7.52,40.65
PT_068,19,None,0.0,3.28,7.21,42.11
PT_068,20,None,0.0,3.14,7.16,43.57
PT_068,21,None,0.0,4.71,10.44,45.02
PT_068,22,None,0.0,4.69,10.36,46.45
PT_068,23,None,0.0,4.66,10.08,47.88
PT_068,24,None,0.0,4.6,10.07,49.29
PT_068,25,None,0.0,4.58,10.28,50.68
PT_068,26,Regimen A,100.0,4.62,9.84,35.4
PT_068,27,None,0.0,4.19,9.15,36.87
PT_068,28,None,0.0,3.91,8.27,38.34
PT_068,29,None,0.0,3.5,7.55,39.81
PT_068,30,None,0.0,3.1,6.54,41.28
PT_068,31,None,0.0,3.13,6.55,42.74
PT_068,32,None,0.0,2.68,5.73,44.19
PT_068,33,None,0.0,2.74,6.1,45.64
PT_068,34,None,0.0,2.91,6.2,47.07
PT_068,35,None,0.0,3.06,6.81,48.49
PT_068,36,None,0.0,3.14,6.73,49.89
PT_068,37,None,0.0,2.97,6.4,51.28
PT_068,38,None,0.0,2.83,6.17,52.65
PT_068,39,None,0.0,2.97,6.44,54.0
PT_068,40,None,0.0,3.22,7.15,55.33
PT_068,41,None,0.0,3.23,7.16,56.64
PT_068,42,None,0.0,3.25,6.99,57.93
PT_068,43,None,0.0,3.62,7.88,59.19
PT_068,44,None,0.0,3.5,7.79,60.44
PT_068,45,None,0.0,3.57,7.97,61.65
PT_068,46,None,0.0,3.74,8.15,62.85
PT_068,47,None,0.0,4.68,10.35,64.01
PT_068,48,None,0.0,4.57,10.44,65.16
PT_068,49,None,0.0,4.73,10.72,66.27
PT_068,50,None,0.0,4.57,10.11,67.36
PT_068,51,None,0.0,4.67,9.78,68.43
PT_068,52,None,0.0,4.79,10.28,69.47
PT_068,53,None,0.0,4.45,9.7,70.48
PT_068,54,None,0.0,4.59,10.36,71.46
PT_068,55,None,0.0,4.71,9.99,72.43
PT_068,56,None,0.0,4.61,10.29,73.36
PT_068,57,None,0.0,4.65,10.05,74.27
PT_068,58,Regimen A,100.0,4.53,9.91,51.1
PT_068,59,None,0.0,3.12,6.72,52.48
PT_068,60,None,0.0,2.24,4.76,53.83
PT_068,61,None,0.0,1.21,2.57,55.16
PT_068,62,None,0.0,0.54,1.33,56.48
PT_068,63,None,0.0,0.62,1.45,57.77
PT_068,64,None,0.0,0.18,0.8,59.03
PT_068,65,None,0.0,0.17,0.8,60.28
PT_068,66,None,0.0,0.14,0.8,61.5
PT_068,67,None,0.0,0.19,0.8,62.7
PT_068,68,None,0.0,0.1,0.8,63.87
PT_068,69,None,0.0,0.1,0.8,65.01
PT_068,70,None,0.0,0.29,0.8,66.13
PT_068,71,None,0.0,0.61,0.95,67.23
PT_068,72,None,0.0,0.63,1.55,68.29
PT_068,73,None,0.0,0.87,1.76,69.33
PT_068,74,None,0.0,1.11,2.05,70.35
PT_068,75,None,0.0,1.37,3.05,71.34
PT_068,76,None,0.0,1.58,3.77,72.3
PT_068,77,None,0.0,1.82,4.18,73.24
PT_068,78,None,0.0,2.09,4.6,74.15
PT_068,79,Regimen A,100.0,4.78,10.28,51.03
PT_068,80,None,0.0,3.93,8.87,52.4
PT_068,81,None,0.0,3.54,7.53,53.76
PT_068,82,None,0.0,3.07,7.22,55.09
PT_068,83,None,0.0,2.81,6.12,56.4
PT_068,84,None,0.0,2.53,5.18,57.7
PT_068,85,None,0.0,2.75,5.8,58.97
PT_068,86,None,0.0,2.38,5.44,60.21
PT_068,87,None,0.0,2.4,5.24,61.43
PT_068,88,None,0.0,2.55,5.97,62.63
PT_068,89,None,0.0,2.57,5.31,63.8
PT_069,0,Regimen A,100.0,4.79,10.75,15.87
PT_069,1,None,0.0,4.32,9.17,17.03
PT_069,2,None,0.0,3.71,7.91,18.24
PT_069,3,None,0.0,3.33,6.93,19.48
PT_069,4,None,0.0,2.78,6.09,20.76
PT_069,5,None,0.0,2.88,6.11,22.06
PT_069,6,None,0.0,3.07,6.94,23.4
PT_069,7,None,0.0,2.67,5.92,24.76
PT_069,8,None,0.0,2.8,6.42,26.14
PT_069,9,None,0.0,2.63,5.88,27.54
PT_069,10,None,0.0,3.03,6.63,28.96
PT_069,11,None,0.0,2.81,6.48,30.4
PT_069,12,None,0.0,3.02,6.21,31.84
PT_069,13,None,0.0,2.91,6.26,33.3
PT_069,14,None,0.0,3.06,7.06,34.77
PT_069,15,None,0.0,3.28,6.79,36.24
PT_069,16,None,0.0,3.17,7.32,37.71
PT_069,17,None,0.0,3.14,7.17,39.18
PT_069,18,None,0.0,3.5,7.37,40.65
PT_069,19,None,0.0,3.5,7.75,42.11
PT_069,20,None,0.0,3.68,8.37,43.57
PT_069,21,None,0.0,4.73,10.62,45.02
PT_069,22,Regimen A,100.0,4.9,10.92,31.59
PT_069,23,None,0.0,4.11,9.06,33.04
PT_069,24,None,0.0,3.59,7.8,34.51
PT_069,25,None,0.0,3.57,7.72,35.98
PT_069,26,None,0.0,3.7,8.1,37.45
PT_069,27,None,0.0,3.0,6.53,38.92
PT_069,28,None,0.0,2.99,6.1,40.39
PT_069,29,None,0.0,2.94,6.8,41.85
PT_069,30,None,0.0,3.12,6.84,43.31
PT_069,31,None,0.0,2.89,6.41,44.76
PT_069,32,None,0.0,3.15,6.95,46.2
PT_069,33,None,0.0,2.75,6.25,47.63
PT_069,34,None,0.0,3.12,6.79,49.04
PT_069,35,None,0.0,3.08,6.29,50.44
PT_069,36,None,0.0,3.64,7.82,51.82
PT_069,37,None,0.0,3.21,7.12,53.18
PT_069,38,None,0.0,3.47,7.61,54.52
PT_069,39,None,0.0,3.51,7.92,55.85
PT_069,40,None,0.0,3.64,7.95,57.15
PT_069,41,None,0.0,3.9,8.71,58.43
PT_069,42,None,0.0,3.96,9.1,59.68
PT_069,43,Regimen A,100.0,4.76,10.37,41.42
PT_069,44,None,0.0,3.59,7.45,42.88
PT_069,45,None,0.0,3.36,7.37,44.34
PT_069,46,None,0.0,2.74,6.19,45.78
PT_069,47,None,0.0,2.71,5.8,47.21
PT_069,48,None,0.0,2.3,4.76,48.63
PT_069,49,None,0.0,2.32,5.25,50.03
PT_069,50,None,0.0,2.09,4.7,51.41
PT_069,51,None,0.0,1.79,3.8,52.78
PT_069,52,None,0.0,2.04,4.52,54.13
PT_069,53,None,0.0,2.19,5.17,55.46
PT_069,54,None,0.0,2.37,5.15,56.77
PT_069,55,None,0.0,2.35,5.3,58.05
PT_069,56,None,0.0,2.52,5.52,59.32
PT_069,57,None,0.0,2.43,5.39,60.56
PT_069,58,None,0.0,2.68,5.92,61.77
PT_069,59,None,0.0,2.51,5.73,62.96
PT_069,60,None,0.0,2.93,6.11,64.13
PT_069,61,None,0.0,3.03,6.61,65.27
PT_069,62,None,0.0,3.15,7.19,66.38
PT_069,63,None,0.0,3.16,6.91,67.47
PT_069,64,Regimen A,100.0,4.95,11.06,46.6
PT_069,65,None,0.0,4.48,10.12,48.02
PT_069,66,None,0.0,3.9,8.66,49.43
PT_069,67,None,0.0,3.94,8.86,50.83
PT_069,68,None,0.0,3.32,7.29,52.2
PT_069,69,None,0.0,3.46,7.32,53.56
PT_069,70,None,0.0,3.2,6.91,54.9
PT_069,71,None,0.0,3.14,7.49,56.21
PT_069,72,None,0.0,3.22,7.36,57.51
PT_069,73,None,0.0,3.21,7.16,58.78
PT_069,74,None,0.0,3.16,6.69,60.03
PT_069,75,None,0.0,3.42,7.43,61.26
PT_069,76,None,0.0,3.28,7.06,62.46
PT_069,77,None,0.0,3.33,7.45,63.63
PT_069,78,None,0.0,3.54,7.84,64.78
PT_069,79,None,0.0,3.66,7.74,65.91
PT_069,80,None,0.0,3.69,8.32,67.01
PT_069,81,None,0.0,3.76,7.92,68.08
PT_069,82,None,0.0,3.66,8.25,69.13
PT_069,83,None,0.0,3.71,8.08,70.15
PT_069,84,None,0.0,3.95,8.32,71.14
PT_069,85,None,0.0,4.89,10.4,72.11
PT_069,86,None,0.0,4.8,10.49,73.06
PT_069,87,None,0.0,4.95,11.14,73.97
PT_069,88,None,0.0,4.84,10.6,74.86
PT_069,89,None,0.0,4.77,10.65,75.73
PT_070,0,Regimen A,100.0,4.66,9.82,15.87
PT_070,1,None,0.0,3.87,8.21,17.03
PT_070,2,None,0.0,3.41,7.06,18.24
PT_070,3,None,0.0,2.89,6.82,19.48
PT_070,4,None,0.0,2.49,5.49,20.76
PT_070,5,None,0.0,2.3,4.82,22.06
PT_070,6,None,0.0,2.21,5.29,23.4
PT_070,7,None,0.0,2.15,4.49,24.76
PT_070,8,None,0.0,2.07,4.96,26.14
PT_070,9,None,0.0,2.11,4.55,27.54
PT_070,10,None,0.0,2.13,4.72,28.96
PT_070,11,None,0.0,2.23,4.97,30.4
PT_070,12,None,0.0,2.51,5.68,31.84
PT_070,13,None,0.0,2.43,5.68,33.3
PT_070,14,None,0.0,2.64,5.82,34.77
PT_070,15,None,0.0,2.67,5.73,36.24
PT_070,16,None,0.0,2.56,4.97,37.71
PT_070,17,None,0.0,2.98,6.54,39.18
PT_070,18,None,0.0,3.01,6.53,40.65
PT_070,19,None,0.0,3.23,7.26,42.11
PT_070,20,None,0.0,3.36,8.14,43.57
PT_070,21,None,0.0,4.52,10.0,45.02
PT_070,22,None,0.0,4.69,10.14,46.45
PT_070,23,None,0.0,4.6,9.66,47.88
PT_070,24,None,0.0,4.66,10.77,49.29
PT_070,25,None,0.0,4.51,9.54,50.68
PT_070,26,None,0.0,4.59,10.18,52.06
PT_070,27,None,0.0,4.59,10.05,53.42
PT_070,28,None,0.0,4.54,10.21,54.76
PT_070,29,None,0.0,4.46,10.25,56.08
PT_070,30,None,0.0,4.67,10.37,57.38
PT_070,31,Regimen A,100.0,4.71,10.42,39.88
PT_070,32,None,0.0,4.64,10.44,41.35
PT_070,33,None,0.0,4.21,8.92,42.81
PT_070,34,None,0.0,4.4,9.24,44.26
PT_070,35,None,0.0,4.17,9.47,45.71
PT_070,36,None,0.0,4.12,9.3,47.14
PT_070,37,None,0.0,4.19,9.11,48.55
PT_070,38,None,0.0,4.33,9.1,49.96
PT_070,39,None,0.0,4.29,9.28,51.34
PT_070,40,None,0.0,3.96,8.15,52.71
PT_070,41,None,0.0,4.33,9.74,54.06
PT_070,42,None,0.0,4.27,9.42,55.39
PT_070,43,None,0.0,3.93,8.65,56.7
PT_070,44,None,0.0,4.09,9.01,57.99
PT_070,45,None,0.0,4.19,9.32,59.25
PT_070,46,None,0.0,4.37,9.5,60.49
PT_070,47,None,0.0,4.45,10.15,61.71
PT_070,48,None,0.0,4.22,9.32,62.9
PT_070,49,None,0.0,4.41,9.75,64.07
PT_070,50,None,0.0,4.35,9.78,65.21
PT_070,51,None,0.0,4.43,9.49,66.32
PT_070,52,Regimen A,100.0,4.55,10.16,45.84
PT_070,53,None,0.0,3.18,6.86,47.27
PT_070,54,None,0.0,2.24,5.24,48.69
PT_070,55,None,0.0,1.38,2.76,50.09
PT_070,56,None,0.0,1.01,2.25,51.48
PT_070,57,None,0.0,0.67,1.46,52.84
PT_070,58,None,0.0,0.17,0.8,54.19
PT_070,59,None,0.0,0.22,0.8,55.52
PT_070,60,None,0.0,0.13,0.8,56.83
PT_070,61,None,0.0,0.27,0.86,58.11
PT_070,62,None,0.0,0.39,1.13,59.37
PT_070,63,None,0.0,0.56,1.14,60.61
PT_070,64,None,0.0,0.55,1.03,61.82
PT_070,65,None,0.0,0.55,1.17,63.01
PT_070,66,None,0.0,0.79,1.68,64.18
PT_070,67,None,0.0,1.09,2.2,65.32
PT_070,68,None,0.0,1.29,2.81,66.43
PT_070,69,None,0.0,1.49,3.07,67.52
PT_070,70,None,0.0,1.62,3.5,68.58
PT_070,71,None,0.0,1.98,4.36,69.61
PT_070,72,None,0.0,1.94,4.29,70.62
PT_070,73,Regimen A,100.0,4.6,10.05,48.69
PT_070,74,None,0.0,3.85,8.45,50.09
PT_070,75,None,0.0,3.47,7.51,51.48
PT_070,76,None,0.0,3.15,7.37,52.84
PT_070,77,None,0.0,2.85,6.54,54.19
PT_070,78,None,0.0,2.51,5.65,55.52
PT_070,79,None,0.0,2.57,5.89,56.83
PT_070,80,None,0.0,2.3,4.72,58.11
PT_070,81,None,0.0,2.6,6.0,59.37
PT_070,82,None,0.0,2.33,5.34,60.61
PT_070,83,None,0.0,2.09,4.18,61.83
PT_070,84,None,0.0,2.59,5.53,63.01
PT_070,85,None,0.0,2.56,6.08,64.18
PT_070,86,None,0.0,2.77,6.23,65.32
PT_070,87,None,0.0,2.7,5.89,66.43
PT_070,88,None,0.0,2.47,5.33,67.52
PT_070,89,None,0.0,2.79,6.14,68.58
PT_071,0,Regimen A,100.0,4.33,9.63,15.87
PT_071,1,None,0.0,3.45,7.32,17.03
PT_071,2,None,0.0,2.78,6.01,18.24
PT_071,3,None,0.0,2.31,5.55,19.48
PT_071,4,None,0.0,1.61,3.06,20.76
PT_071,5,None,0.0,1.71,3.62,22.06
PT_071,6,None,0.0,1.5,3.63,23.4
PT_071,7,None,0.0,1.23,2.92,24.76
PT_071,8,None,0.0,1.5,3.81,26.14
PT_071,9,None,0.0,1.3,2.71,27.54
PT_071,10,None,0.0,1.16,2.11,28.96
PT_071,11,None,0.0,1.53,3.5,30.4
PT_071,12,None,0.0,1.71,4.22,31.84
PT_071,13,None,0.0,1.74,3.61,33.3
PT_071,14,None,0.0,1.89,4.33,34.77
PT_071,15,None,0.0,2.1,4.5,36.24
PT_071,16,None,0.0,2.27,4.98,37.71
PT_071,17,None,0.0,2.34,5.15,39.18
PT_071,18,None,0.0,2.31,5.21,40.65
PT_071,19,None,0.0,2.48,5.37,42.11
PT_071,20,None,0.0,2.86,6.44,43.57
PT_071,21,None,0.0,4.25,9.13,45.02
PT_071,22,None,0.0,4.31,9.51,46.45
PT_071,23,None,0.0,4.28,9.65,47.88
PT_071,24,None,0.0,4.42,9.75,49.29
PT_071,25,None,0.0,4.4,9.37,50.68
PT_071,26,None,0.0,4.24,9.19,52.06
PT_071,27,None,0.0,4.41,9.84,53.42
PT_071,28,None,0.0,4.28,9.45,54.76
PT_071,29,Regimen A,100.0,4.28,9.11,38.13
PT_071,30,None,0.0,3.95,8.36,39.6
PT_071,31,None,0.0,3.43,7.43,41.07
PT_071,32,None,0.0,3.06,6.38,42.53
PT_071,33,None,0.0,2.73,5.55,43.99
PT_071,34,None,0.0,2.81,5.99,45.43
PT_071,35,None,0.0,2.61,5.76,46.87
PT_071,36,None,0.0,2.47,5.74,48.29
PT_071,37,None,0.0,2.59,5.36,49.69
PT_071,38,None,0.0,2.54,5.51,51.08
PT_071,39,None,0.0,2.55,5.68,52.46
PT_071,40,None,0.0,2.65,5.96,53.81
PT_071,41,None,0.0,2.78,5.94,55.14
PT_071,42,None,0.0,2.66,5.72,56.46
PT_071,43,None,0.0,2.96,6.57,57.75
PT_071,44,None,0.0,3.18,6.88,59.02
PT_071,45,None,0.0,3.2,7.35,60.26
PT_071,46,None,0.0,3.33,7.13,61.48
PT_071,47,None,0.0,3.31,7.27,62.68
PT_071,48,None,0.0,3.25,7.56,63.85
PT_071,49,None,0.0,3.43,7.61,64.99
PT_071,50,None,0.0,4.32,9.4,66.11
PT_071,51,None,0.0,4.22,9.1,67.21
PT_071,52,Regimen A,100.0,4.17,9.28,46.43
PT_071,53,None,0.0,3.02,6.41,47.85
PT_071,54,None,0.0,2.01,4.47,49.26
PT_071,55,None,0.0,1.25,2.34,50.66
PT_071,56,None,0.0,0.97,2.17,52.04
PT_071,57,None,0.0,0.54,0.8,53.4
PT_071,58,None,0.0,0.23,0.8,54.74
PT_071,59,None,0.0,0.16,0.8,56.06
PT_071,60,None,0.0,0.1,0.8,57.35
PT_071,61,None,0.0,0.2,0.8,58.63
PT_071,62,None,0.0,0.2,0.8,59.88
PT_071,63,None,0.0,0.1,0.8,61.11
PT_071,64,None,0.0,0.52,1.12,62.31
PT_071,65,None,0.0,0.51,0.8,63.49
PT_071,66,None,0.0,0.79,1.8,64.65
PT_071,67,None,0.0,0.93,2.21,65.77
PT_071,68,None,0.0,1.31,2.77,66.88
PT_071,69,None,0.0,1.25,3.09,67.95
PT_071,70,None,0.0,1.39,3.12,69.0
PT_071,71,None,0.0,1.84,4.46,70.03
PT_071,72,None,0.0,2.06,4.4,71.03
PT_071,73,Regimen A,100.0,4.32,9.68,48.96
PT_071,74,None,0.0,3.5,8.1,50.36
PT_071,75,None,0.0,2.84,6.51,51.74
PT_071,76,None,0.0,2.35,5.48,53.1
PT_071,77,None,0.0,2.1,4.41,54.45
PT_071,78,None,0.0,1.84,3.98,55.77
PT_071,79,None,0.0,1.83,3.87,57.07
PT_071,80,None,0.0,1.66,3.68,58.35
PT_071,81,None,0.0,1.5,3.44,59.61
PT_071,82,None,0.0,1.74,3.8,60.84
PT_071,83,None,0.0,1.44,3.27,62.05
PT_071,84,None,0.0,1.7,4.07,63.24
PT_071,85,None,0.0,1.93,3.9,64.4
PT_071,86,None,0.0,1.9,4.11,65.53
PT_071,87,None,0.0,2.0,4.44,66.64
PT_071,88,None,0.0,2.08,4.59,67.72
PT_071,89,None,0.0,2.3,5.23,68.78
PT_072,0,Regimen A,100.0,5.79,12.5,15.87
PT_072,1,None,0.0,4.93,10.78,17.03
PT_072,2,None,0.0,4.58,10.1,18.24
PT_072,3,None,0.0,4.23,9.44,19.48
PT_072,4,None,0.0,3.96,9.04,20.76
PT_072,5,None,0.0,3.86,8.75,22.06
PT_072,6,None,0.0,3.76,7.93,23.4
PT_072,7,None,0.0,3.57,7.7,24.76
PT_072,8,None,0.0,3.76,8.02,26.14
PT_072,9,None,0.0,3.72,8.09,27.54
PT_072,10,None,0.0,3.61,8.52,28.96
PT_072,11,None,0.0,3.74,8.21,30.4
PT_072,12,None,0.0,3.76,7.81,31.84
PT_072,13,None,0.0,3.94,8.45,33.3
PT_072,14,None,0.0,3.98,8.46,34.77
PT_072,15,None,0.0,4.11,9.14,36.24
PT_072,16,None,0.0,3.8,8.77,37.71
PT_072,17,None,0.0,4.42,9.53,39.18
PT_072,18,None,0.0,4.31,9.36,40.65
PT_072,19,None,0.0,4.45,9.69,42.11
PT_072,20,None,0.0,4.68,10.58,43.57
PT_072,21,None,0.0,5.86,13.25,45.02
PT_072,22,None,0.0,5.54,11.96,46.45
PT_072,23,None,0.0,5.6,12.44,47.88
PT_072,24,None,0.0,5.32,12.11,49.29
PT_072,25,None,0.0,5.72,13.0,50.68
PT_072,26,None,0.0,5.67,12.68,52.06
PT_072,27,None,0.0,5.68,12.56,53.42
PT_072,28,None,0.0,5.67,12.44,54.76
PT_072,29,Regimen A,100.0,5.66,12.48,38.13
PT_072,30,None,0.0,4.31,9.34,39.6
PT_072,31,None,0.0,3.77,8.15,41.07
PT_072,32,None,0.0,3.26,7.74,42.53
PT_072,33,None,0.0,2.6,6.05,43.99
PT_072,34,None,0.0,2.24,4.5,45.43
PT_072,35,None,0.0,1.89,4.06,46.87
PT_072,36,None,0.0,1.89,4.15,48.29
PT_072,37,None,0.0,2.05,4.71,49.69
PT_072,38,None,0.0,2.1,4.86,51.08
PT_072,39,None,0.0,2.37,5.17,52.46
PT_072,40,None,0.0,2.06,4.82,53.81
PT_072,41,None,0.0,2.42,5.48,55.14
PT_072,42,None,0.0,2.34,5.19,56.46
PT_072,43,None,0.0,2.69,5.72,57.75
PT_072,44,None,0.0,2.83,6.6,59.02
PT_072,45,None,0.0,2.87,6.13,60.26
PT_072,46,None,0.0,3.26,7.25,61.48
PT_072,47,None,0.0,3.4,7.35,62.68
PT_072,48,None,0.0,3.47,7.35,63.85
PT_072,49,None,0.0,3.63,7.73,64.99
PT_072,50,None,0.0,5.75,12.54,66.11
PT_072,51,None,0.0,5.73,12.77,67.21
PT_072,52,None,0.0,5.5,11.81,68.28
PT_072,53,None,0.0,5.7,12.55,69.32
PT_072,54,None,0.0,5.86,12.9,70.34
PT_072,55,None,0.0,5.75,13.07,71.33
PT_072,56,None,0.0,5.6,12.78,72.29
PT_072,57,Regimen A,100.0,5.5,11.67,49.8
PT_072,58,None,0.0,5.05,10.86,51.18
PT_072,59,None,0.0,4.23,9.0,52.56
PT_072,60,None,0.0,4.18,9.02,53.91
PT_072,61,None,0.0,3.64,8.22,55.24
PT_072,62,None,0.0,3.26,7.07,56.55
PT_072,63,None,0.0,3.47,7.65,57.84
PT_072,64,None,0.0,3.34,7.31,59.11
PT_072,65,None,0.0,3.42,7.62,60.35
PT_072,66,None,0.0,3.56,7.7,61.57
PT_072,67,None,0.0,3.46,7.83,62.76
PT_072,68,None,0.0,3.6,7.7,63.93
PT_072,69,None,0.0,3.79,8.39,65.08
PT_072,70,None,0.0,3.76,7.61,66.2
PT_072,71,None,0.0,3.94,8.8,67.29
PT_072,72,None,0.0,3.74,8.31,68.35
PT_072,73,None,0.0,4.11,9.29,69.39
PT_072,74,None,0.0,4.14,8.91,70.41
PT_072,75,None,0.0,4.19,8.99,71.4
PT_072,76,None,0.0,4.02,8.75,72.36
PT_072,77,None,0.0,4.66,9.99,73.3
PT_072,78,Regimen A,100.0,5.65,12.55,50.46
PT_072,79,None,0.0,4.85,10.62,51.84
PT_072,80,None,0.0,4.31,9.43,53.2
PT_072,81,None,0.0,4.21,9.64,54.55
PT_072,82,None,0.0,3.7,7.67,55.87
PT_072,83,None,0.0,3.59,7.96,57.17
PT_072,84,None,0.0,3.46,7.21,58.45
PT_072,85,None,0.0,3.67,8.22,59.7
PT_072,86,None,0.0,3.35,6.81,60.94
PT_072,87,None,0.0,3.14,7.04,62.14
PT_072,88,None,0.0,3.48,7.23,63.33
PT_072,89,None,0.0,3.57,7.91,64.48
PT_073,0,Regimen A,100.0,2.96,6.34,8.85
PT_073,1,None,0.0,2.72,5.76,9.71
PT_073,2,None,0.0,2.6,6.13,10.62
PT_073,3,None,0.0,2.03,4.21,11.57
PT_073,4,None,0.0,2.35,5.15,12.57
PT_073,5,None,0.0,2.15,4.81,13.61
PT_073,6,None,0.0,2.04,4.36,14.7
PT_073,7,None,0.0,1.78,3.79,15.82
PT_073,8,None,0.0,1.71,4.01,16.99
PT_073,9,None,0.0,1.7,3.59,18.19
PT_073,10,None,0.0,2.02,4.26,19.43
PT_073,11,None,0.0,1.96,4.49,20.71
PT_073,12,None,0.0,1.94,4.36,22.01
PT_073,13,None,0.0,1.81,4.25,23.34
PT_073,14,None,0.0,2.17,4.83,24.7
PT_073,15,None,0.0,2.23,4.74,26.08
PT_073,16,None,0.0,2.08,4.94,27.49
PT_073,17,None,0.0,2.32,5.23,28.91
PT_073,18,None,0.0,2.35,5.24,30.34
PT_073,19,None,0.0,2.32,4.86,31.79
PT_073,20,None,0.0,2.19,4.81,33.25
PT_073,21,None,0.0,2.83,5.98,34.71
PT_073,22,None,0.0,2.6,5.49,36.18
PT_073,23,None,0.0,2.92,6.39,37.65
PT_073,24,None,0.0,2.77,6.39,39.12
PT_073,25,Regimen A,100.0,2.76,6.1,27.6
PT_073,26,None,0.0,2.63,6.0,29.02
PT_073,27,None,0.0,2.43,5.55,30.46
PT_073,28,None,0.0,2.55,5.96,31.91
PT_073,29,None,0.0,2.41,4.93,33.37
PT_073,30,None,0.0,2.31,4.86,34.83
PT_073,31,None,0.0,2.37,5.4,36.3
PT_073,32,None,0.0,2.18,5.06,37.77
PT_073,33,None,0.0,2.02,4.7,39.24
PT_073,34,None,0.0,2.19,4.51,40.71
PT_073,35,None,0.0,2.05,4.22,42.17
PT_073,36,None,0.0,2.13,4.77,43.63
PT_073,37,None,0.0,2.53,5.66,45.08
PT_073,38,None,0.0,2.25,4.94,46.51
PT_073,39,None,0.0,2.34,5.4,47.94
PT_073,40,None,0.0,2.44,5.21,49.35
PT_073,41,None,0.0,2.53,5.05,50.74
PT_073,42,None,0.0,2.28,5.2,52.12
PT_073,43,None,0.0,2.57,5.48,53.48
PT_073,44,None,0.0,2.63,6.06,54.82
PT_073,45,None,0.0,2.59,6.14,56.14
PT_073,46,None,0.0,2.79,6.24,57.43
PT_073,47,None,0.0,2.81,5.96,58.71
PT_073,48,Regimen A,100.0,2.82,6.32,40.77
PT_073,49,None,0.0,2.53,5.68,42.23
PT_073,50,None,0.0,2.27,4.95,43.69
PT_073,51,None,0.0,2.14,4.74,45.14
PT_073,52,None,0.0,1.66,3.95,46.57
PT_073,53,None,0.0,1.93,4.08,48.0
PT_073,54,None,0.0,1.6,3.74,49.41
PT_073,55,None,0.0,1.56,3.45,50.8
PT_073,56,None,0.0,1.63,3.53,52.18
PT_073,57,None,0.0,1.76,4.12,53.53
PT_073,58,None,0.0,1.76,3.93,54.87
PT_073,59,None,0.0,1.83,3.65,56.19
PT_073,60,None,0.0,1.75,3.97,57.48
PT_073,61,None,0.0,1.92,4.29,58.76
PT_073,62,None,0.0,1.86,3.55,60.01
PT_073,63,None,0.0,2.08,4.1,61.23
PT_073,64,None,0.0,1.95,4.61,62.43
PT_073,65,None,0.0,1.99,4.03,63.61
PT_073,66,None,0.0,2.19,4.86,64.76
PT_073,67,None,0.0,2.27,4.99,65.89
PT_073,68,None,0.0,2.26,4.94,66.99
PT_073,69,Regimen A,100.0,2.94,6.43,46.28
PT_073,70,None,0.0,1.94,4.08,47.71
PT_073,71,None,0.0,1.17,2.56,49.12
PT_073,72,None,0.0,0.66,1.74,50.52
PT_073,73,None,0.0,0.12,0.8,51.9
PT_073,74,None,0.0,0.24,0.8,53.26
PT_073,75,None,0.0,0.13,0.8,54.6
PT_073,76,None,0.0,0.18,0.8,55.92
PT_073,77,None,0.0,0.1,0.8,57.22
PT_073,78,None,0.0,0.19,0.8,58.5
PT_073,79,None,0.0,0.12,0.8,59.75
PT_073,80,None,0.0,0.23,0.85,60.98
PT_073,81,None,0.0,0.14,0.8,62.19
PT_073,82,None,0.0,0.12,0.8,63.37
PT_073,83,None,0.0,0.48,0.8,64.53
PT_073,84,None,0.0,0.21,0.8,65.66
PT_073,85,None,0.0,0.51,0.8,66.76
PT_073,86,None,0.0,0.8,2.21,67.84
PT_073,87,None,0.0,0.97,2.14,68.9
PT_073,88,None,0.0,0.81,1.72,69.92
PT_073,89,None,0.0,0.99,1.88,70.92
PT_074,0,Regimen A,100.0,5.12,11.1,15.87
PT_074,1,None,0.0,4.62,10.19,17.03
PT_074,2,None,0.0,3.93,8.53,18.24
PT_074,3,None,0.0,3.77,8.54,19.48
PT_074,4,None,0.0,3.59,8.0,20.76
PT_074,5,None,0.0,3.64,7.51,22.06
PT_074,6,None,0.0,3.52,8.08,23.4
PT_074,7,None,0.0,3.54,7.65,24.76
PT_074,8,None,0.0,3.43,7.84,26.14
PT_074,9,None,0.0,3.57,7.62,27.54
PT_074,10,None,0.0,3.47,7.23,28.96
PT_074,11,None,0.0,3.45,7.55,30.4
PT_074,12,None,0.0,3.71,8.61,31.84
PT_074,13,None,0.0,3.41,7.36,33.3
PT_074,14,None,0.0,3.77,8.26,34.77
PT_074,15,None,0.0,3.76,8.5,36.24
PT_074,16,None,0.0,3.63,8.52,37.71
PT_074,17,None,0.0,4.11,8.54,39.18
PT_074,18,None,0.0,4.04,9.02,40.65
PT_074,19,None,0.0,4.12,9.03,42.11
PT_074,20,None,0.0,4.06,8.69,43.57
PT_074,21,None,0.0,5.01,10.59,45.02
PT_074,22,None,0.0,4.99,10.91,46.45
PT_074,23,None,0.0,5.07,10.88,47.88
PT_074,24,None,0.0,5.0,11.08,49.29
PT_074,25,Regimen A,100.0,4.99,10.62,34.46
PT_074,26,None,0.0,4.4,9.49,35.93
PT_074,27,None,0.0,3.71,8.18,37.4
PT_074,28,None,0.0,3.49,7.57,38.88
PT_074,29,None,0.0,3.18,6.51,40.34
PT_074,30,None,0.0,2.75,6.2,41.81
PT_074,31,None,0.0,2.74,6.11,43.27
PT_074,32,None,0.0,2.72,5.85,44.72
PT_074,33,None,0.0,2.35,5.7,46.16
PT_074,34,None,0.0,2.81,6.07,47.58
PT_074,35,None,0.0,2.67,5.94,49.0
PT_074,36,None,0.0,2.82,6.41,50.4
PT_074,37,None,0.0,2.85,6.76,51.78
PT_074,38,None,0.0,3.08,6.54,53.14
PT_074,39,None,0.0,2.94,6.19,54.48
PT_074,40,None,0.0,3.42,7.33,55.81
PT_074,41,None,0.0,3.49,7.83,57.11
PT_074,42,None,0.0,3.29,7.42,58.39
PT_074,43,None,0.0,3.53,7.53,59.65
PT_074,44,None,0.0,3.22,7.16,60.88
PT_074,45,None,0.0,3.54,7.35,62.09
PT_074,46,None,0.0,4.91,10.82,63.27
PT_074,47,None,0.0,5.13,11.04,64.43
PT_074,48,None,0.0,4.92,10.79,65.56
PT_074,49,Regimen A,100.0,4.81,9.76,45.34
PT_074,50,None,0.0,4.83,10.43,46.77
PT_074,51,None,0.0,4.58,10.19,48.19
PT_074,52,None,0.0,4.47,9.92,49.6
PT_074,53,None,0.0,4.1,8.68,50.99
PT_074,54,None,0.0,4.16,9.0,52.36
PT_074,55,None,0.0,4.26,9.65,53.72
PT_074,56,None,0.0,4.32,9.01,55.05
PT_074,57,None,0.0,4.17,9.55,56.37
PT_074,58,None,0.0,4.59,10.05,57.66
PT_074,59,None,0.0,4.35,9.59,58.93
PT_074,60,None,0.0,4.39,9.7,60.18
PT_074,61,None,0.0,4.39,9.58,61.4
PT_074,62,None,0.0,4.29,9.47,62.6
PT_074,63,None,0.0,4.52,9.67,63.77
PT_074,64,None,0.0,4.26,8.9,64.92
PT_074,65,None,0.0,4.58,10.35,66.04
PT_074,66,None,0.0,4.54,9.84,67.14
PT_074,67,None,0.0,4.6,10.18,68.21
PT_074,68,None,0.0,4.55,10.31,69.25
PT_074,69,None,0.0,4.43,9.92,70.27
PT_074,70,Regimen A,100.0,4.81,10.34,48.46
PT_074,71,None,0.0,4.45,9.47,49.86
PT_074,72,None,0.0,4.21,9.58,51.25
PT_074,73,None,0.0,4.09,8.88,52.62
PT_074,74,None,0.0,3.55,8.26,53.97
PT_074,75,None,0.0,3.82,8.26,55.3
PT_074,76,None,0.0,3.52,7.76,56.61
PT_074,77,None,0.0,3.56,7.8,57.9
PT_074,78,None,0.0,3.61,7.74,59.17
PT_074,79,None,0.0,3.43,7.63,60.41
PT_074,80,None,0.0,3.61,7.83,61.63
PT_074,81,None,0.0,3.64,7.9,62.82
PT_074,82,None,0.0,3.55,7.82,63.99
PT_074,83,None,0.0,3.88,8.87,65.13
PT_074,84,None,0.0,3.68,8.21,66.25
PT_074,85,None,0.0,3.72,7.99,67.34
PT_074,86,None,0.0,3.72,8.15,68.4
PT_074,87,None,0.0,3.96,9.05,69.44
PT_074,88,None,0.0,4.19,9.12,70.46
PT_074,89,None,0.0,4.09,8.98,71.44
PT_075,0,Regimen A,100.0,5.11,11.43,8.85
PT_075,1,None,0.0,4.14,8.71,9.71
PT_075,2,None,0.0,3.89,8.89,10.62
PT_075,3,None,0.0,3.27,6.93,11.57
PT_075,4,None,0.0,3.09,6.72,12.57
PT_075,5,None,0.0,3.13,6.62,13.61
PT_075,6,None,0.0,2.54,6.0,14.7
PT_075,7,None,0.0,2.68,5.77,15.82
PT_075,8,None,0.0,2.47,5.08,16.99
PT_075,9,None,0.0,2.81,6.02,18.19
PT_075,10,None,0.0,2.79,6.32,19.43
PT_075,11,None,0.0,2.96,6.56,20.71
PT_075,12,None,0.0,2.77,6.16,22.01
PT_075,13,None,0.0,3.22,6.94,23.34
PT_075,14,None,0.0,3.05,7.06,24.7
PT_075,15,None,0.0,3.33,7.47,26.08
PT_075,16,None,0.0,3.48,7.64,27.49
PT_075,17,None,0.0,3.5,8.22,28.91
PT_075,18,None,0.0,3.29,7.17,30.34
PT_075,19,None,0.0,3.52,7.7,31.79
PT_075,20,None,0.0,3.75,8.52,33.25
PT_075,21,None,0.0,4.78,10.74,34.71
PT_075,22,None,0.0,4.84,10.43,36.18
PT_075,23,None,0.0,4.88,10.54,37.65
PT_075,24,None,0.0,4.88,11.0,39.12
PT_075,25,None,0.0,4.98,11.06,40.59
PT_075,26,None,0.0,4.7,10.39,42.05
PT_075,27,None,0.0,4.89,10.49,43.51
PT_075,28,Regimen A,100.0,4.68,10.19,30.57
PT_075,29,None,0.0,4.29,9.94,32.02
PT_075,30,None,0.0,3.82,8.21,33.48
PT_075,31,None,0.0,3.36,7.22,34.95
PT_075,32,None,0.0,3.1,6.79,36.42
PT_075,33,None,0.0,3.14,6.79,37.89
PT_075,34,None,0.0,2.62,5.68,39.36
PT_075,35,None,0.0,2.94,6.74,40.83
PT_075,36,None,0.0,2.68,5.96,42.29
PT_075,37,None,0.0,2.79,5.93,43.74
PT_075,38,None,0.0,2.59,5.53,45.19
PT_075,39,None,0.0,2.91,6.65,46.63
PT_075,40,None,0.0,3.02,6.59,48.05
PT_075,41,None,0.0,3.04,6.47,49.46
PT_075,42,None,0.0,3.11,6.73,50.85
PT_075,43,None,0.0,3.07,6.73,52.23
PT_075,44,None,0.0,3.07,7.04,53.58
PT_075,45,None,0.0,3.29,6.87,54.92
PT_075,46,None,0.0,3.39,7.31,56.24
PT_075,47,None,0.0,3.61,8.29,57.53
PT_075,48,None,0.0,3.72,8.23,58.81
PT_075,49,None,0.0,5.03,11.22,60.05
PT_075,50,None,0.0,4.93,10.82,61.28
PT_075,51,None,0.0,4.92,10.69,62.48
PT_075,52,None,0.0,4.8,10.49,63.65
PT_075,53,None,0.0,4.79,9.99,64.81
PT_075,54,None,0.0,4.79,11.04,65.93
PT_075,55,None,0.0,4.69,10.84,67.03
PT_075,56,None,0.0,4.78,10.29,68.1
PT_075,57,None,0.0,4.66,10.48,69.15
PT_075,58,None,0.0,4.82,10.61,70.17
PT_075,59,None,0.0,5.06,11.19,71.16
PT_075,60,None,0.0,4.81,10.62,72.13
PT_075,61,Regimen A,100.0,4.66,10.19,49.69
PT_075,62,None,0.0,4.28,9.72,51.08
PT_075,63,None,0.0,3.35,7.12,52.45
PT_075,64,None,0.0,3.14,7.03,53.81
PT_075,65,None,0.0,2.89,6.37,55.14
PT_075,66,None,0.0,2.54,5.73,56.45
PT_075,67,None,0.0,2.4,5.5,57.74
PT_075,68,None,0.0,2.57,5.69,59.01
PT_075,69,None,0.0,2.35,5.49,60.26
PT_075,70,None,0.0,2.51,5.26,61.48
PT_075,71,None,0.0,2.6,5.82,62.67
PT_075,72,None,0.0,2.6,6.02,63.85
PT_075,73,None,0.0,3.05,6.37,64.99
PT_075,74,None,0.0,3.0,6.78,66.11
PT_075,75,None,0.0,2.93,6.52,67.21
PT_075,76,None,0.0,2.79,5.96,68.27
PT_075,77,None,0.0,3.16,6.85,69.32
PT_075,78,None,0.0,3.32,7.64,70.33
PT_075,79,None,0.0,3.09,6.82,71.32
PT_075,80,None,0.0,3.32,7.21,72.29
PT_075,81,None,0.0,3.61,8.13,73.23
PT_075,82,Regimen A,100.0,4.84,10.44,50.41
PT_075,83,None,0.0,4.2,9.53,51.8
PT_075,84,None,0.0,4.1,9.24,53.16
PT_075,85,None,0.0,3.52,7.76,54.5
PT_075,86,None,0.0,3.9,8.68,55.83
PT_075,87,None,0.0,3.36,7.21,57.13
PT_075,88,None,0.0,3.62,7.46,58.41
PT_075,89,None,0.0,3.41,7.2,59.66
PT_076,0,Regimen A,100.0,5.41,12.02,8.85
PT_076,1,None,0.0,3.99,8.81,9.71
PT_076,2,None,0.0,2.91,6.42,10.62
PT_076,3,None,0.0,2.21,4.92,11.57
PT_076,4,None,0.0,1.82,3.82,12.57
PT_076,5,None,0.0,1.11,2.87,13.61
PT_076,6,None,0.0,1.03,2.2,14.7
PT_076,7,None,0.0,0.92,2.27,15.82
PT_076,8,None,0.0,0.7,1.69,16.99
PT_076,9,None,0.0,0.8,1.76,18.19
PT_076,10,None,0.0,0.9,2.09,19.43
PT_076,11,None,0.0,1.02,2.01,20.71
PT_076,12,None,0.0,1.42,3.38,22.01
PT_076,13,None,0.0,1.3,2.7,23.34
PT_076,14,None,0.0,1.62,3.37,24.7
PT_076,15,None,0.0,1.73,3.75,26.08
PT_076,16,None,0.0,1.96,4.39,27.49
PT_076,17,None,0.0,2.35,4.86,28.91
PT_076,18,None,0.0,2.4,5.42,30.34
PT_076,19,None,0.0,2.66,5.78,31.79
PT_076,20,None,0.0,2.89,6.1,33.25
PT_076,21,None,0.0,5.3,11.72,34.71
PT_076,22,None,0.0,5.26,11.96,36.18
PT_076,23,None,0.0,5.4,12.48,37.65
PT_076,24,None,0.0,5.5,12.46,39.12
PT_076,25,None,0.0,5.19,11.75,40.59
PT_076,26,None,0.0,5.59,12.32,42.05
PT_076,27,None,0.0,5.42,12.31,43.51
PT_076,28,None,0.0,5.43,11.9,44.96
PT_076,29,None,0.0,5.45,11.82,46.4
PT_076,30,Regimen A,100.0,5.43,11.93,32.52
PT_076,31,None,0.0,5.05,11.22,33.98
PT_076,32,None,0.0,4.49,10.06,35.45
PT_076,33,None,0.0,4.31,9.67,36.92
PT_076,34,None,0.0,4.25,9.14,38.39
PT_076,35,None,0.0,4.09,8.99,39.86
PT_076,36,None,0.0,4.21,8.78,41.33
PT_076,37,None,0.0,4.07,9.12,42.79
PT_076,38,None,0.0,3.88,8.41,44.24
PT_076,39,None,0.0,4.02,8.87,45.68
PT_076,40,None,0.0,3.84,8.4,47.12
PT_076,41,None,0.0,4.07,9.0,48.53
PT_076,42,None,0.0,4.15,9.24,49.94
PT_076,43,None,0.0,4.19,9.03,51.32
PT_076,44,None,0.0,4.41,9.53,52.69
PT_076,45,None,0.0,4.39,9.82,54.04
PT_076,46,None,0.0,4.32,9.69,55.37
PT_076,47,None,0.0,4.44,9.05,56.68
PT_076,48,None,0.0,4.31,9.58,57.97
PT_076,49,None,0.0,4.7,10.18,59.23
PT_076,50,None,0.0,4.59,9.91,60.48
PT_076,51,None,0.0,5.37,12.05,61.69
PT_076,52,None,0.0,5.46,12.22,62.88
PT_076,53,None,0.0,5.46,11.92,64.05
PT_076,54,None,0.0,5.39,11.91,65.19
PT_076,55,None,0.0,5.52,12.17,66.31
PT_076,56,Regimen A,100.0,5.26,11.7,45.83
PT_076,57,None,0.0,4.89,10.91,47.26
PT_076,58,None,0.0,4.27,9.18,48.68
PT_076,59,None,0.0,3.92,8.63,50.08
PT_076,60,None,0.0,3.56,7.65,51.46
PT_076,61,None,0.0,3.61,7.78,52.83
PT_076,62,None,0.0,3.53,7.57,54.18
PT_076,63,None,0.0,3.38,7.18,55.51
PT_076,64,None,0.0,3.34,7.45,56.82
PT_076,65,None,0.0,3.55,8.24,58.1
PT_076,66,None,0.0,3.41,7.51,59.36
PT_076,67,None,0.0,3.5,7.74,60.6
PT_076,68,None,0.0,3.59,7.65,61.81
PT_076,69,None,0.0,3.89,8.17,63.0
PT_076,70,None,0.0,3.72,8.05,64.17
PT_076,71,None,0.0,3.95,8.27,65.31
PT_076,72,None,0.0,3.64,7.69,66.42
PT_076,73,None,0.0,3.98,8.13,67.51
PT_076,74,None,0.0,4.02,8.44,68.57
PT_076,75,None,0.0,4.26,9.65,69.6
PT_076,76,None,0.0,4.32,9.34,70.61
PT_076,77,Regimen A,100.0,5.39,12.12,48.68
PT_076,78,None,0.0,4.39,9.62,50.09
PT_076,79,None,0.0,3.15,7.13,51.47
PT_076,80,None,0.0,2.27,5.05,52.84
PT_076,81,None,0.0,1.92,4.14,54.19
PT_076,82,None,0.0,1.57,3.28,55.52
PT_076,83,None,0.0,1.22,2.39,56.82
PT_076,84,None,0.0,1.43,3.25,58.11
PT_076,85,None,0.0,1.41,3.24,59.37
PT_076,86,None,0.0,1.27,2.69,60.61
PT_076,87,None,0.0,1.29,2.82,61.82
PT_076,88,None,0.0,1.29,2.89,63.01
PT_076,89,None,0.0,1.7,4.06,64.17
PT_077,0,Regimen A,100.0,4.88,10.83,8.85
PT_077,1,None,0.0,3.73,8.44,9.71
PT_077,2,None,0.0,3.11,7.22,10.62
PT_077,3,None,0.0,2.27,4.92,11.57
PT_077,4,None,0.0,1.6,3.42,12.57
PT_077,5,None,0.0,1.16,2.3,13.61
PT_077,6,None,0.0,1.09,2.51,14.7
PT_077,7,None,0.0,1.04,2.54,15.82
PT_077,8,None,0.0,0.92,1.58,16.99
PT_077,9,None,0.0,0.9,1.89,18.19
PT_077,10,None,0.0,0.93,2.11,19.43
PT_077,11,None,0.0,1.05,2.41,20.71
PT_077,12,None,0.0,1.34,2.88,22.01
PT_077,13,None,0.0,1.51,3.42,23.34
PT_077,14,None,0.0,1.68,4.17,24.7
PT_077,15,None,0.0,1.69,4.02,26.08
PT_077,16,None,0.0,2.3,5.1,27.49
PT_077,17,None,0.0,2.18,5.04,28.91
PT_077,18,None,0.0,2.34,5.35,30.34
PT_077,19,None,0.0,2.58,5.77,31.79
PT_077,20,None,0.0,2.69,5.8,33.25
PT_077,21,None,0.0,5.06,11.37,34.71
PT_077,22,None,0.0,4.95,10.81,36.18
PT_077,23,None,0.0,5.05,10.98,37.65
PT_077,24,None,0.0,5.1,11.1,39.12
PT_077,25,None,0.0,4.93,10.92,40.59
PT_077,26,None,0.0,4.95,11.35,42.05
PT_077,27,Regimen A,100.0,5.07,11.19,29.59
PT_077,28,None,0.0,3.8,8.83,31.03
PT_077,29,None,0.0,2.77,6.51,32.48
PT_077,30,None,0.0,2.08,5.09,33.94
PT_077,31,None,0.0,1.58,3.54,35.41
PT_077,32,None,0.0,0.66,1.36,36.88
PT_077,33,None,0.0,0.7,1.45,38.35
PT_077,34,None,0.0,0.56,1.22,39.82
PT_077,35,None,0.0,0.7,1.14,41.29
PT_077,36,None,0.0,0.55,1.08,42.75
PT_077,37,None,0.0,0.57,1.22,44.2
PT_077,38,None,0.0,1.05,2.63,45.65
PT_077,39,None,0.0,0.81,1.68,47.08
PT_077,40,None,0.0,1.26,3.15,48.5
PT_077,41,None,0.0,1.35,3.39,49.9
PT_077,42,None,0.0,1.72,3.51,51.29
PT_077,43,None,0.0,1.85,4.21,52.66
PT_077,44,None,0.0,1.9,4.05,54.01
PT_077,45,None,0.0,2.02,4.16,55.34
PT_077,46,None,0.0,2.44,5.92,56.65
PT_077,47,None,0.0,2.49,5.35,57.94
PT_077,48,None,0.0,5.1,11.17,59.2
PT_077,49,None,0.0,4.91,10.94,60.44
PT_077,50,None,0.0,5.02,10.9,61.66
PT_077,51,None,0.0,5.05,11.22,62.85
PT_077,52,None,0.0,4.99,11.34,64.02
PT_077,53,Regimen A,100.0,4.73,10.42,44.31
PT_077,54,None,0.0,3.39,7.45,45.75
PT_077,55,None,0.0,2.13,4.78,47.18
PT_077,56,None,0.0,1.2,2.51,48.6
PT_077,57,None,0.0,0.15,0.8,50.0
PT_077,58,None,0.0,0.1,0.8,51.39
PT_077,59,None,0.0,0.43,0.8,52.76
PT_077,60,None,0.0,0.1,0.8,54.11
PT_077,61,None,0.0,0.15,0.8,55.44
PT_077,62,None,0.0,0.21,0.8,56.75
PT_077,63,None,0.0,0.24,0.8,58.03
PT_077,64,None,0.0,0.11,0.8,59.3
PT_077,65,None,0.0,0.25,0.8,60.54
PT_077,66,None,0.0,0.1,0.8,61.75
PT_077,67,None,0.0,0.21,0.8,62.94
PT_077,68,None,0.0,0.34,1.05,64.11
PT_077,69,None,0.0,0.67,1.42,65.25
PT_077,70,None,0.0,1.14,2.54,66.36
PT_077,71,None,0.0,1.44,3.16,67.45
PT_077,72,None,0.0,1.76,3.9,68.51
PT_077,73,None,0.0,1.94,4.1,69.55
PT_077,74,Regimen A,100.0,4.86,10.89,47.98
PT_077,75,None,0.0,3.98,8.89,49.39
PT_077,76,None,0.0,3.17,7.01,50.78
PT_077,77,None,0.0,2.61,5.88,52.16
PT_077,78,None,0.0,1.99,3.85,53.52
PT_077,79,None,0.0,1.54,3.19,54.86
PT_077,80,None,0.0,1.6,3.34,56.17
PT_077,81,None,0.0,1.42,2.87,57.47
PT_077,82,None,0.0,1.33,2.77,58.74
PT_077,83,None,0.0,1.42,2.8,59.99
PT_077,84,None,0.0,1.52,2.74,61.22
PT_077,85,None,0.0,1.84,3.87,62.42
PT_077,86,None,0.0,1.77,3.89,63.6
PT_077,87,None,0.0,2.12,5.38,64.75
PT_077,88,None,0.0,2.42,5.22,65.87
PT_077,89,None,0.0,2.21,4.9,66.97
PT_078,0,Regimen A,100.0,5.99,13.24,8.85
PT_078,1,None,0.0,5.33,10.87,9.71
PT_078,2,None,0.0,4.98,10.61,10.62
PT_078,3,None,0.0,4.64,10.17,11.57
PT_078,4,None,0.0,4.21,9.35,12.57
PT_078,5,None,0.0,4.09,9.28,13.61
PT_078,6,None,0.0,4.1,8.19,14.7
PT_078,7,None,0.0,4.11,8.65,15.82
PT_078,8,None,0.0,4.09,9.08,16.99
PT_078,9,None,0.0,3.94,8.54,18.19
PT_078,10,None,0.0,3.79,8.35,19.43
PT_078,11,None,0.0,4.13,9.01,20.71
PT_078,12,None,0.0,4.11,8.98,22.01
PT_078,13,None,0.0,4.31,9.46,23.34
PT_078,14,None,0.0,4.18,9.46,24.7
PT_078,15,None,0.0,4.32,9.18,26.08
PT_078,16,None,0.0,4.42,9.4,27.49
PT_078,17,None,0.0,4.69,10.18,28.91
PT_078,18,None,0.0,4.57,10.13,30.34
PT_078,19,None,0.0,4.54,9.9,31.79
PT_078,20,None,0.0,4.88,10.54,33.25
PT_078,21,None,0.0,6.02,13.36,34.71
PT_078,22,None,0.0,5.84,12.8,36.18
PT_078,23,None,0.0,5.83,12.59,37.65
PT_078,24,None,0.0,5.8,12.66,39.12
PT_078,25,None,0.0,5.9,12.76,40.59
PT_078,26,None,0.0,6.08,13.04,42.05
PT_078,27,None,0.0,5.67,12.5,43.51
PT_078,28,None,0.0,5.81,12.18,44.96
PT_078,29,None,0.0,5.8,12.49,46.4
PT_078,30,None,0.0,5.81,12.66,47.82
PT_078,31,None,0.0,6.0,12.76,49.23
PT_078,32,Regimen A,100.0,5.92,12.74,34.43
PT_078,33,None,0.0,5.43,12.11,35.9
PT_078,34,None,0.0,5.32,11.72,37.37
PT_078,35,None,0.0,4.97,10.91,38.84
PT_078,36,None,0.0,5.12,11.38,40.31
PT_078,37,None,0.0,5.03,11.33,41.77
PT_078,38,None,0.0,4.65,10.47,43.23
PT_078,39,None,0.0,4.89,10.78,44.68
PT_078,40,None,0.0,4.78,10.54,46.12
PT_078,41,None,0.0,4.74,10.5,47.55
PT_078,42,None,0.0,4.71,10.56,48.96
PT_078,43,None,0.0,4.92,11.11,50.36
PT_078,44,None,0.0,4.94,10.62,51.74
PT_078,45,None,0.0,4.87,10.74,53.11
PT_078,46,None,0.0,5.21,11.65,54.45
PT_078,47,None,0.0,4.87,10.64,55.78
PT_078,48,None,0.0,5.18,11.78,57.08
PT_078,49,None,0.0,5.0,11.03,58.36
PT_078,50,None,0.0,5.14,11.26,59.62
PT_078,51,None,0.0,4.98,11.09,60.85
PT_078,52,None,0.0,5.04,10.92,62.06
PT_078,53,None,0.0,5.92,12.87,63.24
PT_078,54,None,0.0,5.86,12.73,64.4
PT_078,55,None,0.0,5.79,12.36,65.54
PT_078,56,None,0.0,5.73,12.11,66.64
PT_078,57,None,0.0,5.94,13.23,67.72
PT_078,58,None,0.0,5.73,12.52,68.78
PT_078,59,None,0.0,5.83,12.76,69.81
PT_078,60,None,0.0,5.68,12.48,70.81
PT_078,61,None,0.0,5.72,12.83,71.79
PT_078,62,None,0.0,5.86,12.71,72.74
PT_078,63,Regimen A,100.0,5.88,12.5,50.09
PT_078,64,None,0.0,5.54,12.57,51.48
PT_078,65,None,0.0,5.35,11.75,52.85
PT_078,66,None,0.0,5.72,12.41,54.2
PT_078,67,None,0.0,5.49,12.12,55.52
PT_078,68,None,0.0,5.32,11.37,56.83
PT_078,69,None,0.0,5.32,11.49,58.11
PT_078,70,None,0.0,5.12,11.02,59.38
PT_078,71,None,0.0,5.36,12.02,60.61
PT_078,72,None,0.0,5.31,11.64,61.83
PT_078,73,None,0.0,5.28,11.7,63.02
PT_078,74,None,0.0,5.29,11.43,64.18
PT_078,75,None,0.0,5.39,11.8,65.32
PT_078,76,None,0.0,5.38,12.13,66.43
PT_078,77,None,0.0,5.25,11.95,67.52
PT_078,78,None,0.0,5.32,11.61,68.58
PT_078,79,None,0.0,5.4,12.03,69.61
PT_078,80,None,0.0,5.22,11.53,70.62
PT_078,81,None,0.0,5.5,11.93,71.61
PT_078,82,None,0.0,5.44,11.85,72.56
PT_078,83,None,0.0,5.65,12.57,73.49
PT_078,84,Regimen A,100.0,6.0,13.1,50.59
PT_078,85,None,0.0,5.3,11.6,51.97
PT_078,86,None,0.0,5.19,11.19,53.33
PT_078,87,None,0.0,5.35,11.68,54.67
PT_078,88,None,0.0,4.95,10.74,55.99
PT_078,89,None,0.0,4.75,10.23,57.29
PT_079,0,Regimen A,100.0,6.29,13.83,8.85
PT_079,1,None,0.0,5.56,11.85,9.71
PT_079,2,None,0.0,4.88,10.55,10.62
PT_079,3,None,0.0,4.11,9.21,11.57
PT_079,4,None,0.0,3.8,8.78,12.57
PT_079,5,None,0.0,3.73,7.95,13.61
PT_079,6,None,0.0,3.14,6.86,14.7
PT_079,7,None,0.0,3.36,7.68,15.82
PT_079,8,None,0.0,3.52,7.62,16.99
PT_079,9,None,0.0,3.42,7.31,18.19
PT_079,10,None,0.0,3.39,7.27,19.43
PT_079,11,None,0.0,3.62,8.13,20.71
PT_079,12,None,0.0,3.52,7.91,22.01
PT_079,13,None,0.0,3.66,7.98,23.34
PT_079,14,None,0.0,3.72,7.85,24.7
PT_079,15,None,0.0,3.96,8.52,26.08
PT_079,16,None,0.0,4.19,9.11,27.49
PT_079,17,None,0.0,4.41,9.95,28.91
PT_079,18,None,0.0,4.62,9.78,30.34
PT_079,19,None,0.0,4.41,9.62,31.79
PT_079,20,None,0.0,4.65,10.28,33.25
PT_079,21,None,0.0,6.31,13.79,34.71
PT_079,22,None,0.0,6.32,14.03,36.18
PT_079,23,None,0.0,6.24,13.89,37.65
PT_079,24,None,0.0,6.37,13.94,39.12
PT_079,25,None,0.0,6.51,14.3,40.59
PT_079,26,None,0.0,6.42,14.24,42.05
PT_079,27,None,0.0,6.32,13.95,43.51
PT_079,28,None,0.0,6.41,14.17,44.96
PT_079,29,None,0.0,6.27,13.38,46.4
PT_079,30,None,0.0,6.36,14.03,47.82
PT_079,31,None,0.0,6.38,14.15,49.23
PT_079,32,Regimen A,100.0,6.26,13.72,34.43
PT_079,33,None,0.0,5.41,12.17,35.9
PT_079,34,None,0.0,4.77,10.45,37.37
PT_079,35,None,0.0,4.38,9.34,38.84
PT_079,36,None,0.0,4.15,9.11,40.31
PT_079,37,None,0.0,3.86,8.04,41.77
PT_079,38,None,0.0,3.44,7.69,43.23
PT_079,39,None,0.0,3.53,7.61,44.68
PT_079,40,None,0.0,3.4,7.68,46.12
PT_079,41,None,0.0,3.6,7.83,47.55
PT_079,42,None,0.0,3.63,8.18,48.96
PT_079,43,None,0.0,3.53,7.8,50.36
PT_079,44,None,0.0,3.61,7.75,51.74
PT_079,45,None,0.0,3.83,8.43,53.11
PT_079,46,None,0.0,4.05,8.69,54.45
PT_079,47,None,0.0,4.12,9.2,55.78
PT_079,48,None,0.0,4.2,8.84,57.08
PT_079,49,None,0.0,4.36,9.7,58.36
PT_079,50,None,0.0,4.37,9.37,59.62
PT_079,51,None,0.0,4.74,10.55,60.85
PT_079,52,None,0.0,4.75,10.4,62.06
PT_079,53,None,0.0,6.41,14.09,63.24
PT_079,54,None,0.0,6.28,13.75,64.4
PT_079,55,Regimen A,100.0,6.26,14.1,44.56
PT_079,56,None,0.0,5.32,11.54,46.0
PT_079,57,None,0.0,4.83,10.23,47.43
PT_079,58,None,0.0,4.5,9.43,48.85
PT_079,59,None,0.0,4.17,9.33,50.25
PT_079,60,None,0.0,3.68,7.99,51.63
PT_079,61,None,0.0,3.53,7.49,53.0
PT_079,62,None,0.0,3.5,7.72,54.34
PT_079,63,None,0.0,3.41,7.34,55.67
PT_079,64,None,0.0,3.67,7.66,56.97
PT_079,65,None,0.0,3.85,7.78,58.26
PT_079,66,None,0.0,3.93,8.11,59.51
PT_079,67,None,0.0,3.85,8.29,60.75
PT_079,68,None,0.0,3.88,8.58,61.96
PT_079,69,None,0.0,4.1,9.13,63.15
PT_079,70,None,0.0,4.19,8.96,64.31
PT_079,71,None,0.0,4.49,9.98,65.44
PT_079,72,None,0.0,4.55,10.01,66.55
PT_079,73,None,0.0,4.59,9.86,67.64
PT_079,74,None,0.0,4.73,10.21,68.7
PT_079,75,None,0.0,4.8,10.59,69.73
PT_079,76,Regimen A,100.0,6.42,14.03,48.1
PT_079,77,None,0.0,5.49,11.36,49.51
PT_079,78,None,0.0,4.79,10.72,50.9
PT_079,79,None,0.0,3.78,8.26,52.27
PT_079,80,None,0.0,3.73,8.14,53.63
PT_079,81,None,0.0,3.64,8.07,54.97
PT_079,82,None,0.0,3.11,7.04,56.28
PT_079,83,None,0.0,3.24,6.83,57.58
PT_079,84,None,0.0,2.98,6.7,58.85
PT_079,85,None,0.0,3.37,7.62,60.1
PT_079,86,None,0.0,3.16,6.93,61.32
PT_079,87,None,0.0,3.35,7.38,62.52
PT_079,88,None,0.0,3.41,7.1,63.69
PT_079,89,None,0.0,3.41,7.51,64.84
PT_080,0,Regimen A,100.0,4.1,8.9,8.85
PT_080,1,None,0.0,3.5,7.12,9.71
PT_080,2,None,0.0,3.32,7.13,10.62
PT_080,3,None,0.0,3.15,6.93,11.57
PT_080,4,None,0.0,2.9,6.18,12.57
PT_080,5,None,0.0,2.9,5.97,13.61
PT_080,6,None,0.0,2.55,5.49,14.7
PT_080,7,None,0.0,2.47,5.19,15.82
PT_080,8,None,0.0,2.79,5.98,16.99
PT_080,9,None,0.0,2.55,5.74,18.19
PT_080,10,None,0.0,2.48,5.86,19.43
PT_080,11,None,0.0,3.0,6.89,20.71
PT_080,12,None,0.0,2.68,6.11,22.01
PT_080,13,None,0.0,2.92,6.36,23.34
PT_080,14,None,0.0,2.56,5.78,24.7
PT_080,15,None,0.0,2.91,6.53,26.08
PT_080,16,None,0.0,2.96,6.06,27.49
PT_080,17,None,0.0,2.92,5.87,28.91
PT_080,18,None,0.0,2.93,6.34,30.34
PT_080,19,None,0.0,3.1,6.31,31.79
PT_080,20,None,0.0,3.27,7.01,33.25
PT_080,21,None,0.0,4.12,9.6,34.71
PT_080,22,None,0.0,4.11,8.81,36.18
PT_080,23,None,0.0,4.04,8.82,37.65
PT_080,24,None,0.0,3.98,8.46,39.12
PT_080,25,None,0.0,4.18,9.76,40.59
PT_080,26,None,0.0,4.0,8.81,42.05
PT_080,27,None,0.0,3.98,8.39,43.51
PT_080,28,None,0.0,4.12,8.89,44.96
PT_080,29,None,0.0,3.97,8.87,46.4
PT_080,30,None,0.0,3.97,8.52,47.82
PT_080,31,None,0.0,4.11,8.97,49.23
PT_080,32,None,0.0,3.74,8.21,50.63
PT_080,33,None,0.0,4.08,9.1,52.01
PT_080,34,Regimen A,100.0,3.99,8.3,36.29
PT_080,35,None,0.0,3.77,8.83,37.76
PT_080,36,None,0.0,3.25,7.04,39.23
PT_080,37,None,0.0,2.94,6.48,40.7
PT_080,38,None,0.0,2.85,6.23,42.16
PT_080,39,None,0.0,2.41,5.85,43.62
PT_080,40,None,0.0,2.47,4.93,45.07
PT_080,41,None,0.0,2.74,6.1,46.51
PT_080,42,None,0.0,2.47,5.59,47.93
PT_080,43,None,0.0,2.6,5.59,49.34
PT_080,44,None,0.0,2.55,5.46,50.73
PT_080,45,None,0.0,2.76,5.84,52.11
PT_080,46,None,0.0,2.79,6.1,53.47
PT_080,47,None,0.0,2.75,6.03,54.81
PT_080,48,None,0.0,2.84,6.49,56.13
PT_080,49,None,0.0,2.81,5.85,57.42
PT_080,50,None,0.0,2.82,6.44,58.7
PT_080,51,None,0.0,3.14,6.66,59.95
PT_080,52,None,0.0,2.92,6.44,61.18
PT_080,53,None,0.0,3.38,7.58,62.38
PT_080,54,None,0.0,3.24,7.23,63.56
PT_080,55,Regimen A,100.0,4.08,9.25,44.0
PT_080,56,None,0.0,3.63,8.17,45.45
PT_080,57,None,0.0,3.16,7.29,46.88
PT_080,58,None,0.0,3.05,6.33,48.3
PT_080,59,None,0.0,2.74,6.01,49.71
PT_080,60,None,0.0,2.35,4.69,51.1
PT_080,61,None,0.0,2.3,5.1,52.47
PT_080,62,None,0.0,2.82,6.0,53.82
PT_080,63,None,0.0,2.33,5.02,55.16
PT_080,64,None,0.0,2.38,5.18,56.47
PT_080,65,None,0.0,2.6,5.82,57.76
PT_080,66,None,0.0,2.26,4.73,59.03
PT_080,67,None,0.0,2.75,6.24,60.27
PT_080,68,None,0.0,2.55,5.71,61.49
PT_080,69,None,0.0,2.75,5.86,62.69
PT_080,70,None,0.0,2.74,5.94,63.86
PT_080,71,None,0.0,2.91,6.49,65.01
PT_080,72,None,0.0,2.87,6.18,66.13
PT_080,73,None,0.0,3.23,7.02,67.22
PT_080,74,None,0.0,3.1,6.64,68.29
PT_080,75,None,0.0,2.88,6.41,69.33
PT_080,76,Regimen A,100.0,3.95,9.3,47.83
PT_080,77,None,0.0,3.79,8.17,49.25
PT_080,78,None,0.0,3.82,8.7,50.64
PT_080,79,None,0.0,3.7,8.04,52.02
PT_080,80,None,0.0,3.18,7.34,53.38
PT_080,81,None,0.0,3.45,7.33,54.72
PT_080,82,None,0.0,3.36,7.63,56.04
PT_080,83,None,0.0,3.59,8.01,57.34
PT_080,84,None,0.0,3.49,7.5,58.61
PT_080,85,None,0.0,3.74,7.86,59.87
PT_080,86,None,0.0,3.58,8.18,61.09
PT_080,87,None,0.0,3.54,7.87,62.3
PT_080,88,None,0.0,3.62,8.39,63.48
PT_080,89,None,0.0,3.53,7.63,64.63
PT_081,0,Regimen A,100.0,3.66,8.07,24.8
PT_081,1,None,0.0,2.97,6.52,26.18
PT_081,2,None,0.0,2.55,5.63,27.59
PT_081,3,None,0.0,2.39,5.59,29.01
PT_081,4,None,0.0,1.93,3.99,30.44
PT_081,5,None,0.0,2.07,4.35,31.89
PT_081,6,None,0.0,1.41,3.1,33.35
PT_081,7,None,0.0,1.49,3.47,34.81
PT_081,8,None,0.0,1.63,3.61,36.28
PT_081,9,None,0.0,1.67,3.61,37.75
PT_081,10,None,0.0,1.78,4.03,39.23
PT_081,11,None,0.0,1.84,4.23,40.69
PT_081,12,None,0.0,1.99,4.47,42.16
PT_081,13,None,0.0,1.94,3.8,43.61
PT_081,14,None,0.0,1.91,4.06,45.06
PT_081,15,None,0.0,1.95,4.02,46.5
PT_081,16,None,0.0,2.07,5.04,47.92
PT_081,17,None,0.0,2.37,5.21,49.33
PT_081,18,None,0.0,2.14,4.66,50.73
PT_081,19,None,0.0,2.39,5.34,52.1
PT_081,20,None,0.0,2.59,5.88,53.46
PT_081,21,None,0.0,3.71,8.39,54.8
PT_081,22,None,0.0,3.67,8.22,56.12
PT_081,23,None,0.0,3.89,8.83,57.42
PT_081,24,None,0.0,3.69,8.21,58.69
PT_081,25,None,0.0,3.61,7.89,59.94
PT_081,26,None,0.0,3.72,7.96,61.17
PT_081,27,None,0.0,3.66,8.08,62.37
PT_081,28,None,0.0,3.74,8.04,63.55
PT_081,29,None,0.0,3.63,7.77,64.7
PT_081,30,None,0.0,3.72,8.15,65.83
PT_081,31,None,0.0,3.66,7.68,66.93
PT_081,32,Regimen A,100.0,3.81,8.31,46.24
PT_081,33,None,0.0,2.47,5.95,47.67
PT_081,34,None,0.0,2.04,4.54,49.08
PT_081,35,None,0.0,1.31,2.75,50.48
PT_081,36,None,0.0,0.95,2.16,51.86
PT_081,37,None,0.0,0.67,1.48,53.22
PT_081,38,None,0.0,0.61,1.37,54.57
PT_081,39,None,0.0,0.38,1.12,55.89
PT_081,40,None,0.0,0.45,0.8,57.19
PT_081,41,None,0.0,0.39,0.82,58.47
PT_081,42,None,0.0,0.57,1.07,59.72
PT_081,43,None,0.0,0.67,1.53,60.95
PT_081,44,None,0.0,0.72,1.7,62.16
PT_081,45,None,0.0,1.0,1.86,63.34
PT_081,46,None,0.0,0.7,1.45,64.5
PT_081,47,None,0.0,1.18,2.68,65.63
PT_081,48,None,0.0,1.19,2.27,66.74
PT_081,49,None,0.0,1.51,3.03,67.82
PT_081,50,None,0.0,1.67,3.85,68.87
PT_081,51,None,0.0,1.58,3.04,69.9
PT_081,52,None,0.0,1.97,4.46,70.9
PT_081,53,None,0.0,3.67,8.04,71.87
PT_081,54,None,0.0,3.56,7.82,72.82
PT_081,55,None,0.0,3.55,7.71,73.75
PT_081,56,None,0.0,3.69,7.97,74.64
PT_081,57,None,0.0,3.68,7.96,75.52
PT_081,58,None,0.0,3.79,8.28,76.37
PT_081,59,None,0.0,3.82,8.44,77.19
PT_081,60,None,0.0,3.63,7.76,77.99
PT_081,61,None,0.0,3.6,7.66,78.76
PT_081,62,None,0.0,3.74,8.8,79.52
PT_081,63,Regimen A,100.0,3.57,7.5,54.57
PT_081,64,None,0.0,3.16,6.79,55.89
PT_081,65,None,0.0,2.42,5.47,57.19
PT_081,66,None,0.0,2.35,4.95,58.47
PT_081,67,None,0.0,2.02,4.67,59.72
PT_081,68,None,0.0,1.74,3.69,60.95
PT_081,69,None,0.0,2.04,4.19,62.16
PT_081,70,None,0.0,2.08,4.69,63.34
PT_081,71,None,0.0,2.04,4.64,64.5
PT_081,72,None,0.0,1.78,4.08,65.63
PT_081,73,None,0.0,1.97,4.39,66.74
PT_081,74,None,0.0,2.13,4.66,67.82
PT_081,75,None,0.0,1.96,4.29,68.87
PT_081,76,None,0.0,2.19,5.06,69.9
PT_081,77,None,0.0,2.25,5.21,70.9
PT_081,78,None,0.0,2.2,4.9,71.87
PT_081,79,None,0.0,2.21,4.64,72.82
PT_081,80,None,0.0,2.49,5.39,73.75
PT_081,81,None,0.0,2.31,5.07,74.65
PT_081,82,None,0.0,2.57,5.7,75.52
PT_081,83,None,0.0,2.71,6.23,76.37
PT_081,84,Regimen A,100.0,3.51,7.81,52.49
PT_081,85,None,0.0,2.98,6.83,53.84
PT_081,86,None,0.0,2.69,6.09,55.18
PT_081,87,None,0.0,2.11,4.77,56.49
PT_081,88,None,0.0,1.55,3.38,57.78
PT_081,89,None,0.0,1.23,2.9,59.05
PT_082,0,Regimen A,100.0,4.32,10.12,8.85
PT_082,1,None,0.0,3.45,7.66,9.71
PT_082,2,None,0.0,3.13,7.02,10.62
PT_082,3,None,0.0,2.65,6.13,11.57
PT_082,4,None,0.0,2.2,5.01,12.57
PT_082,5,None,0.0,2.03,4.32,13.61
PT_082,6,None,0.0,1.88,4.14,14.7
PT_082,7,None,0.0,1.96,4.2,15.82
PT_082,8,None,0.0,1.97,4.06,16.99
PT_082,9,None,0.0,1.71,3.58,18.19
PT_082,10,None,0.0,1.89,4.5,19.43
PT_082,11,None,0.0,2.16,4.78,20.71
PT_082,12,None,0.0,1.93,3.98,22.01
PT_082,13,None,0.0,2.16,4.71,23.34
PT_082,14,None,0.0,2.38,5.28,24.7
PT_082,15,None,0.0,2.28,4.73,26.08
PT_082,16,None,0.0,2.47,5.49,27.49
PT_082,17,None,0.0,2.44,5.27,28.91
PT_082,18,None,0.0,2.67,5.89,30.34
PT_082,19,None,0.0,2.84,6.44,31.79
PT_082,20,None,0.0,2.95,5.92,33.25
PT_082,21,None,0.0,4.27,9.81,34.71
PT_082,22,None,0.0,4.43,9.81,36.18
PT_082,23,None,0.0,4.38,9.44,37.65
PT_082,24,None,0.0,4.38,9.7,39.12
PT_082,25,None,0.0,4.4,9.59,40.59
PT_082,26,None,0.0,4.28,9.28,42.05
PT_082,27,None,0.0,4.32,9.82,43.51
PT_082,28,None,0.0,4.38,9.34,44.96
PT_082,29,None,0.0,4.45,9.38,46.4
PT_082,30,None,0.0,4.33,9.36,47.82
PT_082,31,None,0.0,4.38,9.7,49.23
PT_082,32,None,0.0,4.3,9.65,50.63
PT_082,33,None,0.0,4.27,9.13,52.01
PT_082,34,None,0.0,4.5,9.38,53.37
PT_082,35,Regimen A,100.0,4.33,9.6,37.2
PT_082,36,None,0.0,3.24,7.72,38.67
PT_082,37,None,0.0,2.18,4.87,40.14
PT_082,38,None,0.0,1.96,4.38,41.61
PT_082,39,None,0.0,1.53,2.79,43.07
PT_082,40,None,0.0,1.1,2.09,44.52
PT_082,41,None,0.0,0.84,1.7,45.96
PT_082,42,None,0.0,0.74,1.63,47.39
PT_082,43,None,0.0,0.9,1.68,48.8
PT_082,44,None,0.0,0.88,1.97,50.21
PT_082,45,None,0.0,1.08,2.48,51.59
PT_082,46,None,0.0,1.08,2.33,52.95
PT_082,47,None,0.0,1.05,2.2,54.3
PT_082,48,None,0.0,1.14,2.17,55.63
PT_082,49,None,0.0,1.58,3.5,56.93
PT_082,50,None,0.0,1.66,3.49,58.22
PT_082,51,None,0.0,1.87,4.01,59.48
PT_082,52,None,0.0,1.77,4.0,60.71
PT_082,53,None,0.0,2.15,4.88,61.92
PT_082,54,None,0.0,2.35,5.35,63.11
PT_082,55,None,0.0,2.29,4.93,64.27
PT_082,56,None,0.0,4.24,9.29,65.41
PT_082,57,None,0.0,4.25,9.67,66.52
PT_082,58,None,0.0,4.29,9.51,67.6
PT_082,59,Regimen A,100.0,4.42,9.75,46.69
PT_082,60,None,0.0,3.61,7.63,48.11
PT_082,61,None,0.0,2.76,6.37,49.52
PT_082,62,None,0.0,2.6,5.68,50.91
PT_082,63,None,0.0,2.1,4.95,52.29
PT_082,64,None,0.0,2.22,4.81,53.64
PT_082,65,None,0.0,1.9,4.15,54.98
PT_082,66,None,0.0,1.9,3.92,56.3
PT_082,67,None,0.0,1.79,3.88,57.59
PT_082,68,None,0.0,1.9,3.97,58.86
PT_082,69,None,0.0,2.07,4.49,60.11
PT_082,70,None,0.0,2.2,5.04,61.33
PT_082,71,None,0.0,2.1,4.31,62.53
PT_082,72,None,0.0,1.98,4.52,63.71
PT_082,73,None,0.0,2.25,4.89,64.86
PT_082,74,None,0.0,2.31,5.05,65.98
PT_082,75,None,0.0,2.41,5.3,67.08
PT_082,76,None,0.0,2.61,5.59,68.15
PT_082,77,None,0.0,2.44,5.32,69.19
PT_082,78,None,0.0,2.58,5.54,70.21
PT_082,79,None,0.0,3.11,7.11,71.21
PT_082,80,Regimen A,100.0,4.37,9.72,49.08
PT_082,81,None,0.0,4.14,8.92,50.47
PT_082,82,None,0.0,3.78,8.3,51.86
PT_082,83,None,0.0,4.1,8.39,53.22
PT_082,84,None,0.0,3.77,8.23,54.56
PT_082,85,None,0.0,3.97,8.64,55.88
PT_082,86,None,0.0,3.44,7.55,57.18
PT_082,87,None,0.0,3.56,7.77,58.46
PT_082,88,None,0.0,3.67,8.25,59.72
PT_082,89,None,0.0,3.82,8.83,60.95
PT_083,0,Regimen A,100.0,3.87,8.18,8.85
PT_083,1,None,0.0,3.78,7.81,9.71
PT_083,2,None,0.0,3.41,7.4,10.62
PT_083,3,None,0.0,3.27,7.28,11.57
PT_083,4,None,0.0,2.99,6.56,12.57
PT_083,5,None,0.0,3.1,6.45,13.61
PT_083,6,None,0.0,3.1,7.19,14.7
PT_083,7,None,0.0,2.64,5.54,15.82
PT_083,8,None,0.0,3.14,6.89,16.99
PT_083,9,None,0.0,2.87,6.04,18.19
PT_083,10,None,0.0,2.97,6.44,19.43
PT_083,11,None,0.0,3.07,6.64,20.71
PT_083,12,None,0.0,3.05,6.62,22.01
PT_083,13,None,0.0,2.98,6.78,23.34
PT_083,14,None,0.0,3.11,7.26,24.7
PT_083,15,None,0.0,3.21,7.23,26.08
PT_083,16,None,0.0,3.15,6.62,27.49
PT_083,17,None,0.0,3.29,7.4,28.91
PT_083,18,None,0.0,3.33,7.61,30.34
PT_083,19,None,0.0,3.05,6.69,31.79
PT_083,20,None,0.0,3.47,7.96,33.25
PT_083,21,None,0.0,4.04,8.7,34.71
PT_083,22,None,0.0,3.95,8.8,36.18
PT_083,23,None,0.0,3.81,8.49,37.65
PT_083,24,None,0.0,3.9,8.6,39.12
PT_083,25,None,0.0,3.63,7.42,40.59
PT_083,26,None,0.0,3.99,8.75,42.05
PT_083,27,None,0.0,3.92,8.77,43.51
PT_083,28,None,0.0,3.81,7.98,44.96
PT_083,29,None,0.0,3.86,8.31,46.4
PT_083,30,None,0.0,3.92,8.33,47.82
PT_083,31,None,0.0,3.83,8.38,49.23
PT_083,32,None,0.0,3.85,8.77,50.63
PT_083,33,None,0.0,3.97,8.43,52.01
PT_083,34,None,0.0,3.94,8.72,53.37
PT_083,35,Regimen A,100.0,3.89,8.49,37.2
PT_083,36,None,0.0,2.88,6.29,38.67
PT_083,37,None,0.0,2.06,4.48,40.14
PT_083,38,None,0.0,1.26,2.76,41.61
PT_083,39,None,0.0,0.77,1.96,43.07
PT_083,40,None,0.0,0.38,0.88,44.52
PT_083,41,None,0.0,0.33,0.8,45.96
PT_083,42,None,0.0,0.28,0.8,47.39
PT_083,43,None,0.0,0.1,0.8,48.8
PT_083,44,None,0.0,0.44,1.08,50.21
PT_083,45,None,0.0,0.52,1.04,51.59
PT_083,46,None,0.0,0.44,0.8,52.95
PT_083,47,None,0.0,0.56,0.99,54.3
PT_083,48,None,0.0,0.69,2.06,55.63
PT_083,49,None,0.0,0.89,1.99,56.93
PT_083,50,None,0.0,1.0,1.69,58.22
PT_083,51,None,0.0,1.34,3.32,59.48
PT_083,52,None,0.0,1.34,2.92,60.71
PT_083,53,None,0.0,1.62,3.98,61.92
PT_083,54,None,0.0,1.82,4.28,63.11
PT_083,55,None,0.0,1.91,4.46,64.27
PT_083,56,None,0.0,3.87,8.62,65.41
PT_083,57,None,0.0,3.91,8.33,66.52
PT_083,58,None,0.0,3.83,8.3,67.6
PT_083,59,None,0.0,3.84,8.44,68.66
PT_083,60,None,0.0,3.94,8.63,69.7
PT_083,61,None,0.0,3.93,8.39,70.7
PT_083,62,Regimen A,100.0,3.7,8.54,48.74
PT_083,63,None,0.0,3.02,6.66,50.15
PT_083,64,None,0.0,2.35,5.07,51.53
PT_083,65,None,0.0,1.78,4.24,52.9
PT_083,66,None,0.0,1.61,3.43,54.24
PT_083,67,None,0.0,1.44,3.16,55.57
PT_083,68,None,0.0,1.12,2.29,56.88
PT_083,69,None,0.0,1.19,3.24,58.16
PT_083,70,None,0.0,1.1,2.46,59.42
PT_083,71,None,0.0,0.97,2.36,60.66
PT_083,72,None,0.0,1.19,2.79,61.87
PT_083,73,None,0.0,1.37,3.18,63.06
PT_083,74,None,0.0,1.54,3.03,64.22
PT_083,75,None,0.0,1.48,3.44,65.36
PT_083,76,None,0.0,1.39,3.01,66.47
PT_083,77,None,0.0,1.59,3.41,67.56
PT_083,78,None,0.0,1.75,3.36,68.62
PT_083,79,None,0.0,1.85,4.21,69.65
PT_083,80,None,0.0,2.14,4.74,70.66
PT_083,81,None,0.0,2.25,4.86,71.64
PT_083,82,None,0.0,2.18,4.75,72.6
PT_083,83,Regimen A,100.0,3.75,8.32,50.0
PT_083,84,None,0.0,3.41,7.9,51.38
PT_083,85,None,0.0,2.73,6.18,52.75
PT_083,86,None,0.0,2.25,5.22,54.1
PT_083,87,None,0.0,2.24,4.61,55.43
PT_083,88,None,0.0,1.93,4.47,56.74
PT_083,89,None,0.0,1.81,3.8,58.03
PT_084,0,Regimen A,100.0,5.27,11.56,15.87
PT_084,1,None,0.0,4.35,9.86,17.03
PT_084,2,None,0.0,3.75,8.13,18.24
PT_084,3,None,0.0,3.37,7.7,19.48
PT_084,4,None,0.0,3.04,6.32,20.76
PT_084,5,None,0.0,2.78,6.33,22.06
PT_084,6,None,0.0,2.78,6.0,23.4
PT_084,7,None,0.0,2.65,5.6,24.76
PT_084,8,None,0.0,2.53,5.84,26.14
PT_084,9,None,0.0,2.68,5.82,27.54
PT_084,10,None,0.0,2.67,6.49,28.96
PT_084,11,None,0.0,2.73,5.88,30.4
PT_084,12,None,0.0,2.72,6.23,31.84
PT_084,13,None,0.0,2.99,6.47,33.3
PT_084,14,None,0.0,3.22,6.62,34.77
PT_084,15,None,0.0,3.27,7.28,36.24
PT_084,16,None,0.0,2.91,6.41,37.71
PT_084,17,None,0.0,3.23,7.34,39.18
PT_084,18,None,0.0,3.37,7.71,40.65
PT_084,19,None,0.0,3.77,8.0,42.11
PT_084,20,None,0.0,3.59,7.59,43.57
PT_084,21,None,0.0,5.06,11.29,45.02
PT_084,22,None,0.0,5.07,11.3,46.45
PT_084,23,None,0.0,5.29,11.26,47.88
PT_084,24,None,0.0,4.98,10.76,49.29
PT_084,25,None,0.0,5.11,11.07,50.68
PT_084,26,None,0.0,5.03,10.87,52.06
PT_084,27,None,0.0,4.98,10.95,53.42
PT_084,28,None,0.0,4.92,10.57,54.76
PT_084,29,None,0.0,4.93,10.7,56.08
PT_084,30,Regimen A,100.0,5.01,11.3,39.02
PT_084,31,None,0.0,4.57,10.22,40.48
PT_084,32,None,0.0,4.5,10.12,41.95
PT_084,33,None,0.0,4.29,9.89,43.41
PT_084,34,None,0.0,4.08,8.77,44.86
PT_084,35,None,0.0,3.98,8.38,46.29
PT_084,36,None,0.0,3.97,8.72,47.72
PT_084,37,None,0.0,3.72,8.31,49.13
PT_084,38,None,0.0,4.01,8.86,50.53
PT_084,39,None,0.0,4.05,8.73,51.91
PT_084,40,None,0.0,3.94,8.98,53.27
PT_084,41,None,0.0,3.96,8.44,54.61
PT_084,42,None,0.0,3.94,8.56,55.93
PT_084,43,None,0.0,4.01,8.25,57.23
PT_084,44,None,0.0,4.16,9.24,58.51
PT_084,45,None,0.0,4.1,9.3,59.77
PT_084,46,None,0.0,4.18,9.06,61.0
PT_084,47,None,0.0,4.17,9.0,62.2
PT_084,48,None,0.0,4.38,9.73,63.38
PT_084,49,None,0.0,4.43,9.76,64.54
PT_084,50,None,0.0,4.33,9.59,65.67
PT_084,51,None,0.0,5.21,11.42,66.77
PT_084,52,None,0.0,5.21,11.49,67.85
PT_084,53,None,0.0,5.23,11.71,68.91
PT_084,54,None,0.0,5.05,10.85,69.93
PT_084,55,None,0.0,5.01,10.69,70.93
PT_084,56,None,0.0,5.12,10.89,71.91
PT_084,57,None,0.0,5.2,11.69,72.86
PT_084,58,None,0.0,5.07,11.22,73.78
PT_084,59,Regimen A,100.0,4.99,10.99,50.78
PT_084,60,None,0.0,4.36,9.48,52.16
PT_084,61,None,0.0,3.99,8.52,53.51
PT_084,62,None,0.0,3.32,7.09,54.85
PT_084,63,None,0.0,3.37,7.39,56.17
PT_084,64,None,0.0,3.09,6.57,57.47
PT_084,65,None,0.0,2.94,6.42,58.74
PT_084,66,None,0.0,2.52,5.73,59.99
PT_084,67,None,0.0,2.71,5.98,61.22
PT_084,68,None,0.0,2.77,5.72,62.42
PT_084,69,None,0.0,2.63,5.63,63.59
PT_084,70,None,0.0,2.84,5.93,64.75
PT_084,71,None,0.0,2.91,6.08,65.87
PT_084,72,None,0.0,3.02,6.9,66.97
PT_084,73,None,0.0,3.07,6.45,68.05
PT_084,74,None,0.0,3.24,7.27,69.09
PT_084,75,None,0.0,3.12,6.99,70.12
PT_084,76,None,0.0,3.65,8.41,71.11
PT_084,77,None,0.0,3.5,8.16,72.08
PT_084,78,None,0.0,3.48,7.97,73.02
PT_084,79,None,0.0,3.68,8.24,73.94
PT_084,80,Regimen A,100.0,4.96,11.13,50.89
PT_084,81,None,0.0,4.25,9.35,52.26
PT_084,82,None,0.0,3.39,7.51,53.62
PT_084,83,None,0.0,3.35,7.32,54.96
PT_084,84,None,0.0,2.72,6.05,56.27
PT_084,85,None,0.0,2.59,5.84,57.57
PT_084,86,None,0.0,2.28,5.01,58.84
PT_084,87,None,0.0,2.23,4.7,60.09
PT_084,88,None,0.0,2.49,5.43,61.31
PT_084,89,None,0.0,2.63,5.61,62.51
PT_085,0,Regimen A,100.0,6.26,13.72,15.87
PT_085,1,None,0.0,5.91,12.67,17.03
PT_085,2,None,0.0,5.79,12.68,18.24
PT_085,3,None,0.0,5.33,11.51,19.48
PT_085,4,None,0.0,5.32,11.76,20.76
PT_085,5,None,0.0,4.89,10.92,22.06
PT_085,6,None,0.0,4.92,10.93,23.4
PT_085,7,None,0.0,5.06,10.62,24.76
PT_085,8,None,0.0,4.93,10.99,26.14
PT_085,9,None,0.0,4.95,11.27,27.54
PT_085,10,None,0.0,4.92,11.24,28.96
PT_085,11,None,0.0,4.92,11.15,30.4
PT_085,12,None,0.0,4.88,10.4,31.84
PT_085,13,None,0.0,5.23,11.63,33.3
PT_085,14,None,0.0,5.42,11.66,34.77
PT_085,15,None,0.0,4.99,10.57,36.24
PT_085,16,None,0.0,5.1,11.4,37.71
PT_085,17,None,0.0,5.13,11.58,39.18
PT_085,18,None,0.0,5.46,12.2,40.65
PT_085,19,None,0.0,5.27,11.7,42.11
PT_085,20,None,0.0,5.37,11.8,43.57
PT_085,21,None,0.0,6.16,13.43,45.02
PT_085,22,None,0.0,6.08,13.07,46.45
PT_085,23,Regimen A,100.0,6.2,13.46,32.56
PT_085,24,None,0.0,5.58,12.05,34.02
PT_085,25,None,0.0,4.89,10.71,35.49
PT_085,26,None,0.0,4.73,10.65,36.96
PT_085,27,None,0.0,4.3,9.37,38.43
PT_085,28,None,0.0,3.92,9.04,39.9
PT_085,29,None,0.0,3.77,8.42,41.36
PT_085,30,None,0.0,3.97,8.56,42.82
PT_085,31,None,0.0,3.72,8.73,44.28
PT_085,32,None,0.0,4.0,9.12,45.72
PT_085,33,None,0.0,3.66,8.41,47.15
PT_085,34,None,0.0,3.9,8.28,48.57
PT_085,35,None,0.0,4.01,8.92,49.97
PT_085,36,None,0.0,4.43,9.46,51.36
PT_085,37,None,0.0,4.29,9.29,52.73
PT_085,38,None,0.0,4.36,9.84,54.08
PT_085,39,None,0.0,4.45,9.64,55.41
PT_085,40,None,0.0,4.37,9.33,56.72
PT_085,41,None,0.0,4.61,10.26,58.0
PT_085,42,None,0.0,4.61,10.19,59.27
PT_085,43,None,0.0,4.96,10.89,60.51
PT_085,44,None,0.0,6.12,13.26,61.72
PT_085,45,None,0.0,6.12,13.78,62.91
PT_085,46,None,0.0,6.28,13.8,64.08
PT_085,47,None,0.0,6.18,13.6,65.22
PT_085,48,Regimen A,100.0,5.89,13.3,45.11
PT_085,49,None,0.0,5.79,12.34,46.54
PT_085,50,None,0.0,5.34,12.0,47.97
PT_085,51,None,0.0,5.22,11.08,49.38
PT_085,52,None,0.0,5.03,11.03,50.77
PT_085,53,None,0.0,4.65,10.29,52.15
PT_085,54,None,0.0,4.66,10.02,53.51
PT_085,55,None,0.0,4.73,10.7,54.84
PT_085,56,None,0.0,4.87,10.76,56.16
PT_085,57,None,0.0,4.55,10.08,57.46
PT_085,58,None,0.0,4.53,9.87,58.73
PT_085,59,None,0.0,4.54,9.86,59.98
PT_085,60,None,0.0,4.81,10.24,61.21
PT_085,61,None,0.0,4.66,10.38,62.41
PT_085,62,None,0.0,4.69,10.1,63.59
PT_085,63,None,0.0,4.79,10.61,64.74
PT_085,64,None,0.0,5.15,11.51,65.87
PT_085,65,None,0.0,4.92,10.91,66.97
PT_085,66,None,0.0,5.16,11.11,68.04
PT_085,67,None,0.0,5.25,11.8,69.09
PT_085,68,None,0.0,5.33,11.49,70.11
PT_085,69,Regimen A,100.0,6.15,13.22,48.35
PT_085,70,None,0.0,5.12,11.22,49.76
PT_085,71,None,0.0,4.37,9.19,51.15
PT_085,72,None,0.0,3.56,7.65,52.52
PT_085,73,None,0.0,3.51,7.83,53.87
PT_085,74,None,0.0,3.01,6.11,55.2
PT_085,75,None,0.0,2.91,6.3,56.52
PT_085,76,None,0.0,2.98,6.41,57.81
PT_085,77,None,0.0,2.73,6.0,59.07
PT_085,78,None,0.0,3.17,7.38,60.32
PT_085,79,None,0.0,3.11,6.26,61.54
PT_085,80,None,0.0,2.89,6.68,62.73
PT_085,81,None,0.0,3.18,7.28,63.9
PT_085,82,None,0.0,3.18,6.84,65.05
PT_085,83,None,0.0,3.41,7.71,66.17
PT_085,84,None,0.0,3.71,8.69,67.26
PT_085,85,None,0.0,3.74,8.03,68.33
PT_085,86,None,0.0,3.85,8.3,69.37
PT_085,87,None,0.0,3.87,8.74,70.38
PT_085,88,None,0.0,4.2,9.16,71.37
PT_085,89,None,0.0,4.57,9.93,72.33
PT_086,0,Regimen A,100.0,3.16,6.69,8.85
PT_086,1,None,0.0,2.5,5.63,9.71
PT_086,2,None,0.0,1.87,4.29,10.62
PT_086,3,None,0.0,1.27,3.43,11.57
PT_086,4,None,0.0,0.96,2.68,12.57
PT_086,5,None,0.0,0.72,1.7,13.61
PT_086,6,None,0.0,0.61,1.32,14.7
PT_086,7,None,0.0,0.35,0.8,15.82
PT_086,8,None,0.0,0.32,0.8,16.99
PT_086,9,None,0.0,0.32,0.8,18.19
PT_086,10,None,0.0,0.36,0.8,19.43
PT_086,11,None,0.0,0.44,0.8,20.71
PT_086,12,None,0.0,0.64,0.9,22.01
PT_086,13,None,0.0,0.78,1.65,23.34
PT_086,14,None,0.0,0.96,2.24,24.7
PT_086,15,None,0.0,0.96,1.93,26.08
PT_086,16,None,0.0,1.09,2.57,27.49
PT_086,17,None,0.0,1.3,3.34,28.91
PT_086,18,None,0.0,1.45,3.22,30.34
PT_086,19,None,0.0,1.3,2.44,31.79
PT_086,20,None,0.0,1.74,3.74,33.25
PT_086,21,None,0.0,3.34,7.06,34.71
PT_086,22,None,0.0,3.27,7.04,36.18
PT_086,23,None,0.0,3.36,7.73,37.65
PT_086,24,None,0.0,3.27,7.21,39.12
PT_086,25,None,0.0,3.42,7.51,40.59
PT_086,26,None,0.0,3.07,6.3,42.05
PT_086,27,None,0.0,3.39,7.32,43.51
PT_086,28,Regimen A,100.0,3.18,6.82,30.57
PT_086,29,None,0.0,2.65,5.65,32.02
PT_086,30,None,0.0,2.53,5.41,33.48
PT_086,31,None,0.0,2.44,5.08,34.95
PT_086,32,None,0.0,2.27,5.29,36.42
PT_086,33,None,0.0,2.34,5.38,37.89
PT_086,34,None,0.0,2.28,5.14,39.36
PT_086,35,None,0.0,2.2,4.94,40.83
PT_086,36,None,0.0,2.3,4.93,42.29
PT_086,37,None,0.0,2.13,5.0,43.74
PT_086,38,None,0.0,2.18,4.76,45.19
PT_086,39,None,0.0,2.15,5.09,46.63
PT_086,40,None,0.0,2.26,4.54,48.05
PT_086,41,None,0.0,2.4,5.1,49.46
PT_086,42,None,0.0,2.34,4.88,50.85
PT_086,43,None,0.0,2.39,5.63,52.23
PT_086,44,None,0.0,2.44,5.19,53.58
PT_086,45,None,0.0,2.4,4.85,54.92
PT_086,46,None,0.0,2.45,5.86,56.24
PT_086,47,None,0.0,2.62,5.8,57.53
PT_086,48,None,0.0,2.42,5.46,58.81
PT_086,49,None,0.0,3.44,8.02,60.05
PT_086,50,None,0.0,3.23,7.04,61.28
PT_086,51,None,0.0,3.33,7.16,62.48
PT_086,52,Regimen A,100.0,3.51,7.42,43.29
PT_086,53,None,0.0,2.38,5.6,44.74
PT_086,54,None,0.0,1.7,4.03,46.17
PT_086,55,None,0.0,1.08,1.87,47.6
PT_086,56,None,0.0,0.83,2.01,49.02
PT_086,57,None,0.0,0.29,0.8,50.41
PT_086,58,None,0.0,0.45,0.97,51.79
PT_086,59,None,0.0,0.15,0.8,53.16
PT_086,60,None,0.0,0.49,1.01,54.5
PT_086,61,None,0.0,0.38,1.06,55.82
PT_086,62,None,0.0,0.61,1.31,57.13
PT_086,63,None,0.0,0.2,0.8,58.41
PT_086,64,None,0.0,0.8,1.6,59.66
PT_086,65,None,0.0,0.75,1.96,60.89
PT_086,66,None,0.0,1.0,1.91,62.1
PT_086,67,None,0.0,0.98,2.2,63.29
PT_086,68,None,0.0,1.44,2.73,64.44
PT_086,69,None,0.0,1.58,3.32,65.58
PT_086,70,None,0.0,1.28,2.45,66.68
PT_086,71,None,0.0,1.52,3.52,67.76
PT_086,72,None,0.0,1.47,2.95,68.82
PT_086,73,Regimen A,100.0,3.31,7.49,47.5
PT_086,74,None,0.0,2.66,6.01,48.91
PT_086,75,None,0.0,1.84,3.77,50.31
PT_086,76,None,0.0,1.21,2.32,51.69
PT_086,77,None,0.0,1.2,2.92,53.06
PT_086,78,None,0.0,0.73,1.33,54.4
PT_086,79,None,0.0,0.59,1.23,55.73
PT_086,80,None,0.0,0.43,1.2,57.03
PT_086,81,None,0.0,0.63,1.27,58.31
PT_086,82,None,0.0,0.7,1.48,59.57
PT_086,83,None,0.0,0.65,1.72,60.8
PT_086,84,None,0.0,0.98,1.89,62.01
PT_086,85,None,0.0,0.66,1.13,63.2
PT_086,86,None,0.0,0.99,2.11,64.36
PT_086,87,None,0.0,1.04,2.3,65.49
PT_086,88,None,0.0,1.23,3.03,66.6
PT_086,89,None,0.0,1.58,3.21,67.68
PT_087,0,Regimen A,100.0,3.25,7.05,15.87
PT_087,1,None,0.0,2.51,5.76,17.03
PT_087,2,None,0.0,1.89,4.2,18.24
PT_087,3,None,0.0,1.54,3.42,19.48
PT_087,4,None,0.0,1.5,3.31,20.76
PT_087,5,None,0.0,1.01,2.28,22.06
PT_087,6,None,0.0,0.93,1.91,23.4
PT_087,7,None,0.0,1.07,2.14,24.76
PT_087,8,None,0.0,1.04,1.75,26.14
PT_087,9,None,0.0,1.1,2.52,27.54
PT_087,10,None,0.0,1.03,2.29,28.96
PT_087,11,None,0.0,0.93,1.64,30.4
PT_087,12,None,0.0,1.26,2.91,31.84
PT_087,13,None,0.0,1.16,2.78,33.3
PT_087,14,None,0.0,1.29,2.96,34.77
PT_087,15,None,0.0,1.43,2.88,36.24
PT_087,16,None,0.0,1.46,3.51,37.71
PT_087,17,None,0.0,1.67,3.96,39.18
PT_087,18,None,0.0,1.91,4.35,40.65
PT_087,19,None,0.0,1.79,4.1,42.11
PT_087,20,None,0.0,1.84,4.0,43.57
PT_087,21,None,0.0,3.27,6.8,45.02
PT_087,22,None,0.0,3.32,7.42,46.45
PT_087,23,None,0.0,3.17,6.84,47.88
PT_087,24,Regimen A,100.0,3.25,6.91,33.52
PT_087,25,None,0.0,2.76,6.14,34.98
PT_087,26,None,0.0,2.35,5.46,36.45
PT_087,27,None,0.0,1.91,4.45,37.92
PT_087,28,None,0.0,1.93,4.07,39.39
PT_087,29,None,0.0,1.47,3.03,40.86
PT_087,30,None,0.0,1.35,3.1,42.32
PT_087,31,None,0.0,1.59,3.29,43.78
PT_087,32,None,0.0,1.41,3.09,45.23
PT_087,33,None,0.0,1.44,3.09,46.66
PT_087,34,None,0.0,1.4,2.68,48.08
PT_087,35,None,0.0,1.31,2.64,49.49
PT_087,36,None,0.0,1.48,3.41,50.88
PT_087,37,None,0.0,1.44,3.75,52.26
PT_087,38,None,0.0,1.54,3.42,53.62
PT_087,39,None,0.0,1.76,4.23,54.95
PT_087,40,None,0.0,1.57,3.24,56.27
PT_087,41,None,0.0,1.92,4.14,57.56
PT_087,42,None,0.0,2.07,4.63,58.84
PT_087,43,None,0.0,2.16,4.81,60.08
PT_087,44,None,0.0,2.32,4.98,61.31
PT_087,45,None,0.0,3.16,6.67,62.51
PT_087,46,None,0.0,3.14,6.63,63.68
PT_087,47,None,0.0,2.98,6.2,64.83
PT_087,48,Regimen A,100.0,3.28,6.9,44.85
PT_087,49,None,0.0,2.45,5.34,46.29
PT_087,50,None,0.0,2.33,5.01,47.71
PT_087,51,None,0.0,1.9,4.31,49.13
PT_087,52,None,0.0,1.82,3.88,50.52
PT_087,53,None,0.0,1.49,3.23,51.9
PT_087,54,None,0.0,1.44,3.45,53.26
PT_087,55,None,0.0,1.44,3.03,54.61
PT_087,56,None,0.0,1.54,3.1,55.93
PT_087,57,None,0.0,1.37,3.04,57.23
PT_087,58,None,0.0,1.65,3.22,58.51
PT_087,59,None,0.0,1.4,2.84,59.76
PT_087,60,None,0.0,1.73,3.65,60.99
PT_087,61,None,0.0,1.63,3.61,62.2
PT_087,62,None,0.0,1.67,3.25,63.38
PT_087,63,None,0.0,1.73,4.06,64.53
PT_087,64,None,0.0,1.92,4.45,65.67
PT_087,65,None,0.0,2.0,4.18,66.77
PT_087,66,None,0.0,2.15,4.69,67.85
PT_087,67,None,0.0,2.06,4.5,68.9
PT_087,68,None,0.0,2.15,4.34,69.93
PT_087,69,Regimen A,100.0,3.27,6.97,48.23
PT_087,70,None,0.0,1.48,3.15,49.64
PT_087,71,None,0.0,0.44,0.88,51.03
PT_087,72,None,0.0,0.1,0.8,52.4
PT_087,73,None,0.0,0.38,1.01,53.76
PT_087,74,None,0.0,0.1,0.8,55.09
PT_087,75,None,0.0,0.23,0.8,56.41
PT_087,76,None,0.0,0.29,0.8,57.7
PT_087,77,None,0.0,0.1,0.8,58.97
PT_087,78,None,0.0,0.15,0.8,60.21
PT_087,79,None,0.0,0.22,0.8,61.43
PT_087,80,None,0.0,0.15,0.8,62.63
PT_087,81,None,0.0,0.15,0.8,63.8
PT_087,82,None,0.0,0.19,0.8,64.95
PT_087,83,None,0.0,0.25,0.8,66.07
PT_087,84,None,0.0,0.14,0.8,67.17
PT_087,85,None,0.0,0.31,0.8,68.24
PT_087,86,None,0.0,0.1,0.8,69.28
PT_087,87,None,0.0,0.11,0.8,70.3
PT_087,88,None,0.0,0.11,0.8,71.29
PT_087,89,None,0.0,0.36,1.01,72.25
PT_088,0,Regimen A,100.0,3.74,8.28,15.87
PT_088,1,None,0.0,2.85,5.97,17.03
PT_088,2,None,0.0,2.03,3.99,18.24
PT_088,3,None,0.0,1.41,2.88,19.48
PT_088,4,None,0.0,0.82,2.0,20.76
PT_088,5,None,0.0,0.69,1.48,22.06
PT_088,6,None,0.0,0.81,1.96,23.4
PT_088,7,None,0.0,0.72,1.68,24.76
PT_088,8,None,0.0,0.27,0.8,26.14
PT_088,9,None,0.0,0.44,1.14,27.54
PT_088,10,None,0.0,0.56,1.07,28.96
PT_088,11,None,0.0,0.64,0.9,30.4
PT_088,12,None,0.0,0.79,1.27,31.84
PT_088,13,None,0.0,0.81,2.2,33.3
PT_088,14,None,0.0,0.93,2.15,34.77
PT_088,15,None,0.0,1.22,2.71,36.24
PT_088,16,None,0.0,1.31,2.7,37.71
PT_088,17,None,0.0,1.55,3.46,39.18
PT_088,18,None,0.0,1.77,4.0,40.65
PT_088,19,None,0.0,1.75,3.98,42.11
PT_088,20,None,0.0,2.09,4.7,43.57
PT_088,21,None,0.0,3.71,8.56,45.02
PT_088,22,None,0.0,3.56,7.49,46.45
PT_088,23,None,0.0,3.73,8.06,47.88
PT_088,24,None,0.0,3.64,7.97,49.29
PT_088,25,None,0.0,3.78,7.96,50.68
PT_088,26,None,0.0,3.75,8.02,52.06
PT_088,27,None,0.0,3.75,8.56,53.42
PT_088,28,None,0.0,3.65,7.94,54.76
PT_088,29,None,0.0,3.72,8.51,56.08
PT_088,30,Regimen A,100.0,3.78,7.94,39.02
PT_088,31,None,0.0,2.78,6.21,40.48
PT_088,32,None,0.0,1.99,4.48,41.95
PT_088,33,None,0.0,1.35,2.88,43.41
PT_088,34,None,0.0,1.11,2.21,44.86
PT_088,35,None,0.0,0.77,1.54,46.29
PT_088,36,None,0.0,0.4,0.8,47.72
PT_088,37,None,0.0,0.23,0.9,49.13
PT_088,38,None,0.0,0.26,0.8,50.53
PT_088,39,None,0.0,0.4,1.5,51.91
PT_088,40,None,0.0,0.28,0.8,53.27
PT_088,41,None,0.0,0.6,0.91,54.61
PT_088,42,None,0.0,0.78,1.85,55.93
PT_088,43,None,0.0,0.74,1.58,57.23
PT_088,44,None,0.0,0.83,1.99,58.51
PT_088,45,None,0.0,0.79,1.67,59.77
PT_088,46,None,0.0,1.38,2.86,61.0
PT_088,47,None,0.0,1.27,2.61,62.2
PT_088,48,None,0.0,1.7,3.74,63.38
PT_088,49,None,0.0,1.65,3.61,64.54
PT_088,50,None,0.0,1.8,3.94,65.67
PT_088,51,None,0.0,3.82,8.54,66.77
PT_088,52,None,0.0,3.83,8.38,67.85
PT_088,53,None,0.0,3.71,8.06,68.91
PT_088,54,None,0.0,3.88,8.32,69.93
PT_088,55,None,0.0,3.87,8.27,70.93
PT_088,56,None,0.0,3.8,8.56,71.91
PT_088,57,None,0.0,3.72,8.49,72.86
PT_088,58,Regimen A,100.0,3.83,8.22,50.17
PT_088,59,None,0.0,3.0,6.63,51.55
PT_088,60,None,0.0,2.64,5.83,52.92
PT_088,61,None,0.0,1.79,3.6,54.27
PT_088,62,None,0.0,1.84,3.95,55.59
PT_088,63,None,0.0,1.85,4.29,56.9
PT_088,64,None,0.0,1.65,3.85,58.18
PT_088,65,None,0.0,1.33,2.96,59.44
PT_088,66,None,0.0,1.63,3.53,60.68
PT_088,67,None,0.0,1.6,2.58,61.89
PT_088,68,None,0.0,1.45,2.68,63.08
PT_088,69,None,0.0,1.71,3.95,64.24
PT_088,70,None,0.0,1.62,3.51,65.38
PT_088,71,None,0.0,1.85,3.84,66.49
PT_088,72,None,0.0,1.81,4.33,67.58
PT_088,73,None,0.0,1.99,4.61,68.64
PT_088,74,None,0.0,2.05,4.81,69.67
PT_088,75,None,0.0,2.07,4.48,70.68
PT_088,76,None,0.0,2.24,5.02,71.66
PT_088,77,None,0.0,2.19,4.7,72.61
PT_088,78,None,0.0,2.37,5.04,73.54
PT_088,79,Regimen A,100.0,3.67,8.02,50.62
PT_088,80,None,0.0,2.92,6.69,52.0
PT_088,81,None,0.0,2.19,4.74,53.36
PT_088,82,None,0.0,1.76,3.55,54.7
PT_088,83,None,0.0,1.65,3.42,56.02
PT_088,84,None,0.0,1.54,3.57,57.32
PT_088,85,None,0.0,1.19,2.38,58.6
PT_088,86,None,0.0,1.16,2.62,59.85
PT_088,87,None,0.0,1.16,2.46,61.08
PT_088,88,None,0.0,1.14,2.82,62.28
PT_088,89,None,0.0,1.27,2.81,63.46
PT_089,0,Regimen A,100.0,5.54,12.19,8.85
PT_089,1,None,0.0,4.09,9.08,9.71
PT_089,2,None,0.0,3.39,7.13,10.62
PT_089,3,None,0.0,2.5,5.67,11.57
PT_089,4,None,0.0,1.87,3.72,12.57
PT_089,5,None,0.0,1.41,2.79,13.61
PT_089,6,None,0.0,1.19,2.88,14.7
PT_089,7,None,0.0,0.99,2.24,15.82
PT_089,8,None,0.0,1.15,2.73,16.99
PT_089,9,None,0.0,0.78,1.65,18.19
PT_089,10,None,0.0,0.98,2.15,19.43
PT_089,11,None,0.0,1.34,3.12,20.71
PT_089,12,None,0.0,1.65,3.61,22.01
PT_089,13,None,0.0,1.96,4.28,23.34
PT_089,14,None,0.0,1.84,3.89,24.7
PT_089,15,None,0.0,1.99,4.53,26.08
PT_089,16,None,0.0,2.25,5.48,27.49
PT_089,17,None,0.0,2.51,5.37,28.91
PT_089,18,None,0.0,2.72,6.12,30.34
PT_089,19,None,0.0,2.62,5.97,31.79
PT_089,20,None,0.0,2.69,5.89,33.25
PT_089,21,None,0.0,5.48,12.41,34.71
PT_089,22,None,0.0,5.34,11.96,36.18
PT_089,23,None,0.0,5.36,11.67,37.65
PT_089,24,None,0.0,5.51,12.19,39.12
PT_089,25,Regimen A,100.0,5.59,12.97,27.6
PT_089,26,None,0.0,4.63,10.16,29.02
PT_089,27,None,0.0,4.1,9.36,30.46
PT_089,28,None,0.0,3.57,7.67,31.91
PT_089,29,None,0.0,3.35,6.96,33.37
PT_089,30,None,0.0,3.03,6.71,34.83
PT_089,31,None,0.0,3.1,6.94,36.3
PT_089,32,None,0.0,2.53,5.35,37.77
PT_089,33,None,0.0,2.74,5.74,39.24
PT_089,34,None,0.0,3.09,6.54,40.71
PT_089,35,None,0.0,2.91,6.2,42.17
PT_089,36,None,0.0,2.83,6.09,43.63
PT_089,37,None,0.0,3.4,7.45,45.08
PT_089,38,None,0.0,3.23,7.14,46.51
PT_089,39,None,0.0,3.21,6.97,47.94
PT_089,40,None,0.0,3.31,7.27,49.35
PT_089,41,None,0.0,3.4,7.11,50.74
PT_089,42,None,0.0,3.55,7.91,52.12
PT_089,43,None,0.0,3.9,9.03,53.48
PT_089,44,None,0.0,3.9,8.57,54.82
PT_089,45,None,0.0,3.89,8.96,56.14
PT_089,46,None,0.0,5.39,12.28,57.43
PT_089,47,None,0.0,5.3,12.33,58.71
PT_089,48,None,0.0,5.35,11.93,59.96
PT_089,49,None,0.0,5.59,12.48,61.18
PT_089,50,None,0.0,5.58,12.53,62.39
PT_089,51,None,0.0,5.39,12.26,63.56
PT_089,52,Regimen A,100.0,5.46,11.77,44.01
PT_089,53,None,0.0,4.96,10.8,45.45
PT_089,54,None,0.0,4.74,10.57,46.88
PT_089,55,None,0.0,4.24,9.14,48.31
PT_089,56,None,0.0,4.21,9.04,49.71
PT_089,57,None,0.0,4.05,8.5,51.1
PT_089,58,None,0.0,4.17,9.36,52.47
PT_089,59,None,0.0,4.09,8.85,53.83
PT_089,60,None,0.0,3.82,8.22,55.16
PT_089,61,None,0.0,4.14,8.96,56.47
PT_089,62,None,0.0,4.04,8.62,57.76
PT_089,63,None,0.0,4.09,9.25,59.03
PT_089,64,None,0.0,3.78,8.23,60.28
PT_089,65,None,0.0,4.2,8.95,61.5
PT_089,66,None,0.0,4.35,9.41,62.69
PT_089,67,None,0.0,4.28,9.29,63.86
PT_089,68,None,0.0,4.26,9.48,65.01
PT_089,69,None,0.0,4.29,9.42,66.13
PT_089,70,None,0.0,4.9,10.32,67.22
PT_089,71,None,0.0,4.59,10.16,68.29
PT_089,72,None,0.0,4.41,9.36,69.33
PT_089,73,Regimen A,100.0,5.48,11.84,47.84
PT_089,74,None,0.0,4.88,11.08,49.25
PT_089,75,None,0.0,4.42,9.91,50.64
PT_089,76,None,0.0,4.09,9.08,52.02
PT_089,77,None,0.0,4.03,8.97,53.38
PT_089,78,None,0.0,3.56,7.72,54.72
PT_089,79,None,0.0,3.59,7.95,56.04
PT_089,80,None,0.0,3.37,7.43,57.34
PT_089,81,None,0.0,3.47,7.71,58.62
PT_089,82,None,0.0,3.52,7.99,59.87
PT_089,83,None,0.0,3.6,7.81,61.1
PT_089,84,None,0.0,3.59,7.94,62.3
PT_089,85,None,0.0,3.85,8.54,63.48
PT_089,86,None,0.0,3.98,9.05,64.63
PT_089,87,None,0.0,3.71,8.07,65.76
PT_089,88,None,0.0,4.06,9.16,66.86
PT_089,89,None,0.0,3.96,8.82,67.94
PT_090,0,Regimen A,100.0,4.71,10.37,24.8
PT_090,1,None,0.0,4.39,9.61,26.18
PT_090,2,None,0.0,4.07,8.62,27.59
PT_090,3,None,0.0,3.83,8.73,29.01
PT_090,4,None,0.0,3.53,7.41,30.44
PT_090,5,None,0.0,3.61,7.88,31.89
PT_090,6,None,0.0,3.53,7.57,33.35
PT_090,7,None,0.0,3.46,7.94,34.81
PT_090,8,None,0.0,3.35,7.25,36.28
PT_090,9,None,0.0,3.1,6.86,37.75
PT_090,10,None,0.0,3.45,7.74,39.23
PT_090,11,None,0.0,3.44,7.49,40.69
PT_090,12,None,0.0,3.38,7.41,42.16
PT_090,13,None,0.0,3.53,7.98,43.61
PT_090,14,None,0.0,3.66,7.65,45.06
PT_090,15,None,0.0,3.68,7.91,46.5
PT_090,16,None,0.0,3.69,8.23,47.92
PT_090,17,None,0.0,3.87,8.75,49.33
PT_090,18,None,0.0,3.87,8.65,50.73
PT_090,19,None,0.0,4.05,8.96,52.1
PT_090,20,None,0.0,3.92,8.65,53.46
PT_090,21,None,0.0,4.92,10.35,54.8
PT_090,22,None,0.0,4.9,11.04,56.12
PT_090,23,None,0.0,4.96,11.06,57.42
PT_090,24,None,0.0,4.97,10.91,58.69
PT_090,25,None,0.0,4.84,11.21,59.94
PT_090,26,None,0.0,4.91,10.64,61.17
PT_090,27,None,0.0,5.2,11.55,62.37
PT_090,28,None,0.0,4.91,10.67,63.55
PT_090,29,Regimen A,100.0,4.96,10.87,44.0
PT_090,30,None,0.0,4.47,10.14,45.44
PT_090,31,None,0.0,4.45,9.79,46.88
PT_090,32,None,0.0,4.13,8.98,48.3
PT_090,33,None,0.0,3.93,8.76,49.7
PT_090,34,None,0.0,3.92,8.63,51.09
PT_090,35,None,0.0,3.8,8.65,52.47
PT_090,36,None,0.0,3.66,8.41,53.82
PT_090,37,None,0.0,3.92,8.31,55.15
PT_090,38,None,0.0,3.89,8.16,56.47
PT_090,39,None,0.0,3.82,8.44,57.76
PT_090,40,None,0.0,3.65,7.87,59.02
PT_090,41,None,0.0,4.07,9.04,60.27
PT_090,42,None,0.0,4.11,9.22,61.49
PT_090,43,None,0.0,4.08,8.74,62.69
PT_090,44,None,0.0,4.2,9.54,63.86
PT_090,45,None,0.0,4.27,9.35,65.0
PT_090,46,None,0.0,4.11,9.04,66.12
PT_090,47,None,0.0,4.18,9.14,67.22
PT_090,48,None,0.0,4.33,9.35,68.28
PT_090,49,None,0.0,4.66,10.41,69.33
PT_090,50,None,0.0,5.07,11.12,70.34
PT_090,51,None,0.0,4.95,10.5,71.33
PT_090,52,Regimen A,100.0,5.02,11.22,49.16
PT_090,53,None,0.0,4.92,10.64,50.56
PT_090,54,None,0.0,4.4,9.66,51.94
PT_090,55,None,0.0,4.31,9.14,53.3
PT_090,56,None,0.0,4.3,9.07,54.64
PT_090,57,None,0.0,4.13,9.02,55.96
PT_090,58,None,0.0,4.15,9.06,57.26
PT_090,59,None,0.0,3.82,8.58,58.54
PT_090,60,None,0.0,3.95,8.53,59.79
PT_090,61,None,0.0,3.86,8.39,61.02
PT_090,62,None,0.0,4.03,8.85,62.23
PT_090,63,None,0.0,4.18,9.38,63.41
PT_090,64,None,0.0,3.76,8.44,64.56
PT_090,65,None,0.0,4.07,8.56,65.69
PT_090,66,None,0.0,4.16,9.18,66.8
PT_090,67,None,0.0,4.11,9.18,67.88
PT_090,68,None,0.0,4.31,9.56,68.93
PT_090,69,None,0.0,4.24,9.54,69.95
PT_090,70,None,0.0,4.43,9.37,70.95
PT_090,71,None,0.0,4.48,9.44,71.93
PT_090,72,None,0.0,4.24,8.9,72.88
PT_090,73,Regimen A,100.0,4.83,10.34,50.18
PT_090,74,None,0.0,4.81,10.28,51.57
PT_090,75,None,0.0,4.77,10.68,52.93
PT_090,76,None,0.0,4.64,10.07,54.28
PT_090,77,None,0.0,4.95,10.83,55.61
PT_090,78,None,0.0,4.59,9.96,56.91
PT_090,79,None,0.0,4.7,10.4,58.19
PT_090,80,None,0.0,4.77,10.65,59.45
PT_090,81,None,0.0,4.53,10.05,60.69
PT_090,82,None,0.0,4.7,9.86,61.9
PT_090,83,None,0.0,4.63,10.01,63.09
PT_090,84,None,0.0,4.84,10.85,64.25
PT_090,85,None,0.0,4.62,9.98,65.39
PT_090,86,None,0.0,4.72,10.49,66.5
PT_090,87,None,0.0,4.6,10.04,67.59
PT_090,88,None,0.0,4.85,10.56,68.65
PT_090,89,None,0.0,4.51,10.15,69.68
PT_091,0,Regimen A,100.0,3.04,6.45,24.8
PT_091,1,None,0.0,2.18,4.42,26.18
PT_091,2,None,0.0,1.48,3.38,27.59
PT_091,3,None,0.0,1.14,2.67,29.01
PT_091,4,None,0.0,0.41,0.86,30.44
PT_091,5,None,0.0,0.1,0.8,31.89
PT_091,6,None,0.0,0.31,0.95,33.35
PT_091,7,None,0.0,0.1,0.8,34.81
PT_091,8,None,0.0,0.21,0.8,36.28
PT_091,9,None,0.0,0.1,0.8,37.75
PT_091,10,None,0.0,0.16,0.8,39.23
PT_091,11,None,0.0,0.14,0.8,40.69
PT_091,12,None,0.0,0.15,0.8,42.16
PT_091,13,None,0.0,0.52,1.22,43.61
PT_091,14,None,0.0,0.53,1.16,45.06
PT_091,15,None,0.0,1.02,2.13,46.5
PT_091,16,None,0.0,0.86,1.47,47.92
PT_091,17,None,0.0,0.98,2.56,49.33
PT_091,18,None,0.0,1.04,2.84,50.73
PT_091,19,None,0.0,1.48,3.34,52.1
PT_091,20,None,0.0,1.44,3.17,53.46
PT_091,21,None,0.0,3.17,7.09,54.8
PT_091,22,Regimen A,100.0,3.25,6.95,38.16
PT_091,23,None,0.0,3.26,7.35,39.63
PT_091,24,None,0.0,2.76,5.88,41.1
PT_091,25,None,0.0,2.82,6.06,42.56
PT_091,26,None,0.0,2.96,6.64,44.02
PT_091,27,None,0.0,2.88,6.37,45.46
PT_091,28,None,0.0,2.79,6.3,46.89
PT_091,29,None,0.0,2.73,5.68,48.31
PT_091,30,None,0.0,2.95,6.6,49.72
PT_091,31,None,0.0,2.97,6.14,51.11
PT_091,32,None,0.0,2.87,6.32,52.48
PT_091,33,None,0.0,2.98,6.43,53.84
PT_091,34,None,0.0,2.72,5.84,55.17
PT_091,35,None,0.0,2.89,6.14,56.48
PT_091,36,None,0.0,2.99,6.85,57.77
PT_091,37,None,0.0,2.99,6.64,59.04
PT_091,38,None,0.0,2.77,5.88,60.28
PT_091,39,None,0.0,2.78,6.37,61.51
PT_091,40,None,0.0,2.95,6.51,62.7
PT_091,41,None,0.0,2.96,6.21,63.87
PT_091,42,None,0.0,2.96,6.51,65.02
PT_091,43,None,0.0,3.2,6.87,66.14
PT_091,44,None,0.0,3.23,6.65,67.23
PT_091,45,None,0.0,3.24,7.1,68.3
PT_091,46,None,0.0,3.24,7.19,69.34
PT_091,47,None,0.0,3.26,7.3,70.36
PT_091,48,None,0.0,3.18,7.53,71.34
PT_091,49,None,0.0,3.24,6.74,72.31
PT_091,50,None,0.0,3.15,6.62,73.25
PT_091,51,None,0.0,3.18,7.14,74.16
PT_091,52,None,0.0,3.08,6.99,75.05
PT_091,53,None,0.0,3.18,6.9,75.91
PT_091,54,None,0.0,3.18,7.0,76.74
PT_091,55,None,0.0,3.15,7.16,77.56
PT_091,56,None,0.0,3.16,7.11,78.34
PT_091,57,Regimen A,100.0,3.04,6.47,53.79
PT_091,58,None,0.0,2.57,5.51,55.13
PT_091,59,None,0.0,1.89,3.61,56.44
PT_091,60,None,0.0,1.5,3.38,57.73
PT_091,61,None,0.0,1.36,2.66,59.0
PT_091,62,None,0.0,1.26,2.82,60.25
PT_091,63,None,0.0,0.86,1.73,61.47
PT_091,64,None,0.0,0.95,2.56,62.66
PT_091,65,None,0.0,0.81,1.75,63.84
PT_091,66,None,0.0,1.12,2.03,64.98
PT_091,67,None,0.0,1.1,2.44,66.1
PT_091,68,None,0.0,1.05,2.29,67.2
PT_091,69,None,0.0,1.13,2.36,68.27
PT_091,70,None,0.0,1.3,2.52,69.31
PT_091,71,None,0.0,1.42,3.29,70.32
PT_091,72,None,0.0,1.44,3.18,71.31
PT_091,73,None,0.0,1.53,3.64,72.28
PT_091,74,None,0.0,1.59,3.26,73.22
PT_091,75,None,0.0,1.74,3.36,74.13
PT_091,76,None,0.0,1.83,4.13,75.02
PT_091,77,None,0.0,1.95,4.01,75.88
PT_091,78,Regimen A,100.0,3.15,7.05,52.17
PT_091,79,None,0.0,2.42,5.8,53.53
PT_091,80,None,0.0,2.09,4.14,54.86
PT_091,81,None,0.0,1.58,3.41,56.18
PT_091,82,None,0.0,1.58,3.67,57.48
PT_091,83,None,0.0,1.39,3.03,58.75
PT_091,84,None,0.0,1.24,2.95,60.0
PT_091,85,None,0.0,1.12,2.43,61.23
PT_091,86,None,0.0,1.34,3.5,62.43
PT_091,87,None,0.0,1.35,2.92,63.6
PT_091,88,None,0.0,1.34,3.14,64.76
PT_091,89,None,0.0,1.41,3.19,65.88
PT_092,0,Regimen A,100.0,6.14,13.6,8.85
PT_092,1,None,0.0,5.46,11.81,9.71
PT_092,2,None,0.0,5.06,11.6,10.62
PT_092,3,None,0.0,4.54,10.09,11.57
PT_092,4,None,0.0,4.38,9.39,12.57
PT_092,5,None,0.0,3.85,8.53,13.61
PT_092,6,None,0.0,3.86,8.72,14.7
PT_092,7,None,0.0,3.9,8.34,15.82
PT_092,8,None,0.0,3.69,8.02,16.99
PT_092,9,None,0.0,3.83,8.43,18.19
PT_092,10,None,0.0,3.82,8.49,19.43
PT_092,11,None,0.0,3.92,8.38,20.71
PT_092,12,None,0.0,3.8,8.32,22.01
PT_092,13,None,0.0,4.29,9.51,23.34
PT_092,14,None,0.0,4.16,9.14,24.7
PT_092,15,None,0.0,4.41,9.76,26.08
PT_092,16,None,0.0,4.45,9.83,27.49
PT_092,17,None,0.0,4.69,10.31,28.91
PT_092,18,None,0.0,4.39,9.72,30.34
PT_092,19,None,0.0,4.62,10.78,31.79
PT_092,20,None,0.0,4.71,10.4,33.25
PT_092,21,None,0.0,6.34,14.03,34.71
PT_092,22,None,0.0,6.37,14.39,36.18
PT_092,23,None,0.0,6.22,13.94,37.65
PT_092,24,None,0.0,6.19,13.96,39.12
PT_092,25,None,0.0,6.28,13.55,40.59
PT_092,26,None,0.0,6.3,13.81,42.05
PT_092,27,None,0.0,6.2,13.22,43.51
PT_092,28,None,0.0,6.27,13.9,44.96
PT_092,29,None,0.0,6.23,13.65,46.4
PT_092,30,None,0.0,6.35,14.18,47.82
PT_092,31,None,0.0,6.14,13.52,49.23
PT_092,32,Regimen A,100.0,6.24,14.06,34.43
PT_092,33,None,0.0,5.38,12.34,35.9
PT_092,34,None,0.0,4.55,10.53,37.37
PT_092,35,None,0.0,3.98,8.56,38.84
PT_092,36,None,0.0,3.41,7.1,40.31
PT_092,37,None,0.0,3.01,6.7,41.77
PT_092,38,None,0.0,2.79,6.25,43.23
PT_092,39,None,0.0,2.78,6.2,44.68
PT_092,40,None,0.0,2.83,6.16,46.12
PT_092,41,None,0.0,2.89,6.15,47.55
PT_092,42,None,0.0,2.98,6.3,48.96
PT_092,43,None,0.0,2.99,6.44,50.36
PT_092,44,None,0.0,3.16,6.78,51.74
PT_092,45,None,0.0,3.26,6.77,53.11
PT_092,46,None,0.0,3.55,8.04,54.45
PT_092,47,None,0.0,3.62,7.95,55.78
PT_092,48,None,0.0,3.87,8.72,57.08
PT_092,49,None,0.0,3.91,8.79,58.36
PT_092,50,None,0.0,4.15,9.15,59.62
PT_092,51,None,0.0,3.97,8.59,60.85
PT_092,52,None,0.0,4.23,9.07,62.06
PT_092,53,None,0.0,6.12,13.47,63.24
PT_092,54,None,0.0,6.25,13.59,64.4
PT_092,55,None,0.0,6.41,14.18,65.54
PT_092,56,None,0.0,6.15,13.31,66.64
PT_092,57,None,0.0,6.06,13.45,67.72
PT_092,58,Regimen A,100.0,6.2,13.59,46.77
PT_092,59,None,0.0,4.8,10.75,48.19
PT_092,60,None,0.0,3.67,8.13,49.6
PT_092,61,None,0.0,2.54,5.49,50.99
PT_092,62,None,0.0,2.26,5.22,52.36
PT_092,63,None,0.0,1.47,2.84,53.72
PT_092,64,None,0.0,1.28,3.09,55.05
PT_092,65,None,0.0,1.26,2.78,56.37
PT_092,66,None,0.0,1.36,2.87,57.66
PT_092,67,None,0.0,1.52,3.59,58.93
PT_092,68,None,0.0,1.38,3.06,60.18
PT_092,69,None,0.0,1.43,3.1,61.4
PT_092,70,None,0.0,1.89,3.96,62.6
PT_092,71,None,0.0,1.84,4.36,63.77
PT_092,72,None,0.0,2.03,4.9,64.92
PT_092,73,None,0.0,2.25,4.56,66.04
PT_092,74,None,0.0,2.46,5.41,67.14
PT_092,75,None,0.0,2.77,5.92,68.21
PT_092,76,None,0.0,3.06,6.54,69.25
PT_092,77,None,0.0,3.21,6.51,70.27
PT_092,78,None,0.0,3.34,7.61,71.26
PT_092,79,Regimen A,100.0,6.09,13.62,49.11
PT_092,80,None,0.0,5.31,11.85,50.51
PT_092,81,None,0.0,4.29,9.62,51.89
PT_092,82,None,0.0,3.89,8.27,53.25
PT_092,83,None,0.0,3.47,7.62,54.59
PT_092,84,None,0.0,3.05,6.37,55.92
PT_092,85,None,0.0,2.97,6.41,57.22
PT_092,86,None,0.0,2.85,5.83,58.49
PT_092,87,None,0.0,2.98,6.56,59.75
PT_092,88,None,0.0,3.01,6.18,60.98
PT_092,89,None,0.0,2.76,6.26,62.19
PT_093,0,Regimen A,100.0,5.67,12.67,8.85
PT_093,1,None,0.0,5.2,11.63,9.71
PT_093,2,None,0.0,4.75,10.12,10.62
PT_093,3,None,0.0,4.4,9.8,11.57
PT_093,4,None,0.0,4.42,9.95,12.57
PT_093,5,None,0.0,4.0,8.73,13.61
PT_093,6,None,0.0,3.83,8.42,14.7
PT_093,7,None,0.0,3.94,9.07,15.82
PT_093,8,None,0.0,3.7,8.17,16.99
PT_093,9,None,0.0,3.93,7.98,18.19
PT_093,10,None,0.0,4.0,8.64,19.43
PT_093,11,None,0.0,3.84,8.36,20.71
PT_093,12,None,0.0,4.12,9.27,22.01
PT_093,13,None,0.0,4.09,8.66,23.34
PT_093,14,None,0.0,4.0,8.33,24.7
PT_093,15,None,0.0,4.23,9.58,26.08
PT_093,16,None,0.0,4.36,9.28,27.49
PT_093,17,None,0.0,4.66,10.19,28.91
PT_093,18,None,0.0,4.36,10.09,30.34
PT_093,19,None,0.0,4.7,10.27,31.79
PT_093,20,None,0.0,4.55,9.65,33.25
PT_093,21,None,0.0,5.8,13.27,34.71
PT_093,22,None,0.0,5.73,12.41,36.18
PT_093,23,None,0.0,5.63,12.31,37.65
PT_093,24,None,0.0,5.83,13.09,39.12
PT_093,25,None,0.0,5.66,12.48,40.59
PT_093,26,None,0.0,5.53,12.16,42.05
PT_093,27,None,0.0,5.61,12.46,43.51
PT_093,28,None,0.0,5.62,12.18,44.96
PT_093,29,None,0.0,5.53,12.02,46.4
PT_093,30,Regimen A,100.0,5.65,12.72,32.52
PT_093,31,None,0.0,5.1,11.4,33.98
PT_093,32,None,0.0,4.57,9.86,35.45
PT_093,33,None,0.0,4.09,8.89,36.92
PT_093,34,None,0.0,3.73,8.45,38.39
PT_093,35,None,0.0,3.6,8.1,39.86
PT_093,36,None,0.0,3.53,7.92,41.33
PT_093,37,None,0.0,3.27,6.84,42.79
PT_093,38,None,0.0,3.57,8.21,44.24
PT_093,39,None,0.0,3.57,7.97,45.68
PT_093,40,None,0.0,3.54,7.79,47.12
PT_093,41,None,0.0,3.45,7.48,48.53
PT_093,42,None,0.0,3.53,7.76,49.94
PT_093,43,None,0.0,4.06,8.81,51.32
PT_093,44,None,0.0,4.26,8.96,52.69
PT_093,45,None,0.0,3.94,9.06,54.04
PT_093,46,None,0.0,3.94,8.31,55.37
PT_093,47,None,0.0,4.21,9.38,56.68
PT_093,48,None,0.0,4.31,9.49,57.97
PT_093,49,None,0.0,4.45,9.63,59.23
PT_093,50,None,0.0,4.34,10.0,60.48
PT_093,51,None,0.0,5.56,12.5,61.69
PT_093,52,None,0.0,5.72,12.82,62.88
PT_093,53,None,0.0,5.74,12.34,64.05
PT_093,54,None,0.0,5.59,12.6,65.19
PT_093,55,None,0.0,5.56,12.3,66.31
PT_093,56,None,0.0,5.78,12.78,67.4
PT_093,57,Regimen A,100.0,5.73,12.64,46.55
PT_093,58,None,0.0,5.11,11.35,47.98
PT_093,59,None,0.0,4.46,9.76,49.39
PT_093,60,None,0.0,4.03,9.22,50.78
PT_093,61,None,0.0,3.69,8.03,52.16
PT_093,62,None,0.0,3.54,7.59,53.51
PT_093,63,None,0.0,3.35,7.57,54.85
PT_093,64,None,0.0,3.22,6.82,56.17
PT_093,65,None,0.0,3.36,7.23,57.47
PT_093,66,None,0.0,3.29,7.38,58.74
PT_093,67,None,0.0,3.2,7.08,59.99
PT_093,68,None,0.0,3.24,7.25,61.22
PT_093,69,None,0.0,3.63,7.86,62.42
PT_093,70,None,0.0,3.37,7.61,63.59
PT_093,71,None,0.0,3.67,8.02,64.75
PT_093,72,None,0.0,3.69,7.95,65.87
PT_093,73,None,0.0,4.02,8.94,66.97
PT_093,74,None,0.0,3.91,8.35,68.05
PT_093,75,None,0.0,4.06,8.53,69.09
PT_093,76,None,0.0,3.94,8.76,70.12
PT_093,77,None,0.0,4.42,9.98,71.11
PT_093,78,Regimen A,100.0,5.81,13.11,49.02
PT_093,79,None,0.0,5.34,12.18,50.41
PT_093,80,None,0.0,4.81,10.17,51.79
PT_093,81,None,0.0,4.57,9.85,53.16
PT_093,82,None,0.0,4.22,9.62,54.5
PT_093,83,None,0.0,4.11,9.33,55.82
PT_093,84,None,0.0,3.76,8.19,57.13
PT_093,85,None,0.0,3.86,8.08,58.41
PT_093,86,None,0.0,3.8,7.98,59.66
PT_093,87,None,0.0,3.8,8.29,60.89
PT_093,88,None,0.0,4.02,8.68,62.1
PT_093,89,None,0.0,3.95,8.9,63.29
PT_094,0,Regimen A,100.0,2.81,6.0,24.8
PT_094,1,None,0.0,1.35,2.82,26.18
PT_094,2,None,0.0,0.85,1.94,27.59
PT_094,3,None,0.0,0.24,0.8,29.01
PT_094,4,None,0.0,0.33,0.8,30.44
PT_094,5,None,0.0,0.21,0.8,31.89
PT_094,6,None,0.0,0.2,0.88,33.35
PT_094,7,None,0.0,0.26,0.8,34.81
PT_094,8,None,0.0,0.1,0.8,36.28
PT_094,9,None,0.0,0.1,0.8,37.75
PT_094,10,None,0.0,0.27,0.8,39.23
PT_094,11,None,0.0,0.29,0.8,40.69
PT_094,12,None,0.0,0.12,0.8,42.16
PT_094,13,None,0.0,0.3,0.8,43.61
PT_094,14,None,0.0,0.1,0.8,45.06
PT_094,15,None,0.0,0.1,0.8,46.5
PT_094,16,None,0.0,0.11,0.8,47.92
PT_094,17,None,0.0,0.24,0.8,49.33
PT_094,18,None,0.0,0.14,0.8,50.73
PT_094,19,None,0.0,0.49,1.05,52.1
PT_094,20,None,0.0,0.56,1.13,53.46
PT_094,21,None,0.0,2.89,6.33,54.8
PT_094,22,None,0.0,3.05,6.42,56.12
PT_094,23,None,0.0,2.9,6.71,57.42
PT_094,24,None,0.0,3.05,6.71,58.69
PT_094,25,None,0.0,2.87,6.04,59.94
PT_094,26,None,0.0,2.68,5.83,61.17
PT_094,27,Regimen A,100.0,2.86,6.27,42.41
PT_094,28,None,0.0,1.81,4.23,43.87
PT_094,29,None,0.0,0.79,1.55,45.31
PT_094,30,None,0.0,0.1,0.8,46.75
PT_094,31,None,0.0,0.22,0.8,48.17
PT_094,32,None,0.0,0.3,0.87,49.58
PT_094,33,None,0.0,0.1,0.8,50.97
PT_094,34,None,0.0,0.36,0.8,52.34
PT_094,35,None,0.0,0.27,0.8,53.7
PT_094,36,None,0.0,0.22,0.8,55.03
PT_094,37,None,0.0,0.19,0.8,56.35
PT_094,38,None,0.0,0.11,0.8,57.64
PT_094,39,None,0.0,0.22,0.8,58.91
PT_094,40,None,0.0,0.16,0.8,60.16
PT_094,41,None,0.0,0.13,0.8,61.38
PT_094,42,None,0.0,0.15,0.8,62.58
PT_094,43,None,0.0,0.19,0.8,63.75
PT_094,44,None,0.0,0.1,0.8,64.9
PT_094,45,None,0.0,0.44,1.02,66.02
PT_094,46,None,0.0,0.53,1.1,67.12
PT_094,47,None,0.0,0.66,1.18,68.19
PT_094,48,None,0.0,2.95,6.5,69.24
PT_094,49,None,0.0,2.84,6.49,70.25
PT_094,50,None,0.0,2.88,6.29,71.25
PT_094,51,None,0.0,2.88,6.0,72.21
PT_094,52,None,0.0,2.91,6.13,73.15
PT_094,53,None,0.0,2.74,5.92,74.07
PT_094,54,None,0.0,2.75,5.97,74.96
PT_094,55,None,0.0,2.92,6.53,75.82
PT_094,56,None,0.0,3.1,6.95,76.66
PT_094,57,None,0.0,2.58,5.5,77.47
PT_094,58,None,0.0,2.84,6.35,78.27
PT_094,59,None,0.0,2.94,6.32,79.03
PT_094,60,Regimen A,100.0,2.72,6.56,54.25
PT_094,61,None,0.0,2.33,5.01,55.58
PT_094,62,None,0.0,1.81,3.66,56.88
PT_094,63,None,0.0,1.48,3.05,58.17
PT_094,64,None,0.0,1.37,2.88,59.43
PT_094,65,None,0.0,1.01,2.47,60.66
PT_094,66,None,0.0,0.57,1.24,61.88
PT_094,67,None,0.0,0.76,1.69,63.06
PT_094,68,None,0.0,0.5,1.31,64.23
PT_094,69,None,0.0,0.91,1.74,65.36
PT_094,70,None,0.0,0.7,1.85,66.48
PT_094,71,None,0.0,0.81,1.92,67.56
PT_094,72,None,0.0,0.92,1.69,68.62
PT_094,73,None,0.0,1.19,2.62,69.66
PT_094,74,None,0.0,1.06,2.23,70.66
PT_094,75,None,0.0,1.5,3.21,71.64
PT_094,76,None,0.0,1.3,2.79,72.6
PT_094,77,None,0.0,1.41,2.96,73.53
PT_094,78,None,0.0,1.42,2.77,74.43
PT_094,79,None,0.0,1.87,3.79,75.31
PT_094,80,None,0.0,1.7,3.74,76.17
PT_094,81,Regimen A,100.0,2.89,6.32,52.36
PT_094,82,None,0.0,2.2,4.42,53.71
PT_094,83,None,0.0,2.11,4.7,55.05
PT_094,84,None,0.0,1.67,3.6,56.36
PT_094,85,None,0.0,1.09,2.57,57.66
PT_094,86,None,0.0,1.11,2.43,58.93
PT_094,87,None,0.0,1.05,2.17,60.17
PT_094,88,None,0.0,0.94,1.89,61.39
PT_094,89,None,0.0,0.84,1.62,62.59
PT_095,0,Regimen A,100.0,5.22,11.39,15.87
PT_095,1,None,0.0,4.72,10.34,17.03
PT_095,2,None,0.0,4.29,9.29,18.24
PT_095,3,None,0.0,4.23,9.25,19.48
PT_095,4,None,0.0,3.88,8.87,20.76
PT_095,5,None,0.0,3.85,8.81,22.06
PT_095,6,None,0.0,3.8,8.67,23.4
PT_095,7,None,0.0,3.55,7.83,24.76
PT_095,8,None,0.0,3.72,8.06,26.14
PT_095,9,None,0.0,3.65,7.94,27.54
PT_095,10,None,0.0,3.71,8.43,28.96
PT_095,11,None,0.0,3.82,8.1,30.4
PT_095,12,None,0.0,3.73,8.36,31.84
PT_095,13,None,0.0,4.09,9.05,33.3
PT_095,14,None,0.0,4.08,8.94,34.77
PT_095,15,None,0.0,3.89,8.98,36.24
PT_095,16,None,0.0,4.24,9.56,37.71
PT_095,17,None,0.0,4.06,9.31,39.18
PT_095,18,None,0.0,4.19,9.26,40.65
PT_095,19,None,0.0,4.18,9.19,42.11
PT_095,20,None,0.0,4.31,9.73,43.57
PT_095,21,None,0.0,5.2,11.09,45.02
PT_095,22,None,0.0,5.27,11.71,46.45
PT_095,23,None,0.0,5.28,11.5,47.88
PT_095,24,None,0.0,5.16,11.49,49.29
PT_095,25,None,0.0,5.14,11.42,50.68
PT_095,26,None,0.0,5.14,11.24,52.06
PT_095,27,None,0.0,5.0,11.4,53.42
PT_095,28,None,0.0,5.34,12.26,54.76
PT_095,29,None,0.0,5.34,12.0,56.08
PT_095,30,None,0.0,5.34,11.3,57.38
PT_095,31,None,0.0,5.25,11.48,58.65
PT_095,32,None,0.0,5.18,11.34,59.9
PT_095,33,None,0.0,5.3,11.77,61.13
PT_095,34,Regimen A,100.0,5.37,11.97,42.39
PT_095,35,None,0.0,4.68,10.12,43.84
PT_095,36,None,0.0,4.26,9.16,45.29
PT_095,37,None,0.0,3.89,8.22,46.72
PT_095,38,None,0.0,3.8,8.61,48.15
PT_095,39,None,0.0,3.82,8.25,49.55
PT_095,40,None,0.0,3.38,7.37,50.94
PT_095,41,None,0.0,3.47,8.31,52.32
PT_095,42,None,0.0,3.38,7.67,53.67
PT_095,43,None,0.0,3.35,7.19,55.01
PT_095,44,None,0.0,3.34,7.42,56.33
PT_095,45,None,0.0,3.29,6.98,57.62
PT_095,46,None,0.0,3.46,7.83,58.89
PT_095,47,None,0.0,3.85,8.48,60.14
PT_095,48,None,0.0,3.52,7.21,61.36
PT_095,49,None,0.0,3.67,8.39,62.56
PT_095,50,None,0.0,3.97,8.18,63.73
PT_095,51,None,0.0,3.95,9.21,64.88
PT_095,52,None,0.0,3.99,8.76,66.0
PT_095,53,None,0.0,4.2,9.33,67.1
PT_095,54,None,0.0,4.18,8.68,68.17
PT_095,55,None,0.0,5.13,11.63,69.22
PT_095,56,None,0.0,5.23,11.5,70.24
PT_095,57,None,0.0,5.29,11.1,71.23
PT_095,58,None,0.0,5.38,11.54,72.19
PT_095,59,None,0.0,5.22,11.79,73.14
PT_095,60,None,0.0,5.06,11.17,74.05
PT_095,61,None,0.0,5.29,11.89,74.94
PT_095,62,None,0.0,5.09,10.99,75.81
PT_095,63,None,0.0,5.28,11.96,76.65
PT_095,64,None,0.0,5.14,11.27,77.46
PT_095,65,Regimen A,100.0,5.09,10.9,53.21
PT_095,66,None,0.0,4.68,10.27,54.55
PT_095,67,None,0.0,4.68,10.05,55.88
PT_095,68,None,0.0,4.47,10.08,57.18
PT_095,69,None,0.0,4.2,9.11,58.46
PT_095,70,None,0.0,4.16,9.19,59.71
PT_095,71,None,0.0,3.98,8.44,60.94
PT_095,72,None,0.0,4.15,8.98,62.15
PT_095,73,None,0.0,3.97,8.68,63.33
PT_095,74,None,0.0,4.05,8.86,64.49
PT_095,75,None,0.0,3.97,8.63,65.62
PT_095,76,None,0.0,4.3,9.54,66.73
PT_095,77,None,0.0,4.22,8.81,67.81
PT_095,78,None,0.0,4.2,9.25,68.86
PT_095,79,None,0.0,4.13,8.88,69.89
PT_095,80,None,0.0,4.23,9.52,70.89
PT_095,81,None,0.0,4.34,9.79,71.87
PT_095,82,None,0.0,4.2,9.3,72.81
PT_095,83,None,0.0,4.05,8.87,73.74
PT_095,84,None,0.0,4.48,9.6,74.64
PT_095,85,None,0.0,4.53,9.89,75.51
PT_095,86,Regimen A,100.0,5.18,11.2,51.92
PT_095,87,None,0.0,4.79,10.34,53.29
PT_095,88,None,0.0,4.11,8.85,54.63
PT_095,89,None,0.0,4.21,9.73,55.95
PT_096,0,Regimen A,100.0,5.71,13.03,15.87
PT_096,1,None,0.0,4.38,9.76,17.03
PT_096,2,None,0.0,3.48,7.74,18.24
PT_096,3,None,0.0,2.93,6.47,19.48
PT_096,4,None,0.0,2.1,4.62,20.76
PT_096,5,None,0.0,1.96,4.06,22.06
PT_096,6,None,0.0,1.56,3.52,23.4
PT_096,7,None,0.0,1.56,3.73,24.76
PT_096,8,None,0.0,1.68,3.87,26.14
PT_096,9,None,0.0,1.67,3.35,27.54
PT_096,10,None,0.0,1.76,3.79,28.96
PT_096,11,None,0.0,1.77,3.82,30.4
PT_096,12,None,0.0,2.01,4.24,31.84
PT_096,13,None,0.0,2.2,4.63,33.3
PT_096,14,None,0.0,2.03,4.36,34.77
PT_096,15,None,0.0,2.31,5.08,36.24
PT_096,16,None,0.0,2.61,5.94,37.71
PT_096,17,None,0.0,2.6,5.99,39.18
PT_096,18,None,0.0,3.03,6.6,40.65
PT_096,19,None,0.0,3.37,6.84,42.11
PT_096,20,None,0.0,3.28,7.56,43.57
PT_096,21,None,0.0,5.67,12.77,45.02
PT_096,22,Regimen A,100.0,5.67,12.17,31.59
PT_096,23,None,0.0,4.49,10.15,33.04
PT_096,24,None,0.0,3.55,7.61,34.51
PT_096,25,None,0.0,2.61,5.35,35.98
PT_096,26,None,0.0,2.19,5.05,37.45
PT_096,27,None,0.0,1.83,4.38,38.92
PT_096,28,None,0.0,1.7,4.04,40.39
PT_096,29,None,0.0,1.7,4.01,41.85
PT_096,30,None,0.0,1.66,3.68,43.31
PT_096,31,None,0.0,1.78,4.32,44.76
PT_096,32,None,0.0,1.87,4.24,46.2
PT_096,33,None,0.0,1.69,3.81,47.63
PT_096,34,None,0.0,2.16,4.81,49.04
PT_096,35,None,0.0,2.03,4.88,50.44
PT_096,36,None,0.0,2.4,5.52,51.82
PT_096,37,None,0.0,2.52,5.69,53.18
PT_096,38,None,0.0,2.64,5.91,54.52
PT_096,39,None,0.0,2.66,5.89,55.85
PT_096,40,None,0.0,2.97,6.12,57.15
PT_096,41,None,0.0,3.21,7.4,58.43
PT_096,42,None,0.0,3.2,6.77,59.68
PT_096,43,None,0.0,5.7,12.59,60.92
PT_096,44,None,0.0,5.66,12.3,62.12
PT_096,45,None,0.0,5.63,12.09,63.31
PT_096,46,None,0.0,5.75,12.94,64.46
PT_096,47,None,0.0,5.56,12.17,65.6
PT_096,48,None,0.0,5.63,12.33,66.7
PT_096,49,None,0.0,5.65,12.26,67.78
PT_096,50,None,0.0,5.51,11.8,68.84
PT_096,51,None,0.0,5.9,13.03,69.87
PT_096,52,None,0.0,5.62,12.65,70.87
PT_096,53,None,0.0,5.8,12.39,71.84
PT_096,54,None,0.0,5.72,12.14,72.79
PT_096,55,None,0.0,5.73,12.38,73.72
PT_096,56,None,0.0,5.64,12.39,74.62
PT_096,57,Regimen A,100.0,5.41,12.13,51.33
PT_096,58,None,0.0,3.86,8.57,52.7
PT_096,59,None,0.0,2.85,6.45,54.05
PT_096,60,None,0.0,2.12,4.48,55.38
PT_096,61,None,0.0,1.49,3.41,56.69
PT_096,62,None,0.0,0.95,1.94,57.98
PT_096,63,None,0.0,0.45,1.71,59.24
PT_096,64,None,0.0,0.38,0.8,60.48
PT_096,65,None,0.0,0.56,1.38,61.7
PT_096,66,None,0.0,0.55,1.02,62.89
PT_096,67,None,0.0,0.79,1.83,64.06
PT_096,68,None,0.0,0.75,1.85,65.2
PT_096,69,None,0.0,1.08,2.44,66.32
PT_096,70,None,0.0,1.23,2.57,67.41
PT_096,71,None,0.0,1.52,3.47,68.47
PT_096,72,None,0.0,1.58,3.27,69.51
PT_096,73,None,0.0,1.93,4.07,70.52
PT_096,74,None,0.0,2.09,4.62,71.5
PT_096,75,None,0.0,2.29,5.11,72.46
PT_096,76,None,0.0,2.42,5.3,73.4
PT_096,77,None,0.0,3.0,6.78,74.3
PT_096,78,Regimen A,100.0,5.63,12.37,51.13
PT_096,79,None,0.0,4.33,9.77,52.5
PT_096,80,None,0.0,3.42,7.68,53.85
PT_096,81,None,0.0,2.63,5.53,55.19
PT_096,82,None,0.0,2.1,4.28,56.5
PT_096,83,None,0.0,1.75,3.67,57.79
PT_096,84,None,0.0,1.56,3.65,59.06
PT_096,85,None,0.0,1.54,3.18,60.3
PT_096,86,None,0.0,1.54,3.19,61.52
PT_096,87,None,0.0,1.51,3.29,62.72
PT_096,88,None,0.0,1.54,3.16,63.89
PT_096,89,None,0.0,1.7,3.56,65.03
PT_097,0,Regimen A,100.0,4.25,9.03,15.87
PT_097,1,None,0.0,3.25,6.92,17.03
PT_097,2,None,0.0,2.36,5.42,18.24
PT_097,3,None,0.0,1.95,3.85,19.48
PT_097,4,None,0.0,1.33,3.09,20.76
PT_097,5,None,0.0,1.15,2.54,22.06
PT_097,6,None,0.0,0.87,1.74,23.4
PT_097,7,None,0.0,0.9,1.84,24.76
PT_097,8,None,0.0,0.75,1.54,26.14
PT_097,9,None,0.0,0.61,1.24,27.54
PT_097,10,None,0.0,0.86,1.83,28.96
PT_097,11,None,0.0,0.94,2.12,30.4
PT_097,12,None,0.0,1.15,2.05,31.84
PT_097,13,None,0.0,1.3,2.79,33.3
PT_097,14,None,0.0,1.5,3.01,34.77
PT_097,15,None,0.0,1.22,2.73,36.24
PT_097,16,None,0.0,1.56,3.64,37.71
PT_097,17,None,0.0,1.9,4.04,39.18
PT_097,18,None,0.0,1.88,3.91,40.65
PT_097,19,None,0.0,1.88,4.11,42.11
PT_097,20,None,0.0,2.37,4.98,43.57
PT_097,21,None,0.0,4.29,9.42,45.02
PT_097,22,None,0.0,4.29,9.49,46.45
PT_097,23,None,0.0,4.26,9.13,47.88
PT_097,24,None,0.0,4.12,8.69,49.29
PT_097,25,None,0.0,4.12,9.33,50.68
PT_097,26,None,0.0,4.29,9.4,52.06
PT_097,27,None,0.0,4.32,9.55,53.42
PT_097,28,None,0.0,4.22,9.41,54.76
PT_097,29,None,0.0,4.23,9.4,56.08
PT_097,30,None,0.0,4.29,9.42,57.38
PT_097,31,Regimen A,100.0,4.09,8.54,39.88
PT_097,32,None,0.0,4.11,9.05,41.35
PT_097,33,None,0.0,3.58,8.17,42.81
PT_097,34,None,0.0,3.45,7.82,44.26
PT_097,35,None,0.0,3.2,7.07,45.71
PT_097,36,None,0.0,3.14,6.58,47.14
PT_097,37,None,0.0,3.19,7.25,48.55
PT_097,38,None,0.0,3.16,6.95,49.96
PT_097,39,None,0.0,3.21,7.23,51.34
PT_097,40,None,0.0,2.98,6.84,52.71
PT_097,41,None,0.0,3.13,6.48,54.06
PT_097,42,None,0.0,3.38,7.49,55.39
PT_097,43,None,0.0,2.96,6.49,56.7
PT_097,44,None,0.0,3.17,7.09,57.99
PT_097,45,None,0.0,3.21,7.04,59.25
PT_097,46,None,0.0,3.51,7.13,60.49
PT_097,47,None,0.0,3.26,7.17,61.71
PT_097,48,None,0.0,3.44,7.83,62.9
PT_097,49,None,0.0,3.55,7.96,64.07
PT_097,50,None,0.0,3.42,7.76,65.21
PT_097,51,None,0.0,3.49,7.64,66.32
PT_097,52,None,0.0,4.17,9.12,67.41
PT_097,53,None,0.0,4.12,9.07,68.48
PT_097,54,None,0.0,4.11,9.34,69.51
PT_097,55,None,0.0,4.1,8.79,70.53
PT_097,56,None,0.0,4.24,9.55,71.51
PT_097,57,None,0.0,4.24,9.15,72.47
PT_097,58,None,0.0,4.15,8.81,73.4
PT_097,59,None,0.0,4.11,9.29,74.31
PT_097,60,None,0.0,4.35,9.33,75.19
PT_097,61,None,0.0,4.45,9.85,76.05
PT_097,62,None,0.0,4.04,8.77,76.88
PT_097,63,None,0.0,4.24,9.43,77.69
PT_097,64,None,0.0,4.21,9.5,78.48
PT_097,65,Regimen A,100.0,4.21,9.58,53.88
PT_097,66,None,0.0,3.27,7.24,55.21
PT_097,67,None,0.0,2.38,5.67,56.53
PT_097,68,None,0.0,2.05,4.75,57.82
PT_097,69,None,0.0,1.44,3.08,59.08
PT_097,70,None,0.0,1.38,2.77,60.33
PT_097,71,None,0.0,1.18,2.58,61.55
PT_097,72,None,0.0,0.78,1.74,62.74
PT_097,73,None,0.0,0.89,2.14,63.91
PT_097,74,None,0.0,0.86,1.76,65.06
PT_097,75,None,0.0,1.18,2.61,66.17
PT_097,76,None,0.0,1.17,2.62,67.27
PT_097,77,None,0.0,1.39,2.72,68.33
PT_097,78,None,0.0,1.46,2.8,69.37
PT_097,79,None,0.0,1.56,3.5,70.39
PT_097,80,None,0.0,1.66,3.23,71.38
PT_097,81,None,0.0,1.87,3.78,72.34
PT_097,82,None,0.0,2.05,4.39,73.28
PT_097,83,None,0.0,1.94,4.35,74.19
PT_097,84,None,0.0,2.49,5.76,75.07
PT_097,85,None,0.0,2.46,5.46,75.94
PT_097,86,Regimen A,100.0,3.98,8.93,52.2
PT_097,87,None,0.0,3.11,6.21,53.56
PT_097,88,None,0.0,1.74,4.18,54.9
PT_097,89,None,0.0,0.95,2.09,56.22
PT_098,0,Regimen A,100.0,2.83,5.9,15.87
PT_098,1,None,0.0,1.73,3.64,17.03
PT_098,2,None,0.0,0.77,1.57,18.24
PT_098,3,None,0.0,0.1,0.8,19.48
PT_098,4,None,0.0,0.13,0.8,20.76
PT_098,5,None,0.0,0.19,0.8,22.06
PT_098,6,None,0.0,0.26,0.8,23.4
PT_098,7,None,0.0,0.1,0.8,24.76
PT_098,8,None,0.0,0.1,0.8,26.14
PT_098,9,None,0.0,0.25,0.8,27.54
PT_098,10,None,0.0,0.1,0.8,28.96
PT_098,11,None,0.0,0.22,0.8,30.4
PT_098,12,None,0.0,0.1,0.8,31.84
PT_098,13,None,0.0,0.19,0.8,33.3
PT_098,14,None,0.0,0.21,0.8,34.77
PT_098,15,None,0.0,0.14,0.8,36.24
PT_098,16,None,0.0,0.13,0.8,37.71
PT_098,17,None,0.0,0.2,0.8,39.18
PT_098,18,None,0.0,0.1,0.8,40.65
PT_098,19,None,0.0,0.4,0.84,42.11
PT_098,20,None,0.0,0.79,1.9,43.57
PT_098,21,None,0.0,2.83,6.16,45.02
PT_098,22,None,0.0,3.0,6.92,46.45
PT_098,23,None,0.0,3.15,6.56,47.88
PT_098,24,None,0.0,2.89,6.13,49.29
PT_098,25,None,0.0,3.1,6.81,50.68
PT_098,26,None,0.0,2.97,6.58,52.06
PT_098,27,None,0.0,2.8,6.15,53.42
PT_098,28,None,0.0,3.06,6.57,54.76
PT_098,29,None,0.0,3.05,6.72,56.08
PT_098,30,None,0.0,3.12,7.29,57.38
PT_098,31,Regimen A,100.0,2.92,6.9,39.88
PT_098,32,None,0.0,2.53,5.43,41.35
PT_098,33,None,0.0,1.98,4.42,42.81
PT_098,34,None,0.0,1.71,4.12,44.26
PT_098,35,None,0.0,1.52,3.49,45.71
PT_098,36,None,0.0,1.39,2.97,47.14
PT_098,37,None,0.0,1.3,2.54,48.55
PT_098,38,None,0.0,1.19,2.52,49.96
PT_098,39,None,0.0,1.16,2.48,51.34
PT_098,40,None,0.0,1.4,3.06,52.71
PT_098,41,None,0.0,1.15,2.68,54.06
PT_098,42,None,0.0,1.05,2.29,55.39
PT_098,43,None,0.0,1.47,3.33,56.7
PT_098,44,None,0.0,1.43,3.39,57.99
PT_098,45,None,0.0,1.52,3.46,59.25
PT_098,46,None,0.0,1.53,3.77,60.49
PT_098,47,None,0.0,1.46,3.44,61.71
PT_098,48,None,0.0,1.75,3.62,62.9
PT_098,49,None,0.0,1.83,4.11,64.07
PT_098,50,None,0.0,2.02,4.59,65.21
PT_098,51,None,0.0,2.21,4.89,66.32
PT_098,52,None,0.0,3.23,6.63,67.41
PT_098,53,None,0.0,3.08,6.46,68.48
PT_098,54,None,0.0,3.01,6.68,69.51
PT_098,55,None,0.0,2.85,5.99,70.53
PT_098,56,None,0.0,3.1,6.26,71.51
PT_098,57,None,0.0,3.18,7.06,72.47
PT_098,58,None,0.0,3.06,7.09,73.4
PT_098,59,None,0.0,3.18,6.92,74.31
PT_098,60,None,0.0,2.97,6.58,75.19
PT_098,61,None,0.0,2.95,6.76,76.05
PT_098,62,Regimen A,100.0,2.95,6.74,52.28
PT_098,63,None,0.0,2.86,6.4,53.64
PT_098,64,None,0.0,2.68,5.77,54.97
PT_098,65,None,0.0,2.07,4.58,56.29
PT_098,66,None,0.0,2.06,4.51,57.58
PT_098,67,None,0.0,2.06,4.71,58.85
PT_098,68,None,0.0,1.98,4.15,60.1
PT_098,69,None,0.0,1.94,3.93,61.33
PT_098,70,None,0.0,2.04,4.24,62.53
PT_098,71,None,0.0,2.14,4.52,63.7
PT_098,72,None,0.0,2.08,4.92,64.85
PT_098,73,None,0.0,2.06,4.02,65.97
PT_098,74,None,0.0,2.1,4.73,67.07
PT_098,75,None,0.0,2.12,4.59,68.14
PT_098,76,None,0.0,2.1,4.96,69.19
PT_098,77,None,0.0,2.26,5.28,70.21
PT_098,78,None,0.0,2.16,4.76,71.2
PT_098,79,None,0.0,2.38,5.12,72.17
PT_098,80,None,0.0,2.19,4.75,73.11
PT_098,81,None,0.0,2.35,4.91,74.03
PT_098,82,None,0.0,2.48,5.07,74.92
PT_098,83,Regimen A,100.0,3.0,6.37,51.53
PT_098,84,None,0.0,2.4,5.42,52.9
PT_098,85,None,0.0,1.83,3.95,54.25
PT_098,86,None,0.0,1.68,3.42,55.57
PT_098,87,None,0.0,1.24,3.12,56.88
PT_098,88,None,0.0,1.37,2.97,58.16
PT_098,89,None,0.0,0.95,2.1,59.42
PT_099,0,Regimen A,100.0,2.97,6.71,24.8
PT_099,1,None,0.0,1.37,3.0,26.18
PT_099,2,None,0.0,0.55,0.97,27.59
PT_099,3,None,0.0,0.32,0.8,29.01
PT_099,4,None,0.0,0.1,0.8,30.44
PT_099,5,None,0.0,0.2,0.8,31.89
PT_099,6,None,0.0,0.1,0.8,33.35
PT_099,7,None,0.0,0.33,0.8,34.81
PT_099,8,None,0.0,0.1,0.8,36.28
PT_099,9,None,0.0,0.1,0.8,37.75
PT_099,10,None,0.0,0.1,0.8,39.23
PT_099,11,None,0.0,0.1,0.8,40.69
PT_099,12,None,0.0,0.19,0.8,42.16
PT_099,13,None,0.0,0.1,0.8,43.61
PT_099,14,None,0.0,0.34,0.8,45.06
PT_099,15,None,0.0,0.11,0.8,46.5
PT_099,16,None,0.0,0.22,0.8,47.92
PT_099,17,None,0.0,0.1,0.8,49.33
PT_099,18,None,0.0,0.19,0.8,50.73
PT_099,19,None,0.0,0.1,0.8,52.1
PT_099,20,None,0.0,0.36,0.8,53.46
PT_099,21,None,0.0,3.05,6.68,54.8
PT_099,22,None,0.0,3.0,6.42,56.12
PT_099,23,None,0.0,3.13,6.3,57.42
PT_099,24,None,0.0,3.23,7.43,58.69
PT_099,25,None,0.0,3.0,6.59,59.94
PT_099,26,None,0.0,2.99,6.29,61.17
PT_099,27,None,0.0,3.03,6.37,62.37
PT_099,28,None,0.0,2.92,6.36,63.55
PT_099,29,None,0.0,3.17,6.96,64.7
PT_099,30,None,0.0,3.13,6.97,65.83
PT_099,31,Regimen A,100.0,3.07,6.99,45.51
PT_099,32,None,0.0,1.5,3.51,46.95
PT_099,33,None,0.0,0.36,0.8,48.37
PT_099,34,None,0.0,0.19,0.8,49.77
PT_099,35,None,0.0,0.21,0.8,51.16
PT_099,36,None,0.0,0.1,0.8,52.53
PT_099,37,None,0.0,0.21,0.8,53.88
PT_099,38,None,0.0,0.2,0.8,55.22
PT_099,39,None,0.0,0.1,0.8,56.53
PT_099,40,None,0.0,0.3,0.8,57.82
PT_099,41,None,0.0,0.25,0.8,59.09
PT_099,42,None,0.0,0.25,0.8,60.33
PT_099,43,None,0.0,0.15,0.8,61.55
PT_099,44,None,0.0,0.18,0.8,62.74
PT_099,45,None,0.0,0.24,0.8,63.91
PT_099,46,None,0.0,0.14,0.8,65.06
PT_099,47,None,0.0,0.17,0.8,66.18
PT_099,48,None,0.0,0.1,0.8,67.27
PT_099,49,None,0.0,0.17,0.8,68.34
PT_099,50,None,0.0,0.12,0.8,69.38
PT_099,51,None,0.0,0.52,1.02,70.39
PT_099,52,None,0.0,3.21,6.75,71.38
PT_099,53,None,0.0,3.26,7.19,72.34
PT_099,54,None,0.0,2.98,6.76,73.28
PT_099,55,None,0.0,3.25,7.09,74.19
PT_099,56,None,0.0,3.16,7.11,75.08
PT_099,57,None,0.0,3.03,6.81,75.94
PT_099,58,None,0.0,3.09,6.57,76.77
PT_099,59,None,0.0,3.03,6.92,77.59
PT_099,60,Regimen A,100.0,3.01,6.82,53.29
PT_099,61,None,0.0,1.81,3.88,54.64
PT_099,62,None,0.0,1.08,2.31,55.96
PT_099,63,None,0.0,0.24,1.06,57.26
PT_099,64,None,0.0,0.36,0.98,58.53
PT_099,65,None,0.0,0.1,0.8,59.79
PT_099,66,None,0.0,0.3,0.8,61.02
PT_099,67,None,0.0,0.1,0.8,62.22
PT_099,68,None,0.0,0.24,0.8,63.4
PT_099,69,None,0.0,0.17,0.8,64.56
PT_099,70,None,0.0,0.22,0.8,65.69
PT_099,71,None,0.0,0.1,0.8,66.79
PT_099,72,None,0.0,0.18,0.8,67.87
PT_099,73,None,0.0,0.1,0.8,68.92
PT_099,74,None,0.0,0.15,0.8,69.95
PT_099,75,None,0.0,0.28,0.8,70.95
PT_099,76,None,0.0,0.22,0.8,71.92
PT_099,77,None,0.0,0.28,0.8,72.87
PT_099,78,None,0.0,0.36,0.83,73.79
PT_099,79,None,0.0,0.57,1.13,74.69
PT_099,80,None,0.0,0.66,1.59,75.56
PT_099,81,Regimen A,100.0,3.06,7.04,51.96
PT_099,82,None,0.0,2.19,4.74,53.32
PT_099,83,None,0.0,1.77,4.11,54.66
PT_099,84,None,0.0,1.34,3.01,55.98
PT_099,85,None,0.0,1.35,2.74,57.28
PT_099,86,None,0.0,0.81,1.57,58.56
PT_099,87,None,0.0,0.56,0.99,59.81
PT_099,88,None,0.0,0.74,1.94,61.04
PT_099,89,None,0.0,0.65,1.21,62.25
PT_100,0,Regimen A,100.0,3.33,7.68,24.8
PT_100,1,None,0.0,2.61,5.59,26.18
PT_100,2,None,0.0,2.4,5.54,27.59
PT_100,3,None,0.0,2.13,4.59,29.01
PT_100,4,None,0.0,1.96,4.01,30.44
PT_100,5,None,0.0,1.64,3.42,31.89
PT_100,6,None,0.0,1.63,3.55,33.35
PT_100,7,None,0.0,1.79,4.01,34.81
PT_100,8,None,0.0,1.54,3.46,36.28
PT_100,9,None,0.0,1.71,4.21,37.75
PT_100,10,None,0.0,1.72,3.97,39.23
PT_100,11,None,0.0,1.75,3.6,40.69
PT_100,12,None,0.0,1.69,3.84,42.16
PT_100,13,None,0.0,1.71,3.48,43.61
PT_100,14,None,0.0,1.9,4.27,45.06
PT_100,15,None,0.0,1.81,4.15,46.5
PT_100,16,None,0.0,2.08,4.25,47.92
PT_100,17,None,0.0,1.88,4.38,49.33
PT_100,18,None,0.0,2.16,4.72,50.73
PT_100,19,None,0.0,2.25,4.54,52.1
PT_100,20,None,0.0,2.41,5.65,53.46
PT_100,21,None,0.0,3.29,7.25,54.8
PT_100,22,None,0.0,3.3,7.29,56.12
PT_100,23,None,0.0,3.28,6.88,57.42
PT_100,24,None,0.0,3.14,7.28,58.69
PT_100,25,None,0.0,3.15,6.75,59.94
PT_100,26,Regimen A,100.0,3.14,6.48,41.6
PT_100,27,None,0.0,2.38,5.64,43.05
PT_100,28,None,0.0,1.7,4.33,44.51
PT_100,29,None,0.0,1.2,2.65,45.95
PT_100,30,None,0.0,1.15,2.28,47.38
PT_100,31,None,0.0,0.75,1.38,48.79
PT_100,32,None,0.0,0.77,1.53,50.19
PT_100,33,None,0.0,0.45,0.8,51.58
PT_100,34,None,0.0,0.35,0.85,52.94
PT_100,35,None,0.0,0.63,0.9,54.29
PT_100,36,None,0.0,0.41,0.93,55.62
PT_100,37,None,0.0,0.34,0.93,56.92
PT_100,38,None,0.0,0.86,1.99,58.2
PT_100,39,None,0.0,0.63,1.1,59.46
PT_100,40,None,0.0,0.8,1.57,60.7
PT_100,41,None,0.0,1.13,2.32,61.91
PT_100,42,None,0.0,1.21,2.83,63.1
PT_100,43,None,0.0,1.35,3.09,64.26
PT_100,44,None,0.0,1.52,3.43,65.4
PT_100,45,None,0.0,1.64,3.82,66.51
PT_100,46,None,0.0,1.64,4.03,67.59
PT_100,47,None,0.0,3.19,7.12,68.65
PT_100,48,None,0.0,3.41,7.73,69.69
PT_100,49,None,0.0,3.05,6.57,70.69
PT_100,50,Regimen A,100.0,3.07,7.34,48.74
PT_100,51,None,0.0,2.79,6.18,50.14
PT_100,52,None,0.0,2.58,5.19,51.52
PT_100,53,None,0.0,2.83,6.78,52.89
PT_100,54,None,0.0,2.17,4.78,54.24
PT_100,55,None,0.0,2.0,4.53,55.57
PT_100,56,None,0.0,2.35,5.44,56.87
PT_100,57,None,0.0,2.29,5.38,58.16
PT_100,58,None,0.0,2.27,5.14,59.42
PT_100,59,None,0.0,2.1,4.8,60.65
PT_100,60,None,0.0,2.47,5.31,61.87
PT_100,61,None,0.0,2.31,5.25,63.05
PT_100,62,None,0.0,2.14,4.73,64.22
PT_100,63,None,0.0,2.39,5.36,65.36
PT_100,64,None,0.0,2.48,5.51,66.47
PT_100,65,None,0.0,2.61,5.73,67.55
PT_100,66,None,0.0,2.43,5.14,68.61
PT_100,67,None,0.0,2.5,5.59,69.65
PT_100,68,None,0.0,2.62,5.65,70.66
PT_100,69,None,0.0,2.82,6.48,71.64
PT_100,70,None,0.0,2.77,6.52,72.59
PT_100,71,Regimen A,100.0,3.33,7.69,50.0
PT_100,72,None,0.0,2.36,5.4,51.38
PT_100,73,None,0.0,1.88,3.98,52.75
PT_100,74,None,0.0,1.55,3.31,54.1
PT_100,75,None,0.0,1.01,2.24,55.43
PT_100,76,None,0.0,1.11,2.55,56.74
PT_100,77,None,0.0,0.85,1.57,58.02
PT_100,78,None,0.0,0.64,1.59,59.29
PT_100,79,None,0.0,0.36,1.05,60.53
PT_100,80,None,0.0,0.68,1.68,61.74
PT_100,81,None,0.0,0.77,2.2,62.93
PT_100,82,None,0.0,0.7,1.5,64.1
PT_100,83,None,0.0,0.62,1.34,65.24
PT_100,84,None,0.0,1.03,2.11,66.35
PT_100,85,None,0.0,1.25,3.22,67.44
PT_100,86,None,0.0,0.93,2.22,68.51
PT_100,87,None,0.0,1.29,2.75,69.54
PT_100,88,None,0.0,1.31,2.9,70.55
PT_100,89,None,0.0,1.59,3.65,71.54
PT_101,0,Regimen A,100.0,5.94,12.7,24.8
PT_101,1,None,0.0,5.7,12.5,26.18
PT_101,2,None,0.0,5.47,11.57,27.59
PT_101,3,None,0.0,5.03,10.86,29.01
PT_101,4,None,0.0,5.18,11.65,30.44
PT_101,5,None,0.0,5.02,11.3,31.89
PT_101,6,None,0.0,5.05,10.85,33.35
PT_101,7,None,0.0,4.95,10.82,34.81
PT_101,8,None,0.0,5.17,11.85,36.28
PT_101,9,None,0.0,5.24,11.24,37.75
PT_101,10,None,0.0,5.13,11.73,39.23
PT_101,11,None,0.0,4.9,11.29,40.69
PT_101,12,None,0.0,5.04,10.97,42.16
PT_101,13,None,0.0,5.23,11.07,43.61
PT_101,14,None,0.0,5.17,11.4,45.06
PT_101,15,None,0.0,4.97,10.78,46.5
PT_101,16,None,0.0,5.27,11.46,47.92
PT_101,17,None,0.0,5.42,11.78,49.33
PT_101,18,None,0.0,5.19,11.42,50.73
PT_101,19,None,0.0,5.61,12.53,52.1
PT_101,20,None,0.0,5.59,12.48,53.46
PT_101,21,None,0.0,5.84,13.1,54.8
PT_101,22,None,0.0,6.09,13.26,56.12
PT_101,23,None,0.0,5.93,13.48,57.42
PT_101,24,None,0.0,5.83,13.18,58.69
PT_101,25,None,0.0,6.04,13.43,59.94
PT_101,26,None,0.0,5.92,13.03,61.17
PT_101,27,None,0.0,5.88,12.92,62.37
PT_101,28,None,0.0,5.82,13.19,63.55
PT_101,29,None,0.0,5.95,13.06,64.7
PT_101,30,None,0.0,5.98,13.58,65.83
PT_101,31,None,0.0,5.86,13.01,66.93
PT_101,32,Regimen A,100.0,5.94,13.06,46.24
PT_101,33,None,0.0,5.41,12.22,47.67
PT_101,34,None,0.0,5.11,11.29,49.08
PT_101,35,None,0.0,4.65,10.63,50.48
PT_101,36,None,0.0,4.76,10.31,51.86
PT_101,37,None,0.0,4.54,10.0,53.22
PT_101,38,None,0.0,4.31,9.74,54.57
PT_101,39,None,0.0,4.49,10.0,55.89
PT_101,40,None,0.0,4.28,9.84,57.19
PT_101,41,None,0.0,4.16,8.65,58.47
PT_101,42,None,0.0,4.3,9.56,59.72
PT_101,43,None,0.0,4.29,9.49,60.95
PT_101,44,None,0.0,4.46,9.93,62.16
PT_101,45,None,0.0,4.45,10.12,63.34
PT_101,46,None,0.0,4.83,10.48,64.5
PT_101,47,None,0.0,4.72,10.71,65.63
PT_101,48,None,0.0,4.89,11.13,66.74
PT_101,49,None,0.0,4.81,10.32,67.82
PT_101,50,None,0.0,4.81,10.83,68.87
PT_101,51,None,0.0,5.05,10.98,69.9
PT_101,52,None,0.0,5.1,11.09,70.9
PT_101,53,None,0.0,5.75,12.81,71.87
PT_101,54,None,0.0,5.77,12.85,72.82
PT_101,55,None,0.0,5.86,13.11,73.75
PT_101,56,None,0.0,5.82,12.83,74.64
PT_101,57,None,0.0,5.92,12.77,75.52
PT_101,58,Regimen A,100.0,5.87,12.45,51.93
PT_101,59,None,0.0,5.22,11.18,53.29
PT_101,60,None,0.0,4.89,11.07,54.63
PT_101,61,None,0.0,4.69,10.63,55.95
PT_101,62,None,0.0,4.36,9.47,57.25
PT_101,63,None,0.0,4.02,8.89,58.53
PT_101,64,None,0.0,3.91,8.3,59.78
PT_101,65,None,0.0,4.04,9.23,61.01
PT_101,66,None,0.0,3.85,8.27,62.22
PT_101,67,None,0.0,3.97,8.83,63.4
PT_101,68,None,0.0,3.9,8.37,64.56
PT_101,69,None,0.0,4.13,9.11,65.69
PT_101,70,None,0.0,3.94,8.74,66.79
PT_101,71,None,0.0,4.29,9.17,67.87
PT_101,72,None,0.0,4.09,8.98,68.92
PT_101,73,None,0.0,4.52,9.99,69.95
PT_101,74,None,0.0,4.55,10.23,70.95
PT_101,75,None,0.0,4.62,10.18,71.92
PT_101,76,None,0.0,4.66,10.62,72.87
PT_101,77,None,0.0,4.54,10.45,73.79
PT_101,78,None,0.0,4.93,10.74,74.69
PT_101,79,Regimen A,100.0,5.85,12.69,51.38
PT_101,80,None,0.0,5.26,11.46,52.75
PT_101,81,None,0.0,5.31,11.75,54.1
PT_101,82,None,0.0,4.96,11.0,55.43
PT_101,83,None,0.0,4.55,9.62,56.74
PT_101,84,None,0.0,4.49,9.87,58.02
PT_101,85,None,0.0,4.23,9.43,59.29
PT_101,86,None,0.0,4.4,9.28,60.53
PT_101,87,None,0.0,4.27,9.44,61.74
PT_101,88,None,0.0,4.05,9.0,62.93
PT_101,89,None,0.0,4.28,9.13,64.1
PT_102,0,Regimen A,100.0,6.19,13.73,15.87
PT_102,1,None,0.0,5.43,11.47,17.03
PT_102,2,None,0.0,4.89,11.39,18.24
PT_102,3,None,0.0,4.38,9.72,19.48
PT_102,4,None,0.0,4.1,9.21,20.76
PT_102,5,None,0.0,3.92,8.63,22.06
PT_102,6,None,0.0,3.76,8.25,23.4
PT_102,7,None,0.0,3.71,8.01,24.76
PT_102,8,None,0.0,3.69,8.12,26.14
PT_102,9,None,0.0,3.77,8.29,27.54
PT_102,10,None,0.0,3.6,8.09,28.96
PT_102,11,None,0.0,3.79,8.36,30.4
PT_102,12,None,0.0,3.98,8.72,31.84
PT_102,13,None,0.0,3.77,7.84,33.3
PT_102,14,None,0.0,4.26,9.41,34.77
PT_102,15,None,0.0,4.16,9.38,36.24
PT_102,16,None,0.0,4.5,10.07,37.71
PT_102,17,None,0.0,4.37,9.69,39.18
PT_102,18,None,0.0,4.4,9.57,40.65
PT_102,19,None,0.0,4.7,10.45,42.11
PT_102,20,None,0.0,4.84,10.95,43.57
PT_102,21,None,0.0,6.25,14.22,45.02
PT_102,22,None,0.0,6.3,14.19,46.45
PT_102,23,None,0.0,6.2,13.7,47.88
PT_102,24,None,0.0,6.14,13.11,49.29
PT_102,25,Regimen A,100.0,6.18,13.97,34.46
PT_102,26,None,0.0,5.78,12.66,35.93
PT_102,27,None,0.0,5.49,12.36,37.4
PT_102,28,None,0.0,5.13,11.69,38.88
PT_102,29,None,0.0,4.9,10.79,40.34
PT_102,30,None,0.0,4.77,11.11,41.81
PT_102,31,None,0.0,4.84,10.78,43.27
PT_102,32,None,0.0,4.42,10.15,44.72
PT_102,33,None,0.0,4.54,10.32,46.16
PT_102,34,None,0.0,4.57,9.79,47.58
PT_102,35,None,0.0,4.42,9.55,49.0
PT_102,36,None,0.0,4.51,9.93,50.4
PT_102,37,None,0.0,4.85,11.21,51.78
PT_102,38,None,0.0,4.51,9.92,53.14
PT_102,39,None,0.0,4.74,10.21,54.48
PT_102,40,None,0.0,5.02,11.13,55.81
PT_102,41,None,0.0,5.11,11.3,57.11
PT_102,42,None,0.0,5.31,11.53,58.39
PT_102,43,None,0.0,5.27,11.32,59.65
PT_102,44,None,0.0,5.31,11.81,60.88
PT_102,45,None,0.0,5.46,11.78,62.09
PT_102,46,None,0.0,6.15,14.24,63.27
PT_102,47,None,0.0,6.12,13.27,64.43
PT_102,48,None,0.0,6.15,13.07,65.56
PT_102,49,None,0.0,6.2,13.31,66.67
PT_102,50,None,0.0,6.18,13.7,67.75
PT_102,51,None,0.0,6.24,14.14,68.81
PT_102,52,None,0.0,6.34,14.2,69.84
PT_102,53,None,0.0,6.09,13.5,70.84
PT_102,54,None,0.0,6.09,13.23,71.82
PT_102,55,Regimen A,100.0,6.09,13.79,49.48
PT_102,56,None,0.0,5.48,12.04,50.87
PT_102,57,None,0.0,5.31,11.68,52.25
PT_102,58,None,0.0,5.06,11.27,53.61
PT_102,59,None,0.0,4.93,11.03,54.94
PT_102,60,None,0.0,4.68,10.1,56.26
PT_102,61,None,0.0,4.89,10.73,57.55
PT_102,62,None,0.0,4.26,9.55,58.82
PT_102,63,None,0.0,4.41,9.79,60.07
PT_102,64,None,0.0,4.45,9.66,61.3
PT_102,65,None,0.0,4.67,10.17,62.5
PT_102,66,None,0.0,4.48,10.01,63.67
PT_102,67,None,0.0,4.72,10.59,64.82
PT_102,68,None,0.0,4.73,10.18,65.95
PT_102,69,None,0.0,4.65,10.0,67.04
PT_102,70,None,0.0,4.76,10.24,68.12
PT_102,71,None,0.0,5.16,10.92,69.16
PT_102,72,None,0.0,5.16,11.98,70.18
PT_102,73,None,0.0,5.02,11.16,71.18
PT_102,74,None,0.0,5.11,10.87,72.15
PT_102,75,None,0.0,5.42,12.2,73.09
PT_102,76,Regimen A,100.0,6.29,14.24,50.32
PT_102,77,None,0.0,5.63,12.48,51.71
PT_102,78,None,0.0,5.43,11.93,53.07
PT_102,79,None,0.0,5.07,10.87,54.41
PT_102,80,None,0.0,4.61,10.65,55.74
PT_102,81,None,0.0,4.57,10.16,57.04
PT_102,82,None,0.0,4.56,9.77,58.32
PT_102,83,None,0.0,4.69,10.48,59.58
PT_102,84,None,0.0,4.51,9.73,60.81
PT_102,85,None,0.0,4.65,9.63,62.02
PT_102,86,None,0.0,4.43,9.93,63.21
PT_102,87,None,0.0,4.95,11.2,64.37
PT_102,88,None,0.0,4.68,10.46,65.5
PT_102,89,None,0.0,4.65,10.1,66.61
PT_103,0,Regimen A,100.0,3.18,7.14,15.87
PT_103,1,None,0.0,2.56,6.0,17.03
PT_103,2,None,0.0,1.78,4.03,18.24
PT_103,3,None,0.0,1.25,2.74,19.48
PT_103,4,None,0.0,1.17,2.62,20.76
PT_103,5,None,0.0,1.28,2.87,22.06
PT_103,6,None,0.0,0.96,2.01,23.4
PT_103,7,None,0.0,0.72,1.34,24.76
PT_103,8,None,0.0,0.67,1.26,26.14
PT_103,9,None,0.0,0.67,1.72,27.54
PT_103,10,None,0.0,0.71,1.45,28.96
PT_103,11,None,0.0,0.8,1.89,30.4
PT_103,12,None,0.0,1.05,2.19,31.84
PT_103,13,None,0.0,0.93,2.23,33.3
PT_103,14,None,0.0,1.23,2.31,34.77
PT_103,15,None,0.0,1.26,2.98,36.24
PT_103,16,None,0.0,1.37,3.01,37.71
PT_103,17,None,0.0,1.33,3.33,39.18
PT_103,18,None,0.0,1.99,4.08,40.65
PT_103,19,None,0.0,1.78,3.58,42.11
PT_103,20,None,0.0,1.78,3.98,43.57
PT_103,21,None,0.0,3.34,7.17,45.02
PT_103,22,None,0.0,3.32,7.62,46.45
PT_103,23,None,0.0,3.08,6.64,47.88
PT_103,24,None,0.0,3.22,7.04,49.29
PT_103,25,None,0.0,3.35,7.45,50.68
PT_103,26,None,0.0,3.28,7.01,52.06
PT_103,27,None,0.0,3.31,7.23,53.42
PT_103,28,None,0.0,2.97,6.82,54.76
PT_103,29,None,0.0,3.3,7.08,56.08
PT_103,30,None,0.0,3.24,6.68,57.38
PT_103,31,None,0.0,3.27,7.06,58.65
PT_103,32,Regimen A,100.0,3.2,7.18,40.73
PT_103,33,None,0.0,2.9,6.64,42.2
PT_103,34,None,0.0,2.33,4.79,43.65
PT_103,35,None,0.0,2.21,4.51,45.1
PT_103,36,None,0.0,2.37,4.92,46.54
PT_103,37,None,0.0,2.3,4.7,47.96
PT_103,38,None,0.0,2.13,4.81,49.37
PT_103,39,None,0.0,1.85,3.79,50.76
PT_103,40,None,0.0,1.96,4.6,52.14
PT_103,41,None,0.0,1.94,3.89,53.5
PT_103,42,None,0.0,1.92,4.13,54.84
PT_103,43,None,0.0,1.95,4.61,56.16
PT_103,44,None,0.0,2.14,4.32,57.45
PT_103,45,None,0.0,2.12,4.52,58.73
PT_103,46,None,0.0,2.32,4.83,59.98
PT_103,47,None,0.0,2.36,5.52,61.2
PT_103,48,None,0.0,2.15,4.6,62.4
PT_103,49,None,0.0,2.53,5.56,63.58
PT_103,50,None,0.0,2.71,5.82,64.73
PT_103,51,None,0.0,2.56,5.96,65.86
PT_103,52,None,0.0,2.63,5.61,66.96
PT_103,53,None,0.0,3.21,6.78,68.03
PT_103,54,None,0.0,3.31,7.33,69.08
PT_103,55,None,0.0,3.37,7.34,70.1
PT_103,56,None,0.0,3.25,7.6,71.1
PT_103,57,None,0.0,3.44,7.82,72.07
PT_103,58,None,0.0,3.23,7.26,73.01
PT_103,59,None,0.0,3.26,7.15,73.93
PT_103,60,None,0.0,3.18,6.82,74.83
PT_103,61,None,0.0,3.3,7.57,75.69
PT_103,62,None,0.0,3.42,7.59,76.54
PT_103,63,None,0.0,3.25,7.28,77.36
PT_103,64,Regimen A,100.0,3.36,7.29,53.14
PT_103,65,None,0.0,2.87,6.13,54.49
PT_103,66,None,0.0,2.83,5.98,55.81
PT_103,67,None,0.0,2.27,4.95,57.11
PT_103,68,None,0.0,2.25,5.04,58.39
PT_103,69,None,0.0,2.03,4.52,59.65
PT_103,70,None,0.0,2.01,4.47,60.88
PT_103,71,None,0.0,1.94,4.13,62.09
PT_103,72,None,0.0,2.0,4.71,63.27
PT_103,73,None,0.0,1.93,3.92,64.43
PT_103,74,None,0.0,1.97,4.41,65.56
PT_103,75,None,0.0,1.87,4.8,66.67
PT_103,76,None,0.0,2.02,4.26,67.75
PT_103,77,None,0.0,2.01,4.68,68.81
PT_103,78,None,0.0,2.18,5.22,69.84
PT_103,79,None,0.0,2.26,5.01,70.84
PT_103,80,None,0.0,2.3,5.0,71.82
PT_103,81,None,0.0,2.45,5.11,72.77
PT_103,82,None,0.0,2.39,5.33,73.69
PT_103,83,None,0.0,2.63,5.71,74.59
PT_103,84,None,0.0,2.69,6.06,75.47
PT_103,85,Regimen A,100.0,3.16,7.13,51.9
PT_103,86,None,0.0,3.1,7.03,53.26
PT_103,87,None,0.0,2.64,5.93,54.6
PT_103,88,None,0.0,2.35,5.46,55.92
PT_103,89,None,0.0,2.3,5.0,57.22
PT_104,0,Regimen A,100.0,3.53,7.99,15.87
PT_104,1,None,0.0,3.15,7.15,17.03
PT_104,2,None,0.0,2.71,6.15,18.24
PT_104,3,None,0.0,2.4,5.56,19.48
PT_104,4,None,0.0,2.27,4.84,20.76
PT_104,5,None,0.0,1.98,4.52,22.06
PT_104,6,None,0.0,2.2,4.4,23.4
PT_104,7,None,0.0,1.89,3.95,24.76
PT_104,8,None,0.0,1.77,3.9,26.14
PT_104,9,None,0.0,1.98,4.59,27.54
PT_104,10,None,0.0,1.69,2.99,28.96
PT_104,11,None,0.0,2.06,4.17,30.4
PT_104,12,None,0.0,2.01,4.73,31.84
PT_104,13,None,0.0,2.39,5.17,33.3
PT_104,14,None,0.0,1.99,4.13,34.77
PT_104,15,None,0.0,2.56,5.44,36.24
PT_104,16,None,0.0,2.51,5.45,37.71
PT_104,17,None,0.0,2.36,5.31,39.18
PT_104,18,None,0.0,2.34,5.17,40.65
PT_104,19,None,0.0,2.73,6.37,42.11
PT_104,20,None,0.0,2.74,5.99,43.57
PT_104,21,None,0.0,3.63,8.16,45.02
PT_104,22,None,0.0,3.71,8.21,46.45
PT_104,23,None,0.0,3.9,8.91,47.88
PT_104,24,None,0.0,3.89,8.39,49.29
PT_104,25,None,0.0,3.79,8.35,50.68
PT_104,26,None,0.0,3.51,7.71,52.06
PT_104,27,None,0.0,3.51,7.9,53.42
PT_104,28,None,0.0,3.56,8.02,54.76
PT_104,29,None,0.0,3.71,8.21,56.08
PT_104,30,None,0.0,3.65,8.05,57.38
PT_104,31,None,0.0,3.75,8.02,58.65
PT_104,32,None,0.0,3.68,7.97,59.9
PT_104,33,None,0.0,3.61,8.54,61.13
PT_104,34,Regimen A,100.0,3.56,7.52,42.39
PT_104,35,None,0.0,3.17,7.11,43.84
PT_104,36,None,0.0,2.99,6.31,45.29
PT_104,37,None,0.0,2.84,6.24,46.72
PT_104,38,None,0.0,2.57,5.72,48.15
PT_104,39,None,0.0,2.54,5.39,49.55
PT_104,40,None,0.0,2.61,6.22,50.94
PT_104,41,None,0.0,2.29,5.08,52.32
PT_104,42,None,0.0,2.43,5.24,53.67
PT_104,43,None,0.0,2.39,5.19,55.01
PT_104,44,None,0.0,2.51,5.61,56.33
PT_104,45,None,0.0,2.48,5.73,57.62
PT_104,46,None,0.0,2.73,6.1,58.89
PT_104,47,None,0.0,2.6,5.56,60.14
PT_104,48,None,0.0,2.48,5.53,61.36
PT_104,49,None,0.0,2.97,6.77,62.56
PT_104,50,None,0.0,2.77,6.19,63.73
PT_104,51,None,0.0,2.82,5.72,64.88
PT_104,52,None,0.0,2.77,5.75,66.0
PT_104,53,None,0.0,2.98,6.69,67.1
PT_104,54,None,0.0,3.1,7.26,68.17
PT_104,55,None,0.0,3.72,7.63,69.22
PT_104,56,Regimen A,100.0,3.61,7.6,47.76
PT_104,57,None,0.0,3.1,6.9,49.17
PT_104,58,None,0.0,2.22,4.85,50.57
PT_104,59,None,0.0,2.22,4.66,51.95
PT_104,60,None,0.0,1.83,3.67,53.31
PT_104,61,None,0.0,1.55,3.54,54.65
PT_104,62,None,0.0,1.7,3.85,55.97
PT_104,63,None,0.0,1.41,2.88,57.27
PT_104,64,None,0.0,1.26,2.48,58.55
PT_104,65,None,0.0,1.41,3.47,59.8
PT_104,66,None,0.0,1.54,3.19,61.03
PT_104,67,None,0.0,1.44,3.46,62.24
PT_104,68,None,0.0,1.55,3.25,63.42
PT_104,69,None,0.0,1.4,3.19,64.57
PT_104,70,None,0.0,1.8,4.09,65.7
PT_104,71,None,0.0,1.79,3.64,66.81
PT_104,72,None,0.0,1.86,4.21,67.88
PT_104,73,None,0.0,2.02,4.47,68.93
PT_104,74,None,0.0,2.18,4.92,69.96
PT_104,75,None,0.0,2.39,5.19,70.96
PT_104,76,None,0.0,2.47,5.56,71.93
PT_104,77,Regimen A,100.0,3.75,8.26,49.56
PT_104,78,None,0.0,3.01,6.75,50.95
PT_104,79,None,0.0,2.52,5.78,52.33
PT_104,80,None,0.0,2.4,5.16,53.68
PT_104,81,None,0.0,1.93,4.15,55.02
PT_104,82,None,0.0,1.88,4.21,56.33
PT_104,83,None,0.0,2.0,4.57,57.63
PT_104,84,None,0.0,1.77,3.76,58.9
PT_104,85,None,0.0,1.91,4.0,60.14
PT_104,86,None,0.0,1.79,3.97,61.37
PT_104,87,None,0.0,1.88,3.83,62.56
PT_104,88,None,0.0,1.85,4.25,63.74
PT_104,89,None,0.0,2.22,4.74,64.89
PT_105,0,Regimen A,100.0,3.43,7.78,15.87
PT_105,1,None,0.0,2.24,4.71,17.03
PT_105,2,None,0.0,1.61,3.4,18.24
PT_105,3,None,0.0,1.06,2.39,19.48
PT_105,4,None,0.0,0.48,1.49,20.76
PT_105,5,None,0.0,0.18,0.8,22.06
PT_105,6,None,0.0,0.1,0.8,23.4
PT_105,7,None,0.0,0.37,0.8,24.76
PT_105,8,None,0.0,0.11,0.8,26.14
PT_105,9,None,0.0,0.3,1.04,27.54
PT_105,10,None,0.0,0.2,0.8,28.96
PT_105,11,None,0.0,0.1,0.8,30.4
PT_105,12,None,0.0,0.36,0.8,31.84
PT_105,13,None,0.0,0.3,0.8,33.3
PT_105,14,None,0.0,0.76,1.95,34.77
PT_105,15,None,0.0,0.56,1.18,36.24
PT_105,16,None,0.0,1.0,2.0,37.71
PT_105,17,None,0.0,1.06,2.09,39.18
PT_105,18,None,0.0,1.16,2.48,40.65
PT_105,19,None,0.0,1.44,3.02,42.11
PT_105,20,None,0.0,1.22,2.51,43.57
PT_105,21,None,0.0,3.35,7.77,45.02
PT_105,22,None,0.0,3.37,7.38,46.45
PT_105,23,None,0.0,3.38,7.15,47.88
PT_105,24,None,0.0,3.51,7.15,49.29
PT_105,25,None,0.0,3.44,7.55,50.68
PT_105,26,None,0.0,3.4,6.98,52.06
PT_105,27,None,0.0,3.39,7.4,53.42
PT_105,28,None,0.0,3.18,6.86,54.76
PT_105,29,None,0.0,3.35,7.72,56.08
PT_105,30,None,0.0,3.51,7.38,57.38
PT_105,31,None,0.0,3.37,7.83,58.65
PT_105,32,None,0.0,3.39,7.43,59.9
PT_105,33,None,0.0,3.46,7.84,61.13
PT_105,34,None,0.0,3.38,7.17,62.33
PT_105,35,Regimen A,100.0,3.34,7.52,43.19
PT_105,36,None,0.0,2.76,5.8,44.64
PT_105,37,None,0.0,2.22,5.55,46.08
PT_105,38,None,0.0,1.67,3.67,47.51
PT_105,39,None,0.0,1.05,2.53,48.92
PT_105,40,None,0.0,1.11,2.63,50.32
PT_105,41,None,0.0,0.91,1.77,51.7
PT_105,42,None,0.0,0.93,1.94,53.07
PT_105,43,None,0.0,1.11,2.76,54.41
PT_105,44,None,0.0,0.85,1.84,55.74
PT_105,45,None,0.0,0.6,1.08,57.04
PT_105,46,None,0.0,1.25,2.94,58.32
PT_105,47,None,0.0,0.99,1.73,59.58
PT_105,48,None,0.0,1.04,2.37,60.81
PT_105,49,None,0.0,1.2,2.57,62.02
PT_105,50,None,0.0,1.49,3.52,63.21
PT_105,51,None,0.0,1.74,3.93,64.37
PT_105,52,None,0.0,1.4,3.45,65.5
PT_105,53,None,0.0,1.87,4.14,66.61
PT_105,54,None,0.0,2.05,4.14,67.69
PT_105,55,None,0.0,1.79,4.04,68.75
PT_105,56,None,0.0,3.44,7.25,69.78
PT_105,57,None,0.0,3.32,7.6,70.78
PT_105,58,None,0.0,3.43,7.6,71.76
PT_105,59,None,0.0,3.57,8.12,72.72
PT_105,60,None,0.0,3.56,7.52,73.64
PT_105,61,None,0.0,3.35,7.58,74.54
PT_105,62,None,0.0,3.47,8.16,75.42
PT_105,63,None,0.0,3.32,7.81,76.27
PT_105,64,None,0.0,3.46,7.42,77.1
PT_105,65,None,0.0,3.28,7.29,77.9
PT_105,66,None,0.0,3.4,7.38,78.68
PT_105,67,Regimen A,100.0,3.31,7.11,54.01
PT_105,68,None,0.0,2.78,6.03,55.34
PT_105,69,None,0.0,2.27,5.29,56.65
PT_105,70,None,0.0,1.84,3.73,57.94
PT_105,71,None,0.0,1.84,4.0,59.21
PT_105,72,None,0.0,1.45,2.98,60.45
PT_105,73,None,0.0,1.37,2.95,61.66
PT_105,74,None,0.0,1.31,3.23,62.86
PT_105,75,None,0.0,1.27,3.24,64.02
PT_105,76,None,0.0,1.43,3.18,65.17
PT_105,77,None,0.0,1.4,3.13,66.28
PT_105,78,None,0.0,1.51,3.36,67.37
PT_105,79,None,0.0,1.64,3.69,68.44
PT_105,80,None,0.0,1.67,3.58,69.48
PT_105,81,None,0.0,1.88,4.11,70.49
PT_105,82,None,0.0,2.0,4.61,71.47
PT_105,83,None,0.0,1.91,3.82,72.43
PT_105,84,None,0.0,1.92,4.6,73.37
PT_105,85,None,0.0,2.0,4.46,74.28
PT_105,86,None,0.0,2.21,5.09,75.16
PT_105,87,None,0.0,2.45,6.04,76.02
PT_105,88,Regimen A,100.0,3.45,7.13,52.26
PT_105,89,None,0.0,1.97,4.49,53.62
PT_106,0,Regimen A,100.0,3.39,7.49,8.85
PT_106,1,None,0.0,3.21,7.14,9.71
PT_106,2,None,0.0,2.63,5.85,10.62
PT_106,3,None,0.0,2.68,5.47,11.57
PT_106,4,None,0.0,2.55,5.74,12.57
PT_106,5,None,0.0,2.05,4.57,13.61
PT_106,6,None,0.0,2.11,4.37,14.7
PT_106,7,None,0.0,2.11,4.04,15.82
PT_106,8,None,0.0,2.21,4.4,16.99
PT_106,9,None,0.0,2.4,4.94,18.19
PT_106,10,None,0.0,2.27,4.89,19.43
PT_106,11,None,0.0,2.29,4.81,20.71
PT_106,12,None,0.0,2.36,4.95,22.01
PT_106,13,None,0.0,2.34,5.29,23.34
PT_106,14,None,0.0,2.02,4.33,24.7
PT_106,15,None,0.0,2.26,5.12,26.08
PT_106,16,None,0.0,2.53,5.36,27.49
PT_106,17,None,0.0,2.65,5.97,28.91
PT_106,18,None,0.0,2.61,5.77,30.34
PT_106,19,None,0.0,2.62,5.87,31.79
PT_106,20,None,0.0,2.78,6.17,33.25
PT_106,21,None,0.0,3.37,7.1,34.71
PT_106,22,Regimen A,100.0,3.4,7.69,24.6
PT_106,23,None,0.0,2.96,6.57,25.98
PT_106,24,None,0.0,2.31,5.18,27.38
PT_106,25,None,0.0,1.98,4.76,28.8
PT_106,26,None,0.0,1.77,3.9,30.24
PT_106,27,None,0.0,1.67,3.65,31.68
PT_106,28,None,0.0,1.14,2.27,33.14
PT_106,29,None,0.0,1.26,3.01,34.6
PT_106,30,None,0.0,1.41,3.12,36.07
PT_106,31,None,0.0,1.32,3.02,37.54
PT_106,32,None,0.0,1.32,2.73,39.01
PT_106,33,None,0.0,1.47,3.61,40.48
PT_106,34,None,0.0,1.4,2.4,41.95
PT_106,35,None,0.0,1.61,3.16,43.41
PT_106,36,None,0.0,1.79,3.8,44.85
PT_106,37,None,0.0,1.82,4.14,46.29
PT_106,38,None,0.0,1.9,4.41,47.72
PT_106,39,None,0.0,2.21,4.36,49.13
PT_106,40,None,0.0,2.22,4.77,50.53
PT_106,41,None,0.0,2.02,4.83,51.91
PT_106,42,None,0.0,2.11,4.84,53.27
PT_106,43,None,0.0,3.63,7.95,54.61
PT_106,44,None,0.0,3.35,7.31,55.93
PT_106,45,None,0.0,3.43,7.78,57.23
PT_106,46,None,0.0,3.42,7.5,58.51
PT_106,47,None,0.0,3.33,7.27,59.76
PT_106,48,None,0.0,3.43,7.59,60.99
PT_106,49,None,0.0,3.4,7.23,62.2
PT_106,50,None,0.0,3.51,7.9,63.38
PT_106,51,None,0.0,3.51,7.49,64.54
PT_106,52,Regimen A,100.0,3.5,7.46,44.65
PT_106,53,None,0.0,3.0,6.52,46.09
PT_106,54,None,0.0,2.75,5.65,47.52
PT_106,55,None,0.0,2.54,5.7,48.94
PT_106,56,None,0.0,2.24,4.91,50.34
PT_106,57,None,0.0,2.39,4.98,51.72
PT_106,58,None,0.0,2.06,4.55,53.08
PT_106,59,None,0.0,2.08,4.54,54.43
PT_106,60,None,0.0,2.23,4.7,55.75
PT_106,61,None,0.0,2.15,4.49,57.05
PT_106,62,None,0.0,2.4,5.03,58.33
PT_106,63,None,0.0,2.32,4.7,59.59
PT_106,64,None,0.0,2.07,4.75,60.83
PT_106,65,None,0.0,2.37,5.34,62.04
PT_106,66,None,0.0,2.58,6.13,63.22
PT_106,67,None,0.0,2.32,4.88,64.38
PT_106,68,None,0.0,2.6,5.82,65.51
PT_106,69,None,0.0,2.66,5.53,66.62
PT_106,70,None,0.0,2.34,5.12,67.7
PT_106,71,None,0.0,2.74,6.27,68.76
PT_106,72,None,0.0,2.78,6.02,69.79
PT_106,73,Regimen A,100.0,3.38,7.55,48.14
PT_106,74,None,0.0,2.85,6.42,49.55
PT_106,75,None,0.0,2.91,6.7,50.94
PT_106,76,None,0.0,2.37,5.4,52.31
PT_106,77,None,0.0,1.94,4.42,53.67
PT_106,78,None,0.0,1.98,4.47,55.01
PT_106,79,None,0.0,2.01,5.18,56.32
PT_106,80,None,0.0,1.85,4.14,57.61
PT_106,81,None,0.0,1.86,3.97,58.89
PT_106,82,None,0.0,1.92,4.13,60.13
PT_106,83,None,0.0,2.01,4.5,61.36
PT_106,84,None,0.0,1.96,4.6,62.56
PT_106,85,None,0.0,2.02,4.18,63.73
PT_106,86,None,0.0,2.19,4.49,64.88
PT_106,87,None,0.0,2.3,4.98,66.0
PT_106,88,None,0.0,2.31,5.5,67.1
PT_106,89,None,0.0,2.23,5.18,68.17
PT_107,0,Regimen A,100.0,5.9,12.98,15.87
PT_107,1,None,0.0,5.08,11.2,17.03
PT_107,2,None,0.0,4.25,9.05,18.24
PT_107,3,None,0.0,3.6,8.51,19.48
PT_107,4,None,0.0,3.19,6.62,20.76
PT_107,5,None,0.0,2.85,6.19,22.06
PT_107,6,None,0.0,2.92,6.32,23.4
PT_107,7,None,0.0,2.68,5.67,24.76
PT_107,8,None,0.0,2.7,6.2,26.14
PT_107,9,None,0.0,2.67,5.76,27.54
PT_107,10,None,0.0,3.01,6.72,28.96
PT_107,11,None,0.0,2.97,6.69,30.4
PT_107,12,None,0.0,3.12,7.32,31.84
PT_107,13,None,0.0,3.28,7.09,33.3
PT_107,14,None,0.0,3.14,6.46,34.77
PT_107,15,None,0.0,3.33,7.53,36.24
PT_107,16,None,0.0,3.61,7.99,37.71
PT_107,17,None,0.0,3.7,7.62,39.18
PT_107,18,None,0.0,3.74,8.1,40.65
PT_107,19,None,0.0,4.0,8.8,42.11
PT_107,20,None,0.0,4.09,8.94,43.57
PT_107,21,None,0.0,6.02,13.72,45.02
PT_107,22,None,0.0,5.96,13.39,46.45
PT_107,23,None,0.0,5.71,12.89,47.88
PT_107,24,Regimen A,100.0,5.89,13.08,33.52
PT_107,25,None,0.0,5.02,10.74,34.98
PT_107,26,None,0.0,4.27,9.66,36.45
PT_107,27,None,0.0,3.7,8.06,37.92
PT_107,28,None,0.0,3.61,8.36,39.39
PT_107,29,None,0.0,3.19,7.31,40.86
PT_107,30,None,0.0,3.21,7.21,42.32
PT_107,31,None,0.0,3.14,7.48,43.78
PT_107,32,None,0.0,2.93,6.46,45.23
PT_107,33,None,0.0,2.99,6.57,46.66
PT_107,34,None,0.0,3.0,6.35,48.08
PT_107,35,None,0.0,2.98,6.45,49.49
PT_107,36,None,0.0,3.08,7.03,50.88
PT_107,37,None,0.0,3.35,7.2,52.26
PT_107,38,None,0.0,3.25,7.42,53.62
PT_107,39,None,0.0,3.51,7.84,54.95
PT_107,40,None,0.0,3.53,7.96,56.27
PT_107,41,None,0.0,3.75,8.05,57.56
PT_107,42,None,0.0,3.97,8.83,58.84
PT_107,43,None,0.0,3.92,8.32,60.08
PT_107,44,None,0.0,4.19,9.33,61.31
PT_107,45,None,0.0,5.95,12.72,62.51
PT_107,46,None,0.0,6.1,13.46,63.68
PT_107,47,None,0.0,5.75,12.79,64.83
PT_107,48,None,0.0,6.0,12.93,65.96
PT_107,49,None,0.0,5.88,12.8,67.05
PT_107,50,None,0.0,5.9,12.44,68.13
PT_107,51,None,0.0,5.88,12.48,69.17
PT_107,52,None,0.0,6.03,13.59,70.19
PT_107,53,None,0.0,5.83,12.84,71.19
PT_107,54,None,0.0,5.91,12.98,72.15
PT_107,55,Regimen A,100.0,5.96,13.12,49.7
PT_107,56,None,0.0,4.69,10.04,51.09
PT_107,57,None,0.0,3.83,8.49,52.47
PT_107,58,None,0.0,3.1,6.97,53.82
PT_107,59,None,0.0,2.82,6.19,55.15
PT_107,60,None,0.0,2.42,5.16,56.47
PT_107,61,None,0.0,1.88,4.48,57.76
PT_107,62,None,0.0,2.25,4.63,59.03
PT_107,63,None,0.0,2.05,4.61,60.27
PT_107,64,None,0.0,1.91,4.07,61.49
PT_107,65,None,0.0,2.07,4.21,62.69
PT_107,66,None,0.0,2.08,4.5,63.86
PT_107,67,None,0.0,2.1,4.87,65.0
PT_107,68,None,0.0,2.42,5.24,66.12
PT_107,69,None,0.0,2.76,6.16,67.22
PT_107,70,None,0.0,2.76,5.61,68.29
PT_107,71,None,0.0,3.01,6.49,69.33
PT_107,72,None,0.0,2.89,6.02,70.34
PT_107,73,None,0.0,3.53,7.83,71.33
PT_107,74,None,0.0,3.45,7.45,72.3
PT_107,75,None,0.0,3.9,8.99,73.24
PT_107,76,Regimen A,100.0,5.75,12.22,50.42
PT_107,77,None,0.0,4.76,10.6,51.8
PT_107,78,None,0.0,3.75,8.46,53.16
PT_107,79,None,0.0,3.1,6.62,54.51
PT_107,80,None,0.0,2.43,5.1,55.83
PT_107,81,None,0.0,2.12,4.63,57.13
PT_107,82,None,0.0,2.18,4.68,58.41
PT_107,83,None,0.0,1.64,3.05,59.67
PT_107,84,None,0.0,1.78,4.01,60.9
PT_107,85,None,0.0,1.76,3.74,62.11
PT_107,86,None,0.0,2.04,4.24,63.29
PT_107,87,None,0.0,2.09,4.32,64.45
PT_107,88,None,0.0,2.16,5.02,65.58
PT_107,89,None,0.0,2.34,5.13,66.69
PT_108,0,Regimen A,100.0,4.18,9.44,15.87
PT_108,1,None,0.0,3.3,7.19,17.03
PT_108,2,None,0.0,2.71,5.74,18.24
PT_108,3,None,0.0,2.15,4.93,19.48
PT_108,4,None,0.0,2.02,4.35,20.76
PT_108,5,None,0.0,1.66,3.16,22.06
PT_108,6,None,0.0,1.65,3.48,23.4
PT_108,7,None,0.0,1.32,2.53,24.76
PT_108,8,None,0.0,1.26,2.44,26.14
PT_108,9,None,0.0,1.64,3.52,27.54
PT_108,10,None,0.0,1.53,3.39,28.96
PT_108,11,None,0.0,1.77,3.7,30.4
PT_108,12,None,0.0,1.77,3.58,31.84
PT_108,13,None,0.0,1.61,3.5,33.3
PT_108,14,None,0.0,1.78,3.65,34.77
PT_108,15,None,0.0,2.2,4.86,36.24
PT_108,16,None,0.0,2.32,5.05,37.71
PT_108,17,None,0.0,2.42,4.88,39.18
PT_108,18,None,0.0,2.46,5.3,40.65
PT_108,19,None,0.0,2.62,5.89,42.11
PT_108,20,None,0.0,2.52,5.69,43.57
PT_108,21,None,0.0,3.94,8.47,45.02
PT_108,22,None,0.0,3.94,8.62,46.45
PT_108,23,None,0.0,4.02,8.45,47.88
PT_108,24,Regimen A,100.0,4.01,8.7,33.52
PT_108,25,None,0.0,3.24,6.94,34.98
PT_108,26,None,0.0,2.64,6.04,36.45
PT_108,27,None,0.0,2.56,5.82,37.92
PT_108,28,None,0.0,2.35,5.25,39.39
PT_108,29,None,0.0,2.19,5.0,40.86
PT_108,30,None,0.0,1.95,4.2,42.32
PT_108,31,None,0.0,1.88,4.8,43.78
PT_108,32,None,0.0,1.94,4.28,45.23
PT_108,33,None,0.0,1.79,4.15,46.66
PT_108,34,None,0.0,1.98,4.0,48.08
PT_108,35,None,0.0,1.99,4.38,49.49
PT_108,36,None,0.0,2.36,5.26,50.88
PT_108,37,None,0.0,1.99,4.53,52.26
PT_108,38,None,0.0,2.44,5.36,53.62
PT_108,39,None,0.0,2.63,6.0,54.95
PT_108,40,None,0.0,2.42,5.08,56.27
PT_108,41,None,0.0,2.66,6.02,57.56
PT_108,42,None,0.0,2.76,5.88,58.84
PT_108,43,None,0.0,2.88,6.35,60.08
PT_108,44,None,0.0,2.62,5.58,61.31
PT_108,45,None,0.0,4.06,8.92,62.51
PT_108,46,None,0.0,3.99,8.64,63.68
PT_108,47,None,0.0,3.94,8.71,64.83
PT_108,48,None,0.0,3.81,8.96,65.96
PT_108,49,None,0.0,3.94,8.43,67.05
PT_108,50,None,0.0,3.93,9.22,68.13
PT_108,51,None,0.0,4.14,8.89,69.17
PT_108,52,None,0.0,4.28,9.28,70.19
PT_108,53,None,0.0,4.07,8.84,71.19
PT_108,54,None,0.0,4.02,8.84,72.15
PT_108,55,None,0.0,3.84,8.06,73.1
PT_108,56,Regimen A,100.0,4.07,9.6,50.33
PT_108,57,None,0.0,3.39,6.95,51.71
PT_108,58,None,0.0,2.9,6.33,53.07
PT_108,59,None,0.0,2.37,5.4,54.42
PT_108,60,None,0.0,1.95,4.14,55.74
PT_108,61,None,0.0,1.65,3.76,57.05
PT_108,62,None,0.0,1.62,3.5,58.33
PT_108,63,None,0.0,1.71,3.58,59.59
PT_108,64,None,0.0,1.75,3.66,60.82
PT_108,65,None,0.0,1.82,4.37,62.03
PT_108,66,None,0.0,1.68,3.58,63.21
PT_108,67,None,0.0,1.67,3.28,64.37
PT_108,68,None,0.0,1.76,4.0,65.51
PT_108,69,None,0.0,2.14,4.05,66.62
PT_108,70,None,0.0,2.19,5.29,67.7
PT_108,71,None,0.0,2.2,4.66,68.75
PT_108,72,None,0.0,2.26,4.63,69.79
PT_108,73,None,0.0,2.38,5.23,70.79
PT_108,74,None,0.0,2.4,5.06,71.77
PT_108,75,None,0.0,2.5,5.64,72.72
PT_108,76,None,0.0,2.57,5.32,73.65
PT_108,77,Regimen A,100.0,4.1,9.04,50.69
PT_108,78,None,0.0,3.65,7.85,52.07
PT_108,79,None,0.0,3.53,7.76,53.43
PT_108,80,None,0.0,3.25,7.52,54.77
PT_108,81,None,0.0,3.17,6.71,56.09
PT_108,82,None,0.0,3.34,7.18,57.39
PT_108,83,None,0.0,2.94,6.44,58.66
PT_108,84,None,0.0,2.9,6.45,59.91
PT_108,85,None,0.0,3.16,6.78,61.14
PT_108,86,None,0.0,2.99,6.52,62.34
PT_108,87,None,0.0,3.17,7.32,63.52
PT_108,88,None,0.0,3.07,6.97,64.67
PT_108,89,None,0.0,3.33,7.44,65.8
PT_109,0,Regimen A,100.0,4.06,8.81,15.87
PT_109,1,None,0.0,3.17,6.91,17.03
PT_109,2,None,0.0,2.56,6.12,18.24
PT_109,3,None,0.0,2.07,4.72,19.48
PT_109,4,None,0.0,1.63,3.16,20.76
PT_109,5,None,0.0,1.24,2.49,22.06
PT_109,6,None,0.0,1.51,3.68,23.4
PT_109,7,None,0.0,1.39,3.31,24.76
PT_109,8,None,0.0,1.35,3.36,26.14
PT_109,9,None,0.0,1.18,2.85,27.54
PT_109,10,None,0.0,1.42,3.19,28.96
PT_109,11,None,0.0,1.43,2.79,30.4
PT_109,12,None,0.0,1.51,3.0,31.84
PT_109,13,None,0.0,1.8,3.83,33.3
PT_109,14,None,0.0,1.69,3.9,34.77
PT_109,15,None,0.0,1.78,3.77,36.24
PT_109,16,None,0.0,2.0,4.57,37.71
PT_109,17,None,0.0,1.99,4.38,39.18
PT_109,18,None,0.0,2.35,5.27,40.65
PT_109,19,None,0.0,2.33,4.83,42.11
PT_109,20,None,0.0,2.43,5.36,43.57
PT_109,21,None,0.0,3.92,8.58,45.02
PT_109,22,None,0.0,3.81,8.5,46.45
PT_109,23,None,0.0,3.99,8.81,47.88
PT_109,24,None,0.0,4.02,8.98,49.29
PT_109,25,None,0.0,3.98,9.08,50.68
PT_109,26,None,0.0,3.94,8.44,52.06
PT_109,27,Regimen A,100.0,3.76,8.3,36.33
PT_109,28,None,0.0,3.5,7.87,37.8
PT_109,29,None,0.0,3.29,7.19,39.27
PT_109,30,None,0.0,2.94,6.72,40.74
PT_109,31,None,0.0,2.62,5.93,42.2
PT_109,32,None,0.0,2.46,5.13,43.66
PT_109,33,None,0.0,2.58,5.94,45.1
PT_109,34,None,0.0,2.17,4.76,46.54
PT_109,35,None,0.0,2.3,4.83,47.96
PT_109,36,None,0.0,2.12,4.57,49.37
PT_109,37,None,0.0,2.31,4.58,50.77
PT_109,38,None,0.0,2.55,5.7,52.14
PT_109,39,None,0.0,2.59,5.83,53.5
PT_109,40,None,0.0,2.55,5.82,54.84
PT_109,41,None,0.0,2.72,5.67,56.16
PT_109,42,None,0.0,2.98,6.34,57.45
PT_109,43,None,0.0,3.03,6.88,58.73
PT_109,44,None,0.0,2.9,5.98,59.98
PT_109,45,None,0.0,2.68,5.73,61.2
PT_109,46,None,0.0,2.95,6.59,62.41
PT_109,47,None,0.0,3.1,6.83,63.58
PT_109,48,None,0.0,3.98,8.84,64.73
PT_109,49,None,0.0,3.88,8.72,65.86
PT_109,50,None,0.0,4.05,8.72,66.96
PT_109,51,None,0.0,4.16,9.12,68.04
PT_109,52,None,0.0,3.96,8.45,69.08
PT_109,53,None,0.0,4.13,9.01,70.11
PT_109,54,None,0.0,3.79,8.41,71.1
PT_109,55,None,0.0,4.14,9.53,72.07
PT_109,56,None,0.0,3.71,8.34,73.02
PT_109,57,Regimen A,100.0,4.03,8.74,50.28
PT_109,58,None,0.0,3.77,8.75,51.66
PT_109,59,None,0.0,3.8,8.52,53.02
PT_109,60,None,0.0,3.62,7.77,54.37
PT_109,61,None,0.0,3.39,7.07,55.69
PT_109,62,None,0.0,3.47,7.61,57.0
PT_109,63,None,0.0,3.35,7.03,58.28
PT_109,64,None,0.0,3.56,8.15,59.54
PT_109,65,None,0.0,3.46,7.36,60.77
PT_109,66,None,0.0,3.27,7.09,61.98
PT_109,67,None,0.0,3.69,8.16,63.17
PT_109,68,None,0.0,3.42,7.69,64.33
PT_109,69,None,0.0,3.47,7.95,65.47
PT_109,70,None,0.0,3.51,8.07,66.57
PT_109,71,None,0.0,3.34,7.48,67.66
PT_109,72,None,0.0,3.4,7.14,68.72
PT_109,73,None,0.0,3.73,8.44,69.75
PT_109,74,None,0.0,3.62,8.19,70.75
PT_109,75,None,0.0,3.65,7.98,71.73
PT_109,76,None,0.0,3.73,8.18,72.68
PT_109,77,None,0.0,3.99,8.97,73.61
PT_109,78,Regimen A,100.0,3.98,8.78,50.67
PT_109,79,None,0.0,3.74,8.59,52.05
PT_109,80,None,0.0,3.44,7.82,53.41
PT_109,81,None,0.0,3.25,7.13,54.75
PT_109,82,None,0.0,3.0,6.31,56.07
PT_109,83,None,0.0,3.05,6.87,57.36
PT_109,84,None,0.0,3.14,6.92,58.64
PT_109,85,None,0.0,2.98,6.17,59.89
PT_109,86,None,0.0,2.91,6.62,61.12
PT_109,87,None,0.0,3.09,6.49,62.32
PT_109,88,None,0.0,3.15,7.0,63.5
PT_109,89,None,0.0,3.18,6.8,64.66
PT_110,0,Regimen A,100.0,3.58,8.42,15.87
PT_110,1,None,0.0,3.05,6.48,17.03
PT_110,2,None,0.0,2.67,5.75,18.24
PT_110,3,None,0.0,2.27,5.07,19.48
PT_110,4,None,0.0,1.98,4.07,20.76
PT_110,5,None,0.0,1.94,4.39,22.06
PT_110,6,None,0.0,1.94,4.42,23.4
PT_110,7,None,0.0,1.64,3.35,24.76
PT_110,8,None,0.0,1.46,3.07,26.14
PT_110,9,None,0.0,1.65,3.67,27.54
PT_110,10,None,0.0,1.83,4.29,28.96
PT_110,11,None,0.0,1.84,3.87,30.4
PT_110,12,None,0.0,2.19,4.92,31.84
PT_110,13,None,0.0,1.75,4.0,33.3
PT_110,14,None,0.0,2.02,4.21,34.77
PT_110,15,None,0.0,2.13,4.14,36.24
PT_110,16,None,0.0,2.08,4.5,37.71
PT_110,17,None,0.0,2.45,4.88,39.18
PT_110,18,None,0.0,2.63,5.97,40.65
PT_110,19,None,0.0,2.39,5.1,42.11
PT_110,20,None,0.0,2.62,5.88,43.57
PT_110,21,None,0.0,3.62,7.7,45.02
PT_110,22,None,0.0,3.7,7.72,46.45
PT_110,23,None,0.0,3.75,8.33,47.88
PT_110,24,None,0.0,3.51,7.45,49.29
PT_110,25,None,0.0,3.64,7.55,50.68
PT_110,26,None,0.0,3.71,8.15,52.06
PT_110,27,None,0.0,3.55,7.96,53.42
PT_110,28,None,0.0,3.76,8.11,54.76
PT_110,29,None,0.0,3.66,8.09,56.08
PT_110,30,None,0.0,3.68,8.05,57.38
PT_110,31,Regimen A,100.0,3.73,8.43,39.88
PT_110,32,None,0.0,3.38,7.26,41.35
PT_110,33,None,0.0,2.9,6.47,42.81
PT_110,34,None,0.0,2.86,6.47,44.26
PT_110,35,None,0.0,2.71,5.9,45.71
PT_110,36,None,0.0,2.63,5.75,47.14
PT_110,37,None,0.0,2.45,5.36,48.55
PT_110,38,None,0.0,2.51,5.96,49.96
PT_110,39,None,0.0,2.29,4.91,51.34
PT_110,40,None,0.0,2.4,5.37,52.71
PT_110,41,None,0.0,2.53,5.45,54.06
PT_110,42,None,0.0,2.6,5.75,55.39
PT_110,43,None,0.0,2.6,5.56,56.7
PT_110,44,None,0.0,2.5,5.66,57.99
PT_110,45,None,0.0,2.74,5.83,59.25
PT_110,46,None,0.0,2.81,6.36,60.49
PT_110,47,None,0.0,2.52,5.41,61.71
PT_110,48,None,0.0,2.75,6.53,62.9
PT_110,49,None,0.0,2.54,5.49,64.07
PT_110,50,None,0.0,3.01,6.25,65.21
PT_110,51,None,0.0,3.29,7.21,66.32
PT_110,52,None,0.0,3.49,8.13,67.41
PT_110,53,None,0.0,3.67,7.66,68.48
PT_110,54,None,0.0,3.56,8.15,69.51
PT_110,55,None,0.0,3.65,8.1,70.53
PT_110,56,None,0.0,3.45,7.61,71.51
PT_110,57,None,0.0,3.59,7.67,72.47
PT_110,58,None,0.0,3.73,8.27,73.4
PT_110,59,None,0.0,3.48,7.7,74.31
PT_110,60,None,0.0,3.83,8.42,75.19
PT_110,61,Regimen A,100.0,3.66,7.72,51.71
PT_110,62,None,0.0,2.59,5.81,53.08
PT_110,63,None,0.0,1.8,4.4,54.42
PT_110,64,None,0.0,1.17,2.38,55.75
PT_110,65,None,0.0,0.67,1.56,57.05
PT_110,66,None,0.0,0.46,1.35,58.33
PT_110,67,None,0.0,0.23,0.8,59.59
PT_110,68,None,0.0,0.1,0.8,60.82
PT_110,69,None,0.0,0.16,0.8,62.03
PT_110,70,None,0.0,0.1,0.8,63.22
PT_110,71,None,0.0,0.17,0.8,64.38
PT_110,72,None,0.0,0.34,0.92,65.51
PT_110,73,None,0.0,0.57,1.15,66.62
PT_110,74,None,0.0,0.82,1.82,67.7
PT_110,75,None,0.0,0.63,1.22,68.76
PT_110,76,None,0.0,0.87,1.69,69.79
PT_110,77,None,0.0,1.13,2.46,70.79
PT_110,78,None,0.0,1.58,3.71,71.77
PT_110,79,None,0.0,1.19,2.0,72.72
PT_110,80,None,0.0,1.82,3.68,73.65
PT_110,81,None,0.0,1.68,3.66,74.55
PT_110,82,Regimen A,100.0,3.72,8.07,51.29
PT_110,83,None,0.0,2.97,6.58,52.66
PT_110,84,None,0.0,2.2,4.76,54.01
PT_110,85,None,0.0,1.43,2.51,55.34
PT_110,86,None,0.0,0.93,2.12,56.65
PT_110,87,None,0.0,0.64,1.58,57.94
PT_110,88,None,0.0,0.78,2.01,59.2
PT_110,89,None,0.0,0.39,0.82,60.45
PT_111,0,Regimen A,100.0,5.11,11.17,15.87
PT_111,1,None,0.0,4.33,9.47,17.03
PT_111,2,None,0.0,3.76,8.43,18.24
PT_111,3,None,0.0,3.31,7.73,19.48
PT_111,4,None,0.0,3.04,6.71,20.76
PT_111,5,None,0.0,2.93,6.52,22.06
PT_111,6,None,0.0,2.77,5.88,23.4
PT_111,7,None,0.0,2.88,6.19,24.76
PT_111,8,None,0.0,2.66,6.03,26.14
PT_111,9,None,0.0,2.81,6.25,27.54
PT_111,10,None,0.0,2.64,5.7,28.96
PT_111,11,None,0.0,2.87,6.33,30.4
PT_111,12,None,0.0,2.97,6.68,31.84
PT_111,13,None,0.0,2.84,6.61,33.3
PT_111,14,None,0.0,3.09,6.96,34.77
PT_111,15,None,0.0,3.19,7.0,36.24
PT_111,16,None,0.0,3.45,7.16,37.71
PT_111,17,None,0.0,3.48,7.59,39.18
PT_111,18,None,0.0,3.61,8.67,40.65
PT_111,19,None,0.0,3.55,8.22,42.11
PT_111,20,None,0.0,3.7,8.34,43.57
PT_111,21,None,0.0,5.0,10.99,45.02
PT_111,22,None,0.0,5.02,11.05,46.45
PT_111,23,None,0.0,5.0,11.22,47.88
PT_111,24,None,0.0,4.96,11.46,49.29
PT_111,25,None,0.0,4.98,10.92,50.68
PT_111,26,None,0.0,5.04,11.0,52.06
PT_111,27,None,0.0,4.8,10.41,53.42
PT_111,28,None,0.0,5.14,10.91,54.76
PT_111,29,None,0.0,5.07,11.56,56.08
PT_111,30,None,0.0,4.88,10.69,57.38
PT_111,31,None,0.0,4.96,10.77,58.65
PT_111,32,None,0.0,4.92,10.61,59.9
PT_111,33,Regimen A,100.0,5.03,10.95,41.57
PT_111,34,None,0.0,4.4,9.84,43.03
PT_111,35,None,0.0,3.74,8.12,44.48
PT_111,36,None,0.0,3.1,6.59,45.92
PT_111,37,None,0.0,2.87,6.24,47.35
PT_111,38,None,0.0,2.46,5.35,48.77
PT_111,39,None,0.0,2.19,4.6,50.17
PT_111,40,None,0.0,2.36,5.13,51.55
PT_111,41,None,0.0,2.44,5.39,52.92
PT_111,42,None,0.0,2.4,5.41,54.27
PT_111,43,None,0.0,2.72,5.85,55.59
PT_111,44,None,0.0,2.42,5.27,56.9
PT_111,45,None,0.0,2.68,5.95,58.18
PT_111,46,None,0.0,3.05,6.97,59.44
PT_111,47,None,0.0,2.96,6.5,60.68
PT_111,48,None,0.0,3.16,7.07,61.89
PT_111,49,None,0.0,3.02,6.99,63.08
PT_111,50,None,0.0,3.16,6.81,64.24
PT_111,51,None,0.0,3.07,6.9,65.38
PT_111,52,None,0.0,3.27,7.57,66.49
PT_111,53,None,0.0,3.64,7.81,67.58
PT_111,54,None,0.0,5.02,11.25,68.63
PT_111,55,None,0.0,5.0,11.04,69.67
PT_111,56,None,0.0,4.92,10.55,70.68
PT_111,57,None,0.0,4.99,11.46,71.66
PT_111,58,None,0.0,5.18,11.33,72.61
PT_111,59,None,0.0,5.04,11.28,73.54
PT_111,60,None,0.0,5.0,10.71,74.45
PT_111,61,None,0.0,5.24,11.81,75.32
PT_111,62,None,0.0,5.0,11.08,76.18
PT_111,63,None,0.0,5.11,11.38,77.01
PT_111,64,None,0.0,5.07,11.06,77.81
PT_111,65,Regimen A,100.0,5.15,11.42,53.44
PT_111,66,None,0.0,3.6,7.83,54.78
PT_111,67,None,0.0,2.73,6.04,56.1
PT_111,68,None,0.0,1.74,3.99,57.4
PT_111,69,None,0.0,1.37,2.92,58.67
PT_111,70,None,0.0,0.9,1.85,59.92
PT_111,71,None,0.0,0.74,1.74,61.15
PT_111,72,None,0.0,0.44,1.06,62.35
PT_111,73,None,0.0,0.44,0.93,63.53
PT_111,74,None,0.0,0.56,1.27,64.69
PT_111,75,None,0.0,0.79,1.9,65.81
PT_111,76,None,0.0,0.76,1.51,66.91
PT_111,77,None,0.0,1.08,2.52,67.99
PT_111,78,None,0.0,0.97,2.07,69.04
PT_111,79,None,0.0,1.02,2.15,70.06
PT_111,80,None,0.0,1.46,3.13,71.06
PT_111,81,None,0.0,1.8,4.05,72.03
PT_111,82,None,0.0,1.92,4.41,72.98
PT_111,83,None,0.0,2.33,5.48,73.89
PT_111,84,None,0.0,2.51,5.87,74.79
PT_111,85,None,0.0,2.51,5.17,75.66
PT_111,86,Regimen A,100.0,5.02,11.38,52.02
PT_111,87,None,0.0,4.41,10.1,53.38
PT_111,88,None,0.0,4.01,8.77,54.72
PT_111,89,None,0.0,3.24,7.05,56.04
PT_112,0,Regimen A,100.0,4.02,9.5,8.85
PT_112,1,None,0.0,3.8,8.6,9.71
PT_112,2,None,0.0,3.31,7.2,10.62
PT_112,3,None,0.0,3.06,6.73,11.57
PT_112,4,None,0.0,3.04,6.31,12.57
PT_112,5,None,0.0,2.79,5.88,13.61
PT_112,6,None,0.0,2.67,6.28,14.7
PT_112,7,None,0.0,2.73,6.51,15.82
PT_112,8,None,0.0,2.7,5.71,16.99
PT_112,9,None,0.0,2.87,6.28,18.19
PT_112,10,None,0.0,2.78,6.23,19.43
PT_112,11,None,0.0,2.68,5.38,20.71
PT_112,12,None,0.0,2.97,7.2,22.01
PT_112,13,None,0.0,2.96,7.09,23.34
PT_112,14,None,0.0,2.9,6.51,24.7
PT_112,15,None,0.0,3.06,6.6,26.08
PT_112,16,None,0.0,2.99,6.85,27.49
PT_112,17,None,0.0,3.22,6.93,28.91
PT_112,18,None,0.0,3.35,7.97,30.34
PT_112,19,None,0.0,3.26,7.07,31.79
PT_112,20,None,0.0,3.23,7.42,33.25
PT_112,21,None,0.0,4.13,9.03,34.71
PT_112,22,None,0.0,4.22,9.13,36.18
PT_112,23,None,0.0,4.08,9.18,37.65
PT_112,24,None,0.0,4.24,9.05,39.12
PT_112,25,None,0.0,4.33,9.55,40.59
PT_112,26,None,0.0,4.31,9.88,42.05
PT_112,27,None,0.0,4.29,9.12,43.51
PT_112,28,Regimen A,100.0,4.13,8.82,30.57
PT_112,29,None,0.0,3.33,7.43,32.02
PT_112,30,None,0.0,2.53,5.45,33.48
PT_112,31,None,0.0,1.95,3.81,34.95
PT_112,32,None,0.0,1.93,3.98,36.42
PT_112,33,None,0.0,1.3,3.09,37.89
PT_112,34,None,0.0,1.47,3.38,39.36
PT_112,35,None,0.0,1.38,3.23,40.83
PT_112,36,None,0.0,1.34,2.78,42.29
PT_112,37,None,0.0,1.26,2.62,43.74
PT_112,38,None,0.0,1.38,3.36,45.19
PT_112,39,None,0.0,1.85,3.98,46.63
PT_112,40,None,0.0,1.69,3.89,48.05
PT_112,41,None,0.0,1.86,4.04,49.46
PT_112,42,None,0.0,2.1,4.36,50.85
PT_112,43,None,0.0,2.06,4.9,52.23
PT_112,44,None,0.0,2.05,4.49,53.58
PT_112,45,None,0.0,2.14,4.7,54.92
PT_112,46,None,0.0,2.38,4.83,56.24
PT_112,47,None,0.0,2.72,6.19,57.53
PT_112,48,None,0.0,2.71,5.8,58.81
PT_112,49,None,0.0,4.23,9.2,60.05
PT_112,50,None,0.0,4.16,9.58,61.28
PT_112,51,None,0.0,4.15,9.08,62.48
PT_112,52,None,0.0,4.16,9.35,63.65
PT_112,53,None,0.0,4.37,9.29,64.81
PT_112,54,None,0.0,4.25,8.99,65.93
PT_112,55,None,0.0,4.15,8.98,67.03
PT_112,56,Regimen A,100.0,4.35,9.74,46.31
PT_112,57,None,0.0,3.88,8.62,47.73
PT_112,58,None,0.0,3.91,8.56,49.15
PT_112,59,None,0.0,4.01,8.6,50.54
PT_112,60,None,0.0,3.98,8.6,51.92
PT_112,61,None,0.0,4.04,8.78,53.28
PT_112,62,None,0.0,3.94,8.96,54.63
PT_112,63,None,0.0,3.86,8.34,55.95
PT_112,64,None,0.0,3.94,8.45,57.25
PT_112,65,None,0.0,3.82,8.42,58.52
PT_112,66,None,0.0,3.74,8.37,59.78
PT_112,67,None,0.0,3.93,8.11,61.01
PT_112,68,None,0.0,3.79,8.47,62.21
PT_112,69,None,0.0,3.76,8.14,63.4
PT_112,70,None,0.0,3.99,9.28,64.55
PT_112,71,None,0.0,3.87,8.63,65.68
PT_112,72,None,0.0,3.85,8.51,66.79
PT_112,73,None,0.0,4.15,9.06,67.86
PT_112,74,None,0.0,3.8,8.45,68.92
PT_112,75,None,0.0,4.11,9.38,69.94
PT_112,76,None,0.0,4.2,9.04,70.94
PT_112,77,Regimen A,100.0,4.1,8.85,48.9
PT_112,78,None,0.0,3.29,7.22,50.3
PT_112,79,None,0.0,2.51,5.39,51.69
PT_112,80,None,0.0,1.95,3.92,53.05
PT_112,81,None,0.0,1.55,3.42,54.39
PT_112,82,None,0.0,1.2,2.48,55.72
PT_112,83,None,0.0,1.03,2.11,57.02
PT_112,84,None,0.0,0.97,2.45,58.3
PT_112,85,None,0.0,0.94,2.22,59.56
PT_112,86,None,0.0,1.04,2.57,60.8
PT_112,87,None,0.0,1.19,2.63,62.01
PT_112,88,None,0.0,1.26,2.8,63.19
PT_112,89,None,0.0,1.11,2.36,64.35
PT_113,0,Regimen A,100.0,5.55,12.39,8.85
PT_113,1,None,0.0,5.25,11.45,9.71
PT_113,2,None,0.0,4.91,10.84,10.62
PT_113,3,None,0.0,5.08,11.39,11.57
PT_113,4,None,0.0,4.91,10.84,12.57
PT_113,5,None,0.0,4.71,10.79,13.61
PT_113,6,None,0.0,4.6,10.12,14.7
PT_113,7,None,0.0,4.61,10.36,15.82
PT_113,8,None,0.0,4.64,9.95,16.99
PT_113,9,None,0.0,4.8,10.08,18.19
PT_113,10,None,0.0,4.69,10.16,19.43
PT_113,11,None,0.0,4.63,10.26,20.71
PT_113,12,None,0.0,4.69,10.46,22.01
PT_113,13,None,0.0,4.87,10.61,23.34
PT_113,14,None,0.0,4.94,11.03,24.7
PT_113,15,None,0.0,4.83,10.75,26.08
PT_113,16,None,0.0,4.94,10.97,27.49
PT_113,17,None,0.0,5.11,10.84,28.91
PT_113,18,None,0.0,4.97,11.41,30.34
PT_113,19,None,0.0,5.25,11.8,31.79
PT_113,20,None,0.0,5.08,11.29,33.25
PT_113,21,None,0.0,5.47,11.57,34.71
PT_113,22,None,0.0,5.5,11.82,36.18
PT_113,23,None,0.0,5.58,12.13,37.65
PT_113,24,None,0.0,5.72,12.9,39.12
PT_113,25,None,0.0,5.62,12.28,40.59
PT_113,26,None,0.0,5.4,11.68,42.05
PT_113,27,None,0.0,5.38,11.49,43.51
PT_113,28,None,0.0,5.52,12.17,44.96
PT_113,29,None,0.0,5.62,12.37,46.4
PT_113,30,Regimen A,100.0,5.45,11.7,32.52
PT_113,31,None,0.0,5.16,11.74,33.98
PT_113,32,None,0.0,4.73,10.22,35.45
PT_113,33,None,0.0,4.62,10.22,36.92
PT_113,34,None,0.0,4.74,10.47,38.39
PT_113,35,None,0.0,4.26,9.36,39.86
PT_113,36,None,0.0,4.25,9.29,41.33
PT_113,37,None,0.0,4.3,9.36,42.79
PT_113,38,None,0.0,4.27,9.21,44.24
PT_113,39,None,0.0,4.22,8.65,45.68
PT_113,40,None,0.0,4.3,9.5,47.12
PT_113,41,None,0.0,4.36,9.43,48.53
PT_113,42,None,0.0,4.51,9.72,49.94
PT_113,43,None,0.0,4.54,10.29,51.32
PT_113,44,None,0.0,4.44,9.56,52.69
PT_113,45,None,0.0,4.64,10.15,54.04
PT_113,46,None,0.0,4.38,9.23,55.37
PT_113,47,None,0.0,4.37,9.66,56.68
PT_113,48,None,0.0,4.87,10.66,57.97
PT_113,49,None,0.0,4.78,10.46,59.23
PT_113,50,None,0.0,4.75,10.66,60.48
PT_113,51,None,0.0,5.45,12.1,61.69
PT_113,52,None,0.0,5.54,12.37,62.88
PT_113,53,None,0.0,5.48,12.02,64.05
PT_113,54,None,0.0,5.55,12.17,65.19
PT_113,55,None,0.0,5.66,12.52,66.31
PT_113,56,None,0.0,5.54,12.12,67.4
PT_113,57,None,0.0,5.63,12.19,68.46
PT_113,58,None,0.0,5.52,12.07,69.5
PT_113,59,None,0.0,5.52,12.4,70.51
PT_113,60,None,0.0,5.55,12.17,71.5
PT_113,61,None,0.0,5.61,11.69,72.46
PT_113,62,None,0.0,5.63,12.38,73.39
PT_113,63,Regimen A,100.0,5.48,12.13,50.52
PT_113,64,None,0.0,5.31,11.66,51.9
PT_113,65,None,0.0,5.25,11.46,53.26
PT_113,66,None,0.0,4.76,10.63,54.61
PT_113,67,None,0.0,4.96,11.11,55.93
PT_113,68,None,0.0,4.52,9.73,57.23
PT_113,69,None,0.0,4.65,10.36,58.5
PT_113,70,None,0.0,4.66,10.53,59.76
PT_113,71,None,0.0,4.66,10.13,60.99
PT_113,72,None,0.0,4.77,10.86,62.2
PT_113,73,None,0.0,4.79,10.71,63.38
PT_113,74,None,0.0,4.65,10.04,64.53
PT_113,75,None,0.0,4.69,10.53,65.66
PT_113,76,None,0.0,4.7,10.56,66.77
PT_113,77,None,0.0,4.68,10.44,67.85
PT_113,78,None,0.0,5.1,10.99,68.9
PT_113,79,None,0.0,4.76,10.17,69.93
PT_113,80,None,0.0,5.03,10.69,70.93
PT_113,81,None,0.0,5.1,11.27,71.9
PT_113,82,None,0.0,5.0,11.12,72.85
PT_113,83,None,0.0,5.1,10.76,73.77
PT_113,84,Regimen A,100.0,5.51,12.2,50.78
PT_113,85,None,0.0,4.93,10.94,52.15
PT_113,86,None,0.0,4.8,10.23,53.51
PT_113,87,None,0.0,4.43,9.47,54.85
PT_113,88,None,0.0,4.08,9.33,56.17
PT_113,89,None,0.0,3.73,8.37,57.46
PT_114,0,Regimen A,100.0,3.46,7.67,8.85
PT_114,1,None,0.0,2.75,5.91,9.71
PT_114,2,None,0.0,1.6,3.52,10.62
PT_114,3,None,0.0,1.15,2.47,11.57
PT_114,4,None,0.0,0.91,1.91,12.57
PT_114,5,None,0.0,0.2,0.8,13.61
PT_114,6,None,0.0,0.21,0.8,14.7
PT_114,7,None,0.0,0.12,0.8,15.82
PT_114,8,None,0.0,0.1,0.8,16.99
PT_114,9,None,0.0,0.28,0.8,18.19
PT_114,10,None,0.0,0.15,0.8,19.43
PT_114,11,None,0.0,0.1,0.8,20.71
PT_114,12,None,0.0,0.35,0.8,22.01
PT_114,13,None,0.0,0.32,1.05,23.34
PT_114,14,None,0.0,0.68,1.51,24.7
PT_114,15,None,0.0,0.9,1.63,26.08
PT_114,16,None,0.0,0.71,1.64,27.49
PT_114,17,None,0.0,0.97,2.44,28.91
PT_114,18,None,0.0,1.33,2.69,30.34
PT_114,19,None,0.0,1.3,3.0,31.79
PT_114,20,None,0.0,1.84,4.02,33.25
PT_114,21,None,0.0,3.45,7.44,34.71
PT_114,22,None,0.0,3.54,7.41,36.18
PT_114,23,None,0.0,3.57,7.91,37.65
PT_114,24,None,0.0,3.53,7.64,39.12
PT_114,25,None,0.0,3.46,7.69,40.59
PT_114,26,Regimen A,100.0,3.49,7.65,28.6
PT_114,27,None,0.0,2.39,5.15,30.03
PT_114,28,None,0.0,1.36,2.84,31.47
PT_114,29,None,0.0,0.67,1.43,32.93
PT_114,30,None,0.0,0.54,1.15,34.39
PT_114,31,None,0.0,0.31,0.8,35.86
PT_114,32,None,0.0,0.14,0.8,37.33
PT_114,33,None,0.0,0.19,0.8,38.8
PT_114,34,None,0.0,0.1,0.8,40.27
PT_114,35,None,0.0,0.22,0.8,41.74
PT_114,36,None,0.0,0.19,0.8,43.2
PT_114,37,None,0.0,0.32,0.8,44.65
PT_114,38,None,0.0,0.1,0.8,46.09
PT_114,39,None,0.0,0.19,0.8,47.52
PT_114,40,None,0.0,0.45,0.8,48.93
PT_114,41,None,0.0,0.44,0.92,50.33
PT_114,42,None,0.0,0.94,2.23,51.71
PT_114,43,None,0.0,0.97,2.54,53.07
PT_114,44,None,0.0,1.07,2.44,54.42
PT_114,45,None,0.0,1.2,2.97,55.74
PT_114,46,None,0.0,1.34,3.03,57.05
PT_114,47,None,0.0,3.69,8.34,58.33
PT_114,48,None,0.0,3.39,7.46,59.59
PT_114,49,None,0.0,3.51,7.64,60.82
PT_114,50,None,0.0,3.63,8.41,62.03
PT_114,51,None,0.0,3.45,7.75,63.21
PT_114,52,None,0.0,3.63,7.88,64.37
PT_114,53,None,0.0,3.54,7.73,65.51
PT_114,54,None,0.0,3.49,7.73,66.62
PT_114,55,None,0.0,3.57,7.72,67.7
PT_114,56,None,0.0,3.63,7.8,68.76
PT_114,57,None,0.0,3.42,7.73,69.79
PT_114,58,None,0.0,3.53,7.65,70.79
PT_114,59,Regimen A,100.0,3.37,7.71,48.8
PT_114,60,None,0.0,2.59,5.85,50.2
PT_114,61,None,0.0,1.93,4.33,51.59
PT_114,62,None,0.0,1.27,2.56,52.95
PT_114,63,None,0.0,0.63,1.27,54.3
PT_114,64,None,0.0,0.57,1.18,55.63
PT_114,65,None,0.0,0.52,1.44,56.93
PT_114,66,None,0.0,0.25,0.8,58.21
PT_114,67,None,0.0,0.24,0.8,59.47
PT_114,68,None,0.0,0.25,0.8,60.71
PT_114,69,None,0.0,0.59,1.01,61.92
PT_114,70,None,0.0,0.54,1.85,63.11
PT_114,71,None,0.0,0.54,0.91,64.27
PT_114,72,None,0.0,0.65,1.53,65.41
PT_114,73,None,0.0,1.17,2.88,66.52
PT_114,74,None,0.0,1.2,2.46,67.6
PT_114,75,None,0.0,1.51,3.09,68.66
PT_114,76,None,0.0,1.52,2.81,69.69
PT_114,77,None,0.0,1.6,3.61,70.7
PT_114,78,None,0.0,1.54,3.05,71.68
PT_114,79,None,0.0,1.82,4.38,72.64
PT_114,80,Regimen A,100.0,3.45,7.22,50.02
PT_114,81,None,0.0,3.0,6.58,51.41
PT_114,82,None,0.0,2.33,4.92,52.78
PT_114,83,None,0.0,1.96,4.22,54.13
PT_114,84,None,0.0,1.82,4.16,55.46
PT_114,85,None,0.0,1.24,3.24,56.76
PT_114,86,None,0.0,1.58,3.0,58.05
PT_114,87,None,0.0,1.14,2.25,59.31
PT_114,88,None,0.0,1.23,2.38,60.55
PT_114,89,None,0.0,1.03,2.24,61.77
PT_115,0,Regimen A,100.0,5.59,12.52,8.85
PT_115,1,None,0.0,5.08,11.14,9.71
PT_115,2,None,0.0,4.79,10.34,10.62
PT_115,3,None,0.0,4.55,10.51,11.57
PT_115,4,None,0.0,4.45,9.67,12.57
PT_115,5,None,0.0,4.12,8.91,13.61
PT_115,6,None,0.0,3.89,8.61,14.7
PT_115,7,None,0.0,4.16,8.97,15.82
PT_115,8,None,0.0,4.22,9.56,16.99
PT_115,9,None,0.0,3.98,8.82,18.19
PT_115,10,None,0.0,4.03,8.96,19.43
PT_115,11,None,0.0,4.06,8.56,20.71
PT_115,12,None,0.0,4.35,9.43,22.01
PT_115,13,None,0.0,4.27,9.45,23.34
PT_115,14,None,0.0,4.21,9.44,24.7
PT_115,15,None,0.0,4.47,9.32,26.08
PT_115,16,None,0.0,4.54,9.69,27.49
PT_115,17,None,0.0,4.57,10.12,28.91
PT_115,18,None,0.0,4.55,9.9,30.34
PT_115,19,None,0.0,4.7,10.57,31.79
PT_115,20,None,0.0,4.71,10.66,33.25
PT_115,21,None,0.0,5.61,12.32,34.71
PT_115,22,None,0.0,5.78,12.69,36.18
PT_115,23,None,0.0,5.63,11.85,37.65
PT_115,24,None,0.0,5.8,12.53,39.12
PT_115,25,None,0.0,5.92,12.84,40.59
PT_115,26,Regimen A,100.0,5.64,13.06,28.6
PT_115,27,None,0.0,5.56,12.13,30.03
PT_115,28,None,0.0,5.24,11.23,31.47
PT_115,29,None,0.0,4.74,10.7,32.93
PT_115,30,None,0.0,4.78,10.17,34.39
PT_115,31,None,0.0,4.85,10.65,35.86
PT_115,32,None,0.0,4.44,9.79,37.33
PT_115,33,None,0.0,4.58,9.75,38.8
PT_115,34,None,0.0,4.53,10.06,40.27
PT_115,35,None,0.0,4.69,10.43,41.74
PT_115,36,None,0.0,4.72,10.4,43.2
PT_115,37,None,0.0,4.51,9.77,44.65
PT_115,38,None,0.0,4.77,10.68,46.09
PT_115,39,None,0.0,4.54,10.44,47.52
PT_115,40,None,0.0,4.81,11.11,48.93
PT_115,41,None,0.0,4.67,10.61,50.33
PT_115,42,None,0.0,4.79,10.19,51.71
PT_115,43,None,0.0,4.89,10.8,53.07
PT_115,44,None,0.0,5.07,10.81,54.42
PT_115,45,None,0.0,5.07,11.01,55.74
PT_115,46,None,0.0,5.09,11.2,57.05
PT_115,47,None,0.0,5.77,12.67,58.33
PT_115,48,None,0.0,5.65,12.66,59.59
PT_115,49,None,0.0,5.72,12.9,60.82
PT_115,50,None,0.0,5.67,12.59,62.03
PT_115,51,None,0.0,5.71,12.65,63.21
PT_115,52,None,0.0,5.66,12.5,64.37
PT_115,53,None,0.0,5.77,12.68,65.51
PT_115,54,None,0.0,5.68,12.2,66.62
PT_115,55,None,0.0,5.84,12.71,67.7
PT_115,56,None,0.0,5.8,13.21,68.76
PT_115,57,None,0.0,5.87,13.33,69.79
PT_115,58,None,0.0,5.58,12.37,70.79
PT_115,59,None,0.0,5.83,12.93,71.77
PT_115,60,None,0.0,5.66,12.26,72.72
PT_115,61,Regimen A,100.0,5.55,12.32,50.08
PT_115,62,None,0.0,5.13,11.88,51.47
PT_115,63,None,0.0,4.53,9.44,52.83
PT_115,64,None,0.0,4.36,9.64,54.18
PT_115,65,None,0.0,3.98,8.93,55.51
PT_115,66,None,0.0,4.17,9.21,56.82
PT_115,67,None,0.0,3.84,8.9,58.1
PT_115,68,None,0.0,3.92,9.11,59.36
PT_115,69,None,0.0,3.76,7.89,60.6
PT_115,70,None,0.0,3.85,8.49,61.82
PT_115,71,None,0.0,3.76,7.93,63.0
PT_115,72,None,0.0,3.91,8.17,64.17
PT_115,73,None,0.0,4.12,9.35,65.31
PT_115,74,None,0.0,3.85,8.65,66.42
PT_115,75,None,0.0,4.16,8.88,67.51
PT_115,76,None,0.0,4.27,9.41,68.57
PT_115,77,None,0.0,4.36,9.83,69.6
PT_115,78,None,0.0,4.29,9.66,70.61
PT_115,79,None,0.0,4.41,9.2,71.6
PT_115,80,None,0.0,4.48,10.1,72.55
PT_115,81,None,0.0,4.56,10.07,73.48
PT_115,82,Regimen A,100.0,5.78,12.88,50.58
PT_115,83,None,0.0,4.42,9.98,51.96
PT_115,84,None,0.0,3.63,8.56,53.32
PT_115,85,None,0.0,3.1,6.88,54.67
PT_115,86,None,0.0,2.48,5.44,55.99
PT_115,87,None,0.0,2.27,5.05,57.29
PT_115,88,None,0.0,1.82,4.25,58.56
PT_115,89,None,0.0,1.71,3.43,59.82
PT_116,0,Regimen A,100.0,4.99,11.21,8.85
PT_116,1,None,0.0,3.49,7.74,9.71
PT_116,2,None,0.0,2.03,4.51,10.62
PT_116,3,None,0.0,0.97,2.27,11.57
PT_116,4,None,0.0,0.25,0.8,12.57
PT_116,5,None,0.0,0.12,0.8,13.61
PT_116,6,None,0.0,0.1,0.8,14.7
PT_116,7,None,0.0,0.29,1.15,15.82
PT_116,8,None,0.0,0.32,0.8,16.99
PT_116,9,None,0.0,0.25,0.8,18.19
PT_116,10,None,0.0,0.12,0.8,19.43
PT_116,11,None,0.0,0.15,0.8,20.71
PT_116,12,None,0.0,0.28,0.8,22.01
PT_116,13,None,0.0,0.28,1.18,23.34
PT_116,14,None,0.0,0.56,1.08,24.7
PT_116,15,None,0.0,0.45,1.01,26.08
PT_116,16,None,0.0,1.0,2.35,27.49
PT_116,17,None,0.0,1.3,2.55,28.91
PT_116,18,None,0.0,1.6,3.63,30.34
PT_116,19,None,0.0,1.49,3.63,31.79
PT_116,20,None,0.0,2.04,4.64,33.25
PT_116,21,None,0.0,5.13,11.06,34.71
PT_116,22,None,0.0,5.13,11.39,36.18
PT_116,23,None,0.0,5.18,11.39,37.65
PT_116,24,None,0.0,4.98,11.01,39.12
PT_116,25,None,0.0,4.95,11.15,40.59
PT_116,26,None,0.0,4.99,10.76,42.05
PT_116,27,Regimen A,100.0,4.87,10.67,29.59
PT_116,28,None,0.0,4.21,9.32,31.03
PT_116,29,None,0.0,3.57,7.72,32.48
PT_116,30,None,0.0,3.15,6.92,33.94
PT_116,31,None,0.0,2.38,5.34,35.41
PT_116,32,None,0.0,1.99,4.56,36.88
PT_116,33,None,0.0,1.87,4.12,38.35
PT_116,34,None,0.0,2.17,4.66,39.82
PT_116,35,None,0.0,1.95,4.13,41.29
PT_116,36,None,0.0,2.17,4.46,42.75
PT_116,37,None,0.0,2.19,4.96,44.2
PT_116,38,None,0.0,2.23,4.98,45.65
PT_116,39,None,0.0,2.22,5.25,47.08
PT_116,40,None,0.0,2.23,4.76,48.5
PT_116,41,None,0.0,2.52,5.38,49.9
PT_116,42,None,0.0,2.6,6.22,51.29
PT_116,43,None,0.0,2.67,6.26,52.66
PT_116,44,None,0.0,2.85,6.4,54.01
PT_116,45,None,0.0,3.02,6.36,55.34
PT_116,46,None,0.0,3.26,6.91,56.65
PT_116,47,None,0.0,3.32,6.99,57.94
PT_116,48,None,0.0,4.96,10.7,59.2
PT_116,49,None,0.0,5.0,10.86,60.44
PT_116,50,None,0.0,5.14,11.55,61.66
PT_116,51,None,0.0,5.2,11.49,62.85
PT_116,52,None,0.0,5.03,11.08,64.02
PT_116,53,None,0.0,5.05,10.95,65.16
PT_116,54,None,0.0,4.98,11.04,66.28
PT_116,55,None,0.0,4.99,10.5,67.37
PT_116,56,None,0.0,5.02,10.68,68.43
PT_116,57,None,0.0,5.13,10.97,69.47
PT_116,58,None,0.0,5.24,11.52,70.48
PT_116,59,Regimen A,100.0,4.97,10.76,48.6
PT_116,60,None,0.0,4.41,9.7,50.0
PT_116,61,None,0.0,4.27,9.35,51.39
PT_116,62,None,0.0,4.12,8.8,52.76
PT_116,63,None,0.0,3.89,8.66,54.11
PT_116,64,None,0.0,3.61,8.19,55.44
PT_116,65,None,0.0,3.67,8.08,56.74
PT_116,66,None,0.0,3.67,7.9,58.03
PT_116,67,None,0.0,4.1,9.18,59.29
PT_116,68,None,0.0,3.86,9.05,60.53
PT_116,69,None,0.0,3.76,8.03,61.75
PT_116,70,None,0.0,3.91,8.97,62.94
PT_116,71,None,0.0,3.66,7.68,64.11
PT_116,72,None,0.0,3.95,8.65,65.25
PT_116,73,None,0.0,3.62,8.28,66.36
PT_116,74,None,0.0,3.62,8.0,67.45
PT_116,75,None,0.0,3.96,9.36,68.51
PT_116,76,None,0.0,3.96,9.02,69.55
PT_116,77,None,0.0,4.16,9.16,70.56
PT_116,78,None,0.0,4.14,8.96,71.54
PT_116,79,None,0.0,4.4,10.04,72.5
PT_116,80,Regimen A,100.0,5.03,11.2,49.93
PT_116,81,None,0.0,3.9,9.0,51.32
PT_116,82,None,0.0,3.11,6.42,52.69
PT_116,83,None,0.0,2.23,4.85,54.04
PT_116,84,None,0.0,2.05,4.58,55.37
PT_116,85,None,0.0,1.56,3.62,56.68
PT_116,86,None,0.0,1.6,3.37,57.97
PT_116,87,None,0.0,1.41,3.07,59.23
PT_116,88,None,0.0,1.18,2.65,60.47
PT_116,89,None,0.0,1.4,3.03,61.69
PT_117,0,Regimen A,100.0,3.17,6.95,15.87
PT_117,1,None,0.0,2.59,5.51,17.03
PT_117,2,None,0.0,2.03,4.39,18.24
PT_117,3,None,0.0,1.82,4.09,19.48
PT_117,4,None,0.0,1.63,3.78,20.76
PT_117,5,None,0.0,1.51,2.86,22.06
PT_117,6,None,0.0,1.33,3.18,23.4
PT_117,7,None,0.0,1.48,3.51,24.76
PT_117,8,None,0.0,1.22,2.71,26.14
PT_117,9,None,0.0,1.37,2.74,27.54
PT_117,10,None,0.0,1.54,3.45,28.96
PT_117,11,None,0.0,0.9,2.26,30.4
PT_117,12,None,0.0,1.32,2.97,31.84
PT_117,13,None,0.0,1.68,3.25,33.3
PT_117,14,None,0.0,1.68,3.73,34.77
PT_117,15,None,0.0,1.77,3.43,36.24
PT_117,16,None,0.0,1.52,3.05,37.71
PT_117,17,None,0.0,1.91,4.54,39.18
PT_117,18,None,0.0,1.91,4.08,40.65
PT_117,19,None,0.0,1.79,4.21,42.11
PT_117,20,None,0.0,2.22,5.15,43.57
PT_117,21,None,0.0,2.99,6.63,45.02
PT_117,22,None,0.0,3.27,7.12,46.45
PT_117,23,None,0.0,3.36,7.62,47.88
PT_117,24,None,0.0,3.42,7.8,49.29
PT_117,25,None,0.0,3.08,6.46,50.68
PT_117,26,None,0.0,3.23,6.95,52.06
PT_117,27,None,0.0,3.05,7.06,53.42
PT_117,28,None,0.0,3.2,6.93,54.76
PT_117,29,None,0.0,3.2,7.3,56.08
PT_117,30,None,0.0,3.07,6.28,57.38
PT_117,31,None,0.0,3.3,6.8,58.65
PT_117,32,None,0.0,3.35,7.35,59.9
PT_117,33,None,0.0,3.34,7.25,61.13
PT_117,34,Regimen A,100.0,3.3,7.35,42.39
PT_117,35,None,0.0,3.13,6.94,43.84
PT_117,36,None,0.0,3.06,6.16,45.29
PT_117,37,None,0.0,3.0,6.46,46.72
PT_117,38,None,0.0,2.92,6.92,48.15
PT_117,39,None,0.0,2.9,6.4,49.55
PT_117,40,None,0.0,2.65,5.65,50.94
PT_117,41,None,0.0,2.8,5.95,52.32
PT_117,42,None,0.0,2.92,6.7,53.67
PT_117,43,None,0.0,2.56,5.68,55.01
PT_117,44,None,0.0,2.84,6.0,56.33
PT_117,45,None,0.0,2.99,6.41,57.62
PT_117,46,None,0.0,2.79,5.78,58.89
PT_117,47,None,0.0,2.83,6.12,60.14
PT_117,48,None,0.0,2.96,6.87,61.36
PT_117,49,None,0.0,2.88,5.81,62.56
PT_117,50,None,0.0,2.87,6.35,63.73
PT_117,51,None,0.0,3.14,6.85,64.88
PT_117,52,None,0.0,3.25,7.01,66.0
PT_117,53,None,0.0,3.06,6.51,67.1
PT_117,54,None,0.0,2.92,6.5,68.17
PT_117,55,None,0.0,3.28,7.19,69.22
PT_117,56,None,0.0,3.28,6.89,70.24
PT_117,57,None,0.0,3.15,6.9,71.23
PT_117,58,None,0.0,3.29,7.42,72.19
PT_117,59,None,0.0,3.14,6.95,73.14
PT_117,60,None,0.0,2.99,6.41,74.05
PT_117,61,None,0.0,3.24,7.21,74.94
PT_117,62,None,0.0,3.14,6.99,75.81
PT_117,63,None,0.0,3.1,6.87,76.65
PT_117,64,None,0.0,3.24,7.16,77.46
PT_117,65,None,0.0,3.3,7.32,78.25
PT_117,66,None,0.0,3.0,6.36,79.02
PT_117,67,None,0.0,3.08,6.7,79.76
PT_117,68,None,0.0,3.19,7.31,80.49
PT_117,69,Regimen A,100.0,3.16,6.69,55.21
PT_117,70,None,0.0,2.7,5.57,56.52
PT_117,71,None,0.0,2.32,5.33,57.81
PT_117,72,None,0.0,1.94,4.02,59.07
PT_117,73,None,0.0,1.78,4.26,60.32
PT_117,74,None,0.0,1.78,3.9,61.54
PT_117,75,None,0.0,1.51,3.3,62.73
PT_117,76,None,0.0,1.29,3.08,63.9
PT_117,77,None,0.0,1.44,3.33,65.05
PT_117,78,None,0.0,1.6,3.32,66.17
PT_117,79,None,0.0,1.34,3.03,67.26
PT_117,80,None,0.0,1.59,3.36,68.33
PT_117,81,None,0.0,1.47,2.96,69.37
PT_117,82,None,0.0,1.95,3.95,70.38
PT_117,83,None,0.0,1.85,4.13,71.37
PT_117,84,None,0.0,1.98,4.24,72.33
PT_117,85,None,0.0,1.9,4.17,73.27
PT_117,86,None,0.0,1.98,4.36,74.18
PT_117,87,None,0.0,1.96,4.41,75.07
PT_117,88,None,0.0,1.97,4.42,75.93
PT_117,89,None,0.0,2.34,5.43,76.77
PT_118,0,Regimen A,100.0,4.15,9.31,8.85
PT_118,1,None,0.0,3.57,8.27,9.71
PT_118,2,None,0.0,3.04,6.47,10.62
PT_118,3,None,0.0,2.38,5.04,11.57
PT_118,4,None,0.0,2.11,4.44,12.57
PT_118,5,None,0.0,2.12,4.72,13.61
PT_118,6,None,0.0,1.72,3.71,14.7
PT_118,7,None,0.0,1.86,4.14,15.82
PT_118,8,None,0.0,1.85,3.96,16.99
PT_118,9,None,0.0,1.87,3.9,18.19
PT_118,10,None,0.0,1.74,3.55,19.43
PT_118,11,None,0.0,2.23,4.84,20.71
PT_118,12,None,0.0,2.1,4.7,22.01
PT_118,13,None,0.0,1.65,3.8,23.34
PT_118,14,None,0.0,2.19,4.73,24.7
PT_118,15,None,0.0,2.47,5.33,26.08
PT_118,16,None,0.0,2.23,4.67,27.49
PT_118,17,None,0.0,2.76,6.1,28.91
PT_118,18,None,0.0,2.98,6.56,30.34
PT_118,19,None,0.0,2.65,5.7,31.79
PT_118,20,None,0.0,2.82,6.31,33.25
PT_118,21,None,0.0,4.33,9.35,34.71
PT_118,22,None,0.0,4.29,9.39,36.18
PT_118,23,None,0.0,4.16,8.97,37.65
PT_118,24,None,0.0,4.36,9.67,39.12
PT_118,25,None,0.0,4.32,9.63,40.59
PT_118,26,None,0.0,4.3,9.32,42.05
PT_118,27,None,0.0,4.14,9.68,43.51
PT_118,28,None,0.0,4.37,9.47,44.96
PT_118,29,None,0.0,4.39,9.72,46.4
PT_118,30,None,0.0,4.24,9.32,47.82
PT_118,31,Regimen A,100.0,4.63,9.55,33.48
PT_118,32,None,0.0,3.71,7.95,34.94
PT_118,33,None,0.0,3.26,6.69,36.41
PT_118,34,None,0.0,3.0,6.54,37.89
PT_118,35,None,0.0,2.81,6.13,39.36
PT_118,36,None,0.0,2.67,6.13,40.82
PT_118,37,None,0.0,2.69,5.9,42.29
PT_118,38,None,0.0,2.35,5.09,43.74
PT_118,39,None,0.0,2.54,5.72,45.19
PT_118,40,None,0.0,2.58,5.47,46.63
PT_118,41,None,0.0,2.71,6.05,48.05
PT_118,42,None,0.0,2.44,5.34,49.46
PT_118,43,None,0.0,2.83,6.72,50.85
PT_118,44,None,0.0,2.99,6.78,52.23
PT_118,45,None,0.0,2.7,5.79,53.58
PT_118,46,None,0.0,2.79,6.05,54.92
PT_118,47,None,0.0,3.04,6.8,56.24
PT_118,48,None,0.0,2.97,6.64,57.53
PT_118,49,None,0.0,2.99,6.5,58.8
PT_118,50,None,0.0,3.07,6.87,60.05
PT_118,51,None,0.0,3.26,6.99,61.28
PT_118,52,None,0.0,4.19,8.95,62.48
PT_118,53,None,0.0,4.42,9.18,63.65
PT_118,54,None,0.0,4.26,9.24,64.8
PT_118,55,None,0.0,4.52,10.13,65.93
PT_118,56,None,0.0,4.31,9.94,67.03
PT_118,57,Regimen A,100.0,4.38,9.67,46.31
PT_118,58,None,0.0,3.69,7.77,47.73
PT_118,59,None,0.0,3.54,7.58,49.15
PT_118,60,None,0.0,3.12,6.94,50.54
PT_118,61,None,0.0,2.99,6.76,51.92
PT_118,62,None,0.0,2.66,6.09,53.28
PT_118,63,None,0.0,2.71,6.04,54.62
PT_118,64,None,0.0,2.81,6.16,55.95
PT_118,65,None,0.0,2.72,5.95,57.25
PT_118,66,None,0.0,2.58,5.94,58.52
PT_118,67,None,0.0,2.6,5.64,59.78
PT_118,68,None,0.0,2.7,5.73,61.01
PT_118,69,None,0.0,2.66,5.7,62.21
PT_118,70,None,0.0,2.92,6.77,63.39
PT_118,71,None,0.0,2.86,6.5,64.55
PT_118,72,None,0.0,2.89,6.2,65.68
PT_118,73,None,0.0,2.89,6.41,66.78
PT_118,74,None,0.0,3.28,7.0,67.86
PT_118,75,None,0.0,3.47,7.88,68.92
PT_118,76,None,0.0,3.57,7.94,69.94
PT_118,77,None,0.0,3.39,7.31,70.94
PT_118,78,Regimen A,100.0,4.28,9.41,48.9
PT_118,79,None,0.0,4.06,9.27,50.3
PT_118,80,None,0.0,3.7,8.73,51.68
PT_118,81,None,0.0,3.85,8.36,53.05
PT_118,82,None,0.0,3.61,8.42,54.39
PT_118,83,None,0.0,3.45,7.92,55.72
PT_118,84,None,0.0,3.67,7.92,57.02
PT_118,85,None,0.0,3.64,8.13,58.3
PT_118,86,None,0.0,3.74,7.99,59.56
PT_118,87,None,0.0,3.47,7.57,60.8
PT_118,88,None,0.0,3.51,7.82,62.01
PT_118,89,None,0.0,3.62,7.87,63.19
PT_119,0,Regimen A,100.0,6.08,13.2,15.87
PT_119,1,None,0.0,5.18,11.42,17.03
PT_119,2,None,0.0,4.49,9.85,18.24
PT_119,3,None,0.0,4.21,9.22,19.48
PT_119,4,None,0.0,4.07,8.77,20.76
PT_119,5,None,0.0,3.65,7.66,22.06
PT_119,6,None,0.0,3.61,8.22,23.4
PT_119,7,None,0.0,3.45,7.39,24.76
PT_119,8,None,0.0,3.37,7.41,26.14
PT_119,9,None,0.0,3.39,7.43,27.54
PT_119,10,None,0.0,3.61,7.72,28.96
PT_119,11,None,0.0,3.66,8.19,30.4
PT_119,12,None,0.0,3.78,8.51,31.84
PT_119,13,None,0.0,3.75,8.18,33.3
PT_119,14,None,0.0,3.77,8.26,34.77
PT_119,15,None,0.0,3.98,8.83,36.24
PT_119,16,None,0.0,4.24,9.47,37.71
PT_119,17,None,0.0,4.51,10.05,39.18
PT_119,18,None,0.0,4.32,9.61,40.65
PT_119,19,None,0.0,4.34,9.79,42.11
PT_119,20,None,0.0,4.66,10.29,43.57
PT_119,21,None,0.0,5.99,13.49,45.02
PT_119,22,None,0.0,5.9,13.12,46.45
PT_119,23,Regimen A,100.0,5.79,12.81,32.56
PT_119,24,None,0.0,4.72,10.15,34.02
PT_119,25,None,0.0,3.85,8.41,35.49
PT_119,26,None,0.0,2.97,6.6,36.96
PT_119,27,None,0.0,2.67,5.81,38.43
PT_119,28,None,0.0,2.13,4.67,39.9
PT_119,29,None,0.0,2.02,4.39,41.36
PT_119,30,None,0.0,1.47,3.24,42.82
PT_119,31,None,0.0,1.79,3.67,44.28
PT_119,32,None,0.0,1.79,3.85,45.72
PT_119,33,None,0.0,1.78,4.03,47.15
PT_119,34,None,0.0,1.74,3.42,48.57
PT_119,35,None,0.0,1.97,4.27,49.97
PT_119,36,None,0.0,2.22,4.78,51.36
PT_119,37,None,0.0,2.6,5.69,52.73
PT_119,38,None,0.0,2.55,5.51,54.08
PT_119,39,None,0.0,2.82,5.77,55.41
PT_119,40,None,0.0,3.13,7.08,56.72
PT_119,41,None,0.0,3.22,6.96,58.0
PT_119,42,None,0.0,3.33,7.41,59.27
PT_119,43,None,0.0,3.43,7.51,60.51
PT_119,44,None,0.0,5.89,13.3,61.72
PT_119,45,None,0.0,5.97,13.0,62.91
PT_119,46,None,0.0,5.9,12.8,64.08
PT_119,47,Regimen A,100.0,6.0,13.46,44.35
PT_119,48,None,0.0,5.63,11.81,45.79
PT_119,49,None,0.0,5.58,12.45,47.22
PT_119,50,None,0.0,5.05,10.85,48.64
PT_119,51,None,0.0,4.9,10.92,50.04
PT_119,52,None,0.0,4.87,10.48,51.43
PT_119,53,None,0.0,4.94,10.95,52.8
PT_119,54,None,0.0,4.84,10.84,54.15
PT_119,55,None,0.0,4.68,10.88,55.47
PT_119,56,None,0.0,5.09,11.14,56.78
PT_119,57,None,0.0,4.99,10.57,58.07
PT_119,58,None,0.0,4.91,10.7,59.33
PT_119,59,None,0.0,4.92,10.67,60.57
PT_119,60,None,0.0,4.74,10.63,61.78
PT_119,61,None,0.0,5.14,10.94,62.97
PT_119,62,None,0.0,5.2,10.88,64.14
PT_119,63,None,0.0,5.24,11.69,65.28
PT_119,64,None,0.0,5.05,11.32,66.39
PT_119,65,None,0.0,5.11,11.29,67.48
PT_119,66,None,0.0,5.16,11.36,68.54
PT_119,67,None,0.0,5.09,11.11,69.58
PT_119,68,Regimen A,100.0,5.99,13.23,48.0
PT_119,69,None,0.0,4.96,11.27,49.41
PT_119,70,None,0.0,4.35,9.7,50.8
PT_119,71,None,0.0,3.69,8.17,52.18
PT_119,72,None,0.0,3.73,8.38,53.53
PT_119,73,None,0.0,3.22,6.96,54.87
PT_119,74,None,0.0,2.96,6.69,56.19
PT_119,75,None,0.0,2.68,5.71,57.49
PT_119,76,None,0.0,2.94,6.44,58.76
PT_119,77,None,0.0,2.89,5.97,60.01
PT_119,78,None,0.0,2.8,6.01,61.23
PT_119,79,None,0.0,3.04,6.58,62.44
PT_119,80,None,0.0,3.15,6.93,63.61
PT_119,81,None,0.0,3.35,7.43,64.76
PT_119,82,None,0.0,3.39,7.35,65.89
PT_119,83,None,0.0,3.52,7.4,66.99
PT_119,84,None,0.0,3.56,7.41,68.06
PT_119,85,None,0.0,3.81,8.33,69.11
PT_119,86,None,0.0,4.36,9.74,70.13
PT_119,87,None,0.0,4.13,9.04,71.13
PT_119,88,None,0.0,4.32,9.52,72.1
PT_119,89,None,0.0,6.01,13.4,73.04
PT_120,0,Regimen A,100.0,6.1,13.63,8.85
PT_120,1,None,0.0,5.48,12.16,9.71
PT_120,2,None,0.0,4.93,10.71,10.62
PT_120,3,None,0.0,4.56,9.72,11.57
PT_120,4,None,0.0,4.22,9.01,12.57
PT_120,5,None,0.0,4.06,9.17,13.61
PT_120,6,None,0.0,3.81,8.24,14.7
PT_120,7,None,0.0,3.73,8.29,15.82
PT_120,8,None,0.0,3.68,7.99,16.99
PT_120,9,None,0.0,3.84,8.47,18.19
PT_120,10,None,0.0,4.01,9.12,19.43
PT_120,11,None,0.0,3.72,8.31,20.71
PT_120,12,None,0.0,4.06,8.91,22.01
PT_120,13,None,0.0,4.09,9.24,23.34
PT_120,14,None,0.0,4.27,9.34,24.7
PT_120,15,None,0.0,4.1,8.58,26.08
PT_120,16,None,0.0,4.69,10.15,27.49
PT_120,17,None,0.0,4.77,10.62,28.91
PT_120,18,None,0.0,4.51,9.76,30.34
PT_120,19,None,0.0,4.83,10.57,31.79
PT_120,20,None,0.0,4.87,11.02,33.25
PT_120,21,Regimen A,100.0,6.33,13.89,23.6
PT_120,22,None,0.0,5.56,12.64,24.97
PT_120,23,None,0.0,4.91,11.04,26.35
PT_120,24,None,0.0,4.37,9.4,27.76
PT_120,25,None,0.0,4.19,9.2,29.18
PT_120,26,None,0.0,3.93,8.56,30.62
PT_120,27,None,0.0,3.64,8.25,32.07
PT_120,28,None,0.0,3.77,8.03,33.53
PT_120,29,None,0.0,3.7,7.91,34.99
PT_120,30,None,0.0,3.73,8.21,36.46
PT_120,31,None,0.0,3.72,8.17,37.93
PT_120,32,None,0.0,3.83,8.81,39.4
PT_120,33,None,0.0,4.07,9.05,40.87
PT_120,34,None,0.0,4.15,8.97,42.34
PT_120,35,None,0.0,4.17,9.46,43.79
PT_120,36,None,0.0,4.14,9.01,45.24
PT_120,37,None,0.0,4.47,9.86,46.67
PT_120,38,None,0.0,4.42,9.66,48.1
PT_120,39,None,0.0,4.7,10.62,49.5
PT_120,40,None,0.0,4.64,10.31,50.9
PT_120,41,None,0.0,4.79,10.86,52.27
PT_120,42,Regimen A,100.0,6.11,13.3,36.47
PT_120,43,None,0.0,5.71,12.34,37.94
PT_120,44,None,0.0,5.05,11.05,39.41
PT_120,45,None,0.0,4.57,10.31,40.88
PT_120,46,None,0.0,4.25,9.37,42.34
PT_120,47,None,0.0,3.97,8.77,43.79
PT_120,48,None,0.0,3.78,8.47,45.24
PT_120,49,None,0.0,4.09,8.8,46.68
PT_120,50,None,0.0,4.03,8.61,48.1
PT_120,51,None,0.0,3.91,9.12,49.51
PT_120,52,None,0.0,3.93,8.73,50.9
PT_120,53,None,0.0,4.02,8.87,52.27
PT_120,54,None,0.0,4.04,8.41,53.63
PT_120,55,None,0.0,3.98,8.71,54.97
PT_120,56,None,0.0,4.47,10.2,56.28
PT_120,57,None,0.0,4.51,10.1,57.58
PT_120,58,None,0.0,4.55,10.16,58.85
PT_120,59,None,0.0,4.34,9.76,60.1
PT_120,60,None,0.0,4.81,10.87,61.32
PT_120,61,None,0.0,4.95,10.83,62.52
PT_120,62,None,0.0,5.01,11.24,63.69
PT_120,63,Regimen A,100.0,6.24,13.52,44.09
PT_120,64,None,0.0,5.77,12.73,45.54
PT_120,65,None,0.0,5.65,12.35,46.97
PT_120,66,None,0.0,5.11,11.38,48.39
PT_120,67,None,0.0,5.01,10.76,49.8
PT_120,68,None,0.0,5.11,11.44,51.18
PT_120,69,None,0.0,4.93,10.89,52.56
PT_120,70,None,0.0,4.94,11.18,53.91
PT_120,71,None,0.0,5.01,10.57,55.24
PT_120,72,None,0.0,5.07,10.98,56.55
PT_120,73,None,0.0,5.12,11.2,57.84
PT_120,74,None,0.0,5.01,10.74,59.11
PT_120,75,None,0.0,5.0,11.13,60.35
PT_120,76,None,0.0,5.21,11.53,61.57
PT_120,77,None,0.0,5.21,11.87,62.76
PT_120,78,None,0.0,5.32,12.06,63.93
PT_120,79,None,0.0,5.12,11.18,65.08
PT_120,80,None,0.0,5.39,11.98,66.2
PT_120,81,None,0.0,5.58,11.99,67.29
PT_120,82,None,0.0,5.28,11.95,68.35
PT_120,83,None,0.0,5.36,11.5,69.4
PT_120,84,None,0.0,6.2,13.7,70.41
PT_120,85,None,0.0,6.16,13.64,71.4
PT_120,86,None,0.0,6.19,13.53,72.36
PT_120,87,None,0.0,6.18,13.86,73.3
PT_120,88,None,0.0,6.21,13.63,74.21
PT_120,89,None,0.0,6.15,13.52,75.09
PT_121,0,Regimen A,100.0,4.58,9.95,15.87
PT_121,1,None,0.0,3.82,8.43,17.03
PT_121,2,None,0.0,3.4,7.19,18.24
PT_121,3,None,0.0,2.73,5.57,19.48
PT_121,4,None,0.0,2.52,5.55,20.76
PT_121,5,None,0.0,2.58,5.79,22.06
PT_121,6,None,0.0,2.33,5.12,23.4
PT_121,7,None,0.0,2.32,5.17,24.76
PT_121,8,None,0.0,2.03,4.58,26.14
PT_121,9,None,0.0,2.39,5.49,27.54
PT_121,10,None,0.0,2.29,5.01,28.96
PT_121,11,None,0.0,2.21,4.97,30.4
PT_121,12,None,0.0,2.49,5.57,31.84
PT_121,13,None,0.0,2.76,5.81,33.3
PT_121,14,None,0.0,2.5,5.75,34.77
PT_121,15,None,0.0,2.73,6.07,36.24
PT_121,16,None,0.0,3.01,6.55,37.71
PT_121,17,None,0.0,3.18,6.97,39.18
PT_121,18,None,0.0,2.97,6.35,40.65
PT_121,19,None,0.0,3.25,6.83,42.11
PT_121,20,None,0.0,3.15,6.99,43.57
PT_121,21,None,0.0,4.55,10.24,45.02
PT_121,22,None,0.0,4.47,9.62,46.45
PT_121,23,None,0.0,4.53,9.8,47.88
PT_121,24,None,0.0,4.51,10.21,49.29
PT_121,25,None,0.0,4.54,9.6,50.68
PT_121,26,None,0.0,4.29,9.29,52.06
PT_121,27,None,0.0,4.55,9.9,53.42
PT_121,28,None,0.0,4.49,10.14,54.76
PT_121,29,None,0.0,4.35,9.7,56.08
PT_121,30,None,0.0,4.59,10.2,57.38
PT_121,31,None,0.0,4.44,10.3,58.65
PT_121,32,Regimen A,100.0,4.64,10.36,40.73
PT_121,33,None,0.0,4.08,9.2,42.2
PT_121,34,None,0.0,3.7,8.15,43.65
PT_121,35,None,0.0,3.25,6.73,45.1
PT_121,36,None,0.0,3.41,6.94,46.54
PT_121,37,None,0.0,3.21,7.06,47.96
PT_121,38,None,0.0,3.27,7.35,49.37
PT_121,39,None,0.0,3.24,6.51,50.76
PT_121,40,None,0.0,3.13,6.99,52.14
PT_121,41,None,0.0,3.08,6.77,53.5
PT_121,42,None,0.0,3.25,6.57,54.84
PT_121,43,None,0.0,3.0,6.81,56.16
PT_121,44,None,0.0,3.22,6.72,57.45
PT_121,45,None,0.0,3.25,6.77,58.73
PT_121,46,None,0.0,3.12,6.9,59.98
PT_121,47,None,0.0,3.21,7.13,61.2
PT_121,48,None,0.0,3.37,7.09,62.4
PT_121,49,None,0.0,3.56,7.77,63.58
PT_121,50,None,0.0,3.65,8.18,64.73
PT_121,51,None,0.0,3.58,7.59,65.86
PT_121,52,None,0.0,3.55,8.05,66.96
PT_121,53,None,0.0,4.46,9.53,68.03
PT_121,54,None,0.0,4.63,10.28,69.08
PT_121,55,None,0.0,4.67,9.75,70.1
PT_121,56,None,0.0,4.51,10.28,71.1
PT_121,57,None,0.0,4.73,10.62,72.07
PT_121,58,Regimen A,100.0,4.53,10.08,49.65
PT_121,59,None,0.0,4.0,8.48,51.04
PT_121,60,None,0.0,3.33,7.45,52.41
PT_121,61,None,0.0,2.67,6.09,53.77
PT_121,62,None,0.0,2.34,5.32,55.1
PT_121,63,None,0.0,2.31,5.0,56.42
PT_121,64,None,0.0,2.09,4.82,57.71
PT_121,65,None,0.0,1.97,3.68,58.98
PT_121,66,None,0.0,1.88,4.31,60.22
PT_121,67,None,0.0,1.99,4.21,61.44
PT_121,68,None,0.0,1.95,4.28,62.64
PT_121,69,None,0.0,2.04,4.39,63.81
PT_121,70,None,0.0,2.21,4.99,64.96
PT_121,71,None,0.0,2.29,4.82,66.08
PT_121,72,None,0.0,2.29,5.27,67.18
PT_121,73,None,0.0,2.47,5.6,68.24
PT_121,74,None,0.0,2.82,6.13,69.29
PT_121,75,None,0.0,2.88,6.43,70.3
PT_121,76,None,0.0,2.95,6.01,71.3
PT_121,77,None,0.0,3.16,6.93,72.26
PT_121,78,None,0.0,3.19,6.84,73.2
PT_121,79,Regimen A,100.0,4.54,9.76,50.4
PT_121,80,None,0.0,3.92,8.63,51.78
PT_121,81,None,0.0,3.53,7.52,53.14
PT_121,82,None,0.0,3.15,6.97,54.49
PT_121,83,None,0.0,3.17,6.97,55.81
PT_121,84,None,0.0,2.81,6.25,57.11
PT_121,85,None,0.0,2.55,5.18,58.39
PT_121,86,None,0.0,2.71,6.03,59.65
PT_121,87,None,0.0,2.41,5.24,60.88
PT_121,88,None,0.0,2.68,6.16,62.09
PT_121,89,None,0.0,2.64,5.8,63.27
PT_122,0,Regimen A,100.0,4.52,10.1,8.85
PT_122,1,None,0.0,4.14,9.08,9.71
PT_122,2,None,0.0,3.82,8.47,10.62
PT_122,3,None,0.0,3.52,7.51,11.57
PT_122,4,None,0.0,3.48,7.79,12.57
PT_122,5,None,0.0,3.2,7.52,13.61
PT_122,6,None,0.0,3.06,6.69,14.7
PT_122,7,None,0.0,3.1,6.79,15.82
PT_122,8,None,0.0,3.22,7.01,16.99
PT_122,9,None,0.0,3.03,6.73,18.19
PT_122,10,None,0.0,3.08,7.04,19.43
PT_122,11,None,0.0,3.33,7.17,20.71
PT_122,12,None,0.0,3.33,7.15,22.01
PT_122,13,None,0.0,3.1,7.02,23.34
PT_122,14,None,0.0,3.4,7.45,24.7
PT_122,15,None,0.0,3.52,8.03,26.08
PT_122,16,None,0.0,3.12,6.75,27.49
PT_122,17,None,0.0,3.56,7.95,28.91
PT_122,18,None,0.0,3.74,8.35,30.34
PT_122,19,None,0.0,3.68,8.54,31.79
PT_122,20,None,0.0,3.7,7.78,33.25
PT_122,21,None,0.0,4.72,10.73,34.71
PT_122,22,None,0.0,4.54,10.14,36.18
PT_122,23,None,0.0,4.67,10.03,37.65
PT_122,24,None,0.0,4.52,9.59,39.12
PT_122,25,None,0.0,4.65,10.4,40.59
PT_122,26,None,0.0,4.51,10.38,42.05
PT_122,27,None,0.0,4.4,9.33,43.51
PT_122,28,Regimen A,100.0,4.58,9.99,30.57
PT_122,29,None,0.0,3.77,8.12,32.02
PT_122,30,None,0.0,3.31,7.36,33.48
PT_122,31,None,0.0,3.0,6.57,34.95
PT_122,32,None,0.0,2.79,6.56,36.42
PT_122,33,None,0.0,2.53,5.08,37.89
PT_122,34,None,0.0,2.58,6.14,39.36
PT_122,35,None,0.0,2.37,4.79,40.83
PT_122,36,None,0.0,2.21,5.05,42.29
PT_122,37,None,0.0,2.38,5.31,43.74
PT_122,38,None,0.0,2.35,5.34,45.19
PT_122,39,None,0.0,2.39,5.64,46.63
PT_122,40,None,0.0,2.52,5.34,48.05
PT_122,41,None,0.0,2.69,5.94,49.46
PT_122,42,None,0.0,2.58,5.56,50.85
PT_122,43,None,0.0,3.01,6.6,52.23
PT_122,44,None,0.0,2.89,5.92,53.58
PT_122,45,None,0.0,3.14,7.1,54.92
PT_122,46,None,0.0,2.95,6.62,56.24
PT_122,47,None,0.0,2.89,6.4,57.53
PT_122,48,None,0.0,3.56,7.87,58.81
PT_122,49,None,0.0,4.58,10.11,60.05
PT_122,50,None,0.0,4.67,10.38,61.28
PT_122,51,None,0.0,4.63,9.93,62.48
PT_122,52,None,0.0,4.62,10.29,63.65
PT_122,53,None,0.0,4.6,10.22,64.81
PT_122,54,None,0.0,4.69,10.12,65.93
PT_122,55,None,0.0,4.4,9.52,67.03
PT_122,56,None,0.0,4.56,9.85,68.1
PT_122,57,None,0.0,4.4,9.76,69.15
PT_122,58,None,0.0,4.54,10.18,70.17
PT_122,59,None,0.0,4.48,9.97,71.16
PT_122,60,None,0.0,4.45,9.93,72.13
PT_122,61,None,0.0,4.37,9.32,73.07
PT_122,62,Regimen A,100.0,4.53,10.33,50.31
PT_122,63,None,0.0,3.99,8.89,51.7
PT_122,64,None,0.0,3.15,6.74,53.06
PT_122,65,None,0.0,2.79,6.08,54.4
PT_122,66,None,0.0,2.48,5.12,55.73
PT_122,67,None,0.0,2.51,5.98,57.03
PT_122,68,None,0.0,2.18,4.94,58.31
PT_122,69,None,0.0,2.07,4.73,59.57
PT_122,70,None,0.0,2.19,4.37,60.81
PT_122,71,None,0.0,2.13,4.87,62.02
PT_122,72,None,0.0,2.1,4.81,63.2
PT_122,73,None,0.0,2.28,4.99,64.36
PT_122,74,None,0.0,2.45,5.33,65.5
PT_122,75,None,0.0,2.64,5.33,66.6
PT_122,76,None,0.0,2.67,6.35,67.69
PT_122,77,None,0.0,2.4,5.34,68.74
PT_122,78,None,0.0,3.06,6.7,69.77
PT_122,79,None,0.0,2.79,5.71,70.78
PT_122,80,None,0.0,3.01,6.6,71.76
PT_122,81,None,0.0,3.35,7.38,72.71
PT_122,82,None,0.0,3.39,7.35,73.64
PT_122,83,Regimen A,100.0,4.68,10.07,50.69
PT_122,84,None,0.0,3.65,8.09,52.06
PT_122,85,None,0.0,2.85,6.42,53.42
PT_122,86,None,0.0,2.37,5.12,54.76
PT_122,87,None,0.0,1.88,3.88,56.08
PT_122,88,None,0.0,1.79,3.76,57.38
PT_122,89,None,0.0,1.31,3.14,58.65
PT_123,0,Regimen A,100.0,6.23,13.67,8.85
PT_123,1,None,0.0,5.22,11.56,9.71
PT_123,2,None,0.0,4.44,9.89,10.62
PT_123,3,None,0.0,4.01,8.84,11.57
PT_123,4,None,0.0,3.22,7.1,12.57
PT_123,5,None,0.0,3.06,6.8,13.61
PT_123,6,None,0.0,3.08,6.6,14.7
PT_123,7,None,0.0,2.97,6.87,15.82
PT_123,8,None,0.0,2.84,6.08,16.99
PT_123,9,None,0.0,3.12,6.95,18.19
PT_123,10,None,0.0,2.92,6.26,19.43
PT_123,11,None,0.0,2.99,6.71,20.71
PT_123,12,None,0.0,2.98,6.41,22.01
PT_123,13,None,0.0,3.46,7.69,23.34
PT_123,14,None,0.0,3.56,7.59,24.7
PT_123,15,None,0.0,3.63,8.36,26.08
PT_123,16,None,0.0,3.71,8.43,27.49
PT_123,17,None,0.0,3.91,8.89,28.91
PT_123,18,None,0.0,3.83,8.25,30.34
PT_123,19,None,0.0,4.06,8.79,31.79
PT_123,20,None,0.0,4.39,9.51,33.25
PT_123,21,None,0.0,5.94,12.44,34.71
PT_123,22,Regimen A,100.0,6.14,13.3,24.6
PT_123,23,None,0.0,4.97,10.89,25.98
PT_123,24,None,0.0,4.47,9.79,27.38
PT_123,25,None,0.0,3.66,7.65,28.8
PT_123,26,None,0.0,3.36,7.33,30.24
PT_123,27,None,0.0,2.81,6.17,31.68
PT_123,28,None,0.0,2.77,6.44,33.14
PT_123,29,None,0.0,2.57,5.41,34.6
PT_123,30,None,0.0,2.52,5.06,36.07
PT_123,31,None,0.0,2.57,5.7,37.54
PT_123,32,None,0.0,2.65,5.95,39.01
PT_123,33,None,0.0,2.72,5.69,40.48
PT_123,34,None,0.0,2.99,6.65,41.95
PT_123,35,None,0.0,3.27,7.29,43.41
PT_123,36,None,0.0,3.29,7.31,44.85
PT_123,37,None,0.0,3.27,7.42,46.29
PT_123,38,None,0.0,3.31,7.33,47.72
PT_123,39,None,0.0,3.8,8.23,49.13
PT_123,40,None,0.0,3.73,8.56,50.53
PT_123,41,None,0.0,4.0,8.89,51.91
PT_123,42,None,0.0,4.18,9.23,53.27
PT_123,43,None,0.0,6.01,13.44,54.61
PT_123,44,None,0.0,6.33,13.6,55.93
PT_123,45,None,0.0,6.13,13.45,57.23
PT_123,46,None,0.0,6.27,13.78,58.51
PT_123,47,Regimen A,100.0,6.09,13.37,40.64
PT_123,48,None,0.0,5.44,11.86,42.1
PT_123,49,None,0.0,5.04,11.55,43.56
PT_123,50,None,0.0,4.73,10.53,45.01
PT_123,51,None,0.0,4.43,9.91,46.45
PT_123,52,None,0.0,4.15,9.28,47.87
PT_123,53,None,0.0,4.28,8.94,49.28
PT_123,54,None,0.0,4.27,10.08,50.68
PT_123,55,None,0.0,3.99,8.48,52.05
PT_123,56,None,0.0,4.15,8.71,53.41
PT_123,57,None,0.0,4.1,9.31,54.75
PT_123,58,None,0.0,4.33,9.46,56.07
PT_123,59,None,0.0,4.26,9.02,57.37
PT_123,60,None,0.0,4.18,9.03,58.64
PT_123,61,None,0.0,4.43,9.88,59.9
PT_123,62,None,0.0,4.69,10.64,61.12
PT_123,63,None,0.0,4.7,10.03,62.33
PT_123,64,None,0.0,4.64,10.29,63.51
PT_123,65,None,0.0,4.94,11.14,64.66
PT_123,66,None,0.0,5.09,11.04,65.79
PT_123,67,None,0.0,5.23,11.55,66.89
PT_123,68,Regimen A,100.0,6.1,13.57,46.22
PT_123,69,None,0.0,5.71,12.76,47.64
PT_123,70,None,0.0,5.59,11.8,49.06
PT_123,71,None,0.0,5.03,11.24,50.45
PT_123,72,None,0.0,5.28,11.05,51.83
PT_123,73,None,0.0,5.09,11.21,53.2
PT_123,74,None,0.0,5.12,11.66,54.54
PT_123,75,None,0.0,4.89,11.09,55.86
PT_123,76,None,0.0,5.0,10.99,57.16
PT_123,77,None,0.0,4.72,10.51,58.44
PT_123,78,None,0.0,5.07,10.82,59.7
PT_123,79,None,0.0,5.08,11.3,60.93
PT_123,80,None,0.0,5.06,11.23,62.14
PT_123,81,None,0.0,5.09,11.24,63.32
PT_123,82,None,0.0,5.05,10.92,64.48
PT_123,83,None,0.0,5.27,11.37,65.61
PT_123,84,None,0.0,5.45,11.92,66.72
PT_123,85,None,0.0,5.55,12.36,67.8
PT_123,86,None,0.0,5.27,11.64,68.85
PT_123,87,None,0.0,5.3,11.72,69.88
PT_123,88,None,0.0,5.6,12.19,70.88
PT_123,89,None,0.0,6.09,13.11,71.86
PT_124,0,Regimen A,100.0,4.94,10.79,15.87
PT_124,1,None,0.0,4.47,9.57,17.03
PT_124,2,None,0.0,4.43,10.47,18.24
PT_124,3,None,0.0,4.11,9.23,19.48
PT_124,4,None,0.0,3.9,8.56,20.76
PT_124,5,None,0.0,3.86,8.33,22.06
PT_124,6,None,0.0,3.73,8.0,23.4
PT_124,7,None,0.0,3.56,7.68,24.76
PT_124,8,None,0.0,3.6,7.86,26.14
PT_124,9,None,0.0,3.65,8.1,27.54
PT_124,10,None,0.0,3.69,7.92,28.96
PT_124,11,None,0.0,3.63,7.96,30.4
PT_124,12,None,0.0,3.79,8.76,31.84
PT_124,13,None,0.0,3.99,8.71,33.3
PT_124,14,None,0.0,3.83,8.32,34.77
PT_124,15,None,0.0,4.01,9.12,36.24
PT_124,16,None,0.0,4.04,9.45,37.71
PT_124,17,None,0.0,4.16,9.44,39.18
PT_124,18,None,0.0,3.96,9.13,40.65
PT_124,19,None,0.0,4.36,9.36,42.11
PT_124,20,None,0.0,4.41,9.42,43.57
PT_124,21,Regimen A,100.0,5.13,11.57,30.61
PT_124,22,None,0.0,4.36,9.79,32.06
PT_124,23,None,0.0,3.83,8.68,33.52
PT_124,24,None,0.0,4.17,9.25,34.98
PT_124,25,None,0.0,3.94,8.79,36.45
PT_124,26,None,0.0,3.58,7.97,37.93
PT_124,27,None,0.0,3.52,7.68,39.4
PT_124,28,None,0.0,3.68,7.93,40.86
PT_124,29,None,0.0,3.59,7.66,42.33
PT_124,30,None,0.0,3.54,7.78,43.78
PT_124,31,None,0.0,3.65,8.02,45.23
PT_124,32,None,0.0,3.6,8.0,46.66
PT_124,33,None,0.0,3.65,7.77,48.09
PT_124,34,None,0.0,3.55,7.9,49.5
PT_124,35,None,0.0,3.97,8.54,50.89
PT_124,36,None,0.0,4.03,9.23,52.26
PT_124,37,None,0.0,4.17,9.09,53.62
PT_124,38,None,0.0,3.89,8.55,54.96
PT_124,39,None,0.0,3.89,9.02,56.27
PT_124,40,None,0.0,4.12,9.19,57.57
PT_124,41,None,0.0,4.39,9.87,58.84
PT_124,42,None,0.0,5.12,11.24,60.09
PT_124,43,None,0.0,4.78,10.62,61.31
PT_124,44,None,0.0,4.93,10.4,62.51
PT_124,45,None,0.0,4.95,10.65,63.68
PT_124,46,None,0.0,4.98,11.22,64.83
PT_124,47,None,0.0,4.94,11.4,65.96
PT_124,48,Regimen A,100.0,4.89,10.66,45.6
PT_124,49,None,0.0,4.75,10.16,47.03
PT_124,50,None,0.0,4.24,9.5,48.45
PT_124,51,None,0.0,4.26,8.97,49.85
PT_124,52,None,0.0,4.28,9.51,51.24
PT_124,53,None,0.0,3.92,8.64,52.61
PT_124,54,None,0.0,4.06,8.75,53.96
PT_124,55,None,0.0,3.82,8.43,55.3
PT_124,56,None,0.0,3.95,8.68,56.61
PT_124,57,None,0.0,3.99,8.57,57.89
PT_124,58,None,0.0,4.03,8.89,59.16
PT_124,59,None,0.0,4.02,8.92,60.4
PT_124,60,None,0.0,3.99,8.93,61.62
PT_124,61,None,0.0,4.49,10.06,62.81
PT_124,62,None,0.0,3.97,8.47,63.98
PT_124,63,None,0.0,4.06,8.82,65.13
PT_124,64,None,0.0,4.21,9.6,66.24
PT_124,65,None,0.0,4.54,10.19,67.33
PT_124,66,None,0.0,4.13,8.94,68.4
PT_124,67,None,0.0,4.26,9.45,69.44
PT_124,68,None,0.0,4.51,9.72,70.45
PT_124,69,Regimen A,100.0,4.9,10.99,48.58
PT_124,70,None,0.0,4.36,9.18,49.98
PT_124,71,None,0.0,3.71,8.16,51.37
PT_124,72,None,0.0,3.11,6.9,52.74
PT_124,73,None,0.0,2.85,6.51,54.09
PT_124,74,None,0.0,2.68,5.76,55.42
PT_124,75,None,0.0,2.43,5.31,56.72
PT_124,76,None,0.0,2.35,5.13,58.01
PT_124,77,None,0.0,2.32,5.73,59.27
PT_124,78,None,0.0,2.27,5.43,60.51
PT_124,79,None,0.0,2.53,5.59,61.73
PT_124,80,None,0.0,2.58,5.72,62.92
PT_124,81,None,0.0,2.76,5.6,64.09
PT_124,82,None,0.0,2.79,6.21,65.23
PT_124,83,None,0.0,2.76,5.73,66.34
PT_124,84,None,0.0,2.93,6.19,67.43
PT_124,85,None,0.0,3.14,6.91,68.49
PT_124,86,None,0.0,3.09,6.56,69.53
PT_124,87,None,0.0,3.15,6.96,70.54
PT_124,88,None,0.0,3.56,7.92,71.53
PT_124,89,None,0.0,3.59,8.02,72.49
PT_125,0,Regimen A,100.0,2.68,5.94,15.87
PT_125,1,None,0.0,2.25,5.16,17.03
PT_125,2,None,0.0,1.85,4.24,18.24
PT_125,3,None,0.0,1.2,2.94,19.48
PT_125,4,None,0.0,0.75,1.72,20.76
PT_125,5,None,0.0,0.68,1.75,22.06
PT_125,6,None,0.0,0.6,1.33,23.4
PT_125,7,None,0.0,0.52,0.95,24.76
PT_125,8,None,0.0,0.59,1.39,26.14
PT_125,9,None,0.0,0.36,1.17,27.54
PT_125,10,None,0.0,0.36,0.8,28.96
PT_125,11,None,0.0,0.52,1.14,30.4
PT_125,12,None,0.0,0.74,1.12,31.84
PT_125,13,None,0.0,0.8,1.83,33.3
PT_125,14,None,0.0,0.72,1.45,34.77
PT_125,15,None,0.0,0.93,2.15,36.24
PT_125,16,None,0.0,1.31,2.96,37.71
PT_125,17,None,0.0,1.17,2.67,39.18
PT_125,18,None,0.0,1.17,2.56,40.65
PT_125,19,None,0.0,1.7,3.8,42.11
PT_125,20,None,0.0,1.63,4.03,43.57
PT_125,21,None,0.0,2.94,5.84,45.02
PT_125,22,None,0.0,2.79,6.23,46.45
PT_125,23,None,0.0,2.89,6.59,47.88
PT_125,24,None,0.0,2.95,6.98,49.29
PT_125,25,None,0.0,3.11,6.96,50.68
PT_125,26,None,0.0,2.94,6.28,52.06
PT_125,27,None,0.0,3.08,6.65,53.42
PT_125,28,None,0.0,2.87,5.95,54.76
PT_125,29,None,0.0,2.8,6.09,56.08
PT_125,30,None,0.0,2.91,6.48,57.38
PT_125,31,None,0.0,2.89,6.3,58.65
PT_125,32,Regimen A,100.0,3.12,6.9,40.73
PT_125,33,None,0.0,2.3,5.41,42.2
PT_125,34,None,0.0,1.63,3.23,43.65
PT_125,35,None,0.0,1.2,2.61,45.1
PT_125,36,None,0.0,0.81,1.36,46.54
PT_125,37,None,0.0,0.62,1.61,47.96
PT_125,38,None,0.0,0.51,1.42,49.37
PT_125,39,None,0.0,0.68,1.35,50.76
PT_125,40,None,0.0,0.46,1.39,52.14
PT_125,41,None,0.0,0.37,0.8,53.5
PT_125,42,None,0.0,0.46,1.1,54.84
PT_125,43,None,0.0,0.58,1.54,56.16
PT_125,44,None,0.0,0.91,1.73,57.45
PT_125,45,None,0.0,0.98,1.91,58.73
PT_125,46,None,0.0,0.99,2.04,59.98
PT_125,47,None,0.0,0.84,1.69,61.2
PT_125,48,None,0.0,1.01,2.01,62.4
PT_125,49,None,0.0,1.14,2.55,63.58
PT_125,50,None,0.0,1.51,3.41,64.73
PT_125,51,None,0.0,1.43,2.78,65.86
PT_125,52,None,0.0,1.5,3.15,66.96
PT_125,53,None,0.0,2.89,6.35,68.03
PT_125,54,None,0.0,2.71,5.75,69.08
PT_125,55,None,0.0,2.84,6.06,70.1
PT_125,56,None,0.0,2.82,6.25,71.1
PT_125,57,None,0.0,2.9,6.52,72.07
PT_125,58,None,0.0,3.0,6.69,73.01
PT_125,59,None,0.0,2.91,6.94,73.93
PT_125,60,None,0.0,2.96,6.54,74.83
PT_125,61,None,0.0,2.79,6.1,75.69
PT_125,62,None,0.0,2.85,5.75,76.54
PT_125,63,None,0.0,2.8,6.12,77.36
PT_125,64,None,0.0,3.03,6.51,78.15
PT_125,65,Regimen A,100.0,2.92,6.38,53.67
PT_125,66,None,0.0,2.22,4.73,55.0
PT_125,67,None,0.0,1.68,3.97,56.32
PT_125,68,None,0.0,0.95,1.93,57.61
PT_125,69,None,0.0,0.7,1.53,58.88
PT_125,70,None,0.0,0.55,0.8,60.13
PT_125,71,None,0.0,0.55,0.8,61.35
PT_125,72,None,0.0,0.45,0.92,62.55
PT_125,73,None,0.0,0.46,0.8,63.73
PT_125,74,None,0.0,0.63,1.05,64.87
PT_125,75,None,0.0,0.45,0.81,66.0
PT_125,76,None,0.0,0.6,0.88,67.09
PT_125,77,None,0.0,0.7,1.58,68.16
PT_125,78,None,0.0,0.75,1.75,69.21
PT_125,79,None,0.0,0.97,2.38,70.23
PT_125,80,None,0.0,1.06,2.33,71.22
PT_125,81,None,0.0,1.13,2.45,72.19
PT_125,82,None,0.0,1.11,2.65,73.13
PT_125,83,None,0.0,1.4,2.92,74.04
PT_125,84,None,0.0,1.51,3.02,74.93
PT_125,85,None,0.0,1.53,3.36,75.8
PT_125,86,Regimen A,100.0,2.77,6.77,52.12
PT_125,87,None,0.0,1.69,3.41,53.47
PT_125,88,None,0.0,0.79,2.04,54.81
PT_125,89,None,0.0,0.11,0.8,56.13
PT_126,0,Regimen A,100.0,6.14,13.64,8.85
PT_126,1,None,0.0,5.42,11.72,9.71
PT_126,2,None,0.0,4.53,10.16,10.62
PT_126,3,None,0.0,4.08,8.87,11.57
PT_126,4,None,0.0,3.66,7.71,12.57
PT_126,5,None,0.0,3.59,7.83,13.61
PT_126,6,None,0.0,3.39,7.46,14.7
PT_126,7,None,0.0,3.45,7.58,15.82
PT_126,8,None,0.0,3.62,8.04,16.99
PT_126,9,None,0.0,3.34,7.47,18.19
PT_126,10,None,0.0,3.55,7.97,19.43
PT_126,11,None,0.0,3.48,7.89,20.71
PT_126,12,None,0.0,3.82,8.53,22.01
PT_126,13,None,0.0,3.52,7.7,23.34
PT_126,14,None,0.0,3.64,8.37,24.7
PT_126,15,None,0.0,3.73,8.21,26.08
PT_126,16,None,0.0,3.94,8.65,27.49
PT_126,17,None,0.0,4.06,8.93,28.91
PT_126,18,None,0.0,4.48,9.71,30.34
PT_126,19,None,0.0,4.27,9.4,31.79
PT_126,20,None,0.0,4.79,10.32,33.25
PT_126,21,None,0.0,5.99,13.36,34.71
PT_126,22,Regimen A,100.0,6.13,13.42,24.6
PT_126,23,None,0.0,5.72,12.75,25.98
PT_126,24,None,0.0,5.44,11.67,27.38
PT_126,25,None,0.0,4.43,9.0,28.8
PT_126,26,None,0.0,4.45,9.37,30.24
PT_126,27,None,0.0,4.41,9.83,31.68
PT_126,28,None,0.0,4.28,9.11,33.14
PT_126,29,None,0.0,4.34,9.49,34.6
PT_126,30,None,0.0,4.3,9.09,36.07
PT_126,31,None,0.0,3.99,9.31,37.54
PT_126,32,None,0.0,4.25,9.28,39.01
PT_126,33,None,0.0,4.23,9.13,40.48
PT_126,34,None,0.0,4.38,9.37,41.95
PT_126,35,None,0.0,4.67,10.76,43.41
PT_126,36,None,0.0,4.64,10.28,44.85
PT_126,37,None,0.0,4.63,10.64,46.29
PT_126,38,None,0.0,4.59,10.08,47.72
PT_126,39,None,0.0,5.02,11.42,49.13
PT_126,40,None,0.0,5.01,11.21,50.53
PT_126,41,None,0.0,4.93,11.22,51.91
PT_126,42,None,0.0,5.1,11.74,53.27
PT_126,43,None,0.0,6.02,13.41,54.61
PT_126,44,None,0.0,6.22,13.8,55.93
PT_126,45,None,0.0,6.08,13.7,57.23
PT_126,46,None,0.0,6.09,13.23,58.51
PT_126,47,None,0.0,6.07,13.77,59.76
PT_126,48,None,0.0,6.32,14.25,60.99
PT_126,49,None,0.0,6.05,13.12,62.2
PT_126,50,None,0.0,6.16,13.94,63.38
PT_126,51,Regimen A,100.0,6.16,13.41,43.89
PT_126,52,None,0.0,5.27,11.78,45.33
PT_126,53,None,0.0,4.32,9.54,46.77
PT_126,54,None,0.0,3.7,8.27,48.19
PT_126,55,None,0.0,3.47,7.48,49.6
PT_126,56,None,0.0,3.15,6.85,50.99
PT_126,57,None,0.0,3.04,6.36,52.36
PT_126,58,None,0.0,2.81,6.2,53.72
PT_126,59,None,0.0,2.91,6.4,55.05
PT_126,60,None,0.0,2.75,5.76,56.37
PT_126,61,None,0.0,2.7,6.03,57.66
PT_126,62,None,0.0,2.93,6.58,58.93
PT_126,63,None,0.0,3.13,7.04,60.17
PT_126,64,None,0.0,3.17,6.61,61.4
PT_126,65,None,0.0,3.46,7.48,62.59
PT_126,66,None,0.0,3.64,8.21,63.77
PT_126,67,None,0.0,3.76,8.21,64.92
PT_126,68,None,0.0,3.86,8.15,66.04
PT_126,69,None,0.0,3.98,8.75,67.13
PT_126,70,None,0.0,4.19,9.71,68.2
PT_126,71,None,0.0,4.33,9.14,69.25
PT_126,72,Regimen A,100.0,6.13,13.28,47.78
PT_126,73,None,0.0,5.42,11.93,49.19
PT_126,74,None,0.0,4.66,9.83,50.59
PT_126,75,None,0.0,4.2,9.61,51.97
PT_126,76,None,0.0,3.85,8.59,53.33
PT_126,77,None,0.0,3.53,7.62,54.67
PT_126,78,None,0.0,3.41,7.27,55.99
PT_126,79,None,0.0,3.58,8.21,57.29
PT_126,80,None,0.0,3.31,7.32,58.56
PT_126,81,None,0.0,3.46,7.64,59.82
PT_126,82,None,0.0,3.64,7.59,61.05
PT_126,83,None,0.0,3.57,7.93,62.25
PT_126,84,None,0.0,3.86,8.63,63.43
PT_126,85,None,0.0,3.88,8.35,64.59
PT_126,86,None,0.0,3.87,8.74,65.72
PT_126,87,None,0.0,4.12,9.01,66.82
PT_126,88,None,0.0,4.05,9.18,67.9
PT_126,89,None,0.0,4.18,9.23,68.95
PT_127,0,Regimen A,100.0,3.73,8.29,24.8
PT_127,1,None,0.0,2.66,5.72,26.18
PT_127,2,None,0.0,1.94,4.12,27.59
PT_127,3,None,0.0,1.44,2.66,29.01
PT_127,4,None,0.0,0.9,1.96,30.44
PT_127,5,None,0.0,0.61,1.93,31.89
PT_127,6,None,0.0,0.79,1.86,33.35
PT_127,7,None,0.0,0.53,0.95,34.81
PT_127,8,None,0.0,0.66,1.98,36.28
PT_127,9,None,0.0,0.37,0.8,37.75
PT_127,10,None,0.0,0.61,0.8,39.23
PT_127,11,None,0.0,0.7,1.5,40.69
PT_127,12,None,0.0,0.83,1.82,42.16
PT_127,13,None,0.0,1.18,2.63,43.61
PT_127,14,None,0.0,1.06,2.07,45.06
PT_127,15,None,0.0,1.31,3.01,46.5
PT_127,16,None,0.0,1.49,3.54,47.92
PT_127,17,None,0.0,1.67,3.53,49.33
PT_127,18,None,0.0,1.63,3.58,50.73
PT_127,19,None,0.0,1.8,4.22,52.1
PT_127,20,None,0.0,1.96,4.33,53.46
PT_127,21,None,0.0,3.64,8.12,54.8
PT_127,22,None,0.0,3.7,8.04,56.12
PT_127,23,None,0.0,3.71,7.89,57.42
PT_127,24,None,0.0,3.58,8.0,58.69
PT_127,25,None,0.0,3.76,8.53,59.94
PT_127,26,None,0.0,3.7,8.36,61.17
PT_127,27,Regimen A,100.0,3.83,8.95,42.41
PT_127,28,None,0.0,2.35,4.76,43.87
PT_127,29,None,0.0,1.01,1.77,45.31
PT_127,30,None,0.0,0.32,0.8,46.75
PT_127,31,None,0.0,0.1,0.8,48.17
PT_127,32,None,0.0,0.16,0.8,49.58
PT_127,33,None,0.0,0.1,0.8,50.97
PT_127,34,None,0.0,0.25,0.8,52.34
PT_127,35,None,0.0,0.26,0.89,53.7
PT_127,36,None,0.0,0.18,0.8,55.03
PT_127,37,None,0.0,0.1,0.8,56.35
PT_127,38,None,0.0,0.12,0.8,57.64
PT_127,39,None,0.0,0.13,0.8,58.91
PT_127,40,None,0.0,0.13,0.8,60.16
PT_127,41,None,0.0,0.1,0.8,61.38
PT_127,42,None,0.0,0.21,0.8,62.58
PT_127,43,None,0.0,0.17,0.8,63.75
PT_127,44,None,0.0,0.26,0.8,64.9
PT_127,45,None,0.0,0.68,1.35,66.02
PT_127,46,None,0.0,0.47,1.09,67.12
PT_127,47,None,0.0,1.04,1.95,68.19
PT_127,48,None,0.0,3.75,8.52,69.24
PT_127,49,Regimen A,100.0,3.81,8.74,47.77
PT_127,50,None,0.0,2.77,6.01,49.18
PT_127,51,None,0.0,1.66,3.41,50.58
PT_127,52,None,0.0,1.36,3.11,51.96
PT_127,53,None,0.0,0.71,1.46,53.32
PT_127,54,None,0.0,0.41,0.8,54.66
PT_127,55,None,0.0,0.22,1.03,55.98
PT_127,56,None,0.0,0.29,0.8,57.28
PT_127,57,None,0.0,0.12,0.8,58.56
PT_127,58,None,0.0,0.11,0.8,59.81
PT_127,59,None,0.0,0.29,0.8,61.04
PT_127,60,None,0.0,0.25,0.8,62.25
PT_127,61,None,0.0,0.54,1.37,63.43
PT_127,62,None,0.0,0.52,1.53,64.58
PT_127,63,None,0.0,0.58,1.19,65.71
PT_127,64,None,0.0,0.86,1.72,66.81
PT_127,65,None,0.0,1.17,2.52,67.89
PT_127,66,None,0.0,1.53,3.69,68.94
PT_127,67,None,0.0,1.37,2.45,69.97
PT_127,68,None,0.0,1.32,3.09,70.97
PT_127,69,None,0.0,1.32,3.0,71.94
PT_127,70,Regimen A,100.0,3.6,8.23,49.57
PT_127,71,None,0.0,2.49,5.62,50.96
PT_127,72,None,0.0,1.19,2.51,52.33
PT_127,73,None,0.0,0.65,1.69,53.69
PT_127,74,None,0.0,0.13,0.8,55.02
PT_127,75,None,0.0,0.1,0.8,56.34
PT_127,76,None,0.0,0.1,0.8,57.63
PT_127,77,None,0.0,0.14,0.8,58.9
PT_127,78,None,0.0,0.15,0.94,60.15
PT_127,79,None,0.0,0.2,0.8,61.37
PT_127,80,None,0.0,0.13,0.8,62.57
PT_127,81,None,0.0,0.18,0.8,63.74
PT_127,82,None,0.0,0.32,0.81,64.89
PT_127,83,None,0.0,0.18,0.8,66.01
PT_127,84,None,0.0,0.1,0.8,67.11
PT_127,85,None,0.0,0.33,0.8,68.18
PT_127,86,None,0.0,0.55,1.8,69.23
PT_127,87,None,0.0,0.59,1.28,70.24
PT_127,88,None,0.0,0.77,1.86,71.24
PT_127,89,None,0.0,1.08,2.53,72.2
PT_128,0,Regimen A,100.0,5.08,11.09,8.85
PT_128,1,None,0.0,4.28,9.35,9.71
PT_128,2,None,0.0,3.95,8.72,10.62
PT_128,3,None,0.0,3.51,8.06,11.57
PT_128,4,None,0.0,3.22,7.12,12.57
PT_128,5,None,0.0,3.12,6.48,13.61
PT_128,6,None,0.0,2.98,6.88,14.7
PT_128,7,None,0.0,2.81,6.55,15.82
PT_128,8,None,0.0,2.68,5.92,16.99
PT_128,9,None,0.0,2.79,6.28,18.19
PT_128,10,None,0.0,2.83,6.38,19.43
PT_128,11,None,0.0,2.69,5.76,20.71
PT_128,12,None,0.0,2.92,6.1,22.01
PT_128,13,None,0.0,3.05,6.87,23.34
PT_128,14,None,0.0,3.18,7.16,24.7
PT_128,15,None,0.0,3.11,6.5,26.08
PT_128,16,None,0.0,3.17,7.2,27.49
PT_128,17,None,0.0,3.44,7.45,28.91
PT_128,18,None,0.0,3.29,7.14,30.34
PT_128,19,None,0.0,3.45,7.42,31.79
PT_128,20,None,0.0,3.77,8.24,33.25
PT_128,21,None,0.0,4.81,10.84,34.71
PT_128,22,None,0.0,4.92,11.26,36.18
PT_128,23,None,0.0,4.82,10.62,37.65
PT_128,24,None,0.0,5.07,11.16,39.12
PT_128,25,None,0.0,4.82,10.53,40.59
PT_128,26,None,0.0,5.02,10.46,42.05
PT_128,27,None,0.0,5.1,11.29,43.51
PT_128,28,None,0.0,5.01,11.03,44.96
PT_128,29,None,0.0,4.82,10.65,46.4
PT_128,30,None,0.0,4.99,10.72,47.82
PT_128,31,Regimen A,100.0,4.81,10.15,33.48
PT_128,32,None,0.0,4.32,9.69,34.94
PT_128,33,None,0.0,3.6,7.28,36.41
PT_128,34,None,0.0,3.17,6.9,37.89
PT_128,35,None,0.0,3.2,7.3,39.36
PT_128,36,None,0.0,2.87,6.41,40.82
PT_128,37,None,0.0,2.86,6.62,42.29
PT_128,38,None,0.0,2.82,5.64,43.74
PT_128,39,None,0.0,2.86,6.21,45.19
PT_128,40,None,0.0,2.83,6.12,46.63
PT_128,41,None,0.0,2.54,5.59,48.05
PT_128,42,None,0.0,2.62,5.74,49.46
PT_128,43,None,0.0,2.88,5.96,50.85
PT_128,44,None,0.0,3.0,6.73,52.23
PT_128,45,None,0.0,2.97,6.69,53.58
PT_128,46,None,0.0,3.18,6.99,54.92
PT_128,47,None,0.0,3.34,7.03,56.24
PT_128,48,None,0.0,3.52,7.66,57.53
PT_128,49,None,0.0,3.53,7.27,58.8
PT_128,50,None,0.0,3.4,7.18,60.05
PT_128,51,None,0.0,3.68,7.91,61.28
PT_128,52,None,0.0,5.02,10.99,62.48
PT_128,53,None,0.0,4.77,10.41,63.65
PT_128,54,None,0.0,5.01,11.23,64.8
PT_128,55,None,0.0,5.15,11.35,65.93
PT_128,56,None,0.0,4.91,11.4,67.03
PT_128,57,None,0.0,4.69,10.81,68.1
PT_128,58,None,0.0,5.01,11.11,69.15
PT_128,59,None,0.0,5.07,11.07,70.17
PT_128,60,None,0.0,4.77,10.58,71.16
PT_128,61,None,0.0,5.17,11.51,72.13
PT_128,62,None,0.0,5.06,11.2,73.07
PT_128,63,None,0.0,4.95,10.95,73.99
PT_128,64,None,0.0,4.9,10.72,74.88
PT_128,65,None,0.0,4.89,10.99,75.75
PT_128,66,Regimen A,100.0,5.05,11.1,52.08
PT_128,67,None,0.0,4.5,9.97,53.44
PT_128,68,None,0.0,3.81,8.3,54.78
PT_128,69,None,0.0,3.53,7.8,56.1
PT_128,70,None,0.0,3.13,7.55,57.39
PT_128,71,None,0.0,2.92,6.1,58.67
PT_128,72,None,0.0,2.97,6.74,59.92
PT_128,73,None,0.0,2.8,5.91,61.15
PT_128,74,None,0.0,2.69,6.26,62.35
PT_128,75,None,0.0,2.88,6.22,63.53
PT_128,76,None,0.0,2.83,6.21,64.68
PT_128,77,None,0.0,2.98,6.2,65.81
PT_128,78,None,0.0,2.98,6.36,66.91
PT_128,79,None,0.0,2.89,6.32,67.99
PT_128,80,None,0.0,3.24,7.36,69.04
PT_128,81,None,0.0,3.29,6.75,70.06
PT_128,82,None,0.0,3.26,6.82,71.06
PT_128,83,None,0.0,3.37,7.08,72.03
PT_128,84,None,0.0,3.55,7.94,72.97
PT_128,85,None,0.0,3.62,7.8,73.89
PT_128,86,None,0.0,3.88,8.51,74.79
PT_128,87,Regimen A,100.0,5.04,11.05,51.45
PT_128,88,None,0.0,4.19,9.21,52.81
PT_128,89,None,0.0,4.03,8.87,54.16
PT_129,0,Regimen A,100.0,3.4,7.7,15.87
PT_129,1,None,0.0,2.23,5.04,17.03
PT_129,2,None,0.0,1.65,3.72,18.24
PT_129,3,None,0.0,1.16,2.26,19.48
PT_129,4,None,0.0,0.76,2.22,20.76
PT_129,5,None,0.0,0.81,2.08,22.06
PT_129,6,None,0.0,0.53,1.21,23.4
PT_129,7,None,0.0,0.2,0.8,24.76
PT_129,8,None,0.0,0.2,0.8,26.14
PT_129,9,None,0.0,0.23,0.8,27.54
PT_129,10,None,0.0,0.48,1.0,28.96
PT_129,11,None,0.0,0.49,1.05,30.4
PT_129,12,None,0.0,0.45,0.8,31.84
PT_129,13,None,0.0,0.66,1.45,33.3
PT_129,14,None,0.0,1.04,2.07,34.77
PT_129,15,None,0.0,1.12,2.46,36.24
PT_129,16,None,0.0,1.21,2.35,37.71
PT_129,17,None,0.0,1.06,2.77,39.18
PT_129,18,None,0.0,1.15,2.98,40.65
PT_129,19,None,0.0,1.57,3.54,42.11
PT_129,20,None,0.0,1.62,4.03,43.57
PT_129,21,None,0.0,3.36,7.52,45.02
PT_129,22,None,0.0,3.3,7.12,46.45
PT_129,23,None,0.0,3.46,7.63,47.88
PT_129,24,Regimen A,100.0,3.27,7.05,33.52
PT_129,25,None,0.0,1.95,4.22,34.98
PT_129,26,None,0.0,0.57,1.21,36.45
PT_129,27,None,0.0,0.1,0.8,37.92
PT_129,28,None,0.0,0.15,0.8,39.39
PT_129,29,None,0.0,0.24,0.8,40.86
PT_129,30,None,0.0,0.17,0.8,42.32
PT_129,31,None,0.0,0.1,0.8,43.78
PT_129,32,None,0.0,0.3,0.8,45.23
PT_129,33,None,0.0,0.19,0.8,46.66
PT_129,34,None,0.0,0.15,0.8,48.08
PT_129,35,None,0.0,0.14,0.8,49.49
PT_129,36,None,0.0,0.1,0.8,50.88
PT_129,37,None,0.0,0.1,0.8,52.26
PT_129,38,None,0.0,0.23,0.8,53.62
PT_129,39,None,0.0,0.15,0.8,54.95
PT_129,40,None,0.0,0.18,0.8,56.27
PT_129,41,None,0.0,0.18,0.8,57.56
PT_129,42,None,0.0,0.17,0.8,58.84
PT_129,43,None,0.0,0.15,0.8,60.08
PT_129,44,None,0.0,0.51,0.94,61.31
PT_129,45,None,0.0,3.5,7.5,62.51
PT_129,46,None,0.0,3.26,7.55,63.68
PT_129,47,None,0.0,3.57,8.51,64.83
PT_129,48,None,0.0,3.36,7.23,65.96
PT_129,49,None,0.0,3.28,6.76,67.05
PT_129,50,Regimen A,100.0,3.38,7.65,46.33
PT_129,51,None,0.0,2.95,6.42,47.75
PT_129,52,None,0.0,2.77,6.14,49.16
PT_129,53,None,0.0,2.7,5.97,50.56
PT_129,54,None,0.0,2.27,4.49,51.94
PT_129,55,None,0.0,2.23,4.89,53.3
PT_129,56,None,0.0,2.07,4.37,54.64
PT_129,57,None,0.0,2.06,4.55,55.96
PT_129,58,None,0.0,2.2,4.63,57.26
PT_129,59,None,0.0,2.08,4.1,58.54
PT_129,60,None,0.0,2.28,5.19,59.79
PT_129,61,None,0.0,2.36,5.08,61.02
PT_129,62,None,0.0,2.37,4.61,62.23
PT_129,63,None,0.0,2.2,4.79,63.41
PT_129,64,None,0.0,2.48,5.65,64.56
PT_129,65,None,0.0,2.43,5.02,65.69
PT_129,66,None,0.0,2.2,5.31,66.8
PT_129,67,None,0.0,2.7,5.92,67.88
PT_129,68,None,0.0,2.5,5.06,68.93
PT_129,69,None,0.0,2.81,6.01,69.95
PT_129,70,None,0.0,2.52,5.72,70.95
PT_129,71,Regimen A,100.0,3.66,8.19,48.91
PT_129,72,None,0.0,2.43,5.3,50.31
PT_129,73,None,0.0,2.09,5.13,51.69
PT_129,74,None,0.0,1.48,3.15,53.06
PT_129,75,None,0.0,1.11,2.37,54.4
PT_129,76,None,0.0,1.12,2.37,55.73
PT_129,77,None,0.0,0.68,1.27,57.03
PT_129,78,None,0.0,0.91,2.37,58.31
PT_129,79,None,0.0,0.85,1.96,59.57
PT_129,80,None,0.0,0.72,1.25,60.8
PT_129,81,None,0.0,0.93,2.23,62.01
PT_129,82,None,0.0,1.25,2.86,63.2
PT_129,83,None,0.0,0.85,1.83,64.36
PT_129,84,None,0.0,1.12,2.44,65.49
PT_129,85,None,0.0,1.37,2.86,66.6
PT_129,86,None,0.0,1.32,2.82,67.69
PT_129,87,None,0.0,1.62,3.58,68.74
PT_129,88,None,0.0,1.58,3.29,69.77
PT_129,89,None,0.0,1.73,3.58,70.78
PT_130,0,Regimen A,100.0,3.02,6.51,24.8
PT_130,1,None,0.0,1.73,4.18,26.18
PT_130,2,None,0.0,1.09,2.45,27.59
PT_130,3,None,0.0,0.52,1.18,29.01
PT_130,4,None,0.0,0.14,0.8,30.44
PT_130,5,None,0.0,0.11,0.8,31.89
PT_130,6,None,0.0,0.1,0.8,33.35
PT_130,7,None,0.0,0.1,0.8,34.81
PT_130,8,None,0.0,0.19,0.84,36.28
PT_130,9,None,0.0,0.18,0.8,37.75
PT_130,10,None,0.0,0.1,0.8,39.23
PT_130,11,None,0.0,0.12,0.8,40.69
PT_130,12,None,0.0,0.14,0.8,42.16
PT_130,13,None,0.0,0.26,0.8,43.61
PT_130,14,None,0.0,0.3,0.8,45.06
PT_130,15,None,0.0,0.14,0.8,46.5
PT_130,16,None,0.0,0.3,1.04,47.92
PT_130,17,None,0.0,0.35,0.8,49.33
PT_130,18,None,0.0,0.74,1.96,50.73
PT_130,19,None,0.0,0.95,2.25,52.1
PT_130,20,None,0.0,0.9,1.8,53.46
PT_130,21,None,0.0,3.03,6.35,54.8
PT_130,22,None,0.0,3.09,6.94,56.12
PT_130,23,None,0.0,2.86,6.61,57.42
PT_130,24,None,0.0,2.84,6.29,58.69
PT_130,25,None,0.0,3.04,6.39,59.94
PT_130,26,None,0.0,2.91,6.18,61.17
PT_130,27,None,0.0,2.73,6.06,62.37
PT_130,28,None,0.0,2.83,6.2,63.55
PT_130,29,None,0.0,2.7,5.95,64.7
PT_130,30,Regimen A,100.0,2.98,6.7,44.76
PT_130,31,None,0.0,2.43,5.32,46.2
PT_130,32,None,0.0,1.93,4.54,47.63
PT_130,33,None,0.0,1.57,3.12,49.04
PT_130,34,None,0.0,1.36,3.23,50.44
PT_130,35,None,0.0,1.17,2.87,51.82
PT_130,36,None,0.0,1.16,2.21,53.18
PT_130,37,None,0.0,1.03,2.45,54.53
PT_130,38,None,0.0,0.83,2.07,55.85
PT_130,39,None,0.0,0.85,2.05,57.15
PT_130,40,None,0.0,1.1,2.31,58.43
PT_130,41,None,0.0,1.11,2.15,59.69
PT_130,42,None,0.0,1.2,2.03,60.92
PT_130,43,None,0.0,1.31,2.65,62.13
PT_130,44,None,0.0,1.4,2.78,63.31
PT_130,45,None,0.0,1.7,3.89,64.47
PT_130,46,None,0.0,1.59,3.64,65.6
PT_130,47,None,0.0,1.48,3.28,66.71
PT_130,48,None,0.0,1.77,3.41,67.79
PT_130,49,None,0.0,1.75,4.55,68.84
PT_130,50,None,0.0,2.07,4.47,69.87
PT_130,51,None,0.0,2.92,6.26,70.87
PT_130,52,Regimen A,100.0,2.95,6.47,48.86
PT_130,53,None,0.0,2.24,4.96,50.26
PT_130,54,None,0.0,1.77,3.89,51.64
PT_130,55,None,0.0,1.33,2.87,53.0
PT_130,56,None,0.0,0.93,1.82,54.35
PT_130,57,None,0.0,0.45,0.8,55.67
PT_130,58,None,0.0,0.43,0.8,56.98
PT_130,59,None,0.0,0.3,0.8,58.26
PT_130,60,None,0.0,0.26,0.8,59.52
PT_130,61,None,0.0,0.3,0.8,60.76
PT_130,62,None,0.0,0.49,1.22,61.97
PT_130,63,None,0.0,0.48,0.87,63.15
PT_130,64,None,0.0,0.52,0.98,64.31
PT_130,65,None,0.0,0.61,1.24,65.45
PT_130,66,None,0.0,0.7,1.34,66.56
PT_130,67,None,0.0,0.89,2.2,67.64
PT_130,68,None,0.0,1.17,2.71,68.7
PT_130,69,None,0.0,1.34,2.93,69.73
PT_130,70,None,0.0,1.42,3.36,70.74
PT_130,71,None,0.0,1.47,3.79,71.72
PT_130,72,None,0.0,1.68,3.76,72.67
PT_130,73,Regimen A,100.0,2.8,6.11,50.05
PT_130,74,None,0.0,2.41,5.37,51.43
PT_130,75,None,0.0,1.88,4.21,52.8
PT_130,76,None,0.0,1.77,4.0,54.15
PT_130,77,None,0.0,1.33,2.71,55.48
PT_130,78,None,0.0,1.34,3.22,56.79
PT_130,79,None,0.0,1.28,2.68,58.07
PT_130,80,None,0.0,0.87,1.87,59.33
PT_130,81,None,0.0,1.1,2.91,60.57
PT_130,82,None,0.0,1.11,2.42,61.79
PT_130,83,None,0.0,0.85,1.36,62.98
PT_130,84,None,0.0,1.29,2.6,64.14
PT_130,85,None,0.0,1.25,2.84,65.28
PT_130,86,None,0.0,1.13,2.86,66.39
PT_130,87,None,0.0,1.07,2.4,67.48
PT_130,88,None,0.0,1.52,3.72,68.54
PT_130,89,None,0.0,1.36,3.31,69.58
PT_131,0,Regimen A,100.0,3.94,9.51,15.87
PT_131,1,None,0.0,3.24,7.02,17.03
PT_131,2,None,0.0,2.57,5.58,18.24
PT_131,3,None,0.0,2.03,4.31,19.48
PT_131,4,None,0.0,1.83,4.17,20.76
PT_131,5,None,0.0,1.65,3.75,22.06
PT_131,6,None,0.0,1.3,2.61,23.4
PT_131,7,None,0.0,1.19,2.97,24.76
PT_131,8,None,0.0,1.4,2.99,26.14
PT_131,9,None,0.0,1.28,2.86,27.54
PT_131,10,None,0.0,1.21,2.7,28.96
PT_131,11,None,0.0,1.25,2.95,30.4
PT_131,12,None,0.0,1.42,3.35,31.84
PT_131,13,None,0.0,1.67,3.55,33.3
PT_131,14,None,0.0,1.69,3.66,34.77
PT_131,15,None,0.0,1.72,3.91,36.24
PT_131,16,None,0.0,1.94,4.43,37.71
PT_131,17,None,0.0,2.06,4.27,39.18
PT_131,18,None,0.0,2.21,4.63,40.65
PT_131,19,None,0.0,2.42,5.4,42.11
PT_131,20,None,0.0,2.56,6.07,43.57
PT_131,21,None,0.0,4.02,8.72,45.02
PT_131,22,None,0.0,3.81,8.62,46.45
PT_131,23,None,0.0,3.95,8.49,47.88
PT_131,24,Regimen A,100.0,3.85,8.54,33.52
PT_131,25,None,0.0,3.63,8.4,34.98
PT_131,26,None,0.0,3.69,7.96,36.45
PT_131,27,None,0.0,3.3,7.39,37.92
PT_131,28,None,0.0,3.42,7.21,39.39
PT_131,29,None,0.0,3.12,6.58,40.86
PT_131,30,None,0.0,3.05,6.71,42.32
PT_131,31,None,0.0,3.02,7.06,43.78
PT_131,32,None,0.0,3.1,7.18,45.23
PT_131,33,None,0.0,3.03,7.08,46.66
PT_131,34,None,0.0,3.13,6.87,48.08
PT_131,35,None,0.0,3.1,6.38,49.49
PT_131,36,None,0.0,3.12,7.06,50.88
PT_131,37,None,0.0,3.18,6.92,52.26
PT_131,38,None,0.0,3.25,7.18,53.62
PT_131,39,None,0.0,3.26,6.92,54.95
PT_131,40,None,0.0,3.15,6.47,56.27
PT_131,41,None,0.0,3.29,7.64,57.56
PT_131,42,None,0.0,3.63,7.76,58.84
PT_131,43,None,0.0,3.5,7.37,60.08
PT_131,44,None,0.0,3.48,7.81,61.31
PT_131,45,None,0.0,3.96,8.88,62.51
PT_131,46,None,0.0,3.88,8.83,63.68
PT_131,47,None,0.0,4.0,8.7,64.83
PT_131,48,None,0.0,3.85,8.31,65.96
PT_131,49,None,0.0,4.0,8.84,67.05
PT_131,50,None,0.0,3.99,8.73,68.13
PT_131,51,None,0.0,4.12,9.11,69.17
PT_131,52,None,0.0,3.98,9.0,70.19
PT_131,53,None,0.0,3.84,8.42,71.19
PT_131,54,Regimen A,100.0,4.07,9.25,49.06
PT_131,55,None,0.0,3.24,7.03,50.46
PT_131,56,None,0.0,3.17,7.21,51.84
PT_131,57,None,0.0,2.9,6.29,53.2
PT_131,58,None,0.0,2.62,5.66,54.55
PT_131,59,None,0.0,2.43,5.39,55.87
PT_131,60,None,0.0,2.3,4.85,57.17
PT_131,61,None,0.0,2.3,4.9,58.45
PT_131,62,None,0.0,2.44,5.06,59.7
PT_131,63,None,0.0,2.51,5.48,60.94
PT_131,64,None,0.0,2.62,6.08,62.14
PT_131,65,None,0.0,2.51,5.69,63.33
PT_131,66,None,0.0,2.39,5.22,64.48
PT_131,67,None,0.0,2.57,5.71,65.62
PT_131,68,None,0.0,2.67,5.92,66.72
PT_131,69,None,0.0,2.8,6.29,67.8
PT_131,70,None,0.0,2.82,6.15,68.86
PT_131,71,None,0.0,2.95,6.52,69.88
PT_131,72,None,0.0,2.68,5.25,70.88
PT_131,73,None,0.0,3.01,6.6,71.86
PT_131,74,None,0.0,3.0,6.48,72.81
PT_131,75,Regimen A,100.0,4.06,9.17,50.14
PT_131,76,None,0.0,3.23,7.43,51.52
PT_131,77,None,0.0,3.06,6.54,52.89
PT_131,78,None,0.0,2.6,6.07,54.24
PT_131,79,None,0.0,2.61,5.14,55.57
PT_131,80,None,0.0,2.28,5.25,56.87
PT_131,81,None,0.0,2.12,4.57,58.16
PT_131,82,None,0.0,1.86,3.64,59.42
PT_131,83,None,0.0,1.95,4.55,60.65
PT_131,84,None,0.0,2.04,4.54,61.87
PT_131,85,None,0.0,2.18,4.78,63.05
PT_131,86,None,0.0,2.03,4.55,64.22
PT_131,87,None,0.0,2.28,5.34,65.36
PT_131,88,None,0.0,2.57,6.1,66.47
PT_131,89,None,0.0,2.6,5.66,67.55
PT_132,0,Regimen A,100.0,5.55,11.99,15.87
PT_132,1,None,0.0,4.69,10.0,17.03
PT_132,2,None,0.0,4.04,8.85,18.24
PT_132,3,None,0.0,3.86,8.9,19.48
PT_132,4,None,0.0,3.59,7.88,20.76
PT_132,5,None,0.0,3.21,6.99,22.06
PT_132,6,None,0.0,3.07,6.55,23.4
PT_132,7,None,0.0,2.83,6.22,24.76
PT_132,8,None,0.0,3.18,7.2,26.14
PT_132,9,None,0.0,2.98,6.93,27.54
PT_132,10,None,0.0,3.12,7.04,28.96
PT_132,11,None,0.0,3.25,6.81,30.4
PT_132,12,None,0.0,3.34,7.58,31.84
PT_132,13,None,0.0,3.2,7.06,33.3
PT_132,14,None,0.0,3.74,8.15,34.77
PT_132,15,None,0.0,3.7,8.1,36.24
PT_132,16,None,0.0,3.72,8.48,37.71
PT_132,17,None,0.0,3.92,8.78,39.18
PT_132,18,None,0.0,4.05,9.02,40.65
PT_132,19,None,0.0,4.09,8.87,42.11
PT_132,20,None,0.0,4.49,9.7,43.57
PT_132,21,None,0.0,5.66,12.35,45.02
PT_132,22,None,0.0,5.84,12.02,46.45
PT_132,23,None,0.0,5.66,12.42,47.88
PT_132,24,None,0.0,5.58,12.39,49.29
PT_132,25,None,0.0,5.61,12.53,50.68
PT_132,26,None,0.0,5.64,12.26,52.06
PT_132,27,Regimen A,100.0,5.67,12.43,36.33
PT_132,28,None,0.0,4.52,10.11,37.8
PT_132,29,None,0.0,4.02,8.91,39.27
PT_132,30,None,0.0,3.72,7.86,40.74
PT_132,31,None,0.0,3.11,7.07,42.2
PT_132,32,None,0.0,2.79,6.09,43.66
PT_132,33,None,0.0,2.71,5.71,45.1
PT_132,34,None,0.0,2.66,6.52,46.54
PT_132,35,None,0.0,2.5,5.6,47.96
PT_132,36,None,0.0,2.17,5.2,49.37
PT_132,37,None,0.0,2.52,5.6,50.77
PT_132,38,None,0.0,2.5,5.5,52.14
PT_132,39,None,0.0,2.83,6.4,53.5
PT_132,40,None,0.0,3.09,6.87,54.84
PT_132,41,None,0.0,3.0,6.5,56.16
PT_132,42,None,0.0,3.23,7.12,57.45
PT_132,43,None,0.0,3.43,7.34,58.73
PT_132,44,None,0.0,3.4,7.21,59.98
PT_132,45,None,0.0,3.65,8.23,61.2
PT_132,46,None,0.0,3.69,8.15,62.41
PT_132,47,None,0.0,3.93,9.2,63.58
PT_132,48,None,0.0,5.8,12.74,64.73
PT_132,49,None,0.0,5.71,12.73,65.86
PT_132,50,None,0.0,5.7,12.67,66.96
PT_132,51,None,0.0,5.77,12.29,68.04
PT_132,52,None,0.0,5.98,12.67,69.08
PT_132,53,None,0.0,5.71,12.31,70.11
PT_132,54,None,0.0,5.71,12.29,71.1
PT_132,55,None,0.0,5.71,12.23,72.07
PT_132,56,None,0.0,5.51,12.69,73.02
PT_132,57,None,0.0,5.81,13.03,73.93
PT_132,58,None,0.0,5.64,12.77,74.83
PT_132,59,None,0.0,5.78,12.48,75.7
PT_132,60,None,0.0,5.87,12.71,76.54
PT_132,61,None,0.0,5.7,12.75,77.36
PT_132,62,Regimen A,100.0,5.6,12.57,53.14
PT_132,63,None,0.0,5.25,11.0,54.49
PT_132,64,None,0.0,4.48,9.93,55.81
PT_132,65,None,0.0,4.12,8.89,57.11
PT_132,66,None,0.0,3.75,7.98,58.39
PT_132,67,None,0.0,3.46,7.73,59.65
PT_132,68,None,0.0,3.55,7.39,60.88
PT_132,69,None,0.0,3.18,6.95,62.09
PT_132,70,None,0.0,3.29,7.71,63.27
PT_132,71,None,0.0,3.55,8.28,64.43
PT_132,72,None,0.0,3.46,7.61,65.56
PT_132,73,None,0.0,3.57,7.36,66.67
PT_132,74,None,0.0,3.72,8.53,67.75
PT_132,75,None,0.0,3.59,7.71,68.81
PT_132,76,None,0.0,3.73,8.11,69.84
PT_132,77,None,0.0,3.7,8.48,70.84
PT_132,78,None,0.0,4.06,9.63,71.82
PT_132,79,None,0.0,4.12,9.16,72.77
PT_132,80,None,0.0,4.24,9.28,73.69
PT_132,81,None,0.0,4.19,9.08,74.59
PT_132,82,None,0.0,4.26,9.7,75.47
PT_132,83,Regimen A,100.0,5.79,12.57,51.9
PT_132,84,None,0.0,4.76,10.25,53.26
PT_132,85,None,0.0,3.78,8.32,54.6
PT_132,86,None,0.0,3.23,7.24,55.92
PT_132,87,None,0.0,2.9,6.56,57.22
PT_132,88,None,0.0,2.65,5.74,58.5
PT_132,89,None,0.0,2.28,4.91,59.75
PT_133,0,Regimen A,100.0,3.75,7.91,15.87
PT_133,1,None,0.0,3.41,8.28,17.03
PT_133,2,None,0.0,3.1,6.74,18.24
PT_133,3,None,0.0,2.65,6.1,19.48
PT_133,4,None,0.0,2.33,4.72,20.76
PT_133,5,None,0.0,2.44,5.32,22.06
PT_133,6,None,0.0,2.39,4.93,23.4
PT_133,7,None,0.0,2.25,4.82,24.76
PT_133,8,None,0.0,2.03,4.52,26.14
PT_133,9,None,0.0,2.19,4.9,27.54
PT_133,10,None,0.0,2.31,4.83,28.96
PT_133,11,None,0.0,2.25,5.02,30.4
PT_133,12,None,0.0,2.43,5.35,31.84
PT_133,13,None,0.0,2.44,5.03,33.3
PT_133,14,None,0.0,2.51,5.39,34.77
PT_133,15,None,0.0,2.55,5.63,36.24
PT_133,16,None,0.0,2.56,5.4,37.71
PT_133,17,None,0.0,2.78,6.07,39.18
PT_133,18,None,0.0,2.79,6.21,40.65
PT_133,19,None,0.0,2.99,5.97,42.11
PT_133,20,None,0.0,2.78,5.8,43.57
PT_133,21,None,0.0,3.69,8.11,45.02
PT_133,22,Regimen A,100.0,3.74,8.22,31.59
PT_133,23,None,0.0,3.29,7.38,33.04
PT_133,24,None,0.0,2.85,6.23,34.51
PT_133,25,None,0.0,2.7,5.91,35.98
PT_133,26,None,0.0,2.45,5.34,37.45
PT_133,27,None,0.0,2.63,5.61,38.92
PT_133,28,None,0.0,2.14,4.37,40.39
PT_133,29,None,0.0,2.09,4.62,41.85
PT_133,30,None,0.0,2.33,4.98,43.31
PT_133,31,None,0.0,2.32,4.98,44.76
PT_133,32,None,0.0,2.35,5.08,46.2
PT_133,33,None,0.0,2.59,5.9,47.63
PT_133,34,None,0.0,2.39,5.6,49.04
PT_133,35,None,0.0,2.72,5.71,50.44
PT_133,36,None,0.0,2.73,6.05,51.82
PT_133,37,None,0.0,2.62,5.45,53.18
PT_133,38,None,0.0,2.89,6.05,54.52
PT_133,39,None,0.0,2.67,5.68,55.85
PT_133,40,None,0.0,3.04,6.57,57.15
PT_133,41,None,0.0,2.94,6.24,58.43
PT_133,42,None,0.0,2.97,6.64,59.68
PT_133,43,None,0.0,3.75,7.84,60.92
PT_133,44,None,0.0,3.63,7.9,62.12
PT_133,45,Regimen A,100.0,3.43,7.9,43.05
PT_133,46,None,0.0,3.49,7.87,44.5
PT_133,47,None,0.0,3.23,6.77,45.94
PT_133,48,None,0.0,3.31,7.21,47.37
PT_133,49,None,0.0,3.0,6.78,48.79
PT_133,50,None,0.0,3.03,6.26,50.19
PT_133,51,None,0.0,3.05,6.93,51.57
PT_133,52,None,0.0,2.86,6.23,52.94
PT_133,53,None,0.0,2.98,6.69,54.28
PT_133,54,None,0.0,3.24,7.36,55.61
PT_133,55,None,0.0,3.0,6.28,56.92
PT_133,56,None,0.0,2.77,5.88,58.2
PT_133,57,None,0.0,2.9,5.92,59.46
PT_133,58,None,0.0,3.22,7.34,60.69
PT_133,59,None,0.0,3.01,7.07,61.91
PT_133,60,None,0.0,3.15,6.95,63.09
PT_133,61,None,0.0,3.32,7.4,64.26
PT_133,62,None,0.0,3.12,6.37,65.39
PT_133,63,None,0.0,3.31,7.31,66.5
PT_133,64,None,0.0,3.21,6.79,67.59
PT_133,65,None,0.0,3.24,7.11,68.65
PT_133,66,Regimen A,100.0,3.77,8.45,47.38
PT_133,67,None,0.0,3.82,8.42,48.8
PT_133,68,None,0.0,3.47,7.93,50.2
PT_133,69,None,0.0,3.57,7.41,51.58
PT_133,70,None,0.0,3.66,8.32,52.95
PT_133,71,None,0.0,3.57,8.09,54.3
PT_133,72,None,0.0,3.27,7.05,55.62
PT_133,73,None,0.0,3.72,8.07,56.93
PT_133,74,None,0.0,3.22,6.6,58.21
PT_133,75,None,0.0,3.49,7.53,59.47
PT_133,76,None,0.0,3.5,8.0,60.71
PT_133,77,None,0.0,3.66,8.0,61.92
PT_133,78,None,0.0,3.43,7.29,63.11
PT_133,79,None,0.0,3.43,7.68,64.27
PT_133,80,None,0.0,3.38,7.28,65.4
PT_133,81,None,0.0,3.59,7.59,66.52
PT_133,82,None,0.0,3.51,7.52,67.6
PT_133,83,None,0.0,3.5,7.29,68.66
PT_133,84,None,0.0,3.53,7.64,69.69
PT_133,85,None,0.0,3.58,8.11,70.7
PT_133,86,None,0.0,3.63,7.91,71.68
PT_133,87,None,0.0,3.83,8.47,72.63
PT_133,88,None,0.0,3.82,8.37,73.56
PT_133,89,None,0.0,3.76,8.37,74.47
PT_134,0,Regimen A,100.0,3.69,8.08,15.87
PT_134,1,None,0.0,3.06,6.96,17.03
PT_134,2,None,0.0,2.71,5.82,18.24
PT_134,3,None,0.0,2.19,4.77,19.48
PT_134,4,None,0.0,2.02,3.9,20.76
PT_134,5,None,0.0,1.91,3.84,22.06
PT_134,6,None,0.0,1.84,4.12,23.4
PT_134,7,None,0.0,1.66,3.94,24.76
PT_134,8,None,0.0,1.73,4.07,26.14
PT_134,9,None,0.0,1.77,3.66,27.54
PT_134,10,None,0.0,1.62,3.29,28.96
PT_134,11,None,0.0,1.74,3.53,30.4
PT_134,12,None,0.0,1.82,4.13,31.84
PT_134,13,None,0.0,1.73,3.81,33.3
PT_134,14,None,0.0,2.03,4.24,34.77
PT_134,15,None,0.0,2.05,4.55,36.24
PT_134,16,None,0.0,2.06,4.36,37.71
PT_134,17,None,0.0,2.45,5.66,39.18
PT_134,18,None,0.0,2.22,4.98,40.65
PT_134,19,None,0.0,2.41,5.21,42.11
PT_134,20,None,0.0,2.56,5.09,43.57
PT_134,21,None,0.0,3.42,8.04,45.02
PT_134,22,None,0.0,3.68,8.36,46.45
PT_134,23,None,0.0,3.55,7.67,47.88
PT_134,24,Regimen A,100.0,3.57,7.55,33.52
PT_134,25,None,0.0,2.4,4.97,34.98
PT_134,26,None,0.0,1.92,4.02,36.45
PT_134,27,None,0.0,1.34,3.15,37.92
PT_134,28,None,0.0,0.91,2.38,39.39
PT_134,29,None,0.0,0.48,0.99,40.86
PT_134,30,None,0.0,0.23,0.8,42.32
PT_134,31,None,0.0,0.37,0.8,43.78
PT_134,32,None,0.0,0.23,0.8,45.23
PT_134,33,None,0.0,0.1,0.8,46.66
PT_134,34,None,0.0,0.15,0.8,48.08
PT_134,35,None,0.0,0.3,0.8,49.49
PT_134,36,None,0.0,0.57,1.29,50.88
PT_134,37,None,0.0,0.53,1.19,52.26
PT_134,38,None,0.0,0.78,1.59,53.62
PT_134,39,None,0.0,0.83,1.7,54.95
PT_134,40,None,0.0,0.75,1.47,56.27
PT_134,41,None,0.0,1.28,2.68,57.56
PT_134,42,None,0.0,1.26,3.07,58.84
PT_134,43,None,0.0,1.61,3.86,60.08
PT_134,44,None,0.0,1.56,3.39,61.31
PT_134,45,None,0.0,3.59,8.0,62.51
PT_134,46,None,0.0,3.68,7.66,63.68
PT_134,47,None,0.0,3.63,8.18,64.83
PT_134,48,None,0.0,3.5,7.5,65.96
PT_134,49,None,0.0,3.59,7.76,67.05
PT_134,50,Regimen A,100.0,3.65,8.22,46.33
PT_134,51,None,0.0,3.0,6.91,47.75
PT_134,52,None,0.0,2.63,5.57,49.16
PT_134,53,None,0.0,2.0,3.99,50.56
PT_134,54,None,0.0,1.77,3.59,51.94
PT_134,55,None,0.0,1.89,4.29,53.3
PT_134,56,None,0.0,1.73,3.85,54.64
PT_134,57,None,0.0,1.72,3.67,55.96
PT_134,58,None,0.0,1.63,3.26,57.26
PT_134,59,None,0.0,1.53,3.13,58.54
PT_134,60,None,0.0,1.86,4.33,59.79
PT_134,61,None,0.0,1.62,4.17,61.02
PT_134,62,None,0.0,1.86,4.18,62.23
PT_134,63,None,0.0,1.67,3.8,63.41
PT_134,64,None,0.0,2.05,4.39,64.56
PT_134,65,None,0.0,2.18,4.95,65.69
PT_134,66,None,0.0,1.93,4.26,66.8
PT_134,67,None,0.0,2.25,4.86,67.88
PT_134,68,None,0.0,2.23,4.69,68.93
PT_134,69,None,0.0,2.63,5.61,69.95
PT_134,70,None,0.0,2.31,5.65,70.95
PT_134,71,Regimen A,100.0,3.56,7.83,48.91
PT_134,72,None,0.0,3.16,7.29,50.31
PT_134,73,None,0.0,3.11,6.42,51.69
PT_134,74,None,0.0,2.69,5.91,53.06
PT_134,75,None,0.0,2.75,5.83,54.4
PT_134,76,None,0.0,2.61,5.57,55.73
PT_134,77,None,0.0,2.44,5.31,57.03
PT_134,78,None,0.0,2.51,5.58,58.31
PT_134,79,None,0.0,2.6,5.8,59.57
PT_134,80,None,0.0,2.7,5.65,60.8
PT_134,81,None,0.0,2.79,6.38,62.01
PT_134,82,None,0.0,2.46,5.16,63.2
PT_134,83,None,0.0,2.72,5.98,64.36
PT_134,84,None,0.0,2.79,5.88,65.49
PT_134,85,None,0.0,2.78,6.15,66.6
PT_134,86,None,0.0,2.89,6.12,67.69
PT_134,87,None,0.0,2.58,5.77,68.74
PT_134,88,None,0.0,2.95,6.63,69.77
PT_134,89,None,0.0,2.84,6.27,70.78
PT_135,0,Regimen A,100.0,3.53,7.91,15.87
PT_135,1,None,0.0,2.39,5.4,17.03
PT_135,2,None,0.0,1.55,3.41,18.24
PT_135,3,None,0.0,0.7,1.91,19.48
PT_135,4,None,0.0,0.37,0.8,20.76
PT_135,5,None,0.0,0.12,0.8,22.06
PT_135,6,None,0.0,0.17,0.8,23.4
PT_135,7,None,0.0,0.1,0.8,24.76
PT_135,8,None,0.0,0.24,1.0,26.14
PT_135,9,None,0.0,0.1,0.8,27.54
PT_135,10,None,0.0,0.21,0.95,28.96
PT_135,11,None,0.0,0.1,0.8,30.4
PT_135,12,None,0.0,0.28,0.93,31.84
PT_135,13,None,0.0,0.18,0.8,33.3
PT_135,14,None,0.0,0.3,0.8,34.77
PT_135,15,None,0.0,0.53,1.14,36.24
PT_135,16,None,0.0,0.5,1.02,37.71
PT_135,17,None,0.0,0.94,2.05,39.18
PT_135,18,None,0.0,1.11,2.52,40.65
PT_135,19,None,0.0,1.14,2.45,42.11
PT_135,20,None,0.0,1.34,3.03,43.57
PT_135,21,None,0.0,3.68,8.29,45.02
PT_135,22,None,0.0,3.74,8.15,46.45
PT_135,23,None,0.0,3.61,7.89,47.88
PT_135,24,None,0.0,3.78,7.84,49.29
PT_135,25,None,0.0,3.61,7.82,50.68
PT_135,26,None,0.0,3.41,7.54,52.06
PT_135,27,Regimen A,100.0,3.31,7.75,36.33
PT_135,28,None,0.0,3.29,7.38,37.8
PT_135,29,None,0.0,2.87,6.7,39.27
PT_135,30,None,0.0,2.62,6.1,40.74
PT_135,31,None,0.0,2.11,4.77,42.2
PT_135,32,None,0.0,1.98,3.91,43.66
PT_135,33,None,0.0,2.2,4.7,45.1
PT_135,34,None,0.0,1.84,3.94,46.54
PT_135,35,None,0.0,1.77,4.05,47.96
PT_135,36,None,0.0,2.05,4.24,49.37
PT_135,37,None,0.0,1.92,4.23,50.77
PT_135,38,None,0.0,1.88,3.76,52.14
PT_135,39,None,0.0,2.08,4.41,53.5
PT_135,40,None,0.0,2.23,4.86,54.84
PT_135,41,None,0.0,2.44,5.7,56.16
PT_135,42,None,0.0,2.32,4.99,57.45
PT_135,43,None,0.0,2.26,5.13,58.73
PT_135,44,None,0.0,2.25,5.04,59.98
PT_135,45,None,0.0,2.67,6.19,61.2
PT_135,46,None,0.0,2.43,5.1,62.41
PT_135,47,None,0.0,2.79,6.11,63.58
PT_135,48,None,0.0,3.32,7.38,64.73
PT_135,49,None,0.0,3.56,7.86,65.86
PT_135,50,None,0.0,3.57,7.52,66.96
PT_135,51,None,0.0,3.72,8.21,68.04
PT_135,52,None,0.0,3.66,8.53,69.08
PT_135,53,None,0.0,3.56,7.61,70.11
PT_135,54,None,0.0,3.43,7.59,71.1
PT_135,55,None,0.0,3.63,8.19,72.07
PT_135,56,None,0.0,3.46,7.05,73.02
PT_135,57,None,0.0,3.52,8.19,73.93
PT_135,58,Regimen A,100.0,3.51,7.14,50.88
PT_135,59,None,0.0,3.16,6.96,52.26
PT_135,60,None,0.0,2.17,4.64,53.61
PT_135,61,None,0.0,1.67,3.5,54.95
PT_135,62,None,0.0,1.68,3.56,56.27
PT_135,63,None,0.0,1.63,3.56,57.56
PT_135,64,None,0.0,1.44,3.07,58.83
PT_135,65,None,0.0,1.51,3.4,60.08
PT_135,66,None,0.0,1.34,2.93,61.31
PT_135,67,None,0.0,1.32,2.71,62.51
PT_135,68,None,0.0,1.27,2.64,63.68
PT_135,69,None,0.0,1.51,3.31,64.83
PT_135,70,None,0.0,1.55,3.28,65.95
PT_135,71,None,0.0,1.66,3.55,67.05
PT_135,72,None,0.0,1.71,3.31,68.12
PT_135,73,None,0.0,1.89,4.02,69.17
PT_135,74,None,0.0,1.91,4.35,70.19
PT_135,75,None,0.0,2.12,4.72,71.18
PT_135,76,None,0.0,1.95,4.52,72.15
PT_135,77,None,0.0,2.03,4.82,73.09
PT_135,78,None,0.0,2.35,5.47,74.01
PT_135,79,Regimen A,100.0,3.52,7.75,50.93
PT_135,80,None,0.0,3.14,6.77,52.31
PT_135,81,None,0.0,2.35,5.01,53.66
PT_135,82,None,0.0,2.29,5.09,55.0
PT_135,83,None,0.0,2.19,4.83,56.31
PT_135,84,None,0.0,1.86,4.34,57.61
PT_135,85,None,0.0,1.82,4.59,58.88
PT_135,86,None,0.0,1.86,4.43,60.13
PT_135,87,None,0.0,1.68,3.52,61.35
PT_135,88,None,0.0,1.71,3.62,62.55
PT_135,89,None,0.0,1.9,3.79,63.72
PT_136,0,Regimen A,100.0,4.61,10.38,8.85
PT_136,1,None,0.0,3.91,8.56,9.71
PT_136,2,None,0.0,3.62,8.18,10.62
PT_136,3,None,0.0,3.37,7.27,11.57
PT_136,4,None,0.0,2.94,6.32,12.57
PT_136,5,None,0.0,2.72,5.59,13.61
PT_136,6,None,0.0,2.62,5.56,14.7
PT_136,7,None,0.0,2.26,5.2,15.82
PT_136,8,None,0.0,2.51,5.11,16.99
PT_136,9,None,0.0,2.73,6.18,18.19
PT_136,10,None,0.0,2.51,5.74,19.43
PT_136,11,None,0.0,2.67,5.69,20.71
PT_136,12,None,0.0,2.53,5.38,22.01
PT_136,13,None,0.0,3.04,6.88,23.34
PT_136,14,None,0.0,2.9,5.92,24.7
PT_136,15,None,0.0,3.06,6.96,26.08
PT_136,16,None,0.0,3.17,7.37,27.49
PT_136,17,None,0.0,3.18,6.65,28.91
PT_136,18,None,0.0,3.21,6.86,30.34
PT_136,19,None,0.0,3.28,7.21,31.79
PT_136,20,None,0.0,3.45,7.83,33.25
PT_136,21,None,0.0,4.66,10.31,34.71
PT_136,22,None,0.0,4.61,9.98,36.18
PT_136,23,None,0.0,4.87,10.61,37.65
PT_136,24,None,0.0,4.81,10.54,39.12
PT_136,25,None,0.0,4.72,10.4,40.59
PT_136,26,None,0.0,4.84,10.43,42.05
PT_136,27,None,0.0,4.92,10.34,43.51
PT_136,28,None,0.0,4.78,10.32,44.96
PT_136,29,None,0.0,4.76,10.89,46.4
PT_136,30,Regimen A,100.0,4.69,10.46,32.52
PT_136,31,None,0.0,3.84,8.16,33.98
PT_136,32,None,0.0,3.26,7.4,35.45
PT_136,33,None,0.0,2.74,5.93,36.92
PT_136,34,None,0.0,2.5,5.14,38.39
PT_136,35,None,0.0,2.09,4.38,39.86
PT_136,36,None,0.0,2.01,4.71,41.33
PT_136,37,None,0.0,1.7,3.4,42.79
PT_136,38,None,0.0,1.71,3.61,44.24
PT_136,39,None,0.0,2.16,4.84,45.68
PT_136,40,None,0.0,1.91,4.21,47.12
PT_136,41,None,0.0,2.17,4.46,48.53
PT_136,42,None,0.0,2.18,4.81,49.94
PT_136,43,None,0.0,2.34,5.17,51.32
PT_136,44,None,0.0,2.67,5.21,52.69
PT_136,45,None,0.0,2.48,5.4,54.04
PT_136,46,None,0.0,2.65,5.94,55.37
PT_136,47,None,0.0,2.75,5.34,56.68
PT_136,48,None,0.0,2.79,6.44,57.97
PT_136,49,None,0.0,3.2,7.3,59.23
PT_136,50,None,0.0,3.0,6.62,60.48
PT_136,51,None,0.0,4.76,10.15,61.69
PT_136,52,Regimen A,100.0,4.89,10.65,42.76
PT_136,53,None,0.0,4.04,8.69,44.21
PT_136,54,None,0.0,3.59,7.71,45.66
PT_136,55,None,0.0,2.98,6.61,47.09
PT_136,56,None,0.0,2.84,6.29,48.51
PT_136,57,None,0.0,2.58,5.46,49.91
PT_136,58,None,0.0,2.75,5.69,51.3
PT_136,59,None,0.0,2.46,5.46,52.67
PT_136,60,None,0.0,2.3,5.2,54.02
PT_136,61,None,0.0,2.5,5.29,55.35
PT_136,62,None,0.0,2.49,5.9,56.66
PT_136,63,None,0.0,2.52,5.55,57.95
PT_136,64,None,0.0,2.81,5.8,59.21
PT_136,65,None,0.0,2.45,5.33,60.45
PT_136,66,None,0.0,3.07,6.54,61.67
PT_136,67,None,0.0,3.02,6.5,62.86
PT_136,68,None,0.0,2.95,6.71,64.03
PT_136,69,None,0.0,3.13,7.03,65.17
PT_136,70,None,0.0,3.3,7.0,66.29
PT_136,71,None,0.0,3.44,7.3,67.38
PT_136,72,None,0.0,3.33,6.97,68.44
PT_136,73,Regimen A,100.0,4.99,11.1,47.25
PT_136,74,None,0.0,4.16,9.09,48.66
PT_136,75,None,0.0,3.82,8.59,50.07
PT_136,76,None,0.0,3.7,8.42,51.45
PT_136,77,None,0.0,3.51,7.28,52.82
PT_136,78,None,0.0,3.05,7.01,54.17
PT_136,79,None,0.0,3.23,7.37,55.5
PT_136,80,None,0.0,3.25,7.22,56.8
PT_136,81,None,0.0,3.35,7.29,58.09
PT_136,82,None,0.0,3.44,7.38,59.35
PT_136,83,None,0.0,3.43,7.42,60.59
PT_136,84,None,0.0,3.28,6.93,61.8
PT_136,85,None,0.0,3.39,7.09,62.99
PT_136,86,None,0.0,3.43,7.96,64.16
PT_136,87,None,0.0,3.42,7.6,65.3
PT_136,88,None,0.0,3.61,7.98,66.41
PT_136,89,None,0.0,3.76,8.54,67.5
PT_137,0,Regimen A,100.0,6.41,13.79,8.85
PT_137,1,None,0.0,5.95,12.67,9.71
PT_137,2,None,0.0,5.36,12.56,10.62
PT_137,3,None,0.0,4.69,9.89,11.57
PT_137,4,None,0.0,4.53,10.0,12.57
PT_137,5,None,0.0,4.23,9.24,13.61
PT_137,6,None,0.0,4.22,9.19,14.7
PT_137,7,None,0.0,4.26,9.21,15.82
PT_137,8,None,0.0,4.05,9.28,16.99
PT_137,9,None,0.0,4.24,9.27,18.19
PT_137,10,None,0.0,4.29,9.24,19.43
PT_137,11,None,0.0,4.33,9.74,20.71
PT_137,12,None,0.0,4.53,10.52,22.01
PT_137,13,None,0.0,4.35,9.83,23.34
PT_137,14,None,0.0,4.56,10.16,24.7
PT_137,15,None,0.0,4.67,10.12,26.08
PT_137,16,None,0.0,4.87,10.89,27.49
PT_137,17,None,0.0,4.87,10.96,28.91
PT_137,18,None,0.0,4.96,10.66,30.34
PT_137,19,None,0.0,4.88,10.56,31.79
PT_137,20,None,0.0,5.25,11.48,33.25
PT_137,21,None,0.0,6.37,13.8,34.71
PT_137,22,None,0.0,6.57,14.17,36.18
PT_137,23,None,0.0,6.52,13.92,37.65
PT_137,24,None,0.0,6.47,14.11,39.12
PT_137,25,None,0.0,6.5,14.18,40.59
PT_137,26,None,0.0,6.44,13.84,42.05
PT_137,27,None,0.0,6.33,13.78,43.51
PT_137,28,None,0.0,6.4,14.01,44.96
PT_137,29,None,0.0,6.51,14.53,46.4
PT_137,30,None,0.0,6.46,14.18,47.82
PT_137,31,None,0.0,6.52,14.33,49.23
PT_137,32,None,0.0,6.3,13.79,50.63
PT_137,33,None,0.0,6.27,13.87,52.01
PT_137,34,None,0.0,6.45,14.25,53.37
PT_137,35,Regimen A,100.0,6.4,14.27,37.2
PT_137,36,None,0.0,5.61,12.61,38.67
PT_137,37,None,0.0,4.88,10.77,40.14
PT_137,38,None,0.0,4.61,9.9,41.61
PT_137,39,None,0.0,4.31,9.28,43.07
PT_137,40,None,0.0,3.95,9.12,44.52
PT_137,41,None,0.0,3.94,8.53,45.96
PT_137,42,None,0.0,3.85,8.57,47.39
PT_137,43,None,0.0,3.91,8.85,48.8
PT_137,44,None,0.0,3.79,8.75,50.21
PT_137,45,None,0.0,3.92,8.74,51.59
PT_137,46,None,0.0,3.85,8.54,52.95
PT_137,47,None,0.0,4.11,9.08,54.3
PT_137,48,None,0.0,3.95,8.25,55.63
PT_137,49,None,0.0,4.25,9.46,56.93
PT_137,50,None,0.0,4.55,9.47,58.22
PT_137,51,None,0.0,4.48,10.03,59.48
PT_137,52,None,0.0,4.35,9.52,60.71
PT_137,53,None,0.0,4.63,10.34,61.92
PT_137,54,None,0.0,4.92,10.42,63.11
PT_137,55,None,0.0,4.87,10.34,64.27
PT_137,56,None,0.0,6.43,14.13,65.41
PT_137,57,None,0.0,6.29,13.97,66.52
PT_137,58,None,0.0,6.42,13.93,67.6
PT_137,59,None,0.0,6.42,14.06,68.66
PT_137,60,None,0.0,6.33,14.04,69.7
PT_137,61,None,0.0,6.48,14.27,70.7
PT_137,62,Regimen A,100.0,6.43,14.01,48.74
PT_137,63,None,0.0,5.65,12.61,50.15
PT_137,64,None,0.0,4.99,11.08,51.53
PT_137,65,None,0.0,4.28,9.64,52.9
PT_137,66,None,0.0,4.06,8.93,54.24
PT_137,67,None,0.0,4.06,8.72,55.57
PT_137,68,None,0.0,3.62,7.97,56.88
PT_137,69,None,0.0,3.63,7.92,58.16
PT_137,70,None,0.0,3.62,7.43,59.42
PT_137,71,None,0.0,3.76,7.91,60.66
PT_137,72,None,0.0,3.53,7.79,61.87
PT_137,73,None,0.0,3.73,7.77,63.06
PT_137,74,None,0.0,3.82,8.12,64.22
PT_137,75,None,0.0,4.13,9.31,65.36
PT_137,76,None,0.0,3.93,8.62,66.47
PT_137,77,None,0.0,4.24,9.54,67.56
PT_137,78,None,0.0,4.32,9.83,68.62
PT_137,79,None,0.0,4.66,10.31,69.65
PT_137,80,None,0.0,4.64,9.59,70.66
PT_137,81,None,0.0,4.68,10.29,71.64
PT_137,82,None,0.0,4.81,10.35,72.6
PT_137,83,Regimen A,100.0,6.08,13.33,50.0
PT_137,84,None,0.0,5.79,12.81,51.38
PT_137,85,None,0.0,5.5,11.58,52.75
PT_137,86,None,0.0,4.92,10.71,54.1
PT_137,87,None,0.0,4.61,10.17,55.43
PT_137,88,None,0.0,4.8,10.58,56.74
PT_137,89,None,0.0,4.48,9.47,58.03
PT_138,0,Regimen A,100.0,4.53,9.32,15.87
PT_138,1,None,0.0,3.55,7.97,17.03
PT_138,2,None,0.0,3.16,7.07,18.24
PT_138,3,None,0.0,2.42,5.66,19.48
PT_138,4,None,0.0,1.89,4.12,20.76
PT_138,5,None,0.0,1.97,4.55,22.06
PT_138,6,None,0.0,1.68,3.55,23.4
PT_138,7,None,0.0,1.7,3.23,24.76
PT_138,8,None,0.0,1.7,3.59,26.14
PT_138,9,None,0.0,1.45,3.41,27.54
PT_138,10,None,0.0,1.62,3.39,28.96
PT_138,11,None,0.0,1.54,3.35,30.4
PT_138,12,None,0.0,1.71,3.94,31.84
PT_138,13,None,0.0,1.91,4.05,33.3
PT_138,14,None,0.0,1.91,4.11,34.77
PT_138,15,None,0.0,2.22,4.7,36.24
PT_138,16,None,0.0,2.13,4.7,37.71
PT_138,17,None,0.0,2.16,4.72,39.18
PT_138,18,None,0.0,2.5,5.54,40.65
PT_138,19,None,0.0,2.73,5.87,42.11
PT_138,20,None,0.0,3.07,6.67,43.57
PT_138,21,None,0.0,4.52,10.09,45.02
PT_138,22,None,0.0,4.54,10.05,46.45
PT_138,23,None,0.0,4.56,10.02,47.88
PT_138,24,None,0.0,4.62,10.07,49.29
PT_138,25,None,0.0,4.31,9.5,50.68
PT_138,26,None,0.0,4.48,9.97,52.06
PT_138,27,None,0.0,4.76,10.28,53.42
PT_138,28,Regimen A,100.0,4.42,9.81,37.24
PT_138,29,None,0.0,3.66,7.89,38.71
PT_138,30,None,0.0,2.64,5.49,40.18
PT_138,31,None,0.0,2.38,5.26,41.64
PT_138,32,None,0.0,2.14,4.7,43.1
PT_138,33,None,0.0,1.59,3.66,44.55
PT_138,34,None,0.0,1.53,3.42,45.99
PT_138,35,None,0.0,1.63,3.08,47.42
PT_138,36,None,0.0,1.34,3.1,48.84
PT_138,37,None,0.0,1.61,3.81,50.24
PT_138,38,None,0.0,1.65,3.62,51.62
PT_138,39,None,0.0,1.68,4.14,52.99
PT_138,40,None,0.0,1.89,4.24,54.33
PT_138,41,None,0.0,1.8,3.88,55.66
PT_138,42,None,0.0,2.2,4.97,56.96
PT_138,43,None,0.0,1.98,4.43,58.25
PT_138,44,None,0.0,2.31,4.42,59.5
PT_138,45,None,0.0,2.46,5.38,60.74
PT_138,46,None,0.0,2.63,5.78,61.95
PT_138,47,None,0.0,2.67,5.9,63.14
PT_138,48,None,0.0,2.99,6.2,64.3
PT_138,49,None,0.0,4.52,9.76,65.44
PT_138,50,None,0.0,4.6,10.09,66.55
PT_138,51,None,0.0,4.52,10.15,67.63
PT_138,52,None,0.0,4.46,9.85,68.69
PT_138,53,None,0.0,4.47,9.99,69.72
PT_138,54,Regimen A,100.0,4.51,10.1,48.09
PT_138,55,None,0.0,4.12,9.31,49.5
PT_138,56,None,0.0,4.02,8.78,50.89
PT_138,57,None,0.0,3.85,8.41,52.27
PT_138,58,None,0.0,3.81,8.42,53.63
PT_138,59,None,0.0,3.71,8.08,54.96
PT_138,60,None,0.0,4.02,8.79,56.28
PT_138,61,None,0.0,3.48,7.61,57.57
PT_138,62,None,0.0,3.4,7.64,58.84
PT_138,63,None,0.0,3.55,7.95,60.09
PT_138,64,None,0.0,3.74,8.2,61.32
PT_138,65,None,0.0,3.71,7.98,62.52
PT_138,66,None,0.0,3.71,8.06,63.69
PT_138,67,None,0.0,3.62,8.0,64.84
PT_138,68,None,0.0,3.71,8.39,65.96
PT_138,69,None,0.0,3.68,8.14,67.06
PT_138,70,None,0.0,3.76,8.02,68.13
PT_138,71,None,0.0,3.65,8.39,69.18
PT_138,72,None,0.0,3.76,8.26,70.2
PT_138,73,None,0.0,3.99,8.67,71.19
PT_138,74,None,0.0,4.04,9.22,72.16
PT_138,75,Regimen A,100.0,4.42,9.63,49.71
PT_138,76,None,0.0,3.69,8.2,51.1
PT_138,77,None,0.0,3.34,6.88,52.47
PT_138,78,None,0.0,2.9,6.15,53.82
PT_138,79,None,0.0,2.41,4.82,55.16
PT_138,80,None,0.0,2.32,4.99,56.47
PT_138,81,None,0.0,2.18,4.35,57.76
PT_138,82,None,0.0,2.15,4.87,59.03
PT_138,83,None,0.0,2.24,4.42,60.27
PT_138,84,None,0.0,2.15,4.61,61.49
PT_138,85,None,0.0,2.4,5.21,62.69
PT_138,86,None,0.0,2.5,5.47,63.86
PT_138,87,None,0.0,2.42,5.31,65.01
PT_138,88,None,0.0,2.34,5.12,66.13
PT_138,89,None,0.0,2.5,5.36,67.22
PT_139,0,Regimen A,100.0,4.79,10.19,24.8
PT_139,1,None,0.0,4.41,9.29,26.18
PT_139,2,None,0.0,3.59,7.84,27.59
PT_139,3,None,0.0,2.99,6.22,29.01
PT_139,4,None,0.0,2.91,6.23,30.44
PT_139,5,None,0.0,2.68,5.81,31.89
PT_139,6,None,0.0,2.69,6.11,33.35
PT_139,7,None,0.0,2.44,5.05,34.81
PT_139,8,None,0.0,2.49,5.64,36.28
PT_139,9,None,0.0,2.65,5.92,37.75
PT_139,10,None,0.0,2.74,6.27,39.23
PT_139,11,None,0.0,2.66,6.02,40.69
PT_139,12,None,0.0,2.59,6.29,42.16
PT_139,13,None,0.0,2.65,5.66,43.61
PT_139,14,None,0.0,2.91,6.53,45.06
PT_139,15,None,0.0,3.14,7.13,46.5
PT_139,16,None,0.0,3.08,6.9,47.92
PT_139,17,None,0.0,3.27,7.58,49.33
PT_139,18,None,0.0,3.2,6.97,50.73
PT_139,19,None,0.0,3.26,7.31,52.1
PT_139,20,None,0.0,3.55,8.06,53.46
PT_139,21,None,0.0,4.89,10.6,54.8
PT_139,22,None,0.0,4.72,10.13,56.12
PT_139,23,Regimen A,100.0,4.86,10.77,39.04
PT_139,24,None,0.0,3.86,8.66,40.51
PT_139,25,None,0.0,3.21,7.34,41.98
PT_139,26,None,0.0,2.54,5.69,43.43
PT_139,27,None,0.0,2.05,4.27,44.88
PT_139,28,None,0.0,1.7,3.83,46.32
PT_139,29,None,0.0,1.52,3.1,47.75
PT_139,30,None,0.0,1.52,3.75,49.16
PT_139,31,None,0.0,1.47,3.33,50.56
PT_139,32,None,0.0,1.66,3.6,51.93
PT_139,33,None,0.0,1.45,3.09,53.3
PT_139,34,None,0.0,1.58,3.13,54.64
PT_139,35,None,0.0,1.72,3.63,55.96
PT_139,36,None,0.0,2.34,5.2,57.26
PT_139,37,None,0.0,1.97,4.73,58.54
PT_139,38,None,0.0,2.25,4.73,59.79
PT_139,39,None,0.0,2.65,5.88,61.02
PT_139,40,None,0.0,2.39,5.44,62.22
PT_139,41,None,0.0,2.67,6.3,63.41
PT_139,42,None,0.0,2.65,5.67,64.56
PT_139,43,None,0.0,2.93,6.72,65.69
PT_139,44,None,0.0,4.91,10.74,66.8
PT_139,45,None,0.0,4.83,10.62,67.87
PT_139,46,None,0.0,4.83,10.44,68.93
PT_139,47,None,0.0,4.82,10.95,69.95
PT_139,48,None,0.0,4.99,10.53,70.95
PT_139,49,None,0.0,4.99,10.63,71.93
PT_139,50,None,0.0,4.69,10.73,72.87
PT_139,51,Regimen A,100.0,4.83,10.5,50.18
PT_139,52,None,0.0,4.28,9.08,51.57
PT_139,53,None,0.0,3.41,7.59,52.93
PT_139,54,None,0.0,3.34,7.43,54.28
PT_139,55,None,0.0,3.04,6.34,55.61
PT_139,56,None,0.0,2.65,6.14,56.91
PT_139,57,None,0.0,2.75,6.44,58.19
PT_139,58,None,0.0,2.66,6.11,59.45
PT_139,59,None,0.0,2.76,5.95,60.69
PT_139,60,None,0.0,2.51,5.87,61.9
PT_139,61,None,0.0,2.35,5.43,63.09
PT_139,62,None,0.0,2.55,5.62,64.25
PT_139,63,None,0.0,2.56,5.39,65.39
PT_139,64,None,0.0,2.77,6.18,66.5
PT_139,65,None,0.0,2.89,6.05,67.59
PT_139,66,None,0.0,2.82,5.97,68.65
PT_139,67,None,0.0,3.21,6.86,69.68
PT_139,68,None,0.0,3.48,7.75,70.68
PT_139,69,None,0.0,3.4,7.37,71.67
PT_139,70,None,0.0,3.43,7.14,72.62
PT_139,71,None,0.0,3.34,7.68,73.55
PT_139,72,Regimen A,100.0,4.65,10.01,50.63
PT_139,73,None,0.0,4.34,9.87,52.01
PT_139,74,None,0.0,3.75,8.29,53.37
PT_139,75,None,0.0,3.5,8.25,54.71
PT_139,76,None,0.0,3.08,6.73,56.03
PT_139,77,None,0.0,2.75,6.07,57.33
PT_139,78,None,0.0,2.94,6.29,58.6
PT_139,79,None,0.0,2.81,6.1,59.85
PT_139,80,None,0.0,2.72,5.74,61.08
PT_139,81,None,0.0,2.61,5.15,62.29
PT_139,82,None,0.0,2.69,6.26,63.47
PT_139,83,None,0.0,2.72,5.66,64.62
PT_139,84,None,0.0,2.88,6.48,65.75
PT_139,85,None,0.0,3.02,6.61,66.85
PT_139,86,None,0.0,3.09,7.13,67.93
PT_139,87,None,0.0,2.87,6.36,68.98
PT_139,88,None,0.0,3.31,7.05,70.01
PT_139,89,None,0.0,3.34,7.39,71.0
PT_140,0,Regimen A,100.0,6.14,13.32,15.87
PT_140,1,None,0.0,5.27,11.75,17.03
PT_140,2,None,0.0,4.31,9.48,18.24
PT_140,3,None,0.0,4.02,8.98,19.48
PT_140,4,None,0.0,3.64,8.18,20.76
PT_140,5,None,0.0,3.45,7.43,22.06
PT_140,6,None,0.0,3.37,7.64,23.4
PT_140,7,None,0.0,3.22,7.16,24.76
PT_140,8,None,0.0,3.09,6.8,26.14
PT_140,9,None,0.0,3.17,6.75,27.54
PT_140,10,None,0.0,3.19,6.68,28.96
PT_140,11,None,0.0,3.36,7.59,30.4
PT_140,12,None,0.0,3.3,6.75,31.84
PT_140,13,None,0.0,3.49,7.68,33.3
PT_140,14,None,0.0,3.6,7.98,34.77
PT_140,15,None,0.0,3.82,8.64,36.24
PT_140,16,None,0.0,3.89,8.49,37.71
PT_140,17,None,0.0,3.96,8.77,39.18
PT_140,18,None,0.0,4.34,9.56,40.65
PT_140,19,None,0.0,4.12,9.22,42.11
PT_140,20,None,0.0,4.46,9.89,43.57
PT_140,21,None,0.0,6.14,14.13,45.02
PT_140,22,None,0.0,6.11,13.34,46.45
PT_140,23,None,0.0,6.04,13.37,47.88
PT_140,24,None,0.0,6.01,13.43,49.29
PT_140,25,None,0.0,6.2,13.18,50.68
PT_140,26,None,0.0,6.03,13.17,52.06
PT_140,27,None,0.0,5.99,13.18,53.42
PT_140,28,None,0.0,6.02,12.84,54.76
PT_140,29,None,0.0,5.97,12.88,56.08
PT_140,30,None,0.0,6.08,13.05,57.38
PT_140,31,None,0.0,5.78,12.46,58.65
PT_140,32,Regimen A,100.0,6.01,12.93,40.73
PT_140,33,None,0.0,5.37,11.85,42.2
PT_140,34,None,0.0,4.91,10.77,43.65
PT_140,35,None,0.0,4.48,10.24,45.1
PT_140,36,None,0.0,4.44,9.42,46.54
PT_140,37,None,0.0,4.24,9.3,47.96
PT_140,38,None,0.0,4.22,9.76,49.37
PT_140,39,None,0.0,4.09,8.96,50.76
PT_140,40,None,0.0,4.07,8.93,52.14
PT_140,41,None,0.0,3.9,8.41,53.5
PT_140,42,None,0.0,4.09,8.73,54.84
PT_140,43,None,0.0,4.13,9.23,56.16
PT_140,44,None,0.0,4.13,9.07,57.45
PT_140,45,None,0.0,4.09,9.33,58.73
PT_140,46,None,0.0,4.19,8.84,59.98
PT_140,47,None,0.0,4.43,9.26,61.2
PT_140,48,None,0.0,4.37,9.57,62.4
PT_140,49,None,0.0,4.65,10.15,63.58
PT_140,50,None,0.0,4.88,10.78,64.73
PT_140,51,None,0.0,4.76,10.65,65.86
PT_140,52,None,0.0,4.76,10.63,66.96
PT_140,53,Regimen A,100.0,5.9,12.48,46.26
PT_140,54,None,0.0,5.48,12.33,47.69
PT_140,55,None,0.0,4.76,10.28,49.1
PT_140,56,None,0.0,4.66,9.81,50.5
PT_140,57,None,0.0,4.47,9.94,51.88
PT_140,58,None,0.0,4.22,9.34,53.24
PT_140,59,None,0.0,4.16,9.15,54.58
PT_140,60,None,0.0,4.16,9.46,55.91
PT_140,61,None,0.0,4.1,8.66,57.21
PT_140,62,None,0.0,3.9,8.41,58.48
PT_140,63,None,0.0,4.18,9.12,59.74
PT_140,64,None,0.0,4.3,9.57,60.97
PT_140,65,None,0.0,4.52,10.14,62.18
PT_140,66,None,0.0,4.52,10.06,63.36
PT_140,67,None,0.0,4.38,9.51,64.51
PT_140,68,None,0.0,4.5,9.38,65.65
PT_140,69,None,0.0,4.53,9.81,66.75
PT_140,70,None,0.0,4.79,10.58,67.83
PT_140,71,None,0.0,4.71,10.59,68.88
PT_140,72,None,0.0,4.97,11.09,69.91
PT_140,73,None,0.0,4.85,10.61,70.91
PT_140,74,Regimen A,100.0,6.08,13.64,48.88
PT_140,75,None,0.0,5.05,11.67,50.28
PT_140,76,None,0.0,3.88,8.34,51.66
PT_140,77,None,0.0,3.12,6.9,53.03
PT_140,78,None,0.0,2.93,6.31,54.38
PT_140,79,None,0.0,2.5,5.94,55.7
PT_140,80,None,0.0,2.54,5.67,57.0
PT_140,81,None,0.0,2.15,4.43,58.29
PT_140,82,None,0.0,2.19,4.65,59.54
PT_140,83,None,0.0,2.06,4.67,60.78
PT_140,84,None,0.0,2.36,5.26,61.99
PT_140,85,None,0.0,2.47,5.31,63.18
PT_140,86,None,0.0,2.59,5.12,64.34
PT_140,87,None,0.0,2.75,6.49,65.47
PT_140,88,None,0.0,2.84,6.51,66.58
PT_140,89,None,0.0,3.22,7.22,67.66
PT_141,0,Regimen A,100.0,4.84,10.63,8.85
PT_141,1,None,0.0,3.95,9.04,9.71
PT_141,2,None,0.0,3.44,7.63,10.62
PT_141,3,None,0.0,3.0,6.82,11.57
PT_141,4,None,0.0,2.47,5.73,12.57
PT_141,5,None,0.0,2.5,5.42,13.61
PT_141,6,None,0.0,2.39,5.1,14.7
PT_141,7,None,0.0,2.29,4.95,15.82
PT_141,8,None,0.0,2.07,4.35,16.99
PT_141,9,None,0.0,2.4,5.3,18.19
PT_141,10,None,0.0,2.26,5.43,19.43
PT_141,11,None,0.0,2.2,4.65,20.71
PT_141,12,None,0.0,2.53,6.03,22.01
PT_141,13,None,0.0,2.44,4.9,23.34
PT_141,14,None,0.0,3.02,6.98,24.7
PT_141,15,None,0.0,2.74,6.07,26.08
PT_141,16,None,0.0,2.82,6.15,27.49
PT_141,17,None,0.0,2.85,6.6,28.91
PT_141,18,None,0.0,3.08,6.4,30.34
PT_141,19,None,0.0,3.43,7.46,31.79
PT_141,20,None,0.0,3.64,7.68,33.25
PT_141,21,None,0.0,4.66,10.21,34.71
PT_141,22,None,0.0,4.87,10.7,36.18
PT_141,23,None,0.0,4.65,9.72,37.65
PT_141,24,None,0.0,4.82,10.92,39.12
PT_141,25,None,0.0,4.85,10.69,40.59
PT_141,26,Regimen A,100.0,4.69,10.65,28.6
PT_141,27,None,0.0,4.24,9.29,30.03
PT_141,28,None,0.0,3.74,8.3,31.47
PT_141,29,None,0.0,3.36,7.17,32.93
PT_141,30,None,0.0,3.15,6.98,34.39
PT_141,31,None,0.0,2.93,6.66,35.86
PT_141,32,None,0.0,2.74,5.68,37.33
PT_141,33,None,0.0,2.66,5.52,38.8
PT_141,34,None,0.0,2.87,5.87,40.27
PT_141,35,None,0.0,2.73,5.88,41.74
PT_141,36,None,0.0,2.78,6.01,43.2
PT_141,37,None,0.0,2.88,6.5,44.65
PT_141,38,None,0.0,2.7,6.17,46.09
PT_141,39,None,0.0,3.11,6.85,47.52
PT_141,40,None,0.0,2.9,6.84,48.93
PT_141,41,None,0.0,3.17,7.07,50.33
PT_141,42,None,0.0,3.15,7.25,51.71
PT_141,43,None,0.0,3.5,7.42,53.07
PT_141,44,None,0.0,3.6,8.13,54.42
PT_141,45,None,0.0,3.43,7.08,55.74
PT_141,46,None,0.0,3.65,7.9,57.05
PT_141,47,None,0.0,4.87,10.54,58.33
PT_141,48,None,0.0,4.85,10.68,59.59
PT_141,49,None,0.0,4.89,10.47,60.82
PT_141,50,None,0.0,4.79,10.96,62.03
PT_141,51,None,0.0,4.93,11.23,63.21
PT_141,52,None,0.0,4.81,10.49,64.37
PT_141,53,None,0.0,4.77,10.49,65.51
PT_141,54,None,0.0,4.75,10.23,66.62
PT_141,55,None,0.0,4.81,10.47,67.7
PT_141,56,None,0.0,4.7,10.3,68.76
PT_141,57,Regimen A,100.0,4.71,10.1,47.45
PT_141,58,None,0.0,3.85,8.65,48.87
PT_141,59,None,0.0,2.84,6.13,50.27
PT_141,60,None,0.0,2.27,4.54,51.65
PT_141,61,None,0.0,1.72,4.23,53.02
PT_141,62,None,0.0,1.43,2.98,54.36
PT_141,63,None,0.0,0.85,1.95,55.69
PT_141,64,None,0.0,0.74,1.43,56.99
PT_141,65,None,0.0,0.94,1.84,58.27
PT_141,66,None,0.0,0.98,1.91,59.53
PT_141,67,None,0.0,0.72,1.72,60.77
PT_141,68,None,0.0,1.04,2.35,61.98
PT_141,69,None,0.0,1.03,2.31,63.16
PT_141,70,None,0.0,1.37,3.28,64.32
PT_141,71,None,0.0,1.54,3.29,65.46
PT_141,72,None,0.0,1.67,3.26,66.57
PT_141,73,None,0.0,1.8,3.89,67.65
PT_141,74,None,0.0,2.1,4.53,68.71
PT_141,75,None,0.0,2.25,4.6,69.74
PT_141,76,None,0.0,2.25,5.06,70.75
PT_141,77,None,0.0,2.7,6.07,71.73
PT_141,78,Regimen A,100.0,4.99,10.84,49.42
PT_141,79,None,0.0,3.93,8.75,50.82
PT_141,80,None,0.0,3.25,7.05,52.19
PT_141,81,None,0.0,2.91,6.47,53.55
PT_141,82,None,0.0,2.59,5.71,54.89
PT_141,83,None,0.0,2.18,4.34,56.2
PT_141,84,None,0.0,2.4,5.52,57.5
PT_141,85,None,0.0,1.98,4.26,58.77
PT_141,86,None,0.0,2.33,4.63,60.02
PT_141,87,None,0.0,2.1,4.74,61.25
PT_141,88,None,0.0,2.16,4.86,62.45
PT_141,89,None,0.0,2.23,4.8,63.62
PT_142,0,Regimen A,100.0,3.27,7.24,15.87
PT_142,1,None,0.0,3.33,7.22,17.03
PT_142,2,None,0.0,3.06,6.93,18.24
PT_142,3,None,0.0,3.05,6.26,19.48
PT_142,4,None,0.0,2.91,6.48,20.76
PT_142,5,None,0.0,2.91,6.81,22.06
PT_142,6,None,0.0,2.92,6.45,23.4
PT_142,7,None,0.0,2.67,5.94,24.76
PT_142,8,None,0.0,2.72,6.07,26.14
PT_142,9,None,0.0,2.84,6.3,27.54
PT_142,10,None,0.0,2.7,5.93,28.96
PT_142,11,None,0.0,2.89,6.77,30.4
PT_142,12,None,0.0,2.75,6.09,31.84
PT_142,13,None,0.0,2.73,6.28,33.3
PT_142,14,None,0.0,2.92,6.59,34.77
PT_142,15,None,0.0,2.82,6.95,36.24
PT_142,16,None,0.0,2.89,6.21,37.71
PT_142,17,None,0.0,3.0,6.57,39.18
PT_142,18,None,0.0,3.16,7.26,40.65
PT_142,19,None,0.0,3.1,6.53,42.11
PT_142,20,None,0.0,2.96,6.41,43.57
PT_142,21,None,0.0,3.61,8.01,45.02
PT_142,22,Regimen A,100.0,3.19,7.07,31.59
PT_142,23,None,0.0,3.06,6.79,33.04
PT_142,24,None,0.0,2.95,6.52,34.51
PT_142,25,None,0.0,2.49,5.22,35.98
PT_142,26,None,0.0,2.61,5.82,37.45
PT_142,27,None,0.0,2.29,5.24,38.92
PT_142,28,None,0.0,2.17,4.72,40.39
PT_142,29,None,0.0,2.2,4.67,41.85
PT_142,30,None,0.0,2.03,4.11,43.31
PT_142,31,None,0.0,2.08,4.64,44.76
PT_142,32,None,0.0,2.41,5.15,46.2
PT_142,33,None,0.0,2.08,4.59,47.63
PT_142,34,None,0.0,2.25,5.29,49.04
PT_142,35,None,0.0,2.19,4.87,50.44
PT_142,36,None,0.0,2.12,4.8,51.82
PT_142,37,None,0.0,2.57,5.4,53.18
PT_142,38,None,0.0,2.5,5.39,54.52
PT_142,39,None,0.0,2.52,5.3,55.85
PT_142,40,None,0.0,2.5,5.58,57.15
PT_142,41,None,0.0,2.57,5.91,58.43
PT_142,42,None,0.0,2.85,6.01,59.68
PT_142,43,None,0.0,3.27,7.12,60.92
PT_142,44,None,0.0,3.47,7.36,62.12
PT_142,45,None,0.0,3.28,7.0,63.31
PT_142,46,None,0.0,3.42,7.68,64.46
PT_142,47,None,0.0,3.46,7.79,65.6
PT_142,48,None,0.0,3.5,7.98,66.7
PT_142,49,None,0.0,3.31,7.52,67.78
PT_142,50,Regimen A,100.0,3.54,7.7,46.81
PT_142,51,None,0.0,2.47,5.25,48.23
PT_142,52,None,0.0,2.19,4.94,49.64
PT_142,53,None,0.0,1.66,4.09,51.03
PT_142,54,None,0.0,1.31,3.11,52.4
PT_142,55,None,0.0,1.31,2.85,53.76
PT_142,56,None,0.0,1.17,2.57,55.09
PT_142,57,None,0.0,1.26,2.92,56.4
PT_142,58,None,0.0,0.97,2.05,57.7
PT_142,59,None,0.0,1.25,2.81,58.97
PT_142,60,None,0.0,0.92,2.56,60.21
PT_142,61,None,0.0,1.03,2.27,61.43
PT_142,62,None,0.0,1.24,2.34,62.63
PT_142,63,None,0.0,1.53,3.38,63.8
PT_142,64,None,0.0,1.5,2.96,64.95
PT_142,65,None,0.0,1.54,3.31,66.07
PT_142,66,None,0.0,1.8,3.86,67.17
PT_142,67,None,0.0,2.02,4.64,68.24
PT_142,68,None,0.0,1.96,4.29,69.28
PT_142,69,None,0.0,1.83,4.14,70.3
PT_142,70,None,0.0,2.13,4.85,71.29
PT_142,71,Regimen A,100.0,3.42,7.06,49.13
PT_142,72,None,0.0,3.22,7.23,50.53
PT_142,73,None,0.0,3.06,6.83,51.91
PT_142,74,None,0.0,2.89,6.16,53.27
PT_142,75,None,0.0,2.75,6.15,54.61
PT_142,76,None,0.0,2.62,5.96,55.93
PT_142,77,None,0.0,2.43,5.24,57.23
PT_142,78,None,0.0,2.55,6.06,58.51
PT_142,79,None,0.0,2.72,6.26,59.76
PT_142,80,None,0.0,2.75,6.44,60.99
PT_142,81,None,0.0,2.63,5.74,62.2
PT_142,82,None,0.0,2.6,5.53,63.38
PT_142,83,None,0.0,2.67,5.72,64.54
PT_142,84,None,0.0,2.47,5.06,65.67
PT_142,85,None,0.0,2.8,6.25,66.77
PT_142,86,None,0.0,2.72,5.89,67.85
PT_142,87,None,0.0,2.79,6.47,68.9
PT_142,88,None,0.0,2.8,6.65,69.93
PT_142,89,None,0.0,2.84,6.25,70.93
PT_143,0,Regimen A,100.0,3.95,7.98,15.87
PT_143,1,None,0.0,2.98,6.3,17.03
PT_143,2,None,0.0,2.2,4.44,18.24
PT_143,3,None,0.0,2.01,4.41,19.48
PT_143,4,None,0.0,1.45,3.32,20.76
PT_143,5,None,0.0,0.87,1.94,22.06
PT_143,6,None,0.0,1.33,3.12,23.4
PT_143,7,None,0.0,0.9,1.75,24.76
PT_143,8,None,0.0,0.99,1.78,26.14
PT_143,9,None,0.0,1.1,2.48,27.54
PT_143,10,None,0.0,1.02,2.23,28.96
PT_143,11,None,0.0,1.01,2.46,30.4
PT_143,12,None,0.0,1.02,2.69,31.84
PT_143,13,None,0.0,1.57,3.03,33.3
PT_143,14,None,0.0,1.3,2.96,34.77
PT_143,15,None,0.0,1.86,4.4,36.24
PT_143,16,None,0.0,1.73,3.6,37.71
PT_143,17,None,0.0,1.83,4.22,39.18
PT_143,18,None,0.0,2.2,4.96,40.65
PT_143,19,None,0.0,2.14,4.52,42.11
PT_143,20,None,0.0,2.06,4.64,43.57
PT_143,21,None,0.0,3.86,8.24,45.02
PT_143,22,None,0.0,4.13,9.01,46.45
PT_143,23,None,0.0,3.81,8.48,47.88
PT_143,24,None,0.0,3.79,8.57,49.29
PT_143,25,None,0.0,3.83,8.11,50.68
PT_143,26,None,0.0,3.85,8.56,52.06
PT_143,27,None,0.0,3.88,8.34,53.42
PT_143,28,None,0.0,3.84,8.63,54.76
PT_143,29,None,0.0,3.73,7.85,56.08
PT_143,30,None,0.0,3.77,8.47,57.38
PT_143,31,None,0.0,3.77,8.48,58.65
PT_143,32,None,0.0,3.81,8.16,59.9
PT_143,33,None,0.0,3.92,8.49,61.13
PT_143,34,Regimen A,100.0,3.85,8.24,42.39
PT_143,35,None,0.0,3.47,8.07,43.84
PT_143,36,None,0.0,3.01,6.49,45.29
PT_143,37,None,0.0,3.12,6.58,46.72
PT_143,38,None,0.0,2.96,6.66,48.15
PT_143,39,None,0.0,2.63,6.27,49.55
PT_143,40,None,0.0,2.55,5.71,50.94
PT_143,41,None,0.0,2.67,5.86,52.32
PT_143,42,None,0.0,2.47,5.59,53.67
PT_143,43,None,0.0,2.72,6.05,55.01
PT_143,44,None,0.0,2.65,5.76,56.33
PT_143,45,None,0.0,2.82,5.62,57.62
PT_143,46,None,0.0,2.68,6.11,58.89
PT_143,47,None,0.0,2.77,5.98,60.14
PT_143,48,None,0.0,2.82,6.26,61.36
PT_143,49,None,0.0,3.02,6.26,62.56
PT_143,50,None,0.0,3.0,6.98,63.73
PT_143,51,None,0.0,2.93,6.8,64.88
PT_143,52,None,0.0,3.12,6.95,66.0
PT_143,53,None,0.0,3.33,7.33,67.1
PT_143,54,None,0.0,3.03,6.92,68.17
PT_143,55,None,0.0,4.04,8.81,69.22
PT_143,56,None,0.0,3.84,8.42,70.24
PT_143,57,None,0.0,3.86,8.49,71.23
PT_143,58,None,0.0,3.61,8.38,72.19
PT_143,59,None,0.0,3.95,9.02,73.14
PT_143,60,None,0.0,3.99,9.01,74.05
PT_143,61,None,0.0,3.88,8.42,74.94
PT_143,62,Regimen A,100.0,3.92,8.38,51.55
PT_143,63,None,0.0,2.71,5.8,52.91
PT_143,64,None,0.0,1.76,3.27,54.26
PT_143,65,None,0.0,1.01,2.27,55.59
PT_143,66,None,0.0,0.75,1.26,56.89
PT_143,67,None,0.0,0.23,0.8,58.18
PT_143,68,None,0.0,0.38,0.8,59.44
PT_143,69,None,0.0,0.1,0.8,60.67
PT_143,70,None,0.0,0.1,0.8,61.89
PT_143,71,None,0.0,0.1,0.8,63.08
PT_143,72,None,0.0,0.29,0.8,64.24
PT_143,73,None,0.0,0.1,0.8,65.37
PT_143,74,None,0.0,0.1,0.8,66.49
PT_143,75,None,0.0,0.31,0.8,67.57
PT_143,76,None,0.0,0.36,1.12,68.63
PT_143,77,None,0.0,0.86,1.88,69.66
PT_143,78,None,0.0,1.0,2.2,70.67
PT_143,79,None,0.0,1.29,3.09,71.65
PT_143,80,None,0.0,1.41,3.39,72.61
PT_143,81,None,0.0,1.66,3.84,73.54
PT_143,82,None,0.0,1.78,3.81,74.44
PT_143,83,Regimen A,100.0,3.88,8.41,51.22
PT_143,84,None,0.0,2.49,5.06,52.59
PT_143,85,None,0.0,1.73,3.88,53.94
PT_143,86,None,0.0,1.17,2.73,55.27
PT_143,87,None,0.0,0.71,1.31,56.58
PT_143,88,None,0.0,0.12,0.8,57.87
PT_143,89,None,0.0,0.1,0.8,59.14
PT_144,0,Regimen A,100.0,3.75,8.2,8.85
PT_144,1,None,0.0,3.02,6.71,9.71
PT_144,2,None,0.0,2.23,5.01,10.62
PT_144,3,None,0.0,1.73,3.69,11.57
PT_144,4,None,0.0,1.2,2.2,12.57
PT_144,5,None,0.0,1.15,3.12,13.61
PT_144,6,None,0.0,1.1,2.25,14.7
PT_144,7,None,0.0,1.08,2.2,15.82
PT_144,8,None,0.0,0.86,1.81,16.99
PT_144,9,None,0.0,0.73,1.65,18.19
PT_144,10,None,0.0,0.76,1.63,19.43
PT_144,11,None,0.0,0.87,1.68,20.71
PT_144,12,None,0.0,0.87,2.11,22.01
PT_144,13,None,0.0,0.96,2.16,23.34
PT_144,14,None,0.0,1.24,3.21,24.7
PT_144,15,None,0.0,1.34,3.08,26.08
PT_144,16,None,0.0,1.51,3.63,27.49
PT_144,17,None,0.0,1.97,4.47,28.91
PT_144,18,None,0.0,2.03,4.37,30.34
PT_144,19,None,0.0,2.11,4.51,31.79
PT_144,20,None,0.0,2.27,5.18,33.25
PT_144,21,Regimen A,100.0,3.94,8.53,23.6
PT_144,22,None,0.0,3.67,8.02,24.97
PT_144,23,None,0.0,3.54,7.7,26.35
PT_144,24,None,0.0,3.42,7.44,27.76
PT_144,25,None,0.0,3.3,7.42,29.18
PT_144,26,None,0.0,3.24,6.94,30.62
PT_144,27,None,0.0,3.35,7.4,32.07
PT_144,28,None,0.0,3.49,7.58,33.53
PT_144,29,None,0.0,3.38,6.93,34.99
PT_144,30,None,0.0,3.49,7.99,36.46
PT_144,31,None,0.0,3.05,6.82,37.93
PT_144,32,None,0.0,3.62,8.07,39.4
PT_144,33,None,0.0,3.31,6.62,40.87
PT_144,34,None,0.0,3.42,7.41,42.34
PT_144,35,None,0.0,3.69,7.95,43.79
PT_144,36,None,0.0,3.46,7.2,45.24
PT_144,37,None,0.0,3.57,7.84,46.67
PT_144,38,None,0.0,3.67,8.26,48.1
PT_144,39,None,0.0,3.35,7.54,49.5
PT_144,40,None,0.0,3.78,8.15,50.9
PT_144,41,None,0.0,3.9,9.12,52.27
PT_144,42,None,0.0,3.9,8.74,53.63
PT_144,43,None,0.0,4.13,9.27,54.96
PT_144,44,None,0.0,4.08,9.13,56.28
PT_144,45,None,0.0,3.88,9.1,57.57
PT_144,46,None,0.0,3.95,8.67,58.85
PT_144,47,None,0.0,3.98,9.08,60.09
PT_144,48,None,0.0,4.06,8.54,61.32
PT_144,49,None,0.0,3.94,8.73,62.52
PT_144,50,Regimen A,100.0,3.77,8.1,43.31
PT_144,51,None,0.0,2.9,6.24,44.76
PT_144,52,None,0.0,1.81,3.99,46.2
PT_144,53,None,0.0,1.31,2.78,47.63
PT_144,54,None,0.0,1.0,2.45,49.04
PT_144,55,None,0.0,0.57,1.83,50.44
PT_144,56,None,0.0,0.18,0.8,51.82
PT_144,57,None,0.0,0.33,0.8,53.18
PT_144,58,None,0.0,0.17,0.8,54.52
PT_144,59,None,0.0,0.13,0.8,55.85
PT_144,60,None,0.0,0.43,0.8,57.15
PT_144,61,None,0.0,0.41,0.8,58.43
PT_144,62,None,0.0,0.6,1.55,59.68
PT_144,63,None,0.0,0.72,1.94,60.92
PT_144,64,None,0.0,0.78,1.27,62.12
PT_144,65,None,0.0,0.89,1.82,63.31
PT_144,66,None,0.0,0.96,2.08,64.46
PT_144,67,None,0.0,1.47,3.3,65.6
PT_144,68,None,0.0,1.46,3.23,66.7
PT_144,69,None,0.0,1.61,2.98,67.78
PT_144,70,None,0.0,1.78,3.98,68.84
PT_144,71,Regimen A,100.0,3.92,8.35,47.51
PT_144,72,None,0.0,3.6,8.29,48.92
PT_144,73,None,0.0,3.12,6.79,50.32
PT_144,74,None,0.0,2.65,5.51,51.7
PT_144,75,None,0.0,2.69,5.74,53.07
PT_144,76,None,0.0,2.63,5.67,54.41
PT_144,77,None,0.0,2.41,5.5,55.74
PT_144,78,None,0.0,2.21,4.71,57.04
PT_144,79,None,0.0,2.48,5.63,58.32
PT_144,80,None,0.0,2.4,5.32,59.58
PT_144,81,None,0.0,2.55,5.76,60.81
PT_144,82,None,0.0,2.44,5.13,62.02
PT_144,83,None,0.0,2.62,6.06,63.21
PT_144,84,None,0.0,2.44,5.37,64.37
PT_144,85,None,0.0,2.52,4.97,65.5
PT_144,86,None,0.0,2.62,5.78,66.61
PT_144,87,None,0.0,2.78,6.15,67.69
PT_144,88,None,0.0,2.89,6.57,68.75
PT_144,89,None,0.0,2.77,5.84,69.78
PT_145,0,Regimen A,100.0,4.2,9.35,8.85
PT_145,1,None,0.0,3.19,7.49,9.71
PT_145,2,None,0.0,2.69,6.3,10.62
PT_145,3,None,0.0,2.13,4.46,11.57
PT_145,4,None,0.0,1.85,4.44,12.57
PT_145,5,None,0.0,1.67,3.38,13.61
PT_145,6,None,0.0,1.25,2.54,14.7
PT_145,7,None,0.0,1.57,3.52,15.82
PT_145,8,None,0.0,0.82,1.93,16.99
PT_145,9,None,0.0,1.15,2.61,18.19
PT_145,10,None,0.0,1.43,3.15,19.43
PT_145,11,None,0.0,1.27,2.46,20.71
PT_145,12,None,0.0,1.37,3.1,22.01
PT_145,13,None,0.0,1.77,3.73,23.34
PT_145,14,None,0.0,1.58,2.92,24.7
PT_145,15,None,0.0,1.86,4.33,26.08
PT_145,16,None,0.0,1.99,4.43,27.49
PT_145,17,None,0.0,2.08,4.5,28.91
PT_145,18,None,0.0,2.21,5.13,30.34
PT_145,19,None,0.0,2.37,5.31,31.79
PT_145,20,None,0.0,2.69,5.82,33.25
PT_145,21,None,0.0,4.33,9.1,34.71
PT_145,22,None,0.0,4.45,10.16,36.18
PT_145,23,None,0.0,4.13,9.23,37.65
PT_145,24,None,0.0,4.3,9.57,39.12
PT_145,25,None,0.0,4.43,9.57,40.59
PT_145,26,None,0.0,3.96,8.66,42.05
PT_145,27,None,0.0,4.28,9.57,43.51
PT_145,28,None,0.0,4.06,8.86,44.96
PT_145,29,None,0.0,4.35,9.59,46.4
PT_145,30,None,0.0,4.31,9.93,47.82
PT_145,31,None,0.0,4.35,9.62,49.23
PT_145,32,None,0.0,4.31,9.33,50.63
PT_145,33,None,0.0,4.34,9.56,52.01
PT_145,34,None,0.0,4.15,8.61,53.37
PT_145,35,Regimen A,100.0,4.13,8.9,37.2
PT_145,36,None,0.0,3.58,7.99,38.67
PT_145,37,None,0.0,3.15,7.34,40.14
PT_145,38,None,0.0,2.84,6.09,41.61
PT_145,39,None,0.0,2.62,5.75,43.07
PT_145,40,None,0.0,2.56,6.01,44.52
PT_145,41,None,0.0,2.17,4.7,45.96
PT_145,42,None,0.0,1.98,4.39,47.39
PT_145,43,None,0.0,2.02,4.36,48.8
PT_145,44,None,0.0,2.0,4.04,50.21
PT_145,45,None,0.0,2.04,4.72,51.59
PT_145,46,None,0.0,2.24,5.1,52.95
PT_145,47,None,0.0,2.24,4.7,54.3
PT_145,48,None,0.0,2.49,5.35,55.63
PT_145,49,None,0.0,2.43,5.24,56.93
PT_145,50,None,0.0,2.53,5.39,58.22
PT_145,51,None,0.0,2.71,5.8,59.48
PT_145,52,None,0.0,2.8,6.15,60.71
PT_145,53,None,0.0,2.87,6.67,61.92
PT_145,54,None,0.0,2.86,6.55,63.11
PT_145,55,None,0.0,3.15,7.0,64.27
PT_145,56,None,0.0,4.34,9.76,65.41
PT_145,57,None,0.0,4.24,9.28,66.52
PT_145,58,None,0.0,4.23,9.39,67.6
PT_145,59,None,0.0,4.34,10.15,68.66
PT_145,60,None,0.0,4.42,9.59,69.7
PT_145,61,None,0.0,4.42,9.64,70.7
PT_145,62,None,0.0,4.24,8.77,71.68
PT_145,63,None,0.0,4.31,9.55,72.64
PT_145,64,None,0.0,4.23,9.89,73.57
PT_145,65,None,0.0,4.43,9.49,74.47
PT_145,66,None,0.0,4.19,9.14,75.35
PT_145,67,None,0.0,4.29,9.16,76.2
PT_145,68,None,0.0,4.29,9.71,77.03
PT_145,69,Regimen A,100.0,4.31,9.67,52.93
PT_145,70,None,0.0,3.69,8.01,54.27
PT_145,71,None,0.0,3.81,8.09,55.6
PT_145,72,None,0.0,3.27,7.15,56.91
PT_145,73,None,0.0,3.13,6.96,58.19
PT_145,74,None,0.0,3.02,6.35,59.45
PT_145,75,None,0.0,3.38,7.54,60.69
PT_145,76,None,0.0,3.34,7.53,61.9
PT_145,77,None,0.0,3.09,6.8,63.09
PT_145,78,None,0.0,3.36,7.12,64.25
PT_145,79,None,0.0,3.32,7.11,65.39
PT_145,80,None,0.0,3.31,7.4,66.5
PT_145,81,None,0.0,3.13,6.68,67.58
PT_145,82,None,0.0,3.32,7.37,68.64
PT_145,83,None,0.0,3.49,7.66,69.67
PT_145,84,None,0.0,3.26,7.06,70.68
PT_145,85,None,0.0,3.48,7.31,71.66
PT_145,86,None,0.0,3.58,7.99,72.62
PT_145,87,None,0.0,3.81,8.49,73.55
PT_145,88,None,0.0,3.52,7.96,74.45
PT_145,89,None,0.0,3.55,7.29,75.33
PT_146,0,Regimen A,100.0,4.32,9.5,15.87
PT_146,1,None,0.0,4.15,9.07,17.03
PT_146,2,None,0.0,3.57,7.74,18.24
PT_146,3,None,0.0,3.53,7.82,19.48
PT_146,4,None,0.0,3.45,7.29,20.76
PT_146,5,None,0.0,3.22,7.31,22.06
PT_146,6,None,0.0,3.4,7.76,23.4
PT_146,7,None,0.0,3.26,6.68,24.76
PT_146,8,None,0.0,3.47,7.62,26.14
PT_146,9,None,0.0,3.28,7.08,27.54
PT_146,10,None,0.0,3.38,7.48,28.96
PT_146,11,None,0.0,3.62,7.95,30.4
PT_146,12,None,0.0,3.44,7.49,31.84
PT_146,13,None,0.0,3.31,7.42,33.3
PT_146,14,None,0.0,3.41,7.45,34.77
PT_146,15,None,0.0,3.36,7.2,36.24
PT_146,16,None,0.0,3.51,7.8,37.71
PT_146,17,None,0.0,3.58,8.06,39.18
PT_146,18,None,0.0,3.78,8.4,40.65
PT_146,19,None,0.0,3.75,8.25,42.11
PT_146,20,None,0.0,3.8,8.34,43.57
PT_146,21,None,0.0,4.36,9.86,45.02
PT_146,22,None,0.0,4.36,9.61,46.45
PT_146,23,None,0.0,4.37,10.09,47.88
PT_146,24,None,0.0,4.24,9.41,49.29
PT_146,25,None,0.0,4.34,9.44,50.68
PT_146,26,None,0.0,4.35,9.63,52.06
PT_146,27,None,0.0,4.29,9.5,53.42
PT_146,28,None,0.0,4.39,9.64,54.76
PT_146,29,None,0.0,4.43,9.55,56.08
PT_146,30,None,0.0,4.39,9.53,57.38
PT_146,31,Regimen A,100.0,4.17,9.53,39.88
PT_146,32,None,0.0,3.73,8.23,41.35
PT_146,33,None,0.0,3.85,8.06,42.81
PT_146,34,None,0.0,3.15,6.72,44.26
PT_146,35,None,0.0,3.27,7.15,45.71
PT_146,36,None,0.0,2.8,5.9,47.14
PT_146,37,None,0.0,3.05,6.76,48.55
PT_146,38,None,0.0,3.01,6.64,49.96
PT_146,39,None,0.0,2.98,6.68,51.34
PT_146,40,None,0.0,3.1,7.39,52.71
PT_146,41,None,0.0,3.02,6.62,54.06
PT_146,42,None,0.0,2.97,6.66,55.39
PT_146,43,None,0.0,3.22,7.2,56.7
PT_146,44,None,0.0,3.07,6.78,57.99
PT_146,45,None,0.0,3.33,7.22,59.25
PT_146,46,None,0.0,3.32,7.36,60.49
PT_146,47,None,0.0,3.5,8.1,61.71
PT_146,48,None,0.0,3.33,7.79,62.9
PT_146,49,None,0.0,3.43,8.06,64.07
PT_146,50,None,0.0,3.37,7.72,65.21
PT_146,51,None,0.0,3.8,8.03,66.32
PT_146,52,None,0.0,4.59,9.98,67.41
PT_146,53,None,0.0,4.22,9.62,68.48
PT_146,54,Regimen A,100.0,4.19,9.43,47.27
PT_146,55,None,0.0,3.42,7.79,48.69
PT_146,56,None,0.0,2.79,6.57,50.09
PT_146,57,None,0.0,2.26,4.98,51.47
PT_146,58,None,0.0,1.72,3.71,52.84
PT_146,59,None,0.0,1.58,3.67,54.19
PT_146,60,None,0.0,1.63,3.65,55.52
PT_146,61,None,0.0,1.45,3.32,56.82
PT_146,62,None,0.0,1.54,4.01,58.11
PT_146,63,None,0.0,1.52,3.66,59.37
PT_146,64,None,0.0,1.35,3.25,60.61
PT_146,65,None,0.0,1.47,3.4,61.82
PT_146,66,None,0.0,1.57,3.28,63.01
PT_146,67,None,0.0,1.89,4.06,64.18
PT_146,68,None,0.0,2.12,4.7,65.31
PT_146,69,None,0.0,2.0,4.45,66.43
PT_146,70,None,0.0,2.15,4.71,67.51
PT_146,71,None,0.0,2.24,4.54,68.58
PT_146,72,None,0.0,2.41,5.27,69.61
PT_146,73,None,0.0,2.62,5.82,70.62
PT_146,74,None,0.0,2.7,5.74,71.6
PT_146,75,Regimen A,100.0,4.35,9.21,49.34
PT_146,76,None,0.0,3.93,8.57,50.73
PT_146,77,None,0.0,3.35,7.44,52.11
PT_146,78,None,0.0,3.24,7.3,53.47
PT_146,79,None,0.0,2.9,6.49,54.81
PT_146,80,None,0.0,2.91,6.25,56.13
PT_146,81,None,0.0,2.84,6.32,57.42
PT_146,82,None,0.0,2.58,5.74,58.7
PT_146,83,None,0.0,2.61,5.71,59.95
PT_146,84,None,0.0,2.73,5.62,61.18
PT_146,85,None,0.0,2.92,6.46,62.38
PT_146,86,None,0.0,2.77,5.96,63.56
PT_146,87,None,0.0,2.97,6.15,64.71
PT_146,88,None,0.0,2.66,5.76,65.83
PT_146,89,None,0.0,3.02,6.7,66.94
PT_147,0,Regimen A,100.0,5.59,12.45,15.87
PT_147,1,None,0.0,5.53,11.91,17.03
PT_147,2,None,0.0,5.03,11.26,18.24
PT_147,3,None,0.0,5.02,11.31,19.48
PT_147,4,None,0.0,4.66,10.4,20.76
PT_147,5,None,0.0,4.65,10.41,22.06
PT_147,6,None,0.0,4.48,9.87,23.4
PT_147,7,None,0.0,4.54,9.96,24.76
PT_147,8,None,0.0,4.29,9.29,26.14
PT_147,9,None,0.0,4.66,10.25,27.54
PT_147,10,None,0.0,4.54,10.06,28.96
PT_147,11,None,0.0,4.39,9.15,30.4
PT_147,12,None,0.0,4.56,10.27,31.84
PT_147,13,None,0.0,4.63,10.37,33.3
PT_147,14,None,0.0,4.71,10.62,34.77
PT_147,15,None,0.0,4.55,10.42,36.24
PT_147,16,None,0.0,4.63,10.11,37.71
PT_147,17,None,0.0,4.71,10.17,39.18
PT_147,18,None,0.0,4.72,10.37,40.65
PT_147,19,None,0.0,5.01,10.91,42.11
PT_147,20,None,0.0,4.95,10.73,43.57
PT_147,21,None,0.0,5.84,12.66,45.02
PT_147,22,None,0.0,5.59,12.39,46.45
PT_147,23,None,0.0,5.76,13.01,47.88
PT_147,24,None,0.0,5.56,12.5,49.29
PT_147,25,None,0.0,5.62,12.67,50.68
PT_147,26,None,0.0,5.9,12.87,52.06
PT_147,27,Regimen A,100.0,5.78,12.84,36.33
PT_147,28,None,0.0,5.26,12.07,37.8
PT_147,29,None,0.0,4.86,10.75,39.27
PT_147,30,None,0.0,4.53,10.08,40.74
PT_147,31,None,0.0,4.41,9.81,42.2
PT_147,32,None,0.0,4.39,10.14,43.66
PT_147,33,None,0.0,4.13,9.17,45.1
PT_147,34,None,0.0,4.21,9.31,46.54
PT_147,35,None,0.0,4.01,8.86,47.96
PT_147,36,None,0.0,4.0,8.59,49.37
PT_147,37,None,0.0,4.18,9.33,50.77
PT_147,38,None,0.0,4.19,8.84,52.14
PT_147,39,None,0.0,4.07,9.2,53.5
PT_147,40,None,0.0,4.52,10.08,54.84
PT_147,41,None,0.0,4.48,9.56,56.16
PT_147,42,None,0.0,4.45,9.86,57.45
PT_147,43,None,0.0,4.51,9.55,58.73
PT_147,44,None,0.0,4.45,9.53,59.98
PT_147,45,None,0.0,4.8,10.57,61.2
PT_147,46,None,0.0,4.85,10.55,62.41
PT_147,47,None,0.0,4.88,10.79,63.58
PT_147,48,None,0.0,5.79,12.86,64.73
PT_147,49,None,0.0,5.84,12.43,65.86
PT_147,50,None,0.0,5.69,12.26,66.96
PT_147,51,Regimen A,100.0,5.68,12.75,46.26
PT_147,52,None,0.0,4.96,11.09,47.69
PT_147,53,None,0.0,4.56,10.21,49.1
PT_147,54,None,0.0,3.71,7.95,50.5
PT_147,55,None,0.0,3.42,7.59,51.88
PT_147,56,None,0.0,3.23,7.09,53.24
PT_147,57,None,0.0,3.12,6.95,54.58
PT_147,58,None,0.0,3.14,7.06,55.91
PT_147,59,None,0.0,3.04,6.62,57.21
PT_147,60,None,0.0,3.02,6.68,58.48
PT_147,61,None,0.0,2.93,6.4,59.74
PT_147,62,None,0.0,3.1,6.7,60.97
PT_147,63,None,0.0,3.12,6.79,62.18
PT_147,64,None,0.0,3.34,7.4,63.36
PT_147,65,None,0.0,3.65,8.2,64.52
PT_147,66,None,0.0,3.85,8.71,65.65
PT_147,67,None,0.0,3.91,8.55,66.75
PT_147,68,None,0.0,3.9,8.78,67.83
PT_147,69,None,0.0,4.01,8.72,68.88
PT_147,70,None,0.0,4.13,9.36,69.91
PT_147,71,None,0.0,4.28,9.33,70.91
PT_147,72,Regimen A,100.0,5.77,12.87,48.88
PT_147,73,None,0.0,5.42,12.15,50.28
PT_147,74,None,0.0,5.25,11.56,51.67
PT_147,75,None,0.0,5.09,11.04,53.03
PT_147,76,None,0.0,5.0,10.77,54.38
PT_147,77,None,0.0,4.87,10.44,55.7
PT_147,78,None,0.0,4.76,10.28,57.0
PT_147,79,None,0.0,4.57,9.81,58.29
PT_147,80,None,0.0,4.77,10.24,59.54
PT_147,81,None,0.0,4.7,10.48,60.78
PT_147,82,None,0.0,4.88,11.01,61.99
PT_147,83,None,0.0,4.95,10.93,63.18
PT_147,84,None,0.0,4.92,10.78,64.34
PT_147,85,None,0.0,4.74,10.5,65.47
PT_147,86,None,0.0,4.96,11.02,66.58
PT_147,87,None,0.0,5.12,10.86,67.66
PT_147,88,None,0.0,4.96,10.23,68.72
PT_147,89,None,0.0,5.14,11.68,69.75
PT_148,0,Regimen A,100.0,3.97,8.56,8.85
PT_148,1,None,0.0,3.66,8.32,9.71
PT_148,2,None,0.0,3.42,7.19,10.62
PT_148,3,None,0.0,3.16,6.74,11.57
PT_148,4,None,0.0,2.89,6.43,12.57
PT_148,5,None,0.0,2.7,5.98,13.61
PT_148,6,None,0.0,2.91,6.49,14.7
PT_148,7,None,0.0,2.69,5.32,15.82
PT_148,8,None,0.0,2.79,6.46,16.99
PT_148,9,None,0.0,2.99,6.6,18.19
PT_148,10,None,0.0,2.74,6.59,19.43
PT_148,11,None,0.0,2.6,5.77,20.71
PT_148,12,None,0.0,2.91,6.77,22.01
PT_148,13,None,0.0,2.94,6.56,23.34
PT_148,14,None,0.0,2.91,6.07,24.7
PT_148,15,None,0.0,2.96,6.83,26.08
PT_148,16,None,0.0,3.04,6.9,27.49
PT_148,17,None,0.0,3.0,6.86,28.91
PT_148,18,None,0.0,3.1,6.6,30.34
PT_148,19,None,0.0,3.15,6.89,31.79
PT_148,20,None,0.0,3.34,7.37,33.25
PT_148,21,None,0.0,3.88,8.62,34.71
PT_148,22,None,0.0,3.91,9.03,36.18
PT_148,23,None,0.0,4.11,9.67,37.65
PT_148,24,None,0.0,4.13,9.76,39.12
PT_148,25,Regimen A,100.0,4.1,8.42,27.6
PT_148,26,None,0.0,3.19,6.92,29.02
PT_148,27,None,0.0,2.58,5.23,30.46
PT_148,28,None,0.0,2.09,4.6,31.91
PT_148,29,None,0.0,2.04,4.63,33.37
PT_148,30,None,0.0,1.62,3.43,34.83
PT_148,31,None,0.0,1.38,2.76,36.3
PT_148,32,None,0.0,1.4,2.65,37.77
PT_148,33,None,0.0,1.34,2.75,39.24
PT_148,34,None,0.0,1.35,3.43,40.71
PT_148,35,None,0.0,1.47,3.25,42.17
PT_148,36,None,0.0,1.59,3.56,43.63
PT_148,37,None,0.0,1.48,3.41,45.08
PT_148,38,None,0.0,1.95,4.18,46.51
PT_148,39,None,0.0,1.66,3.81,47.94
PT_148,40,None,0.0,1.97,4.4,49.35
PT_148,41,None,0.0,2.03,4.21,50.74
PT_148,42,None,0.0,2.21,5.01,52.12
PT_148,43,None,0.0,2.5,5.6,53.48
PT_148,44,None,0.0,2.46,5.36,54.82
PT_148,45,None,0.0,2.65,5.84,56.14
PT_148,46,Regimen A,100.0,4.04,8.59,39.05
PT_148,47,None,0.0,3.44,7.26,40.52
PT_148,48,None,0.0,2.93,6.15,41.99
PT_148,49,None,0.0,2.3,5.17,43.44
PT_148,50,None,0.0,1.99,4.35,44.89
PT_148,51,None,0.0,2.15,4.59,46.33
PT_148,52,None,0.0,1.76,3.8,47.76
PT_148,53,None,0.0,1.88,4.43,49.17
PT_148,54,None,0.0,1.77,4.32,50.56
PT_148,55,None,0.0,1.66,3.68,51.94
PT_148,56,None,0.0,1.56,3.24,53.3
PT_148,57,None,0.0,1.9,4.23,54.65
PT_148,58,None,0.0,2.13,4.55,55.97
PT_148,59,None,0.0,2.22,4.96,57.27
PT_148,60,None,0.0,2.02,4.46,58.54
PT_148,61,None,0.0,2.48,5.1,59.8
PT_148,62,None,0.0,2.26,5.35,61.03
PT_148,63,None,0.0,2.63,5.4,62.23
PT_148,64,None,0.0,2.44,5.66,63.41
PT_148,65,None,0.0,2.63,5.95,64.57
PT_148,66,None,0.0,2.62,5.55,65.7
PT_148,67,Regimen A,100.0,3.95,8.72,45.43
PT_148,68,None,0.0,3.64,7.76,46.86
PT_148,69,None,0.0,3.25,7.36,48.28
PT_148,70,None,0.0,3.13,6.85,49.69
PT_148,71,None,0.0,2.55,5.49,51.08
PT_148,72,None,0.0,2.6,5.78,52.45
PT_148,73,None,0.0,2.53,5.64,53.8
PT_148,74,None,0.0,2.9,6.36,55.14
PT_148,75,None,0.0,2.87,6.09,56.45
PT_148,76,None,0.0,2.54,5.73,57.74
PT_148,77,None,0.0,2.81,6.37,59.01
PT_148,78,None,0.0,2.8,6.43,60.25
PT_148,79,None,0.0,2.69,5.91,61.48
PT_148,80,None,0.0,2.91,6.45,62.67
PT_148,81,None,0.0,2.92,6.56,63.84
PT_148,82,None,0.0,3.06,6.46,64.99
PT_148,83,None,0.0,2.92,6.55,66.11
PT_148,84,None,0.0,3.29,6.82,67.2
PT_148,85,None,0.0,3.1,6.95,68.27
PT_148,86,None,0.0,2.99,6.38,69.31
PT_148,87,None,0.0,3.36,7.16,70.33
PT_148,88,None,0.0,3.98,8.72,71.32
PT_148,89,None,0.0,4.36,9.33,72.29
PT_149,0,Regimen A,100.0,4.46,9.8,8.85
PT_149,1,None,0.0,3.61,7.9,9.71
PT_149,2,None,0.0,3.09,6.55,10.62
PT_149,3,None,0.0,2.75,6.18,11.57
PT_149,4,None,0.0,2.45,5.8,12.57
PT_149,5,None,0.0,2.31,5.15,13.61
PT_149,6,None,0.0,2.33,5.15,14.7
PT_149,7,None,0.0,2.21,4.67,15.82
PT_149,8,None,0.0,1.99,4.26,16.99
PT_149,9,None,0.0,1.87,3.89,18.19
PT_149,10,None,0.0,2.04,4.46,19.43
PT_149,11,None,0.0,2.15,4.94,20.71
PT_149,12,None,0.0,2.25,4.98,22.01
PT_149,13,None,0.0,2.43,5.11,23.34
PT_149,14,None,0.0,2.53,5.41,24.7
PT_149,15,None,0.0,2.48,5.56,26.08
PT_149,16,None,0.0,2.67,6.06,27.49
PT_149,17,None,0.0,2.97,6.67,28.91
PT_149,18,None,0.0,3.05,6.65,30.34
PT_149,19,None,0.0,3.02,7.2,31.79
PT_149,20,None,0.0,3.25,7.16,33.25
PT_149,21,None,0.0,4.56,10.33,34.71
PT_149,22,None,0.0,4.68,10.15,36.18
PT_149,23,None,0.0,4.48,10.0,37.65
PT_149,24,None,0.0,4.41,9.63,39.12
PT_149,25,None,0.0,4.69,10.43,40.59
PT_149,26,None,0.0,4.34,9.14,42.05
PT_149,27,None,0.0,4.61,10.57,43.51
PT_149,28,None,0.0,4.44,9.79,44.96
PT_149,29,None,0.0,4.44,10.13,46.4
PT_149,30,None,0.0,4.58,10.11,47.82
PT_149,31,Regimen A,100.0,4.34,9.61,33.48
PT_149,32,None,0.0,3.94,8.97,34.94
PT_149,33,None,0.0,2.95,6.42,36.41
PT_149,34,None,0.0,2.4,4.82,37.89
PT_149,35,None,0.0,2.46,5.54,39.36
PT_149,36,None,0.0,2.0,4.62,40.82
PT_149,37,None,0.0,2.1,4.84,42.29
PT_149,38,None,0.0,2.2,4.52,43.74
PT_149,39,None,0.0,2.04,4.22,45.19
PT_149,40,None,0.0,1.81,4.23,46.63
PT_149,41,None,0.0,2.2,4.49,48.05
PT_149,42,None,0.0,1.85,3.37,49.46
PT_149,43,None,0.0,1.91,4.78,50.85
PT_149,44,None,0.0,2.27,5.2,52.23
PT_149,45,None,0.0,2.56,5.58,53.58
PT_149,46,None,0.0,2.47,5.39,54.92
PT_149,47,None,0.0,2.73,6.19,56.24
PT_149,48,None,0.0,2.82,6.04,57.53
PT_149,49,None,0.0,2.58,5.54,58.8
PT_149,50,None,0.0,3.02,6.35,60.05
PT_149,51,None,0.0,3.16,6.82,61.28
PT_149,52,None,0.0,4.52,10.11,62.48
PT_149,53,None,0.0,4.3,9.26,63.65
PT_149,54,None,0.0,4.55,10.39,64.8
PT_149,55,None,0.0,4.5,9.78,65.93
PT_149,56,None,0.0,4.54,9.53,67.03
PT_149,57,None,0.0,4.47,9.65,68.1
PT_149,58,Regimen A,100.0,4.49,9.73,47.02
PT_149,59,None,0.0,3.83,8.78,48.44
PT_149,60,None,0.0,3.44,7.67,49.84
PT_149,61,None,0.0,3.12,6.74,51.23
PT_149,62,None,0.0,2.79,6.35,52.6
PT_149,63,None,0.0,2.87,6.25,53.95
PT_149,64,None,0.0,2.63,5.64,55.29
PT_149,65,None,0.0,2.76,6.48,56.6
PT_149,66,None,0.0,2.7,5.96,57.88
PT_149,67,None,0.0,2.59,5.78,59.15
PT_149,68,None,0.0,2.8,6.11,60.39
PT_149,69,None,0.0,2.88,6.11,61.61
PT_149,70,None,0.0,2.94,6.33,62.8
PT_149,71,None,0.0,3.08,6.55,63.97
PT_149,72,None,0.0,2.86,5.94,65.12
PT_149,73,None,0.0,3.02,6.52,66.23
PT_149,74,None,0.0,3.26,7.29,67.33
PT_149,75,None,0.0,3.14,6.96,68.39
PT_149,76,None,0.0,3.39,7.21,69.43
PT_149,77,None,0.0,3.45,7.4,70.44
PT_149,78,None,0.0,3.38,7.14,71.43
PT_149,79,Regimen A,100.0,4.53,9.98,49.23
PT_149,80,None,0.0,3.76,7.9,50.62
PT_149,81,None,0.0,2.87,6.28,52.0
PT_149,82,None,0.0,2.43,5.17,53.36
PT_149,83,None,0.0,2.33,4.62,54.7
PT_149,84,None,0.0,2.21,5.08,56.02
PT_149,85,None,0.0,2.14,5.07,57.32
PT_149,86,None,0.0,1.92,4.28,58.6
PT_149,87,None,0.0,1.87,3.87,59.85
PT_149,88,None,0.0,1.89,4.47,61.08
PT_149,89,None,0.0,2.09,4.47,62.28
PT_150,0,Regimen A,100.0,5.07,11.49,8.85
PT_150,1,None,0.0,4.04,9.24,9.71
PT_150,2,None,0.0,3.46,7.83,10.62
PT_150,3,None,0.0,2.87,6.59,11.57
PT_150,4,None,0.0,2.69,6.06,12.57
PT_150,5,None,0.0,2.14,5.19,13.61
PT_150,6,None,0.0,2.08,4.35,14.7
PT_150,7,None,0.0,2.0,4.43,15.82
PT_150,8,None,0.0,1.88,3.88,16.99
PT_150,9,None,0.0,1.87,4.52,18.19
PT_150,10,None,0.0,2.42,5.6,19.43
PT_150,11,None,0.0,2.26,4.73,20.71
PT_150,12,None,0.0,2.14,4.64,22.01
PT_150,13,None,0.0,2.38,5.42,23.34
PT_150,14,None,0.0,2.63,5.38,24.7
PT_150,15,None,0.0,2.56,5.82,26.08
PT_150,16,None,0.0,2.73,6.02,27.49
PT_150,17,None,0.0,2.97,6.53,28.91
PT_150,18,None,0.0,3.11,6.69,30.34
PT_150,19,None,0.0,3.36,7.21,31.79
PT_150,20,None,0.0,3.39,7.39,33.25
PT_150,21,None,0.0,4.73,10.79,34.71
PT_150,22,None,0.0,5.2,11.46,36.18
PT_150,23,None,0.0,5.2,11.05,37.65
PT_150,24,None,0.0,5.25,11.56,39.12
PT_150,25,Regimen A,100.0,5.11,11.23,27.6
PT_150,26,None,0.0,4.47,10.3,29.02
PT_150,27,None,0.0,3.7,8.07,30.46
PT_150,28,None,0.0,3.36,7.61,31.91
PT_150,29,None,0.0,3.29,6.77,33.37
PT_150,30,None,0.0,2.78,5.65,34.83
PT_150,31,None,0.0,2.9,6.1,36.3
PT_150,32,None,0.0,2.62,5.61,37.77
PT_150,33,None,0.0,2.7,5.99,39.24
PT_150,34,None,0.0,2.78,5.99,40.71
PT_150,35,None,0.0,2.54,5.49,42.17
PT_150,36,None,0.0,2.66,5.41,43.63
PT_150,37,None,0.0,2.9,5.84,45.08
PT_150,38,None,0.0,2.96,6.47,46.51
PT_150,39,None,0.0,3.08,6.24,47.94
PT_150,40,None,0.0,3.08,6.78,49.35
PT_150,41,None,0.0,3.33,7.43,50.74
PT_150,42,None,0.0,3.69,8.24,52.12
PT_150,43,None,0.0,3.49,7.63,53.48
PT_150,44,None,0.0,3.69,7.99,54.82
PT_150,45,None,0.0,3.85,8.27,56.14
PT_150,46,None,0.0,5.2,11.82,57.43
PT_150,47,None,0.0,5.14,10.75,58.71
PT_150,48,None,0.0,5.09,10.85,59.96
PT_150,49,None,0.0,5.1,11.02,61.18
PT_150,50,Regimen A,100.0,5.16,11.18,42.42
PT_150,51,None,0.0,4.12,9.01,43.88
PT_150,52,None,0.0,2.89,6.36,45.32
PT_150,53,None,0.0,2.57,5.66,46.76
PT_150,54,None,0.0,2.0,4.47,48.18
PT_150,55,None,0.0,1.54,3.78,49.59
PT_150,56,None,0.0,1.4,3.13,50.98
PT_150,57,None,0.0,1.45,2.7,52.35
PT_150,58,None,0.0,1.31,2.59,53.71
PT_150,59,None,0.0,1.38,3.13,55.04
PT_150,60,None,0.0,1.52,2.96,56.36
PT_150,61,None,0.0,1.47,3.24,57.65
PT_150,62,None,0.0,1.67,3.54,58.92
PT_150,63,None,0.0,2.06,4.47,60.17
PT_150,64,None,0.0,2.0,4.17,61.39
PT_150,65,None,0.0,2.15,4.72,62.59
PT_150,66,None,0.0,2.39,5.58,63.76
PT_150,67,None,0.0,2.4,5.39,64.91
PT_150,68,None,0.0,2.62,5.74,66.03
PT_150,69,None,0.0,2.72,5.67,67.13
PT_150,70,None,0.0,3.03,7.06,68.2
PT_150,71,Regimen A,100.0,5.07,10.85,47.08
PT_150,72,None,0.0,3.81,8.68,48.5
PT_150,73,None,0.0,2.95,6.06,49.91
PT_150,74,None,0.0,2.51,5.68,51.29
PT_150,75,None,0.0,2.01,4.32,52.66
PT_150,76,None,0.0,1.96,3.99,54.01
PT_150,77,None,0.0,1.47,3.15,55.35
PT_150,78,None,0.0,1.35,3.0,56.65
PT_150,79,None,0.0,1.49,3.37,57.94
PT_150,80,None,0.0,1.56,3.58,59.21
PT_150,81,None,0.0,1.57,3.13,60.45
PT_150,82,None,0.0,1.8,4.05,61.67
PT_150,83,None,0.0,1.9,3.74,62.86
PT_150,84,None,0.0,1.89,4.25,64.03
PT_150,85,None,0.0,1.86,4.21,65.17
PT_150,86,None,0.0,2.53,5.36,66.28
PT_150,87,None,0.0,2.39,4.54,67.37
PT_150,88,None,0.0,2.67,6.2,68.44
PT_150,89,None,0.0,2.72,5.85,69.48
