patient_id,decision_day,delay_days,days_since_last_dose,dose_interval_bin_0_3,dose_interval_bin_4_7,dose_interval_bin_8_14,dose_interval_bin_15_plus,age,sex,stage,biomarker_status,baseline_ecog,baseline_anc,dose_mg,pre_dose_anc,tumor_volume_cm3,resting_heart_rate,hrv_rmssd,step_count,sleep_duration_mins,rhr_ratio_7_to_30,hrv_ratio_7_to_30,steps_ratio_7_to_30,sleep_ratio_7_to_30,severe_toxicity_label
PT_001,0,0.0,21.0,0.0,0.0,0.0,1.0,68.0,F,III,HER2+,1.0,5.33,100.0,5.31,13.06,76.0,46.1,5092.0,469.0,1.0,1.0,1.0,1.0,1
PT_001,34,0.0,34.0,0.0,0.0,0.0,1.0,68.0,F,III,HER2+,1.0,5.33,100.0,5.42,34.74,75.7,44.0,4944.0,495.0,0.8784684830460716,1.3849859494179046,1.5606463650632563,0.9592529711375213,0
PT_001,60,0.0,26.0,0.0,0.0,0.0,1.0,68.0,F,III,HER2+,1.0,5.33,100.0,5.24,40.92,76.0,45.7,4262.0,447.0,0.9531663027238249,1.1324105991632238,1.2844480647788954,0.9640484524404804,0
PT_001,81,0.0,21.0,0.0,0.0,0.0,1.0,68.0,F,III,HER2+,1.0,5.33,100.0,5.42,38.68,76.3,47.7,3324.0,460.0,0.988082008482072,1.0063280506244048,0.9995502519476754,0.9731533062663268,0
PT_002,0,0.0,21.0,0.0,0.0,0.0,1.0,58.0,F,IV,Triple Negative,0.0,3.13,100.0,2.81,25.21,70.1,50.4,5865.0,381.0,1.0,1.0,1.0,1.0,1
PT_002,25,0.0,25.0,0.0,0.0,0.0,1.0,58.0,F,IV,Triple Negative,0.0,3.13,100.0,3.17,43.11,73.6,52.1,5835.0,403.0,0.9684482221529973,1.1217368649587496,1.21198636361133,0.998211997916344,1
PT_002,58,0.0,33.0,0.0,0.0,0.0,1.0,58.0,F,IV,Triple Negative,0.0,3.13,100.0,2.94,56.7,73.9,56.8,5296.0,390.0,0.8881831685704041,1.3768676464601226,1.5002121997506987,1.0214402237240736,1
PT_002,79,0.0,21.0,0.0,0.0,0.0,1.0,58.0,F,IV,Triple Negative,0.0,3.13,100.0,3.04,55.7,70.9,51.9,6095.0,410.0,1.028529913741409,0.9317614173126447,0.9708713582945477,0.9839957479477942,1
PT_003,0,0.0,21.0,0.0,0.0,0.0,1.0,44.0,M,II,Triple Negative,1.0,3.31,100.0,3.41,7.98,71.7,45.9,3271.0,475.0,1.0,1.0,1.0,1.0,1
PT_003,33,0.0,33.0,0.0,0.0,0.0,1.0,44.0,M,II,Triple Negative,1.0,3.31,100.0,3.3,31.46,79.0,41.5,4230.0,467.0,0.8971111681413955,1.3641704016361342,1.8132691020270129,0.9880684967472797,0
PT_003,62,0.0,29.0,0.0,0.0,0.0,1.0,44.0,M,II,Triple Negative,1.0,3.31,100.0,3.17,43.5,75.1,47.0,3524.0,490.0,0.9381151392985714,1.1293817079738007,1.2749241889253522,1.0064225198141568,0
PT_003,83,0.0,21.0,0.0,0.0,0.0,1.0,44.0,M,II,Triple Negative,1.0,3.31,100.0,3.21,43.82,72.1,46.7,3527.0,437.0,0.9878215424448014,0.9829986791561142,0.9317114359596812,0.9759431383269546,0
PT_004,0,0.0,21.0,0.0,0.0,0.0,1.0,72.0,F,II,ER+/PR+,1.0,2.81,100.0,2.87,8.1,68.4,42.7,5764.0,412.0,1.0,1.0,1.0,1.0,1
PT_004,34,0.0,34.0,0.0,0.0,0.0,1.0,72.0,F,II,ER+/PR+,1.0,2.81,100.0,2.71,22.06,68.3,48.3,5740.0,331.0,0.8893647865050079,1.2105434428896842,1.3062277416136914,0.9473871945782059,1
PT_004,60,0.0,26.0,0.0,0.0,0.0,1.0,72.0,F,II,ER+/PR+,1.0,2.81,100.0,2.69,30.48,66.3,49.0,6153.0,401.0,0.9283985424368967,1.174054380969181,1.2284564542452574,0.9332327239977607,0
PT_004,81,0.0,21.0,0.0,0.0,0.0,1.0,72.0,F,II,ER+/PR+,1.0,2.81,100.0,2.89,32.33,64.8,43.4,6291.0,438.0,0.9930104842735896,1.0011300937313037,1.0225788409870478,1.0195010562563345,1
PT_005,0,0.0,21.0,0.0,0.0,0.0,1.0,37.0,F,III,Triple Negative,1.0,3.23,100.0,3.07,15.74,64.8,50.4,6474.0,339.0,1.0,1.0,1.0,1.0,0
PT_005,30,0.0,30.0,0.0,0.0,0.0,1.0,37.0,F,III,Triple Negative,1.0,3.23,100.0,3.22,40.84,66.0,48.4,5751.0,358.0,0.9477813479469337,1.1457797521627309,1.162955751656565,0.9356190476190476,1
PT_005,60,0.0,30.0,0.0,0.0,0.0,1.0,37.0,F,III,Triple Negative,1.0,3.23,100.0,3.35,52.31,66.8,50.3,7736.0,379.0,0.9004973568144141,1.3496143958868898,1.3413288227496567,1.0258568535129022,0
PT_005,81,0.0,21.0,0.0,0.0,0.0,1.0,37.0,F,III,Triple Negative,1.0,3.23,100.0,2.93,52.3,64.3,45.5,6227.0,369.0,0.9880491154705534,0.9989981098360825,0.9684994527087886,1.0059359627826572,0
PT_006,0,0.0,21.0,0.0,0.0,0.0,1.0,50.0,M,II,ER+/PR+,2.0,4.55,100.0,4.42,9.02,72.5,45.3,7448.0,442.0,1.0,1.0,1.0,1.0,0
PT_006,22,0.0,22.0,0.0,0.0,0.0,1.0,50.0,M,II,ER+/PR+,2.0,4.55,100.0,4.28,25.36,71.7,45.2,7543.0,492.0,1.023054197082909,0.9355854963344561,0.9315294082287436,0.9753113909957554,1
PT_006,48,0.0,26.0,0.0,0.0,0.0,1.0,50.0,M,II,ER+/PR+,2.0,4.55,100.0,4.54,41.7,73.7,50.1,7134.0,432.0,0.888266981574648,1.408237005521578,1.3451084097333772,1.0020609764764408,1
PT_006,69,0.0,21.0,0.0,0.0,0.0,1.0,50.0,M,II,ER+/PR+,2.0,4.55,100.0,4.29,46.72,77.1,53.5,7262.0,509.0,0.9923850137069754,1.0464380614956346,1.0796361227417797,0.9883714733375257,0
PT_007,0,0.0,21.0,0.0,0.0,0.0,1.0,68.0,F,II,ER+/PR+,1.0,5.04,100.0,4.9,8.78,72.8,59.1,7345.0,515.0,1.0,1.0,1.0,1.0,0
PT_007,24,0.0,24.0,0.0,0.0,0.0,1.0,68.0,F,II,ER+/PR+,1.0,5.04,100.0,5.09,30.33,68.7,65.1,7035.0,386.0,1.0155450800409187,0.9646976939375018,0.9638055596417332,0.9926470588235294,0
PT_007,47,0.0,23.0,0.0,0.0,0.0,1.0,68.0,F,II,ER+/PR+,1.0,5.04,100.0,5.12,44.66,77.2,65.1,6862.0,447.0,0.9484284511350551,1.0861266849576523,1.1234603605531335,1.007023956314955,0
PT_007,68,0.0,21.0,0.0,0.0,0.0,1.0,68.0,F,II,ER+/PR+,1.0,5.04,100.0,5.18,51.1,72.3,67.4,7673.0,422.0,0.9776430466085638,1.0313100576553489,1.0452788577838656,1.016546591718787,0
PT_008,0,0.0,21.0,0.0,0.0,0.0,1.0,48.0,F,II,ER+/PR+,2.0,5.74,100.0,5.7,8.06,69.2,55.3,4559.0,443.0,1.0,1.0,1.0,1.0,0
PT_008,22,0.0,22.0,0.0,0.0,0.0,1.0,48.0,F,II,ER+/PR+,2.0,5.74,100.0,5.89,20.5,68.9,59.8,5141.0,477.0,1.0130315614617942,1.001580914055763,0.925287356321839,0.9854046048202504,0
PT_008,51,0.0,29.0,0.0,0.0,0.0,1.0,48.0,F,II,ER+/PR+,2.0,5.74,100.0,5.77,36.81,69.2,50.3,5393.0,469.0,0.9284069224188986,1.0891398981420888,1.236656270847416,1.0005334471353888,0
PT_008,72,0.0,21.0,0.0,0.0,0.0,1.0,48.0,F,II,ER+/PR+,2.0,5.74,100.0,5.62,39.97,70.0,56.1,5179.0,496.0,0.9988511961075821,1.0065430752453655,0.9734854159087505,0.9990422161644441,0
PT_009,0,0.0,21.0,0.0,0.0,0.0,1.0,52.0,F,II,HER2+,1.0,3.19,100.0,3.12,8.48,63.7,53.9,6279.0,509.0,1.0,1.0,1.0,1.0,1
PT_009,34,0.0,34.0,0.0,0.0,0.0,1.0,52.0,F,II,HER2+,1.0,3.19,100.0,3.16,37.13,68.7,48.8,6151.0,419.0,0.9454630765899084,1.0927997828956295,1.2092849120179707,0.9909870349430788,1
PT_009,65,0.0,31.0,0.0,0.0,0.0,1.0,52.0,F,II,HER2+,1.0,3.19,100.0,3.3,48.87,70.0,50.7,6459.0,429.0,0.8509514391361498,1.3573997944501544,1.467920971476157,1.0436263650632855,0
PT_009,86,0.0,21.0,0.0,0.0,0.0,1.0,52.0,F,II,HER2+,1.0,3.19,100.0,3.09,48.19,70.9,49.1,6122.0,404.0,1.047132235793946,0.9098510420860302,0.9252971964636698,0.9991592834508181,0
PT_010,0,0.0,21.0,0.0,0.0,0.0,1.0,40.0,F,III,HER2+,1.0,5.95,100.0,5.97,14.49,87.6,48.2,6090.0,455.0,1.0,1.0,1.0,1.0,0
PT_010,30,0.0,30.0,0.0,0.0,0.0,1.0,40.0,F,III,HER2+,1.0,5.95,100.0,6.0,26.61,78.1,44.3,6516.0,494.0,0.9615731849444362,1.0774929522061234,1.1124142094166505,0.9835100695500338,0
PT_010,60,0.0,30.0,0.0,0.0,0.0,1.0,40.0,F,III,HER2+,1.0,5.95,100.0,5.77,34.22,83.2,44.5,5668.0,491.0,0.9916787541033667,1.043469338896679,1.0547907855607481,0.9948195627359733,0
PT_010,81,0.0,21.0,0.0,0.0,0.0,1.0,40.0,F,III,HER2+,1.0,5.95,100.0,6.22,34.85,85.6,52.3,6674.0,490.0,0.9907269210252653,0.980632424520916,1.0545778854542323,1.0394990550008592,0
PT_011,0,0.0,21.0,0.0,0.0,0.0,1.0,40.0,F,II,ER+/PR+,1.0,5.56,100.0,5.6,6.89,70.0,48.6,5636.0,443.0,1.0,1.0,1.0,1.0,0
PT_011,33,0.0,33.0,0.0,0.0,0.0,1.0,40.0,F,II,ER+/PR+,1.0,5.56,100.0,5.53,29.39,66.2,47.8,6161.0,457.0,0.9380281690140846,1.1234910699578793,1.1611063800251473,1.0079699953117673,0
PT_011,61,0.0,28.0,0.0,0.0,0.0,1.0,40.0,F,II,ER+/PR+,1.0,5.56,100.0,5.65,38.11,66.8,45.3,6189.0,392.0,0.9753777730146822,1.0263109922829192,1.0904829961562703,1.0105355872488906,0
PT_011,82,0.0,21.0,0.0,0.0,0.0,1.0,40.0,F,II,ER+/PR+,1.0,5.56,100.0,5.46,37.56,65.6,52.6,5863.0,365.0,0.9728877058069604,1.0477438681894777,0.9875938048563031,0.9865355606458461,0
PT_012,0,0.0,21.0,0.0,0.0,0.0,1.0,53.0,F,III,ER+/PR+,0.0,4.31,100.0,4.33,14.0,71.0,66.2,4912.0,425.0,1.0,1.0,1.0,1.0,0
PT_012,23,0.0,23.0,0.0,0.0,0.0,1.0,53.0,F,III,ER+/PR+,0.0,4.31,100.0,4.33,24.39,66.4,63.4,5203.0,399.0,0.9526429553939869,1.0627096161934237,1.1110357321586384,1.0511109414369704,0
PT_012,46,0.0,23.0,0.0,0.0,0.0,1.0,53.0,F,III,ER+/PR+,0.0,4.31,100.0,4.09,32.25,72.4,54.6,5091.0,388.0,0.982111116753847,1.0323485068902583,1.1384295472215988,0.9726030721444345,0
PT_012,67,0.0,21.0,0.0,0.0,0.0,1.0,53.0,F,III,ER+/PR+,0.0,4.31,100.0,4.22,36.56,74.8,62.9,5766.0,375.0,1.0503354676633683,0.9317702562636264,0.9024660056199735,0.9301863354037267,1
PT_013,0,0.0,21.0,0.0,0.0,0.0,1.0,65.0,M,III,HER2+,1.0,6.25,100.0,6.27,17.44,74.7,43.8,7262.0,452.0,1.0,1.0,1.0,1.0,0
PT_013,34,0.0,34.0,0.0,0.0,0.0,1.0,65.0,M,III,HER2+,1.0,6.25,100.0,6.01,45.79,72.8,40.3,7718.0,415.0,0.9527363964246509,1.0648675207017626,1.0649425291224142,1.0238450074515648,0
PT_013,68,0.0,34.0,0.0,0.0,0.0,1.0,65.0,M,III,HER2+,1.0,6.25,100.0,6.03,58.39,75.8,43.3,7590.0,435.0,0.9585358094156838,1.0909731189106702,1.0962891563625707,0.9648772161061354,0
PT_013,89,0.0,21.0,0.0,0.0,0.0,1.0,65.0,M,III,HER2+,1.0,6.25,100.0,6.25,58.42,71.8,43.0,8339.0,508.0,1.025471427323441,0.9216780082791804,0.9356129620654893,1.0111651454199797,0
PT_014,0,0.0,21.0,0.0,0.0,0.0,1.0,69.0,F,II,Triple Negative,1.0,6.47,100.0,6.49,10.14,74.5,28.0,6072.0,398.0,1.0,1.0,1.0,1.0,0
PT_014,34,0.0,34.0,0.0,0.0,0.0,1.0,69.0,F,II,Triple Negative,1.0,6.47,100.0,6.5,41.65,76.3,24.1,5617.0,413.0,0.9616828563151455,1.1102765979488243,1.0605586033063978,1.0247488360695907,0
PT_014,68,0.0,34.0,0.0,0.0,0.0,1.0,69.0,F,II,Triple Negative,1.0,6.47,100.0,6.38,59.45,77.5,25.0,6704.0,429.0,0.948566610455312,1.238423645320197,1.14501043498092,1.0081614852657155,0
PT_014,89,0.0,21.0,0.0,0.0,0.0,1.0,69.0,F,II,Triple Negative,1.0,6.47,100.0,6.63,58.37,71.8,24.5,6182.0,397.0,1.0120905908443865,1.087589132994202,1.007025076432163,1.0123676220099236,0
PT_015,0,0.0,21.0,0.0,0.0,0.0,1.0,53.0,F,III,ER+/PR+,1.0,3.56,100.0,3.56,15.26,61.8,50.5,7687.0,487.0,1.0,1.0,1.0,1.0,0
PT_015,27,0.0,27.0,0.0,0.0,0.0,1.0,53.0,F,III,ER+/PR+,1.0,3.56,100.0,3.48,35.71,62.5,53.0,7745.0,476.0,0.9990348961243459,1.0374396135265702,0.9992635382384754,1.0147465437788017,1
PT_015,60,0.0,33.0,0.0,0.0,0.0,1.0,53.0,F,III,ER+/PR+,1.0,3.56,100.0,3.36,51.67,68.6,55.4,7195.0,464.0,0.9088531279221077,1.2336223811633649,1.2407211028632026,0.9781395075512722,1
PT_015,81,0.0,21.0,0.0,0.0,0.0,1.0,53.0,F,III,ER+/PR+,1.0,3.56,100.0,3.71,49.72,66.1,59.2,7006.0,462.0,0.9957148115042851,1.0191922442158583,0.9451329307486424,0.9997400415933452,0
PT_016,0,0.0,21.0,0.0,0.0,0.0,1.0,32.0,F,II,HER2+,2.0,4.2,100.0,4.38,9.37,62.3,42.4,5485.0,483.0,1.0,1.0,1.0,1.0,1
PT_016,25,0.0,25.0,0.0,0.0,0.0,1.0,32.0,F,II,HER2+,2.0,4.2,100.0,4.09,28.37,65.3,48.0,5364.0,465.0,0.9168946368007156,1.2230634652509653,1.27399054056336,0.9760344504774386,0
PT_016,48,0.0,23.0,0.0,0.0,0.0,1.0,32.0,F,II,HER2+,2.0,4.2,100.0,4.25,43.44,66.6,45.0,5881.0,517.0,0.9622892019895768,1.023002421307506,1.1220669661007105,1.0279755007449098,1
PT_016,69,0.0,21.0,0.0,0.0,0.0,1.0,32.0,F,II,HER2+,2.0,4.2,100.0,4.15,49.17,64.5,46.7,4542.0,498.0,0.9950577024343513,1.0366784118969008,0.977351771288978,1.0064718758922624,0
PT_017,0,0.0,21.0,0.0,0.0,0.0,1.0,51.0,M,III,Triple Negative,0.0,6.23,100.0,6.17,14.31,64.6,42.8,4982.0,380.0,1.0,1.0,1.0,1.0,0
PT_017,28,0.0,28.0,0.0,0.0,0.0,1.0,51.0,M,III,Triple Negative,0.0,6.23,100.0,6.15,32.31,68.8,51.8,5797.0,432.0,0.9670984672938941,1.0969638091958827,1.1415618768760563,1.0088891943594853,0
PT_017,61,0.0,33.0,0.0,0.0,0.0,1.0,51.0,M,III,Triple Negative,0.0,6.23,100.0,6.1,43.59,65.9,52.5,4971.0,518.0,0.9248432469073039,1.1352240676903793,1.1608595791372593,1.0159612250867005,0
PT_017,82,0.0,21.0,0.0,0.0,0.0,1.0,51.0,M,III,Triple Negative,0.0,6.23,100.0,5.99,41.64,60.4,48.3,5885.0,433.0,1.046677545166507,0.8986328599976737,0.9615947715480387,0.9672619047619048,0
PT_018,0,0.0,21.0,0.0,0.0,0.0,1.0,31.0,F,II,Triple Negative,1.0,5.47,100.0,5.35,7.67,71.5,46.3,5511.0,413.0,1.0,1.0,1.0,1.0,0
PT_018,28,0.0,28.0,0.0,0.0,0.0,1.0,31.0,F,II,Triple Negative,1.0,5.47,100.0,5.28,30.57,77.1,48.8,5778.0,423.0,0.9664943224783136,1.113555568855108,1.1280374813089291,0.9802865465786814,0
PT_018,61,0.0,33.0,0.0,0.0,0.0,1.0,31.0,F,II,Triple Negative,1.0,5.47,100.0,5.41,45.98,74.8,47.0,5570.0,405.0,0.9546532180711479,1.079704410437031,1.1629490681859758,1.004364222859989,0
PT_018,82,0.0,21.0,0.0,0.0,0.0,1.0,31.0,F,II,Triple Negative,1.0,5.47,100.0,5.45,44.26,76.0,45.0,5567.0,378.0,1.0351592968140637,0.9157920038458458,0.9254288492256408,0.9905425584868093,0
PT_019,0,0.0,21.0,0.0,0.0,0.0,1.0,53.0,F,II,Triple Negative,1.0,2.98,100.0,3.1,9.44,78.9,48.9,6105.0,531.0,1.0,1.0,1.0,1.0,1
PT_019,30,0.0,30.0,0.0,0.0,0.0,1.0,53.0,F,II,Triple Negative,1.0,2.98,100.0,3.0,40.88,74.8,51.8,6076.0,453.0,0.9033973346385743,1.3037302228894792,1.3874512007571278,1.017217732967603,1
PT_019,65,0.0,35.0,0.0,0.0,0.0,1.0,53.0,F,II,Triple Negative,1.0,2.98,100.0,3.05,59.76,75.1,48.6,6247.0,488.0,0.9094906389576728,1.1391203136486159,1.1600084828884236,1.0129818855225186,0
PT_019,86,0.0,21.0,0.0,0.0,0.0,1.0,53.0,F,II,Triple Negative,1.0,2.98,100.0,3.05,58.59,75.3,53.2,7188.0,519.0,1.0089417728648877,1.0026861325842233,1.0407013541072503,1.0093410896073385,0
PT_020,0,0.0,21.0,0.0,0.0,0.0,1.0,73.0,F,III,HER2+,1.0,5.69,100.0,5.54,14.68,70.3,45.8,5886.0,421.0,1.0,1.0,1.0,1.0,0
PT_020,28,0.0,28.0,0.0,0.0,0.0,1.0,73.0,F,III,HER2+,1.0,5.69,100.0,5.65,34.04,74.7,47.3,5950.0,410.0,0.9216927546286259,1.1527677670462735,1.2632764275265735,0.9983187895284605,0
PT_020,51,0.0,23.0,0.0,0.0,0.0,1.0,73.0,F,III,HER2+,1.0,5.69,100.0,5.83,41.55,74.6,47.4,6152.0,427.0,1.0111592324471281,0.9979184770527252,1.0142434519589112,0.9563051845143762,0
PT_020,72,0.0,21.0,0.0,0.0,0.0,1.0,73.0,F,III,HER2+,1.0,5.69,100.0,5.81,43.68,75.7,52.4,5359.0,413.0,1.02055226327071,1.0400090578777805,0.9784268804887362,1.048526367556069,0
PT_021,0,0.0,21.0,0.0,0.0,0.0,1.0,59.0,F,II,ER+/PR+,1.0,5.86,100.0,5.83,7.9,72.4,54.3,7164.0,465.0,1.0,1.0,1.0,1.0,0
PT_021,32,0.0,32.0,0.0,0.0,0.0,1.0,59.0,F,II,ER+/PR+,1.0,5.86,100.0,5.86,30.67,68.5,53.6,7277.0,472.0,0.9337600890620651,1.0959603325069271,1.1182196979859538,1.0765124555160142,0
PT_021,63,0.0,31.0,0.0,0.0,0.0,1.0,59.0,F,II,ER+/PR+,1.0,5.86,100.0,5.84,43.09,66.4,51.2,7372.0,503.0,1.0079580745341616,1.0318378682183358,0.984340656572563,1.039453204303986,0
PT_021,84,0.0,21.0,0.0,0.0,0.0,1.0,59.0,F,II,ER+/PR+,1.0,5.86,100.0,5.77,41.46,71.0,48.2,7681.0,520.0,1.0136655747543197,0.9339996553506806,0.9890930947662299,1.0342603442159468,0
PT_022,0,0.0,21.0,0.0,0.0,0.0,1.0,67.0,F,II,ER+/PR+,1.0,5.58,100.0,5.5,8.8,59.1,49.3,6029.0,400.0,1.0,1.0,1.0,1.0,0
PT_022,21,0.0,21.0,0.0,0.0,0.0,1.0,67.0,F,II,ER+/PR+,1.0,5.58,100.0,5.64,19.52,60.6,50.8,5640.0,396.0,1.004296455424275,0.9968783187976701,1.0021006258114395,0.9755761402609058,0
PT_022,50,0.0,29.0,0.0,0.0,0.0,1.0,67.0,F,II,ER+/PR+,1.0,5.58,100.0,5.61,35.26,61.9,46.9,5831.0,370.0,0.9134518392324763,1.1715828832571666,1.2465111228915047,0.9673489860749516,0
PT_022,71,0.0,21.0,0.0,0.0,0.0,1.0,67.0,F,II,ER+/PR+,1.0,5.58,100.0,5.61,38.36,58.3,48.4,5484.0,401.0,1.0460452430611262,0.9346631155437184,0.9138083350893972,0.9786304900311414,0
PT_023,0,0.0,21.0,0.0,0.0,0.0,1.0,31.0,F,II,ER+/PR+,1.0,5.76,100.0,5.58,7.89,59.1,48.7,6211.0,500.0,1.0,1.0,1.0,1.0,0
PT_023,34,0.0,34.0,0.0,0.0,0.0,1.0,31.0,F,II,ER+/PR+,1.0,5.76,100.0,5.67,38.25,62.5,47.2,7611.0,417.0,0.9413670871746251,1.1466794075489726,1.1170693775201284,0.9868096444195914,0
PT_023,63,0.0,29.0,0.0,0.0,0.0,1.0,31.0,F,II,ER+/PR+,1.0,5.76,100.0,5.65,50.21,65.0,42.2,6760.0,441.0,0.9795555053195248,1.0423108218063464,1.022600232359324,1.015592736039646,0
PT_023,84,0.0,21.0,0.0,0.0,0.0,1.0,31.0,F,II,ER+/PR+,1.0,5.76,100.0,5.68,49.27,61.1,47.8,6358.0,425.0,0.9928870634316178,0.9882173109992994,1.0205059006910038,0.9870935578574198,0
PT_024,0,0.0,21.0,0.0,0.0,0.0,1.0,50.0,F,II,Triple Negative,0.0,5.85,100.0,6.05,8.01,67.7,64.7,8929.0,382.0,1.0,1.0,1.0,1.0,0
PT_024,30,0.0,30.0,0.0,0.0,0.0,1.0,50.0,F,II,Triple Negative,0.0,5.85,100.0,5.84,35.22,62.8,63.7,8646.0,415.0,0.9576327887250988,1.0526758474090274,1.0782522424743957,1.0115860966839791,0
PT_024,54,0.0,24.0,0.0,0.0,0.0,1.0,50.0,F,II,Triple Negative,0.0,5.85,100.0,5.77,45.72,64.0,65.9,8514.0,428.0,0.9705779180917301,1.0086143133577892,1.0111189203674957,0.9949478487614081,0
PT_024,75,0.0,21.0,0.0,0.0,0.0,1.0,50.0,F,II,Triple Negative,0.0,5.85,100.0,5.94,46.93,62.5,64.4,9589.0,428.0,1.0100077312945623,0.9580684367988034,0.9748700249283274,0.9838394806454965,0
PT_025,0,0.0,21.0,0.0,0.0,0.0,1.0,62.0,F,IV,ER+/PR+,0.0,3.49,100.0,3.46,23.07,77.6,51.2,5791.0,382.0,1.0,1.0,1.0,1.0,0
PT_025,26,0.0,26.0,0.0,0.0,0.0,1.0,62.0,F,IV,ER+/PR+,0.0,3.49,100.0,3.46,31.68,74.8,54.9,7027.0,456.0,0.9857244873669536,1.0695450594030715,1.059999624917098,1.0370352038606694,0
PT_025,57,0.0,31.0,0.0,0.0,0.0,1.0,62.0,F,IV,ER+/PR+,0.0,3.49,100.0,3.42,40.68,74.6,51.5,6741.0,466.0,0.9293739967897273,1.1330980066445182,1.189772281212579,0.9786438320239901,0
PT_025,78,0.0,21.0,0.0,0.0,0.0,1.0,62.0,F,IV,ER+/PR+,0.0,3.49,100.0,3.61,38.45,80.9,47.7,6726.0,405.0,1.0015026160001448,0.9714524107515345,0.9880516463053008,0.9768009768009769,0
PT_026,0,0.0,21.0,0.0,0.0,0.0,1.0,41.0,F,II,Triple Negative,1.0,3.67,100.0,3.73,9.13,65.5,45.0,7081.0,432.0,1.0,1.0,1.0,1.0,1
PT_026,32,0.0,32.0,0.0,0.0,0.0,1.0,41.0,F,II,Triple Negative,1.0,3.67,100.0,3.57,31.35,71.3,50.4,6682.0,515.0,0.8735577188494874,1.2807196282583306,1.333739431300407,0.9995854153483602,0
PT_026,67,0.0,35.0,0.0,0.0,0.0,1.0,41.0,F,II,Triple Negative,1.0,3.67,100.0,3.53,48.71,69.3,48.4,7402.0,412.0,1.0285403078359419,0.9382848556402275,0.9486377043024786,0.9890372596564325,1
PT_026,88,0.0,21.0,0.0,0.0,0.0,1.0,41.0,F,II,Triple Negative,1.0,3.67,100.0,3.75,47.88,70.2,53.0,8234.0,348.0,1.0434342081511199,0.9526566053338849,0.9510027262202637,1.0092165898617511,0
PT_027,0,0.0,21.0,0.0,0.0,0.0,1.0,51.0,F,III,Triple Negative,0.0,5.14,100.0,5.12,16.92,67.2,44.4,7289.0,460.0,1.0,1.0,1.0,1.0,0
PT_027,23,0.0,23.0,0.0,0.0,0.0,1.0,51.0,F,III,Triple Negative,0.0,5.14,100.0,5.19,37.72,64.9,41.8,7393.0,489.0,1.0164133738601824,0.9458783291636317,0.9686714970830652,1.0273178375554974,0
PT_027,53,0.0,30.0,0.0,0.0,0.0,1.0,51.0,F,III,Triple Negative,0.0,5.14,100.0,5.03,55.77,63.4,36.4,6858.0,467.0,0.9287187463598802,1.1721320776126176,1.1341632088520055,1.0155218480667865,0
PT_027,74,0.0,21.0,0.0,0.0,0.0,1.0,51.0,F,III,Triple Negative,0.0,5.14,100.0,5.38,56.33,68.6,47.4,8418.0,440.0,1.0732114839945393,0.8471014583936277,0.9116344976375532,0.9768884294469468,0
PT_028,0,0.0,21.0,0.0,0.0,0.0,1.0,73.0,F,III,Triple Negative,0.0,6.16,100.0,6.05,15.4,71.5,58.2,5347.0,360.0,1.0,1.0,1.0,1.0,0
PT_028,35,0.0,35.0,0.0,0.0,0.0,1.0,73.0,F,III,Triple Negative,0.0,6.16,100.0,6.09,37.36,68.4,56.4,5115.0,405.0,0.9626785460789151,1.0643588493417846,1.161734523879523,0.9893849769062475,0
PT_028,60,0.0,25.0,0.0,0.0,0.0,1.0,73.0,F,III,Triple Negative,0.0,6.16,100.0,6.16,43.36,62.3,61.7,6874.0,406.0,1.0033458190591715,1.0052849170276246,0.9948746454188311,1.0492114229512803,0
PT_028,81,0.0,21.0,0.0,0.0,0.0,1.0,73.0,F,III,Triple Negative,0.0,6.16,100.0,6.16,44.11,69.5,63.7,5429.0,424.0,0.9850483154870723,1.0319176469606017,1.0549641192311452,0.9911272554040375,0
PT_029,0,0.0,21.0,0.0,0.0,0.0,1.0,54.0,F,III,ER+/PR+,1.0,3.97,100.0,4.01,18.62,65.9,43.4,7479.0,515.0,1.0,1.0,1.0,1.0,0
PT_029,24,0.0,24.0,0.0,0.0,0.0,1.0,54.0,F,III,ER+/PR+,1.0,3.97,100.0,3.99,42.48,68.6,37.8,7272.0,516.0,0.9998799183444742,1.0175391618690588,1.0108356669616856,1.0018316523617747,0
PT_029,57,0.0,33.0,0.0,0.0,0.0,1.0,54.0,F,III,ER+/PR+,1.0,3.97,100.0,3.76,63.47,64.4,42.8,7149.0,437.0,0.8652993675749157,1.2523994369321332,1.184446636037813,0.9506877149109098,0
PT_029,78,0.0,21.0,0.0,0.0,0.0,1.0,54.0,F,III,ER+/PR+,1.0,3.97,100.0,3.85,65.25,62.4,44.2,7645.0,543.0,1.0358854951376524,0.903971818812776,0.9275401953076038,1.0050608186096068,1
PT_030,0,0.0,21.0,0.0,0.0,0.0,1.0,56.0,F,II,HER2+,0.0,4.98,100.0,4.86,9.26,75.5,49.9,6106.0,439.0,1.0,1.0,1.0,1.0,0
PT_030,31,0.0,31.0,0.0,0.0,0.0,1.0,56.0,F,II,HER2+,0.0,4.98,100.0,4.94,33.73,77.0,58.1,5355.0,505.0,0.9825335700532618,1.0826029325633728,1.083954005356854,1.0139092976911774,0
PT_030,54,0.0,23.0,0.0,0.0,0.0,1.0,56.0,F,II,HER2+,0.0,4.98,100.0,5.02,44.24,73.7,47.1,5372.0,453.0,0.9950381951881203,1.0032459656459007,1.0315971981830936,0.9891045456848934,0
PT_030,75,0.0,21.0,0.0,0.0,0.0,1.0,56.0,F,II,HER2+,0.0,4.98,100.0,4.97,48.29,74.6,49.9,6214.0,476.0,1.0532378598345613,0.8421293297260222,0.7803209478128247,1.0311240483654276,0
PT_031,0,0.0,21.0,0.0,0.0,0.0,1.0,71.0,F,II,ER+/PR+,1.0,5.33,100.0,5.25,8.52,76.4,31.1,6842.0,417.0,1.0,1.0,1.0,1.0,0
PT_031,26,0.0,26.0,0.0,0.0,0.0,1.0,71.0,F,II,ER+/PR+,1.0,5.33,100.0,5.16,22.59,76.2,34.8,6871.0,355.0,0.9810281170122126,1.0239296143198453,1.0026980089666597,1.0338880244732191,0
PT_031,54,0.0,28.0,0.0,0.0,0.0,1.0,71.0,F,II,ER+/PR+,1.0,5.33,100.0,5.24,37.97,75.9,40.5,7179.0,419.0,0.899443765040041,1.475604918683062,1.3227941946543638,0.9811503727498637,0
PT_031,75,0.0,21.0,0.0,0.0,0.0,1.0,71.0,F,II,ER+/PR+,1.0,5.33,100.0,5.27,38.69,72.6,28.4,6784.0,445.0,1.0041371747582493,0.9601140397462056,0.9873056065020616,1.0190055403604743,0
PT_032,0,0.0,21.0,0.0,0.0,0.0,1.0,57.0,F,IV,Triple Negative,1.0,4.47,100.0,4.36,22.58,74.4,39.1,6252.0,432.0,1.0,1.0,1.0,1.0,0
PT_032,32,0.0,32.0,0.0,0.0,0.0,1.0,57.0,F,IV,Triple Negative,1.0,4.47,100.0,4.49,31.26,77.4,39.6,4889.0,532.0,0.9413836133951009,1.1469052101173376,1.1188143608479795,1.0216708131465235,0
PT_032,59,0.0,27.0,0.0,0.0,0.0,1.0,57.0,F,IV,Triple Negative,1.0,4.47,100.0,4.57,33.52,76.3,46.0,6245.0,452.0,0.9756540397788233,1.167610093063417,1.1529980014048886,0.9877143505462089,1
PT_032,80,0.0,21.0,0.0,0.0,0.0,1.0,57.0,F,IV,Triple Negative,1.0,4.47,100.0,4.49,31.19,77.3,46.1,6208.0,440.0,0.9605495289215871,1.0785104812265012,1.0191342811262933,0.9931369936034115,0
PT_033,0,0.0,21.0,0.0,0.0,0.0,1.0,45.0,F,III,HER2+,1.0,5.44,100.0,5.42,13.91,70.8,43.7,7542.0,505.0,1.0,1.0,1.0,1.0,0
PT_033,35,0.0,35.0,0.0,0.0,0.0,1.0,45.0,F,III,HER2+,1.0,5.44,100.0,5.25,44.45,72.0,41.3,7652.0,462.0,0.9823878395705583,1.0221885919035005,1.0665328865203771,0.9873431795860128,0
PT_033,66,0.0,31.0,0.0,0.0,0.0,1.0,45.0,F,III,HER2+,1.0,5.44,100.0,5.37,50.58,69.5,39.2,7834.0,518.0,0.962564741362355,1.0382519749963786,1.0724348390382548,1.0208868535686362,0
PT_033,87,0.0,21.0,0.0,0.0,0.0,1.0,45.0,F,III,HER2+,1.0,5.44,100.0,5.43,48.57,67.7,47.6,8164.0,537.0,1.0083351060743777,0.9652541091349005,0.9628952365925267,0.9946203634787688,0
PT_034,0,0.0,21.0,0.0,0.0,0.0,1.0,44.0,F,IV,ER+/PR+,0.0,6.13,100.0,6.08,25.73,75.9,43.5,7642.0,443.0,1.0,1.0,1.0,1.0,0
PT_034,32,0.0,32.0,0.0,0.0,0.0,1.0,44.0,F,IV,ER+/PR+,0.0,6.13,100.0,6.13,47.32,75.1,38.7,7996.0,424.0,1.0043212363130334,0.9772607466334402,0.9905375050849856,0.9935544898587708,0
PT_034,53,0.0,21.0,0.0,0.0,0.0,1.0,44.0,F,IV,ER+/PR+,0.0,6.13,100.0,6.15,50.51,72.9,45.6,7772.0,412.0,0.989517456467123,0.997903164315669,1.0129703953012181,1.0434297099941976,0
PT_034,74,0.0,21.0,0.0,0.0,0.0,1.0,44.0,F,IV,ER+/PR+,0.0,6.13,100.0,6.14,51.53,79.0,47.0,7534.0,371.0,1.0283455314002774,0.9296588769358772,0.9387502047118826,0.9360250838880028,0
PT_035,0,0.0,21.0,0.0,0.0,0.0,1.0,73.0,F,II,HER2+,1.0,5.11,100.0,5.11,8.36,70.1,44.6,5584.0,478.0,1.0,1.0,1.0,1.0,0
PT_035,31,0.0,31.0,0.0,0.0,0.0,1.0,73.0,F,II,HER2+,1.0,5.11,100.0,5.04,34.84,68.2,34.3,5030.0,490.0,0.9376800276522472,1.1745505589473864,1.1734531392174703,0.9995926424967883,0
PT_035,63,0.0,32.0,0.0,0.0,0.0,1.0,73.0,F,II,HER2+,1.0,5.11,100.0,4.92,49.6,69.7,33.8,5430.0,452.0,0.9470870777812209,1.2448656166111454,1.18724512179447,0.9789749653009818,0
PT_035,84,0.0,21.0,0.0,0.0,0.0,1.0,73.0,F,II,HER2+,1.0,5.11,100.0,5.18,48.0,64.9,34.0,4959.0,419.0,0.9923659054699946,0.9253246753246753,1.0235812749282764,0.9561563214497417,0
PT_036,0,0.0,21.0,0.0,0.0,0.0,1.0,32.0,F,II,ER+/PR+,0.0,4.8,100.0,4.72,8.43,75.1,29.7,7556.0,416.0,1.0,1.0,1.0,1.0,0
PT_036,34,0.0,34.0,0.0,0.0,0.0,1.0,32.0,F,II,ER+/PR+,0.0,4.8,100.0,4.78,25.36,75.0,35.3,7336.0,463.0,0.9297516957002421,1.2006281526601315,1.1702488091311538,0.9837539715844373,0
PT_036,60,0.0,26.0,0.0,0.0,0.0,1.0,32.0,F,II,ER+/PR+,0.0,4.8,100.0,4.86,33.9,74.2,32.3,7727.0,428.0,1.0526083502515668,0.8962994836488812,0.9774131218218455,0.982472886794752,0
PT_036,81,0.0,21.0,0.0,0.0,0.0,1.0,32.0,F,II,ER+/PR+,0.0,4.8,100.0,4.75,37.38,71.5,33.6,6335.0,533.0,1.0047299094494109,0.9752181127227963,0.9555981248480477,0.9642477876106195,0
PT_037,0,0.0,21.0,0.0,0.0,0.0,1.0,66.0,M,II,Triple Negative,1.0,4.42,100.0,4.32,8.52,64.1,46.9,6510.0,394.0,1.0,1.0,1.0,1.0,0
PT_037,34,0.0,34.0,0.0,0.0,0.0,1.0,66.0,M,II,Triple Negative,1.0,4.42,100.0,4.25,38.92,63.6,43.1,6937.0,457.0,0.9469573706475758,1.0579509925107249,1.1076958114649158,1.0070239814141326,0
PT_037,57,0.0,23.0,0.0,0.0,0.0,1.0,66.0,M,II,Triple Negative,1.0,4.42,100.0,4.4,46.51,70.0,51.8,6530.0,445.0,0.9665827264683862,1.0117673728464265,1.0624586198479415,1.0059903633285585,0
PT_037,78,0.0,21.0,0.0,0.0,0.0,1.0,66.0,M,II,Triple Negative,1.0,4.42,100.0,4.35,47.21,68.8,54.3,6543.0,488.0,0.9924600382024732,1.024851482068987,1.0191251515816224,0.9661000251759579,0
PT_038,0,0.0,21.0,0.0,0.0,0.0,1.0,36.0,F,III,Triple Negative,0.0,4.94,100.0,4.89,15.38,66.1,50.3,5721.0,436.0,1.0,1.0,1.0,1.0,0
PT_038,29,0.0,29.0,0.0,0.0,0.0,1.0,36.0,F,III,Triple Negative,0.0,4.94,100.0,4.78,42.65,72.5,54.0,6213.0,404.0,0.9649031111575702,1.060514566855084,1.0845099040522461,1.0001543448062973,0
PT_038,61,0.0,32.0,0.0,0.0,0.0,1.0,36.0,F,III,Triple Negative,0.0,4.94,100.0,4.96,56.31,69.7,61.0,6042.0,371.0,0.9284678338340413,1.1120511100090433,1.145218124086631,0.9825334954600725,0
PT_038,82,0.0,21.0,0.0,0.0,0.0,1.0,36.0,F,III,Triple Negative,0.0,4.94,100.0,4.93,54.72,65.1,60.0,5637.0,427.0,1.0521419600911668,0.9076606213170088,0.843768582625962,1.006433347527362,0
PT_039,0,0.0,21.0,0.0,0.0,0.0,1.0,50.0,M,II,HER2+,1.0,4.11,100.0,4.19,7.74,65.9,59.7,6359.0,438.0,1.0,1.0,1.0,1.0,0
PT_039,33,0.0,33.0,0.0,0.0,0.0,1.0,50.0,M,II,HER2+,1.0,4.11,100.0,3.88,35.64,65.9,55.4,6767.0,485.0,0.9086217928870726,1.1084023029866859,1.1767273948451011,1.0331928229348282,0
PT_039,63,0.0,30.0,0.0,0.0,0.0,1.0,50.0,M,II,HER2+,1.0,4.11,100.0,4.1,47.21,65.7,61.0,7365.0,402.0,0.9285078611687927,1.0972429210134127,1.1401645114936916,0.9684816927934415,0
PT_039,84,0.0,21.0,0.0,0.0,0.0,1.0,50.0,M,II,HER2+,1.0,4.11,100.0,4.14,45.1,66.9,61.3,6725.0,457.0,1.065477330560648,0.9222565253999438,0.8679379550405655,1.0454851752021563,0
PT_040,0,0.0,21.0,0.0,0.0,0.0,1.0,38.0,F,III,Triple Negative,1.0,4.25,100.0,4.22,16.54,73.7,58.0,5261.0,404.0,1.0,1.0,1.0,1.0,0
PT_040,26,0.0,26.0,0.0,0.0,0.0,1.0,38.0,F,III,Triple Negative,1.0,4.25,100.0,4.23,37.87,73.0,53.6,6864.0,404.0,0.9397680903379765,1.0821192187642976,1.1623633664091955,1.0241287850880423,0
PT_040,57,0.0,31.0,0.0,0.0,0.0,1.0,38.0,F,III,Triple Negative,1.0,4.25,100.0,4.23,53.66,71.4,65.0,6494.0,441.0,0.9684003488393669,1.0730551709180693,1.0455416847754953,0.9938174164693503,0
PT_040,78,0.0,21.0,0.0,0.0,0.0,1.0,38.0,F,III,Triple Negative,1.0,4.25,100.0,4.09,53.38,76.2,59.1,6205.0,419.0,1.0020818094862993,0.965920348722013,1.007754595606337,1.01103081019399,0
PT_041,0,0.0,21.0,0.0,0.0,0.0,1.0,68.0,M,II,ER+/PR+,2.0,4.77,100.0,4.69,7.66,72.6,45.6,7806.0,388.0,1.0,1.0,1.0,1.0,0
PT_041,34,0.0,34.0,0.0,0.0,0.0,1.0,68.0,M,II,ER+/PR+,2.0,4.77,100.0,4.81,36.51,70.1,41.9,8624.0,478.0,0.9643729006442612,1.130773845230954,1.0437725723500992,1.0377741450623716,1
PT_041,66,0.0,32.0,0.0,0.0,0.0,1.0,68.0,M,II,ER+/PR+,2.0,4.77,100.0,4.88,48.42,69.4,45.2,9202.0,402.0,0.8984039507586603,1.3384615384615386,1.2047871242864021,0.9956343402575409,0
PT_041,87,0.0,21.0,0.0,0.0,0.0,1.0,68.0,M,II,ER+/PR+,2.0,4.77,100.0,4.78,46.22,68.8,43.1,8913.0,430.0,1.0458127662655836,0.7855107855107856,0.9131595182989805,1.0475468428463122,0
PT_042,0,0.0,21.0,0.0,0.0,0.0,1.0,47.0,F,IV,ER+/PR+,1.0,3.05,100.0,3.11,20.18,63.7,42.3,6271.0,397.0,1.0,1.0,1.0,1.0,1
PT_042,21,0.0,21.0,0.0,0.0,0.0,1.0,47.0,F,IV,ER+/PR+,1.0,3.05,100.0,3.16,27.68,60.1,36.2,5667.0,422.0,1.0098002039251375,0.9117901011057573,0.9234524683477928,1.011427325943455,1
PT_042,46,0.0,25.0,0.0,0.0,0.0,1.0,47.0,F,IV,ER+/PR+,1.0,3.05,100.0,3.17,34.97,62.9,40.9,5982.0,415.0,0.8648790746582546,1.4494292540483142,1.450225724998087,1.0223660570322939,0
PT_042,67,0.0,21.0,0.0,0.0,0.0,1.0,47.0,F,IV,ER+/PR+,1.0,3.05,100.0,2.94,35.24,60.4,45.7,6405.0,386.0,0.9918624813970317,1.0022415725493576,1.03083236525628,0.9760033679483582,1
PT_043,0,0.0,21.0,0.0,0.0,0.0,1.0,33.0,F,III,ER+/PR+,0.0,3.65,100.0,3.66,15.84,75.8,52.1,4932.0,357.0,1.0,1.0,1.0,1.0,1
PT_043,31,0.0,31.0,0.0,0.0,0.0,1.0,33.0,F,III,ER+/PR+,0.0,3.65,100.0,3.55,37.73,75.2,50.4,5470.0,386.0,0.9031966141163098,1.3065947958489046,1.5147310335925652,1.0394541005524582,1
PT_043,66,0.0,35.0,0.0,0.0,0.0,1.0,33.0,F,III,ER+/PR+,0.0,3.65,100.0,3.63,51.45,77.0,49.2,4400.0,363.0,0.9367289441602453,1.1827747912615807,1.3159284520049894,1.0307221028815479,0
PT_043,87,0.0,21.0,0.0,0.0,0.0,1.0,33.0,F,III,ER+/PR+,0.0,3.65,100.0,3.65,49.72,76.6,47.2,4514.0,360.0,1.0190868578155217,0.9347056028338155,0.9505641065218335,0.9497638253954184,0
PT_044,0,0.0,21.0,0.0,0.0,0.0,1.0,54.0,F,III,ER+/PR+,1.0,4.81,100.0,4.88,16.26,66.9,60.1,8320.0,484.0,1.0,1.0,1.0,1.0,0
PT_044,28,0.0,28.0,0.0,0.0,0.0,1.0,54.0,F,III,ER+/PR+,1.0,4.81,100.0,4.59,39.03,66.6,54.4,8084.0,440.0,0.9866372371907971,1.0188396672771671,0.9974611109750391,1.027253988854111,0
PT_044,56,0.0,28.0,0.0,0.0,0.0,1.0,54.0,F,III,ER+/PR+,1.0,4.81,100.0,4.98,52.35,67.7,57.8,8049.0,378.0,0.9064383085588394,1.17457642420777,1.1870334399821438,0.9544141252006421,0
PT_044,77,0.0,21.0,0.0,0.0,0.0,1.0,54.0,F,III,ER+/PR+,1.0,4.81,100.0,4.68,53.22,65.4,61.7,8571.0,492.0,1.0609248487138232,0.903281934361313,0.8789416555471823,1.0179889446272805,0
PT_045,0,0.0,21.0,0.0,0.0,0.0,1.0,43.0,F,II,ER+/PR+,0.0,4.4,100.0,4.2,10.91,64.1,40.2,5987.0,457.0,1.0,1.0,1.0,1.0,0
PT_045,26,0.0,26.0,0.0,0.0,0.0,1.0,43.0,F,II,ER+/PR+,0.0,4.4,100.0,4.26,40.43,68.1,49.9,5951.0,409.0,0.9359129383313181,1.1948213729590247,1.1921488114379004,0.9872199902242462,0
PT_045,50,0.0,24.0,0.0,0.0,0.0,1.0,43.0,F,II,ER+/PR+,0.0,4.4,100.0,4.39,57.3,68.9,40.7,5950.0,417.0,1.0642063005715283,0.7980324810244668,0.7499982934415822,1.0178370560822754,1
PT_045,71,0.0,21.0,0.0,0.0,0.0,1.0,43.0,F,II,ER+/PR+,0.0,4.4,100.0,4.24,62.33,64.1,45.4,6161.0,423.0,0.9482542074855566,1.1754667567795893,1.1800245494572004,1.0197551020408164,0
PT_046,0,0.0,21.0,0.0,0.0,0.0,1.0,38.0,F,III,ER+/PR+,0.0,4.03,100.0,3.87,16.22,68.2,48.8,7555.0,456.0,1.0,1.0,1.0,1.0,0
PT_046,21,0.0,21.0,0.0,0.0,0.0,1.0,38.0,F,III,ER+/PR+,0.0,4.03,100.0,4.05,41.97,70.8,49.6,7187.0,385.0,1.0021176286045437,1.0233697700716171,1.048103445153166,0.9987937273823885,0
PT_046,44,0.0,23.0,0.0,0.0,0.0,1.0,38.0,F,III,ER+/PR+,0.0,4.03,100.0,3.86,55.97,67.6,44.6,7681.0,395.0,1.0167583050735853,0.9081187793041048,0.9364648671506097,1.0010149708195888,0
PT_046,65,0.0,21.0,0.0,0.0,0.0,1.0,38.0,F,III,ER+/PR+,0.0,4.03,100.0,4.08,59.51,67.0,46.0,7724.0,417.0,1.0019521778595677,1.01159114857745,0.999166040218004,0.999274361555207,0
PT_047,0,0.0,21.0,0.0,0.0,0.0,1.0,55.0,F,III,HER2+,0.0,5.5,100.0,5.36,16.83,78.3,54.2,5473.0,449.0,1.0,1.0,1.0,1.0,0
PT_047,22,0.0,22.0,0.0,0.0,0.0,1.0,55.0,F,III,HER2+,0.0,5.5,100.0,5.41,35.95,70.3,52.9,5290.0,443.0,0.9809143922799124,0.995561581275867,0.9755790634490794,0.9981113161220961,0
PT_047,57,0.0,35.0,0.0,0.0,0.0,1.0,55.0,F,III,HER2+,0.0,5.5,100.0,5.35,56.89,79.0,50.7,5515.0,432.0,0.9717607973421927,1.0894695324445136,1.0731455808775046,1.0055210489993098,0
PT_047,78,0.0,21.0,0.0,0.0,0.0,1.0,55.0,F,III,HER2+,0.0,5.5,100.0,5.38,56.6,75.0,49.9,5558.0,440.0,0.9991345608642453,0.985749376169682,0.9877137534797078,1.0048555674430086,0
PT_048,0,0.0,21.0,0.0,0.0,0.0,1.0,31.0,F,II,ER+/PR+,1.0,5.37,100.0,5.47,8.98,59.0,62.4,4186.0,437.0,1.0,1.0,1.0,1.0,0
PT_048,25,0.0,25.0,0.0,0.0,0.0,1.0,31.0,F,II,ER+/PR+,1.0,5.37,100.0,5.15,30.38,58.0,61.9,4949.0,419.0,1.0199054710055102,0.9701961416086028,0.9102952085829414,1.0692861343714117,0
PT_048,54,0.0,29.0,0.0,0.0,0.0,1.0,31.0,F,II,ER+/PR+,1.0,5.37,100.0,5.27,46.96,64.4,64.3,4323.0,415.0,0.9487294849474777,1.1070319651940845,1.209698427960422,1.0306217660531005,0
PT_048,75,0.0,21.0,0.0,0.0,0.0,1.0,31.0,F,II,ER+/PR+,1.0,5.37,100.0,5.38,48.57,62.0,65.4,4362.0,361.0,1.006548741157229,1.0164655863650773,0.9070224063126068,0.9597687304264033,0
PT_049,0,0.0,21.0,0.0,0.0,0.0,1.0,49.0,F,II,ER+/PR+,1.0,3.42,100.0,3.33,8.25,67.0,43.9,7924.0,455.0,1.0,1.0,1.0,1.0,0
PT_049,26,0.0,26.0,0.0,0.0,0.0,1.0,49.0,F,II,ER+/PR+,1.0,3.42,100.0,3.32,24.61,66.6,42.6,6354.0,505.0,0.9896590149320257,1.0546141814389989,1.0252919487977399,1.0301513838858238,1
PT_049,56,0.0,30.0,0.0,0.0,0.0,1.0,49.0,F,II,ER+/PR+,1.0,3.42,100.0,3.55,41.88,63.6,45.6,7220.0,511.0,0.8913785600902164,1.4536340852130327,1.3031249300565102,1.0301614273576891,1
PT_049,77,0.0,21.0,0.0,0.0,0.0,1.0,49.0,F,II,ER+/PR+,1.0,3.42,100.0,3.24,42.57,64.1,39.1,7540.0,491.0,1.0105856747130986,0.9588814702188139,0.9696283000275382,0.9848948140900197,1
PT_050,0,0.0,21.0,0.0,0.0,0.0,1.0,57.0,F,IV,ER+/PR+,0.0,6.05,100.0,5.96,24.38,69.5,54.8,7065.0,414.0,1.0,1.0,1.0,1.0,0
PT_050,23,0.0,23.0,0.0,0.0,0.0,1.0,57.0,F,IV,ER+/PR+,0.0,6.05,100.0,6.09,40.19,71.2,52.8,6830.0,435.0,1.075797746769425,0.789608252270256,0.8085277257016725,1.0242640928168676,0
PT_050,56,0.0,33.0,0.0,0.0,0.0,1.0,57.0,F,IV,ER+/PR+,0.0,6.05,100.0,5.98,53.36,72.9,49.9,6656.0,391.0,0.9271291874672558,1.1881831674051286,1.2004071371592946,0.9986949575861216,0
PT_050,77,0.0,21.0,0.0,0.0,0.0,1.0,57.0,F,IV,ER+/PR+,0.0,6.05,100.0,5.89,52.83,72.6,50.7,6337.0,420.0,1.0141973437227874,0.9914561199032913,0.9940057593040506,1.0045562555863181,0
PT_051,0,0.0,21.0,0.0,0.0,0.0,1.0,36.0,F,III,ER+/PR+,1.0,4.63,100.0,4.79,13.42,65.4,56.7,7282.0,466.0,1.0,1.0,1.0,1.0,0
PT_051,28,0.0,28.0,0.0,0.0,0.0,1.0,36.0,F,III,ER+/PR+,1.0,4.63,100.0,4.25,28.36,65.1,49.1,7544.0,431.0,0.9818520470918994,0.9952735788801362,1.0486093311896605,1.0025072177480625,0
PT_051,57,0.0,29.0,0.0,0.0,0.0,1.0,36.0,F,III,ER+/PR+,1.0,4.63,100.0,4.7,38.15,63.6,56.4,7342.0,528.0,0.9064269981120201,1.198746999364888,1.2310579824914702,1.027260430756425,0
PT_051,78,0.0,21.0,0.0,0.0,0.0,1.0,36.0,F,III,ER+/PR+,1.0,4.63,100.0,4.54,36.89,72.8,51.4,6977.0,498.0,1.0240292000405555,0.9745404121251671,0.9789844866195828,1.058967432852556,0
PT_052,0,0.0,21.0,0.0,0.0,0.0,1.0,73.0,F,II,ER+/PR+,0.0,5.54,100.0,5.64,8.71,80.8,38.7,6098.0,421.0,1.0,1.0,1.0,1.0,0
PT_052,25,0.0,25.0,0.0,0.0,0.0,1.0,73.0,F,II,ER+/PR+,0.0,5.54,100.0,5.48,24.79,85.2,35.8,5517.0,415.0,0.9683539746543778,1.2438139227977565,1.1443525072275946,1.0114322550090118,0
PT_052,55,0.0,30.0,0.0,0.0,0.0,1.0,73.0,F,II,ER+/PR+,0.0,5.54,100.0,5.47,41.57,80.2,44.1,5291.0,402.0,0.9272132269586979,1.2668894140656837,1.165901340316822,0.9700883902396016,0
PT_052,76,0.0,21.0,0.0,0.0,0.0,1.0,73.0,F,II,ER+/PR+,0.0,5.54,100.0,5.52,42.93,82.6,39.4,5359.0,392.0,1.0456056260132627,0.8581542351453855,0.8991688858820027,0.9914839768801943,0
PT_053,0,0.0,21.0,0.0,0.0,0.0,1.0,37.0,F,II,ER+/PR+,0.0,4.92,100.0,4.69,7.62,69.5,31.7,8701.0,472.0,1.0,1.0,1.0,1.0,0
PT_053,23,0.0,23.0,0.0,0.0,0.0,1.0,37.0,F,II,ER+/PR+,0.0,4.92,100.0,4.69,25.53,63.5,29.1,7217.0,508.0,0.9543901948965241,1.1214128035320088,1.0295889817370873,0.9876962240135766,0
PT_053,57,0.0,34.0,0.0,0.0,0.0,1.0,37.0,F,II,ER+/PR+,0.0,4.92,100.0,4.93,46.36,62.6,31.3,6694.0,544.0,1.011039146197401,0.8641768547981915,0.9390207194964117,0.9990337794529852,0
PT_053,78,0.0,21.0,0.0,0.0,0.0,1.0,37.0,F,II,ER+/PR+,0.0,4.92,100.0,5.1,45.68,69.4,32.3,8004.0,469.0,1.0048496357993615,1.098359860248447,1.0096003509705362,0.9909384924681681,0
PT_054,0,0.0,21.0,0.0,0.0,0.0,1.0,64.0,M,III,ER+/PR+,0.0,6.49,100.0,6.5,15.87,65.5,58.9,4344.0,493.0,1.0,1.0,1.0,1.0,0
PT_054,30,0.0,30.0,0.0,0.0,0.0,1.0,64.0,M,III,ER+/PR+,0.0,6.49,100.0,6.29,34.57,64.1,69.1,5087.0,469.0,0.9765050376085928,1.0301733066353655,1.1046713362385834,0.9835093000516364,0
PT_054,54,0.0,24.0,0.0,0.0,0.0,1.0,64.0,M,III,ER+/PR+,0.0,6.49,100.0,6.26,41.96,67.9,58.1,5458.0,455.0,0.9822420682848723,1.0007357781822406,1.0075484049852905,0.9799883256054716,0
PT_054,75,0.0,21.0,0.0,0.0,0.0,1.0,64.0,M,III,ER+/PR+,0.0,6.49,100.0,6.43,43.66,71.4,59.9,5378.0,421.0,1.0190832718435427,0.9963911131160482,1.011498433742118,1.0068176968090483,0
PT_055,0,0.0,21.0,0.0,0.0,0.0,1.0,43.0,F,III,Triple Negative,0.0,5.58,100.0,5.53,14.25,74.6,50.5,7900.0,505.0,1.0,1.0,1.0,1.0,0
PT_055,29,0.0,29.0,0.0,0.0,0.0,1.0,43.0,F,III,Triple Negative,0.0,5.58,100.0,5.46,33.48,73.7,52.2,6933.0,511.0,0.9710083667963748,1.0543121181419053,1.038316119281579,1.0041136873597607,0
PT_055,57,0.0,28.0,0.0,0.0,0.0,1.0,43.0,F,III,Triple Negative,0.0,5.58,100.0,5.57,44.62,72.5,53.0,7135.0,446.0,0.9938276009704583,1.054583568491494,1.001632468079006,1.000256476019492,0
PT_055,78,0.0,21.0,0.0,0.0,0.0,1.0,43.0,F,III,Triple Negative,0.0,5.58,100.0,5.6,44.89,74.2,53.1,7711.0,493.0,0.9744505607482127,1.053497759343482,1.0118864022779106,1.045318910854159,0
PT_056,0,0.0,21.0,0.0,0.0,0.0,1.0,46.0,M,II,ER+/PR+,1.0,5.42,100.0,5.46,10.36,75.9,57.2,5183.0,428.0,1.0,1.0,1.0,1.0,0
PT_056,32,0.0,32.0,0.0,0.0,0.0,1.0,46.0,M,II,ER+/PR+,1.0,5.42,100.0,5.77,43.8,76.5,54.9,4983.0,457.0,0.9566212950006361,1.074350325431137,1.1821765816333711,0.9899168900503594,0
PT_056,61,0.0,29.0,0.0,0.0,0.0,1.0,46.0,M,II,ER+/PR+,1.0,5.42,100.0,5.47,61.23,75.0,55.6,6186.0,398.0,0.9376891241754948,1.1007567946148908,1.1859381747682243,1.003288050532145,0
PT_056,82,0.0,21.0,0.0,0.0,0.0,1.0,46.0,M,II,ER+/PR+,1.0,5.42,100.0,5.35,63.71,78.3,54.3,4992.0,421.0,1.0385414262635586,0.9553064631528739,0.9537846089062005,0.9703013223498808,0
PT_057,0,0.0,21.0,0.0,0.0,0.0,1.0,65.0,F,II,ER+/PR+,1.0,5.68,100.0,5.66,8.51,69.4,42.0,4887.0,436.0,1.0,1.0,1.0,1.0,0
PT_057,34,0.0,34.0,0.0,0.0,0.0,1.0,65.0,F,II,ER+/PR+,1.0,5.68,100.0,5.58,34.88,72.9,41.5,5909.0,414.0,0.946843853820598,1.18125610152945,1.2281235451238977,1.017354443679577,0
PT_057,63,0.0,29.0,0.0,0.0,0.0,1.0,65.0,F,II,ER+/PR+,1.0,5.68,100.0,5.73,46.23,70.4,41.5,5480.0,402.0,0.9119007992391683,1.201036062960749,1.2275244443828306,0.9627796901893287,0
PT_057,84,0.0,21.0,0.0,0.0,0.0,1.0,65.0,F,II,ER+/PR+,1.0,5.68,100.0,5.54,45.51,69.1,46.1,5642.0,377.0,0.9763978467320096,1.0197602294736328,1.004009512934328,0.9970490058536112,0
PT_058,0,0.0,21.0,0.0,0.0,0.0,1.0,69.0,M,II,HER2+,1.0,3.33,100.0,3.47,9.5,67.7,33.7,7322.0,426.0,1.0,1.0,1.0,1.0,1
PT_058,24,0.0,24.0,0.0,0.0,0.0,1.0,69.0,M,II,HER2+,1.0,3.33,100.0,3.19,32.4,69.5,38.0,7506.0,418.0,0.9212832246129882,1.3992346938775513,1.2358824367105943,1.0330930537352556,1
PT_058,54,0.0,30.0,0.0,0.0,0.0,1.0,69.0,M,II,HER2+,1.0,3.33,100.0,3.4,53.54,72.8,38.0,7256.0,444.0,0.8914919408072395,1.3979578742827812,1.253030215159775,0.9887097826796318,1
PT_058,75,0.0,21.0,0.0,0.0,0.0,1.0,69.0,M,II,HER2+,1.0,3.33,100.0,3.22,55.57,72.8,37.5,7022.0,446.0,1.0721714355630911,0.7227059886634356,0.7683483222590308,1.0434667168191525,1
PT_059,0,0.0,21.0,0.0,0.0,0.0,1.0,33.0,M,III,ER+/PR+,0.0,3.56,100.0,3.71,15.02,71.9,51.7,5053.0,434.0,1.0,1.0,1.0,1.0,0
PT_059,34,0.0,34.0,0.0,0.0,0.0,1.0,33.0,M,III,ER+/PR+,0.0,3.56,100.0,3.46,34.85,70.5,54.6,5187.0,457.0,0.9631185598370786,1.0411849020544672,1.1209044120436524,0.9846235949434642,0
PT_059,64,0.0,30.0,0.0,0.0,0.0,1.0,33.0,M,III,ER+/PR+,0.0,3.56,100.0,3.62,44.08,68.0,57.4,5656.0,366.0,0.9378552482000758,1.1011387667166388,1.1057150686599884,1.0279388508170797,0
PT_059,85,0.0,21.0,0.0,0.0,0.0,1.0,33.0,M,III,ER+/PR+,0.0,3.56,100.0,3.59,43.85,68.0,54.6,4873.0,457.0,0.9905314082412515,0.9979316438411182,0.9571084174095674,0.9840370244751037,0
PT_060,0,0.0,21.0,0.0,0.0,0.0,1.0,31.0,F,III,ER+/PR+,0.0,5.44,100.0,5.34,16.56,68.9,47.6,7289.0,396.0,1.0,1.0,1.0,1.0,0
PT_060,23,0.0,23.0,0.0,0.0,0.0,1.0,31.0,F,III,ER+/PR+,0.0,5.44,100.0,5.38,35.66,66.4,46.3,6728.0,495.0,1.033470498655348,0.9058924614480169,0.9089449853869801,1.0230176226533938,0
PT_060,50,0.0,27.0,0.0,0.0,0.0,1.0,31.0,F,III,ER+/PR+,0.0,5.44,100.0,5.52,51.36,63.2,53.7,6911.0,413.0,0.9311194196958694,1.1545760229050839,1.1268386917563478,1.0132049191833032,0
PT_060,71,0.0,21.0,0.0,0.0,0.0,1.0,31.0,F,III,ER+/PR+,0.0,5.44,100.0,5.4,54.09,62.1,52.8,6983.0,398.0,1.0275286757038582,0.9670523138832997,0.9542612545565726,0.9517078916372202,0
PT_061,0,0.0,21.0,0.0,0.0,0.0,1.0,35.0,F,II,HER2+,0.0,4.63,100.0,4.48,9.15,76.8,46.3,5759.0,372.0,1.0,1.0,1.0,1.0,0
PT_061,35,0.0,35.0,0.0,0.0,0.0,1.0,35.0,F,II,HER2+,0.0,4.63,100.0,4.67,32.81,71.6,49.3,6107.0,354.0,0.987684835602133,1.0165022946977833,1.0440363329022533,1.0346078502503084,0
PT_061,60,0.0,25.0,0.0,0.0,0.0,1.0,35.0,F,II,HER2+,0.0,4.63,100.0,4.68,42.73,75.0,43.2,6060.0,430.0,0.9753206545776205,1.0579032610069035,1.0793581570745097,1.0299604713879345,0
PT_061,81,0.0,21.0,0.0,0.0,0.0,1.0,35.0,F,II,HER2+,0.0,4.63,100.0,4.58,45.79,71.0,47.7,6655.0,461.0,1.003347986840956,0.9888724837048508,0.9518402994385525,0.9813653886418781,0
PT_062,0,0.0,21.0,0.0,0.0,0.0,1.0,71.0,F,IV,ER+/PR+,1.0,5.59,100.0,5.72,23.36,64.9,47.0,6322.0,519.0,1.0,1.0,1.0,1.0,0
PT_062,27,0.0,27.0,0.0,0.0,0.0,1.0,71.0,F,IV,ER+/PR+,1.0,5.59,100.0,5.5,44.07,66.5,40.5,6347.0,489.0,0.970157143543659,1.0810696543705738,1.1509971509971508,0.961965574680733,0
PT_062,57,0.0,30.0,0.0,0.0,0.0,1.0,71.0,F,IV,ER+/PR+,1.0,5.59,100.0,5.56,52.36,64.9,47.6,5757.0,508.0,0.9455452657427604,1.1695277527591446,1.207087572300905,0.9942269478165054,0
PT_062,78,0.0,21.0,0.0,0.0,0.0,1.0,71.0,F,IV,ER+/PR+,1.0,5.59,100.0,5.43,50.9,57.2,47.8,6472.0,506.0,1.053864168618267,0.8409052667003197,0.8420816731946063,0.9645019390478671,0
PT_063,0,0.0,21.0,0.0,0.0,0.0,1.0,33.0,M,III,ER+/PR+,0.0,3.18,100.0,3.18,16.38,71.5,62.0,7860.0,349.0,1.0,1.0,1.0,1.0,1
PT_063,21,0.0,21.0,0.0,0.0,0.0,1.0,33.0,M,III,ER+/PR+,0.0,3.18,100.0,3.11,26.43,70.0,49.7,6953.0,487.0,0.9678665248936702,1.0692341328323645,1.045002851563175,0.9986829396786373,0
PT_063,56,0.0,35.0,0.0,0.0,0.0,1.0,33.0,M,III,ER+/PR+,0.0,3.18,100.0,3.05,44.65,71.6,55.5,7961.0,443.0,0.9829512051734274,1.0263108788953164,1.0298085118023197,0.9816115947019013,0
PT_063,77,0.0,21.0,0.0,0.0,0.0,1.0,33.0,M,III,ER+/PR+,0.0,3.18,100.0,3.09,46.09,69.9,51.6,7048.0,490.0,1.0270823638901814,0.9378186544036788,0.9173454728632997,1.0254279191608893,1
PT_064,0,0.0,21.0,0.0,0.0,0.0,1.0,58.0,F,II,Triple Negative,1.0,4.78,100.0,4.73,8.57,70.8,41.4,6070.0,351.0,1.0,1.0,1.0,1.0,0
PT_064,23,0.0,23.0,0.0,0.0,0.0,1.0,58.0,F,II,Triple Negative,1.0,4.78,100.0,4.85,26.5,72.3,42.8,5218.0,345.0,1.0058735689397709,0.9847455739895336,0.9403372934978863,1.0166753765024468,1
PT_064,53,0.0,30.0,0.0,0.0,0.0,1.0,58.0,F,II,Triple Negative,1.0,4.78,100.0,4.76,46.02,73.7,40.4,5377.0,385.0,0.9211613685196409,1.3008293930703045,1.3410959816226655,0.9822227906381891,0
PT_064,74,0.0,21.0,0.0,0.0,0.0,1.0,58.0,F,II,Triple Negative,1.0,4.78,100.0,4.72,48.54,67.7,41.6,6502.0,337.0,1.020234808724934,0.9302215935879302,0.9243847226356273,0.9921998088694888,0
PT_065,0,0.0,21.0,0.0,0.0,0.0,1.0,47.0,F,II,Triple Negative,2.0,4.2,100.0,4.08,8.9,71.1,58.3,7085.0,442.0,1.0,1.0,1.0,1.0,1
PT_065,23,0.0,23.0,0.0,0.0,0.0,1.0,47.0,F,II,Triple Negative,2.0,4.2,100.0,4.23,18.9,68.9,56.4,7948.0,401.0,0.958700067704807,1.103630145453047,1.178742057104899,1.0842925206080314,1
PT_065,58,0.0,35.0,0.0,0.0,0.0,1.0,47.0,F,II,Triple Negative,2.0,4.2,100.0,4.24,38.14,69.1,57.7,6623.0,417.0,0.9584611199050256,1.0804845701617214,1.075935739513001,1.0040214152474625,1
PT_065,79,0.0,21.0,0.0,0.0,0.0,1.0,47.0,F,II,Triple Negative,2.0,4.2,100.0,4.18,39.6,67.1,60.8,6701.0,369.0,1.0301872690279452,0.925456498388829,0.904304932984149,0.9289696618637318,1
PT_066,0,0.0,21.0,0.0,0.0,0.0,1.0,55.0,M,II,ER+/PR+,1.0,4.49,100.0,4.57,8.13,73.7,53.1,6198.0,474.0,1.0,1.0,1.0,1.0,0
PT_066,24,0.0,24.0,0.0,0.0,0.0,1.0,55.0,M,II,ER+/PR+,1.0,4.49,100.0,4.45,26.31,67.5,45.2,6508.0,498.0,0.9300091064885524,1.133396121409307,1.1405893732382988,1.0220683083287816,0
PT_066,45,0.0,21.0,0.0,0.0,0.0,1.0,55.0,M,II,ER+/PR+,1.0,4.49,100.0,4.39,36.66,75.1,53.7,7041.0,503.0,1.006690842228919,1.0464831554675862,1.0270726460901431,1.009132025465964,0
PT_066,66,0.0,21.0,0.0,0.0,0.0,1.0,55.0,M,II,ER+/PR+,1.0,4.49,100.0,4.57,41.14,71.5,52.1,6636.0,489.0,1.0449746596203158,0.9034895969011565,0.8997680878234737,1.001106979648605,0
PT_067,0,0.0,21.0,0.0,0.0,0.0,1.0,73.0,M,IV,ER+/PR+,2.0,5.03,100.0,5.02,24.22,77.1,30.3,6006.0,394.0,1.0,1.0,1.0,1.0,1
PT_067,24,0.0,24.0,0.0,0.0,0.0,1.0,73.0,M,IV,ER+/PR+,2.0,5.03,100.0,5.03,42.21,76.0,33.7,7576.0,448.0,0.9831178835211641,1.1087086191470323,1.143416086265693,1.0232319106039243,1
PT_067,45,0.0,21.0,0.0,0.0,0.0,1.0,73.0,M,IV,ER+/PR+,2.0,5.03,100.0,5.15,48.56,76.6,30.4,6920.0,498.0,0.9983178294162285,0.871597785872028,0.9215382432860089,1.0662915309961116,1
PT_067,66,0.0,21.0,0.0,0.0,0.0,1.0,73.0,M,IV,ER+/PR+,2.0,5.03,100.0,4.78,50.2,79.2,30.3,6033.0,449.0,0.9680397842320962,1.2418511066398392,1.1734331892446985,0.9887504362285222,0
PT_068,0,0.0,21.0,0.0,0.0,0.0,1.0,63.0,F,III,HER2+,0.0,4.66,100.0,4.63,14.93,68.5,45.0,6487.0,507.0,1.0,1.0,1.0,1.0,0
PT_068,24,0.0,24.0,0.0,0.0,0.0,1.0,63.0,F,III,HER2+,0.0,4.66,100.0,4.69,30.47,68.0,43.3,6678.0,422.0,1.001124859392576,0.9630737074346097,0.976786305237067,1.011363782442699,0
PT_068,55,0.0,31.0,0.0,0.0,0.0,1.0,63.0,F,III,HER2+,0.0,4.66,100.0,4.57,45.31,67.3,42.5,6566.0,462.0,0.9132079798211419,1.1322109630575279,1.1942239970041553,1.0020694561210632,0
PT_068,76,0.0,21.0,0.0,0.0,0.0,1.0,63.0,F,III,HER2+,0.0,4.66,100.0,4.79,44.45,67.5,53.4,5765.0,470.0,0.9913798776074226,1.0142191472876678,0.9288780449617056,0.9720074234457161,0
PT_069,0,0.0,21.0,0.0,0.0,0.0,1.0,39.0,F,III,Triple Negative,1.0,4.8,100.0,4.73,14.28,70.5,52.8,6157.0,397.0,1.0,1.0,1.0,1.0,0
PT_069,30,0.0,30.0,0.0,0.0,0.0,1.0,39.0,F,III,Triple Negative,1.0,4.8,100.0,4.81,34.08,74.1,44.5,6590.0,378.0,0.9699737722709595,1.1044582895056232,1.0920338717265172,0.9531182695553976,0
PT_069,53,0.0,23.0,0.0,0.0,0.0,1.0,39.0,F,III,Triple Negative,1.0,4.8,100.0,4.79,38.17,68.5,44.6,6367.0,436.0,0.9755280567383197,1.024205960542885,1.035264135060023,1.0552200273354906,0
PT_069,74,0.0,21.0,0.0,0.0,0.0,1.0,39.0,F,III,Triple Negative,1.0,4.8,100.0,4.77,40.38,69.6,48.1,6017.0,371.0,0.9834063932424589,1.0457573156287692,1.0416104771882748,0.9291362179856613,0
PT_070,0,0.0,21.0,0.0,0.0,0.0,1.0,65.0,M,III,Triple Negative,1.0,4.6,100.0,4.51,13.52,55.5,42.5,7761.0,591.0,1.0,1.0,1.0,1.0,1
PT_070,25,0.0,25.0,0.0,0.0,0.0,1.0,65.0,M,III,Triple Negative,1.0,4.6,100.0,4.53,24.68,56.2,45.2,7010.0,479.0,0.8958956411072223,1.3045971092113846,1.2201271600422867,1.0253303722597242,0
PT_070,52,0.0,27.0,0.0,0.0,0.0,1.0,65.0,M,III,Triple Negative,1.0,4.6,100.0,4.42,33.52,58.1,40.0,7614.0,512.0,0.9794497845541928,1.0437878693235054,1.0408416010016468,1.008321323973781,1
PT_070,73,0.0,21.0,0.0,0.0,0.0,1.0,65.0,M,III,Triple Negative,1.0,4.6,100.0,4.64,35.37,60.3,44.0,6827.0,574.0,1.0319415507629934,0.9563164108618653,0.9793656965118862,0.9890323476329307,0
PT_071,0,0.0,21.0,0.0,0.0,0.0,1.0,43.0,F,III,ER+/PR+,1.0,4.31,100.0,4.17,15.6,69.6,60.8,6147.0,459.0,1.0,1.0,1.0,1.0,0
PT_071,35,0.0,35.0,0.0,0.0,0.0,1.0,43.0,F,III,ER+/PR+,1.0,4.31,100.0,4.4,43.56,72.1,57.6,6610.0,457.0,0.9335067031341078,1.1781712345379578,1.2459336241586978,0.9863531661523752,0
PT_071,61,0.0,26.0,0.0,0.0,0.0,1.0,43.0,F,III,ER+/PR+,1.0,4.31,100.0,4.28,51.34,68.4,52.4,5376.0,430.0,0.9789025673882202,1.036556840205841,1.0976458685034511,1.0192525481313703,0
PT_071,82,0.0,21.0,0.0,0.0,0.0,1.0,43.0,F,III,ER+/PR+,1.0,4.31,100.0,4.14,49.91,69.5,58.6,7245.0,406.0,0.9914911477411481,1.0406785111343355,1.0525141436175367,0.9991908936745619,0
PT_072,0,0.0,21.0,0.0,0.0,0.0,1.0,60.0,F,III,ER+/PR+,0.0,5.66,100.0,5.75,15.53,78.3,49.9,6159.0,467.0,1.0,1.0,1.0,1.0,0
PT_072,34,0.0,34.0,0.0,0.0,0.0,1.0,60.0,F,III,ER+/PR+,0.0,5.66,100.0,5.57,36.7,74.9,51.4,5912.0,456.0,0.948674153989826,1.10478927764906,1.1115797846378193,1.018970567722137,0
PT_072,55,0.0,21.0,0.0,0.0,0.0,1.0,60.0,F,III,ER+/PR+,0.0,5.66,100.0,5.57,40.82,72.8,60.1,5998.0,457.0,1.0361396227120607,0.9740893170690922,0.9232144714617584,0.9750502446253477,0
PT_072,76,0.0,21.0,0.0,0.0,0.0,1.0,60.0,F,III,ER+/PR+,0.0,5.66,100.0,5.75,42.22,77.8,51.5,5671.0,397.0,1.001807278403023,0.9938552780410259,1.0564675932881835,1.0085655072434176,0
PT_073,0,0.0,21.0,0.0,0.0,0.0,1.0,44.0,M,II,HER2+,0.0,2.85,100.0,2.99,7.4,72.8,49.3,5050.0,424.0,1.0,1.0,1.0,1.0,0
PT_073,32,0.0,32.0,0.0,0.0,0.0,1.0,44.0,M,II,HER2+,0.0,2.85,100.0,3.09,28.79,67.1,49.0,5782.0,411.0,0.9181751796763902,1.1232705642643532,1.198087224646581,1.0265144439438725,0
PT_073,61,0.0,29.0,0.0,0.0,0.0,1.0,44.0,M,II,HER2+,0.0,2.85,100.0,2.77,38.37,70.1,47.8,4993.0,460.0,0.9809904984613801,1.0842280356872824,1.1454283617583605,1.0511697817278787,1
PT_073,82,0.0,21.0,0.0,0.0,0.0,1.0,44.0,M,II,HER2+,0.0,2.85,100.0,2.89,36.19,66.8,46.7,5251.0,419.0,0.9902273262808035,0.9524202485087121,0.9981261927171933,0.9355208590074692,0
PT_074,0,0.0,21.0,0.0,0.0,0.0,1.0,37.0,F,III,HER2+,0.0,5.01,100.0,4.85,14.9,70.5,48.3,5704.0,395.0,1.0,1.0,1.0,1.0,0
PT_074,28,0.0,28.0,0.0,0.0,0.0,1.0,37.0,F,III,HER2+,0.0,5.01,100.0,4.88,35.81,70.2,45.4,4368.0,491.0,0.9183378669918393,1.1965394853593614,1.302802900193741,1.0280861480320371,0
PT_074,58,0.0,30.0,0.0,0.0,0.0,1.0,37.0,F,III,HER2+,0.0,5.01,100.0,4.99,48.93,69.8,45.7,6403.0,501.0,0.9765299407764861,1.0769836126284604,1.0579246106825788,0.9731367145591854,0
PT_074,79,0.0,21.0,0.0,0.0,0.0,1.0,37.0,F,III,HER2+,0.0,5.01,100.0,5.04,47.75,71.3,45.3,5173.0,452.0,1.0338627509739287,0.9188771262043536,0.9430517905942254,1.039871769184532,0
PT_075,0,0.0,21.0,0.0,0.0,0.0,1.0,43.0,M,II,HER2+,1.0,4.89,100.0,4.85,8.73,62.4,49.6,7237.0,442.0,1.0,1.0,1.0,1.0,0
PT_075,27,0.0,27.0,0.0,0.0,0.0,1.0,43.0,M,II,HER2+,1.0,4.89,100.0,4.81,26.68,67.0,42.7,7762.0,390.0,0.9223902801884454,1.1561869683416646,1.1507065915604309,0.9701750061621888,0
PT_075,48,0.0,21.0,0.0,0.0,0.0,1.0,43.0,M,II,HER2+,1.0,4.89,100.0,4.91,34.73,67.9,43.8,7676.0,407.0,1.03445530364856,0.9169402026544884,0.9010574244375881,1.0291321213965163,0
PT_075,69,0.0,21.0,0.0,0.0,0.0,1.0,43.0,M,II,HER2+,1.0,4.89,100.0,4.83,41.4,68.7,45.5,7279.0,477.0,1.0043488963649791,0.9572507202250107,0.9424376166278463,0.9955582947252094,0
PT_076,0,0.0,21.0,0.0,0.0,0.0,1.0,52.0,F,II,ER+/PR+,1.0,5.45,100.0,5.46,7.58,70.9,43.3,7563.0,395.0,1.0,1.0,1.0,1.0,0
PT_076,35,0.0,35.0,0.0,0.0,0.0,1.0,52.0,F,II,ER+/PR+,1.0,5.45,100.0,5.57,32.96,72.8,38.5,6358.0,503.0,0.9859628791985197,1.0499124120947472,1.0369906229971917,1.0271828410253232,0
PT_076,65,0.0,30.0,0.0,0.0,0.0,1.0,52.0,F,II,ER+/PR+,1.0,5.45,100.0,5.48,43.25,68.3,49.1,7875.0,464.0,0.8878636133460867,1.2154617591563492,1.2391929266752324,0.9412270672275078,0
PT_076,86,0.0,21.0,0.0,0.0,0.0,1.0,52.0,F,II,ER+/PR+,1.0,5.45,100.0,5.44,41.71,67.2,44.8,7394.0,408.0,1.1276573893396324,0.7429218855051171,0.7921623086353029,1.012456732618264,0
PT_077,0,0.0,21.0,0.0,0.0,0.0,1.0,69.0,F,II,Triple Negative,1.0,5.02,100.0,5.17,9.2,61.8,36.8,5816.0,483.0,1.0,1.0,1.0,1.0,0
PT_077,35,0.0,35.0,0.0,0.0,0.0,1.0,69.0,F,II,Triple Negative,1.0,5.02,100.0,5.03,40.56,59.7,41.8,5668.0,533.0,0.9813453536754507,1.0174544405443093,0.9335780599817455,0.9998385365714665,0
PT_077,60,0.0,25.0,0.0,0.0,0.0,1.0,69.0,F,II,Triple Negative,1.0,5.02,100.0,5.0,50.46,61.8,41.2,4910.0,505.0,0.938712606984616,1.1866332101319046,1.2725419890545386,0.9916883808509424,0
PT_077,81,0.0,21.0,0.0,0.0,0.0,1.0,69.0,F,II,Triple Negative,1.0,5.02,100.0,4.95,52.48,56.4,39.2,5231.0,503.0,0.967357686199114,1.006299440944755,0.9670161715216039,1.0177582765244246,0
PT_078,0,0.0,21.0,0.0,0.0,0.0,1.0,50.0,F,II,ER+/PR+,0.0,5.86,100.0,6.01,8.14,62.9,56.8,6457.0,395.0,1.0,1.0,1.0,1.0,0
PT_078,35,0.0,35.0,0.0,0.0,0.0,1.0,50.0,F,II,ER+/PR+,0.0,5.86,100.0,5.86,36.13,64.9,49.2,6970.0,378.0,0.9052138190389893,1.1995395241749809,1.2415566332053052,0.9771482445901051,0
PT_078,62,0.0,27.0,0.0,0.0,0.0,1.0,50.0,F,II,ER+/PR+,0.0,5.86,100.0,5.76,46.92,56.4,48.9,7638.0,464.0,1.0076608339862452,0.967922417008579,0.9852159967926231,1.0430497337713833,0
PT_078,83,0.0,21.0,0.0,0.0,0.0,1.0,50.0,F,II,ER+/PR+,0.0,5.86,100.0,5.92,49.02,59.5,52.6,7694.0,403.0,0.9954315941332051,1.005255613951266,1.0414488453203044,0.9412202380952381,0
PT_079,0,0.0,21.0,0.0,0.0,0.0,1.0,45.0,F,II,ER+/PR+,1.0,6.35,100.0,6.36,9.34,62.6,48.2,6648.0,487.0,1.0,1.0,1.0,1.0,0
PT_079,31,0.0,31.0,0.0,0.0,0.0,1.0,45.0,F,II,ER+/PR+,1.0,6.35,100.0,6.22,36.5,72.4,50.1,6278.0,493.0,0.946171103210317,1.1354429115286857,1.134967934918081,0.9930379405256624,0
PT_079,52,0.0,21.0,0.0,0.0,0.0,1.0,45.0,F,II,ER+/PR+,1.0,6.35,100.0,6.28,47.56,72.8,43.3,5938.0,537.0,1.0056088943891095,0.9919794188861986,0.9929519896047665,0.9976107267669925,0
PT_079,73,0.0,21.0,0.0,0.0,0.0,1.0,45.0,F,II,ER+/PR+,1.0,6.35,100.0,6.25,52.81,63.5,51.6,6279.0,476.0,0.9785012886177535,1.0311264321200446,0.9421427241265058,1.0033655293184118,0
PT_080,0,0.0,21.0,0.0,0.0,0.0,1.0,74.0,F,II,ER+/PR+,0.0,4.07,100.0,4.09,6.85,68.8,41.5,6833.0,480.0,1.0,1.0,1.0,1.0,0
PT_080,26,0.0,26.0,0.0,0.0,0.0,1.0,74.0,F,II,ER+/PR+,0.0,4.07,100.0,3.99,20.52,74.0,43.6,6197.0,491.0,0.937914154378843,1.1691824073561183,1.2271392031924853,1.0086127971245467,0
PT_080,55,0.0,29.0,0.0,0.0,0.0,1.0,74.0,F,II,ER+/PR+,0.0,4.07,100.0,3.83,34.53,77.0,41.4,6466.0,470.0,0.9867972635246005,1.0723298266312717,1.0530546308296003,1.0121139844338438,0
PT_080,76,0.0,21.0,0.0,0.0,0.0,1.0,74.0,F,II,ER+/PR+,0.0,4.07,100.0,4.07,35.25,71.3,46.2,6803.0,482.0,0.9887958837456422,0.9800920522363409,0.9866132324706979,0.9725585149313962,0
PT_081,0,0.0,21.0,0.0,0.0,0.0,1.0,47.0,M,IV,Triple Negative,0.0,3.64,100.0,3.69,22.51,69.7,57.1,6978.0,382.0,1.0,1.0,1.0,1.0,1
PT_081,28,0.0,28.0,0.0,0.0,0.0,1.0,47.0,M,IV,Triple Negative,0.0,3.64,100.0,3.65,34.73,66.8,53.6,7132.0,410.0,0.9134157604647699,1.149288050561936,1.2455298730569304,1.0310831495341746,1
PT_081,57,0.0,29.0,0.0,0.0,0.0,1.0,47.0,M,IV,Triple Negative,0.0,3.64,100.0,3.67,41.73,68.4,57.6,6907.0,331.0,0.9354586765123545,1.1858083974918647,1.1941086786393478,0.9690453362553075,1
PT_081,78,0.0,21.0,0.0,0.0,0.0,1.0,47.0,M,IV,Triple Negative,0.0,3.64,100.0,3.57,41.51,69.3,57.5,7358.0,462.0,1.014511201629328,1.02987012987013,1.0389353949469973,1.0283643058512169,0
PT_082,0,0.0,21.0,0.0,0.0,0.0,1.0,53.0,F,II,Triple Negative,0.0,4.37,100.0,4.32,8.76,62.0,50.2,5422.0,532.0,1.0,1.0,1.0,1.0,0
PT_082,21,0.0,21.0,0.0,0.0,0.0,1.0,53.0,F,II,Triple Negative,0.0,4.37,100.0,4.22,26.61,62.2,53.4,6173.0,533.0,1.0314291399387905,0.9661161246381748,0.9588382584304079,1.0183511366748836,0
PT_082,45,0.0,24.0,0.0,0.0,0.0,1.0,53.0,F,II,Triple Negative,0.0,4.37,100.0,4.31,45.12,62.3,48.9,6253.0,483.0,0.9940363116473941,1.061592140753755,1.0859228168976671,1.0039409525081824,0
PT_082,66,0.0,21.0,0.0,0.0,0.0,1.0,53.0,F,II,Triple Negative,0.0,4.37,100.0,4.4,50.48,65.0,48.3,6011.0,559.0,0.9597728348319923,1.0854587762923755,1.0719620428800847,1.0134105309573336,0
PT_083,0,0.0,21.0,0.0,0.0,0.0,1.0,55.0,F,II,HER2+,1.0,3.87,100.0,3.69,7.65,74.2,68.4,7558.0,390.0,1.0,1.0,1.0,1.0,1
PT_083,33,0.0,33.0,0.0,0.0,0.0,1.0,55.0,F,II,HER2+,1.0,3.87,100.0,3.86,28.59,73.0,63.8,6650.0,449.0,0.900214666574337,1.1765806210250653,1.3064570196707581,1.040460582325898,0
PT_083,55,0.0,22.0,0.0,0.0,0.0,1.0,55.0,F,II,HER2+,1.0,3.87,100.0,3.83,33.42,73.9,65.4,6394.0,471.0,0.9722390592799128,1.0254403131115462,1.0380827631404035,0.9752317150554972,0
PT_083,76,0.0,21.0,0.0,0.0,0.0,1.0,55.0,F,II,HER2+,1.0,3.87,100.0,3.97,35.14,77.5,62.6,7372.0,448.0,0.9941028280266369,0.9903265797355871,1.0051662954962144,1.0191657032550938,1
PT_084,0,0.0,21.0,0.0,0.0,0.0,1.0,54.0,M,III,ER+/PR+,0.0,5.08,100.0,4.81,14.52,82.1,52.8,3756.0,498.0,1.0,1.0,1.0,1.0,0
PT_084,22,0.0,22.0,0.0,0.0,0.0,1.0,54.0,M,III,ER+/PR+,0.0,5.08,100.0,5.15,30.99,82.7,44.0,4876.0,435.0,1.0000895001417087,1.050194626273818,1.0619763325247493,1.0168812782309715,0
PT_084,47,0.0,25.0,0.0,0.0,0.0,1.0,54.0,M,III,ER+/PR+,0.0,5.08,100.0,4.9,42.49,76.2,48.4,4251.0,402.0,0.9679089026915114,1.0810778909597383,1.137957160301289,1.0293004764391767,0
PT_084,68,0.0,21.0,0.0,0.0,0.0,1.0,54.0,M,III,ER+/PR+,0.0,5.08,100.0,5.11,45.05,79.2,49.8,4384.0,445.0,0.9895763731123883,1.0208562019758507,0.9933022905018773,0.9863143488788294,0
PT_085,0,0.0,21.0,0.0,0.0,0.0,1.0,74.0,M,III,HER2+,1.0,6.17,100.0,6.07,15.09,78.1,49.9,4994.0,538.0,1.0,1.0,1.0,1.0,0
PT_085,26,0.0,26.0,0.0,0.0,0.0,1.0,74.0,M,III,HER2+,1.0,6.17,100.0,6.2,34.38,76.6,52.5,5568.0,487.0,1.0091621355482296,0.9699993061819191,0.9381369031716346,0.9960984393757504,1
PT_085,50,0.0,24.0,0.0,0.0,0.0,1.0,74.0,M,III,HER2+,1.0,6.17,100.0,6.02,45.37,78.9,49.7,5214.0,514.0,0.9192561010003816,1.2435609731218444,1.3632433175853327,1.0081043093393942,0
PT_085,71,0.0,21.0,0.0,0.0,0.0,1.0,74.0,M,III,HER2+,1.0,6.17,100.0,6.22,47.37,72.7,54.9,5673.0,502.0,0.9902361332317705,1.0701187565490746,1.0994930755631773,1.024114774114774,0
PT_086,0,0.0,21.0,0.0,0.0,0.0,1.0,70.0,F,II,ER+/PR+,1.0,3.31,100.0,3.29,8.36,68.6,60.3,6712.0,449.0,1.0,1.0,1.0,1.0,1
PT_086,30,0.0,30.0,0.0,0.0,0.0,1.0,70.0,F,II,ER+/PR+,1.0,3.31,100.0,3.38,22.89,71.3,62.6,7525.0,472.0,0.8772267809732516,1.2733770684421817,1.323948498153303,1.0255479750326608,1
PT_086,55,0.0,25.0,0.0,0.0,0.0,1.0,70.0,F,II,ER+/PR+,1.0,3.31,100.0,3.07,31.65,69.5,54.7,7777.0,469.0,0.9318490734846272,1.1356852977174638,1.2021296889060227,0.9817985114247648,1
PT_086,76,0.0,21.0,0.0,0.0,0.0,1.0,70.0,F,II,ER+/PR+,1.0,3.31,100.0,3.14,33.13,66.7,61.6,7167.0,479.0,1.04704875962361,0.8880638368613543,0.8510692310865572,0.9816839209440382,1
PT_087,0,0.0,21.0,0.0,0.0,0.0,1.0,58.0,M,III,HER2+,0.0,3.17,100.0,3.15,17.08,76.4,65.0,6768.0,475.0,1.0,1.0,1.0,1.0,0
PT_087,21,0.0,21.0,0.0,0.0,0.0,1.0,58.0,M,III,HER2+,0.0,3.17,100.0,3.23,44.92,73.2,59.9,6660.0,453.0,1.0827751781509007,0.8137422289415721,0.7476500749658109,1.0249715027967023,1
PT_087,43,0.0,22.0,0.0,0.0,0.0,1.0,58.0,M,III,HER2+,0.0,3.17,100.0,3.15,59.02,68.2,64.6,7547.0,477.0,0.9600747904441475,1.0822928881837621,1.1400205521502604,1.0226122173472831,0
PT_087,64,0.0,21.0,0.0,0.0,0.0,1.0,58.0,M,III,HER2+,0.0,3.17,100.0,3.16,63.61,73.2,64.0,6608.0,518.0,0.9650256863879154,1.1120507801364528,1.099450954252035,1.0355699042822113,0
PT_088,0,0.0,21.0,0.0,0.0,0.0,1.0,44.0,F,III,ER+/PR+,1.0,3.75,100.0,3.83,15.53,78.9,61.8,5340.0,432.0,1.0,1.0,1.0,1.0,0
PT_088,23,0.0,23.0,0.0,0.0,0.0,1.0,44.0,F,III,ER+/PR+,1.0,3.75,100.0,3.67,31.49,75.3,59.2,5862.0,406.0,1.0186867357608782,0.9394155732256716,0.9298280623558292,0.9607308034816581,1
PT_088,58,0.0,35.0,0.0,0.0,0.0,1.0,44.0,F,III,ER+/PR+,1.0,3.75,100.0,3.68,50.65,76.4,56.9,6361.0,441.0,0.9120443138194374,1.1736741828675015,1.3219833681533577,1.0367986567790681,0
PT_088,79,0.0,21.0,0.0,0.0,0.0,1.0,44.0,F,III,ER+/PR+,1.0,3.75,100.0,3.62,49.25,74.0,55.0,5744.0,468.0,1.0029704280062053,0.9623371803255509,0.9667388354182611,0.9887454256714769,0
PT_089,0,0.0,21.0,0.0,0.0,0.0,1.0,74.0,F,II,ER+/PR+,0.0,5.49,100.0,5.26,8.17,62.0,49.2,7848.0,388.0,1.0,1.0,1.0,1.0,0
PT_089,30,0.0,30.0,0.0,0.0,0.0,1.0,74.0,F,II,ER+/PR+,0.0,5.49,100.0,5.49,30.82,61.0,54.2,7519.0,414.0,0.9541749961556207,1.0975651016702568,1.1025445488445635,1.044608994040094,0
PT_089,56,0.0,26.0,0.0,0.0,0.0,1.0,74.0,F,II,ER+/PR+,0.0,5.49,100.0,5.4,41.79,66.3,53.5,7713.0,461.0,0.9145946370484788,1.1990529524962703,1.178199674931701,0.9886831762867561,0
PT_089,77,0.0,21.0,0.0,0.0,0.0,1.0,74.0,F,II,ER+/PR+,0.0,5.49,100.0,5.43,43.81,69.1,54.6,7773.0,444.0,1.0580916947184003,0.900076439612706,0.9158807125983552,1.0181492058247386,0
PT_090,0,0.0,21.0,0.0,0.0,0.0,1.0,30.0,M,IV,HER2+,0.0,4.99,100.0,5.06,24.95,73.7,36.9,6963.0,432.0,1.0,1.0,1.0,1.0,0
PT_090,35,0.0,35.0,0.0,0.0,0.0,1.0,30.0,M,IV,HER2+,0.0,4.99,100.0,4.92,45.65,71.7,33.9,7539.0,456.0,0.9741457172964022,1.0870096541610657,1.0589019916936975,0.9846989141164857,0
PT_090,67,0.0,32.0,0.0,0.0,0.0,1.0,30.0,M,IV,HER2+,0.0,4.99,100.0,4.96,53.23,67.5,38.2,6870.0,411.0,0.9311660287204251,1.1574901041741092,1.0863327825659803,0.9988531288079707,0
PT_090,88,0.0,21.0,0.0,0.0,0.0,1.0,30.0,M,IV,HER2+,0.0,4.99,100.0,4.91,50.91,68.6,38.8,7082.0,390.0,1.038955110983594,0.9855800459013553,0.9883884890322105,1.0005992329817832,0
PT_091,0,0.0,21.0,0.0,0.0,0.0,1.0,54.0,M,IV,ER+/PR+,1.0,3.18,100.0,3.23,25.17,58.0,60.2,8162.0,466.0,1.0,1.0,1.0,1.0,1
PT_091,31,0.0,31.0,0.0,0.0,0.0,1.0,54.0,M,IV,ER+/PR+,1.0,3.18,100.0,3.29,43.82,62.1,62.8,7969.0,458.0,0.8529943185894967,1.2067099567099568,1.316395733278763,0.9811195622888643,1
PT_091,52,0.0,21.0,0.0,0.0,0.0,1.0,54.0,M,IV,ER+/PR+,1.0,3.18,100.0,3.19,45.29,64.6,66.1,8545.0,467.0,1.034419477182823,0.9949830432467278,0.9594024377781772,1.0495946242056826,1
PT_091,73,0.0,21.0,0.0,0.0,0.0,1.0,54.0,M,IV,ER+/PR+,1.0,3.18,100.0,3.19,47.58,60.8,63.1,8923.0,450.0,0.9719153889910441,1.038607410288826,1.050165762182828,1.008694575946038,1
PT_092,0,0.0,21.0,0.0,0.0,0.0,1.0,36.0,M,II,ER+/PR+,0.0,6.2,100.0,6.23,8.33,64.7,38.5,6085.0,526.0,1.0,1.0,1.0,1.0,0
PT_092,30,0.0,30.0,0.0,0.0,0.0,1.0,36.0,M,II,ER+/PR+,0.0,6.2,100.0,6.25,28.92,63.7,40.5,6283.0,497.0,0.9526746739690373,1.1318305534231279,1.1089345408079385,0.9742345300121332,0
PT_092,53,0.0,23.0,0.0,0.0,0.0,1.0,36.0,M,II,ER+/PR+,0.0,6.2,100.0,6.23,39.01,65.0,42.5,6410.0,490.0,0.9674010567241551,1.1399991250966042,1.1075079175437597,0.9736796659928283,0
PT_092,74,0.0,21.0,0.0,0.0,0.0,1.0,36.0,M,II,ER+/PR+,0.0,6.2,100.0,6.32,43.45,68.1,35.7,6694.0,439.0,1.0539451329531535,0.8500848744751184,0.8492851103326827,0.9972264767976156,0
PT_093,0,0.0,21.0,0.0,0.0,0.0,1.0,38.0,F,II,ER+/PR+,1.0,5.72,100.0,5.79,6.85,74.2,52.2,6796.0,446.0,1.0,1.0,1.0,1.0,0
PT_093,33,0.0,33.0,0.0,0.0,0.0,1.0,38.0,F,II,ER+/PR+,1.0,5.72,100.0,5.74,23.73,77.9,51.6,6786.0,399.0,0.9848806591353096,1.0345779429896396,1.0398154564727222,0.9948866397616583,0
PT_093,62,0.0,29.0,0.0,0.0,0.0,1.0,38.0,F,II,ER+/PR+,1.0,5.72,100.0,5.58,34.21,76.7,50.6,7301.0,406.0,0.9565832743620698,1.1024221453287197,1.1193652172136945,0.9643019210406897,0
PT_093,83,0.0,21.0,0.0,0.0,0.0,1.0,38.0,F,II,ER+/PR+,1.0,5.72,100.0,5.75,34.36,79.0,54.1,6405.0,438.0,1.0065665036936582,1.0217421219210128,0.9841369846922703,1.0363141897296433,0
PT_094,0,0.0,21.0,0.0,0.0,0.0,1.0,53.0,M,IV,ER+/PR+,1.0,2.89,100.0,2.74,22.67,68.7,56.8,5559.0,449.0,1.0,1.0,1.0,1.0,1
PT_094,22,0.0,22.0,0.0,0.0,0.0,1.0,53.0,M,IV,ER+/PR+,1.0,2.89,100.0,2.95,29.52,65.0,56.0,6743.0,463.0,0.9848652639350314,1.0429488313735582,1.1102236672020054,1.0173724058580378,1
PT_094,53,0.0,31.0,0.0,0.0,0.0,1.0,53.0,M,IV,ER+/PR+,1.0,2.89,100.0,2.81,40.49,66.6,57.2,5678.0,476.0,0.8569953219034504,1.294019184961051,1.3686263696986407,0.9965228970925502,0
PT_094,74,0.0,21.0,0.0,0.0,0.0,1.0,53.0,M,IV,ER+/PR+,1.0,2.89,100.0,3.02,40.32,64.5,59.0,5485.0,472.0,1.0071952103525117,0.9559538191826613,0.8947214964170768,1.0374820098867406,1
PT_095,0,0.0,21.0,0.0,0.0,0.0,1.0,30.0,M,III,HER2+,1.0,5.21,100.0,5.16,16.29,73.9,48.5,6650.0,481.0,1.0,1.0,1.0,1.0,0
PT_095,33,0.0,33.0,0.0,0.0,0.0,1.0,30.0,M,III,HER2+,1.0,5.21,100.0,5.14,36.89,74.8,36.9,6996.0,540.0,0.9638504269961031,1.0168262695224,1.0211350656578373,1.0200909450757394,1
PT_095,54,0.0,21.0,0.0,0.0,0.0,1.0,30.0,M,III,HER2+,1.0,5.21,100.0,5.27,41.42,71.6,44.8,5907.0,498.0,1.053287487325316,0.8116232464929859,0.7798844165061342,0.9720176730486009,0
PT_095,75,0.0,21.0,0.0,0.0,0.0,1.0,30.0,M,III,HER2+,1.0,5.21,100.0,5.28,44.99,73.0,39.0,6922.0,457.0,0.9697749268385841,1.056326530612245,1.1216056670602124,0.9889658410611574,0
PT_096,0,0.0,21.0,0.0,0.0,0.0,1.0,73.0,M,III,ER+/PR+,1.0,5.65,100.0,5.52,12.92,71.4,44.6,7022.0,491.0,1.0,1.0,1.0,1.0,0
PT_096,28,0.0,28.0,0.0,0.0,0.0,1.0,73.0,M,III,ER+/PR+,1.0,5.65,100.0,5.59,24.71,68.4,44.2,6500.0,551.0,0.9382248122683674,1.1361521984359355,1.160586989849487,0.9976187196189951,0
PT_096,62,0.0,34.0,0.0,0.0,0.0,1.0,73.0,M,III,ER+/PR+,1.0,5.65,100.0,5.5,35.75,75.3,44.6,6704.0,574.0,0.9709204980658572,1.0807159743329957,1.072359533597027,0.996612636824277,0
PT_096,83,0.0,21.0,0.0,0.0,0.0,1.0,73.0,M,III,ER+/PR+,1.0,5.65,100.0,5.57,33.54,71.0,44.6,6412.0,523.0,0.9939979139471992,0.9525416782188365,0.988059669410829,1.0026805631057043,0
PT_097,0,0.0,21.0,0.0,0.0,0.0,1.0,37.0,M,III,ER+/PR+,1.0,4.19,100.0,4.03,13.58,65.0,45.3,6166.0,521.0,1.0,1.0,1.0,1.0,1
PT_097,22,0.0,22.0,0.0,0.0,0.0,1.0,37.0,M,III,ER+/PR+,1.0,4.19,100.0,3.94,30.91,63.5,42.0,6265.0,459.0,1.0277807688166254,0.8897290177809213,0.8693484632470369,1.008764000786009,0
PT_097,55,0.0,33.0,0.0,0.0,0.0,1.0,37.0,M,III,ER+/PR+,1.0,4.19,100.0,4.29,48.06,63.9,42.9,6635.0,470.0,0.895925829198224,1.2491373360938578,1.2848666193325895,1.0208474263575424,0
PT_097,76,0.0,21.0,0.0,0.0,0.0,1.0,37.0,M,III,ER+/PR+,1.0,4.19,100.0,4.21,47.03,67.2,41.4,7167.0,450.0,1.1207845748085936,0.6836321573163678,0.6497124603084247,0.9917304996241135,1
PT_098,0,0.0,21.0,0.0,0.0,0.0,1.0,53.0,F,III,ER+/PR+,1.0,3.06,100.0,2.83,17.13,76.6,53.4,8516.0,377.0,1.0,1.0,1.0,1.0,1
PT_098,25,0.0,25.0,0.0,0.0,0.0,1.0,53.0,F,III,ER+/PR+,1.0,3.06,100.0,3.2,36.18,75.0,58.9,7999.0,386.0,0.9450494519227335,1.185497798642699,1.1517189780453647,1.0144337527757217,0
PT_098,48,0.0,23.0,0.0,0.0,0.0,1.0,53.0,F,III,ER+/PR+,1.0,3.06,100.0,3.04,46.77,65.8,56.9,8223.0,334.0,0.9690734428261542,1.0603958226831227,1.0929921047139275,0.9736520677019718,0
PT_098,69,0.0,21.0,0.0,0.0,0.0,1.0,53.0,F,III,ER+/PR+,1.0,3.06,100.0,2.92,49.7,68.0,53.3,9168.0,413.0,0.9692148970857958,1.0507870507870507,1.0609546899659204,1.014000151626191,1
PT_099,0,0.0,21.0,0.0,0.0,0.0,1.0,40.0,F,IV,ER+/PR+,1.0,3.09,100.0,2.81,23.45,68.4,40.9,6324.0,419.0,1.0,1.0,1.0,1.0,1
PT_099,30,0.0,30.0,0.0,0.0,0.0,1.0,40.0,F,IV,ER+/PR+,1.0,3.09,100.0,3.11,43.38,70.7,40.2,6032.0,480.0,0.9708584771204173,1.2039124722217716,1.1325424166391014,1.020469403065052,1
PT_099,61,0.0,31.0,0.0,0.0,0.0,1.0,40.0,F,IV,ER+/PR+,1.0,3.09,100.0,3.15,52.08,72.0,41.5,5307.0,426.0,0.899204987216755,1.391558027167472,1.299944879137426,0.9878615282996395,1
PT_099,82,0.0,21.0,0.0,0.0,0.0,1.0,40.0,F,IV,ER+/PR+,1.0,3.09,100.0,3.0,48.77,69.9,39.1,6298.0,392.0,1.0303442162801006,0.9626669996254212,0.9182298310420183,0.9771689497716894,1
PT_100,0,0.0,21.0,0.0,0.0,0.0,1.0,46.0,F,IV,HER2+,0.0,3.19,100.0,3.22,22.57,56.9,60.0,7522.0,444.0,1.0,1.0,1.0,1.0,0
PT_100,23,0.0,23.0,0.0,0.0,0.0,1.0,46.0,F,IV,HER2+,0.0,3.19,100.0,3.19,40.9,52.8,55.2,7114.0,374.0,0.9863150867823766,1.010307469625861,1.031707880309044,1.0153712868037963,0
PT_100,58,0.0,35.0,0.0,0.0,0.0,1.0,46.0,F,IV,HER2+,0.0,3.19,100.0,3.11,55.19,55.1,56.7,6846.0,465.0,0.9930981012177138,1.024780537731764,1.0167193638018588,1.0281067475555843,1
PT_100,79,0.0,21.0,0.0,0.0,0.0,1.0,46.0,F,IV,HER2+,0.0,3.19,100.0,3.14,52.42,57.7,54.2,6795.0,442.0,0.9913884981029119,0.9942024443748044,0.9697522714918071,0.9724099216167329,0
PT_101,0,0.0,21.0,0.0,0.0,0.0,1.0,37.0,M,IV,HER2+,0.0,5.91,100.0,5.73,23.11,68.9,39.5,5279.0,487.0,1.0,1.0,1.0,1.0,0
PT_101,32,0.0,32.0,0.0,0.0,0.0,1.0,37.0,M,IV,HER2+,0.0,5.91,100.0,5.68,37.49,69.7,37.3,5107.0,500.0,0.969806892136989,1.1298854779256589,1.1456453666582693,1.0053166258202229,0
PT_101,65,0.0,33.0,0.0,0.0,0.0,1.0,37.0,M,IV,HER2+,0.0,5.91,100.0,6.05,45.09,69.0,39.5,4868.0,517.0,0.9729268408325827,1.0971782629687248,1.1214420103325518,1.00297089693724,0
PT_101,86,0.0,21.0,0.0,0.0,0.0,1.0,37.0,M,IV,HER2+,0.0,5.91,100.0,5.93,43.04,68.7,35.5,5478.0,474.0,1.0047749807242279,0.9813629593849373,0.9872604707514924,0.981038419537377,0
PT_102,0,0.0,21.0,0.0,0.0,0.0,1.0,64.0,M,III,Triple Negative,1.0,6.17,100.0,5.97,14.24,60.8,41.6,5471.0,472.0,1.0,1.0,1.0,1.0,0
PT_102,21,0.0,21.0,0.0,0.0,0.0,1.0,64.0,M,III,Triple Negative,1.0,6.17,100.0,6.34,30.49,57.9,42.8,5469.0,461.0,0.9934453530328586,0.9964872641259644,0.9613312982840332,1.0157929035925737,0
PT_102,51,0.0,30.0,0.0,0.0,0.0,1.0,64.0,M,III,Triple Negative,1.0,6.17,100.0,6.27,45.58,59.4,40.1,5137.0,516.0,0.9419911558776564,1.1312626316349323,1.131332065006759,1.002099523378342,0
PT_102,72,0.0,21.0,0.0,0.0,0.0,1.0,64.0,M,III,Triple Negative,1.0,6.17,100.0,6.29,45.81,59.1,45.8,5450.0,521.0,0.9966274402992846,0.9884048181920524,0.9902642424710948,0.964472049689441,0
PT_103,0,0.0,21.0,0.0,0.0,0.0,1.0,64.0,F,III,ER+/PR+,1.0,3.25,100.0,3.28,15.72,66.9,44.5,7229.0,419.0,1.0,1.0,1.0,1.0,1
PT_103,24,0.0,24.0,0.0,0.0,0.0,1.0,64.0,F,III,ER+/PR+,1.0,3.25,100.0,3.22,34.11,61.4,43.6,6465.0,428.0,0.9140656048424077,1.3414662511048054,1.2142504219043768,1.025215571815068,1
PT_103,49,0.0,25.0,0.0,0.0,0.0,1.0,64.0,F,III,ER+/PR+,1.0,3.25,100.0,3.19,44.97,62.5,44.7,6901.0,400.0,0.8918968529685705,1.306000285049171,1.2705637206430669,0.9618534987128481,1
PT_103,70,0.0,21.0,0.0,0.0,0.0,1.0,64.0,F,III,ER+/PR+,1.0,3.25,100.0,3.28,47.42,62.0,41.5,6860.0,392.0,1.0428778826662028,0.8088473541499683,0.854682944606414,0.9782572167893268,1
PT_104,0,0.0,21.0,0.0,0.0,0.0,1.0,62.0,F,III,ER+/PR+,0.0,3.67,100.0,3.64,15.61,78.6,47.1,5783.0,441.0,1.0,1.0,1.0,1.0,0
PT_104,21,0.0,21.0,0.0,0.0,0.0,1.0,62.0,F,III,ER+/PR+,0.0,3.67,100.0,3.78,33.88,77.1,49.2,5121.0,474.0,0.9858056855377357,1.032875206157229,0.9975765461588019,0.9877379931681161,0
PT_104,50,0.0,29.0,0.0,0.0,0.0,1.0,62.0,F,III,ER+/PR+,0.0,3.67,100.0,3.52,51.33,77.0,43.4,4761.0,454.0,0.9405818540433926,1.1079308426810048,1.1911285283985793,1.0071705943991287,0
PT_104,71,0.0,21.0,0.0,0.0,0.0,1.0,62.0,F,III,ER+/PR+,0.0,3.67,100.0,3.62,52.11,77.1,53.8,4545.0,532.0,1.0002614834829597,0.9868881011664561,1.0152612519399897,1.0448424468535877,0
PT_105,0,0.0,21.0,0.0,0.0,0.0,1.0,34.0,F,III,Triple Negative,1.0,3.41,100.0,3.39,16.18,71.5,18.2,4354.0,427.0,1.0,1.0,1.0,1.0,0
PT_105,35,0.0,35.0,0.0,0.0,0.0,1.0,34.0,F,III,Triple Negative,1.0,3.41,100.0,3.25,43.97,75.7,15.6,5056.0,457.0,0.9451282315377483,1.3893653516295024,1.3157906289647785,0.9903270382312299,0
PT_105,67,0.0,32.0,0.0,0.0,0.0,1.0,34.0,F,III,Triple Negative,1.0,3.41,100.0,3.2,55.0,71.0,23.3,3883.0,439.0,0.9261933645273718,1.40174111602683,1.1928207286713945,1.0011548853830732,0
PT_105,88,0.0,21.0,0.0,0.0,0.0,1.0,34.0,F,III,Triple Negative,1.0,3.41,100.0,3.35,53.86,72.0,23.7,4810.0,399.0,1.0045627231247976,0.8684957426679281,1.0221626094098177,1.029930431968937,0
PT_106,0,0.0,21.0,0.0,0.0,0.0,1.0,71.0,F,II,HER2+,0.0,3.49,100.0,3.48,8.87,57.9,47.9,7359.0,476.0,1.0,1.0,1.0,1.0,0
PT_106,30,0.0,30.0,0.0,0.0,0.0,1.0,71.0,F,II,HER2+,0.0,3.49,100.0,3.49,37.62,62.1,48.5,6696.0,471.0,0.8819060395334832,1.2864935064935066,1.282826403013147,0.9836118114610487,0
PT_106,52,0.0,22.0,0.0,0.0,0.0,1.0,71.0,F,II,HER2+,0.0,3.49,100.0,3.61,48.03,57.2,44.3,6059.0,357.0,0.958124093879352,1.0602579961123872,1.0226051950107995,0.951034136326905,0
PT_106,73,0.0,21.0,0.0,0.0,0.0,1.0,71.0,F,II,HER2+,0.0,3.49,100.0,3.33,51.32,62.0,44.7,6679.0,433.0,0.9945194767780834,0.973417841263835,1.032750927589906,1.022734482393994,1
PT_107,0,0.0,21.0,0.0,0.0,0.0,1.0,68.0,M,III,Triple Negative,2.0,5.9,100.0,5.71,14.05,74.3,41.8,5699.0,410.0,1.0,1.0,1.0,1.0,0
PT_107,35,0.0,35.0,0.0,0.0,0.0,1.0,68.0,M,III,Triple Negative,2.0,5.9,100.0,5.9,38.45,83.1,30.9,4105.0,361.0,0.9514823692121964,1.1657425247459223,1.2062144838723885,0.9509212786741671,0
PT_107,60,0.0,25.0,0.0,0.0,0.0,1.0,68.0,M,III,Triple Negative,2.0,5.9,100.0,5.81,43.47,73.8,43.1,6295.0,455.0,0.9338215145667293,1.1621889032650883,1.1783480813409344,1.0141016811371668,0
PT_107,81,0.0,21.0,0.0,0.0,0.0,1.0,68.0,M,III,Triple Negative,2.0,5.9,100.0,5.9,43.31,72.0,41.1,5902.0,420.0,1.0121500829631216,1.0761543308471202,1.0047039802420097,0.9836234421670614,0
PT_108,0,0.0,21.0,0.0,0.0,0.0,1.0,70.0,F,III,ER+/PR+,0.0,4.03,100.0,4.28,15.88,77.8,42.5,7136.0,396.0,1.0,1.0,1.0,1.0,0
PT_108,23,0.0,23.0,0.0,0.0,0.0,1.0,70.0,F,III,ER+/PR+,0.0,4.03,100.0,4.0,37.59,79.5,44.6,7028.0,442.0,0.9983459562984243,1.0042596745789243,1.0244443448646712,0.9943171402383135,0
PT_108,55,0.0,32.0,0.0,0.0,0.0,1.0,70.0,F,III,ER+/PR+,0.0,4.03,100.0,3.82,54.91,82.4,39.5,6855.0,410.0,0.9523237660622073,1.1651964206384464,1.1620409127354587,0.9915403032721468,0
PT_108,76,0.0,21.0,0.0,0.0,0.0,1.0,70.0,F,III,ER+/PR+,0.0,4.03,100.0,4.17,54.81,75.9,43.6,7352.0,401.0,0.9952336873091895,0.932716003285789,1.004173187271779,0.9987685668515633,0
PT_109,0,0.0,21.0,0.0,0.0,0.0,1.0,57.0,F,III,HER2+,0.0,3.95,100.0,3.96,15.1,63.6,47.7,6584.0,550.0,1.0,1.0,1.0,1.0,0
PT_109,23,0.0,23.0,0.0,0.0,0.0,1.0,57.0,F,III,HER2+,0.0,3.95,100.0,3.91,35.75,63.6,45.1,7111.0,523.0,1.0119866378463351,0.9366295527458011,0.9344938803678822,1.0169380752682313,1
PT_109,46,0.0,23.0,0.0,0.0,0.0,1.0,57.0,F,III,HER2+,0.0,3.95,100.0,3.74,46.62,59.0,45.0,6171.0,515.0,0.9592509716170062,1.1037346960831236,1.1160441654834685,0.9938385001450283,1
PT_109,67,0.0,21.0,0.0,0.0,0.0,1.0,57.0,F,III,HER2+,0.0,3.95,100.0,3.8,49.46,60.9,41.0,6869.0,551.0,0.9670409981011544,1.078692103119091,1.052441591344185,0.9510196302649132,0
PT_110,0,0.0,21.0,0.0,0.0,0.0,1.0,36.0,F,III,ER+/PR+,0.0,3.64,100.0,3.62,14.53,67.8,46.4,4322.0,432.0,1.0,1.0,1.0,1.0,0
PT_110,30,0.0,30.0,0.0,0.0,0.0,1.0,36.0,F,III,ER+/PR+,0.0,3.64,100.0,3.6,32.26,69.8,44.1,4290.0,441.0,0.9206046574969359,1.1344920249653259,1.163079338136291,0.9982368861387806,0
PT_110,55,0.0,25.0,0.0,0.0,0.0,1.0,36.0,F,III,ER+/PR+,0.0,3.64,100.0,3.5,38.61,73.0,48.7,3406.0,440.0,0.9675542164000567,1.0537487600132267,1.1876506761896168,0.9899779174452182,0
PT_110,76,0.0,21.0,0.0,0.0,0.0,1.0,36.0,F,III,ER+/PR+,0.0,3.64,100.0,3.7,39.61,67.1,42.7,4412.0,368.0,0.9993985628818335,1.003680953886455,0.9984231489385376,1.0127069695802848,0
PT_111,0,0.0,21.0,0.0,0.0,0.0,1.0,38.0,F,III,ER+/PR+,1.0,5.05,100.0,5.0,15.63,69.2,48.8,6467.0,480.0,1.0,1.0,1.0,1.0,0
PT_111,24,0.0,24.0,0.0,0.0,0.0,1.0,38.0,F,III,ER+/PR+,1.0,5.05,100.0,5.07,34.47,67.4,48.1,6372.0,379.0,0.9731203007518798,1.1757204587543453,1.1499426930043015,1.0165929050070062,0
PT_111,56,0.0,32.0,0.0,0.0,0.0,1.0,38.0,F,III,ER+/PR+,1.0,5.05,100.0,4.91,51.59,67.9,41.5,6337.0,386.0,1.0321738562944593,0.911689650095696,0.9273065112708493,0.9761196145124716,1
PT_111,77,0.0,21.0,0.0,0.0,0.0,1.0,38.0,F,III,ER+/PR+,1.0,5.05,100.0,5.02,51.91,72.2,44.7,6090.0,392.0,1.0184271241454066,0.9815624000852606,0.9806718546953652,1.0122523896927367,0
PT_112,0,0.0,21.0,0.0,0.0,0.0,1.0,37.0,F,II,ER+/PR+,1.0,4.2,100.0,4.22,7.92,68.1,47.7,6833.0,357.0,1.0,1.0,1.0,1.0,1
PT_112,26,0.0,26.0,0.0,0.0,0.0,1.0,37.0,F,II,ER+/PR+,1.0,4.2,100.0,4.06,16.47,64.4,51.6,7712.0,425.0,0.912641764644678,1.2008948153346783,1.1965691959667055,1.0605413713602596,0
PT_112,51,0.0,25.0,0.0,0.0,0.0,1.0,37.0,F,II,ER+/PR+,1.0,4.2,100.0,3.97,23.99,74.5,45.1,7434.0,505.0,0.9502776375567892,1.0898238891754477,1.102885129078623,1.0480033539461273,0
PT_112,72,0.0,21.0,0.0,0.0,0.0,1.0,37.0,F,II,ER+/PR+,1.0,4.2,100.0,4.01,26.21,66.0,51.6,7165.0,459.0,1.0520218840698325,0.9129644921552434,0.8815636677206093,1.0000747440017939,1
PT_113,0,0.0,21.0,0.0,0.0,0.0,1.0,41.0,M,II,Triple Negative,0.0,5.55,100.0,5.41,8.79,70.4,51.3,6565.0,390.0,1.0,1.0,1.0,1.0,0
PT_113,29,0.0,29.0,0.0,0.0,0.0,1.0,41.0,M,II,Triple Negative,0.0,5.55,100.0,5.49,31.46,68.2,43.0,6910.0,423.0,0.9346645913215139,1.1345690300058184,1.1486871947571275,0.9717362337366888,0
PT_113,52,0.0,23.0,0.0,0.0,0.0,1.0,41.0,M,II,Triple Negative,0.0,5.55,100.0,5.42,42.74,73.4,45.2,7565.0,401.0,0.9734138740333192,1.0079593797173048,1.0425737592700697,1.0371415447207821,0
PT_113,73,0.0,21.0,0.0,0.0,0.0,1.0,41.0,M,II,Triple Negative,0.0,5.55,100.0,5.48,44.69,73.8,47.9,6895.0,455.0,1.0253293699775803,0.9662587792339441,0.9233890652858202,0.9913597592680687,0
PT_114,0,0.0,21.0,0.0,0.0,0.0,1.0,63.0,M,II,ER+/PR+,1.0,3.56,100.0,3.62,9.64,66.4,47.8,6633.0,389.0,1.0,1.0,1.0,1.0,1
PT_114,25,0.0,25.0,0.0,0.0,0.0,1.0,63.0,M,II,ER+/PR+,1.0,3.56,100.0,3.67,36.93,62.7,46.6,6928.0,451.0,0.8871867546921988,1.302995391705069,1.274049681653739,1.0265965632213387,1
PT_114,48,0.0,23.0,0.0,0.0,0.0,1.0,63.0,M,II,ER+/PR+,1.0,3.56,100.0,3.76,52.74,71.5,44.9,7884.0,396.0,0.9424991850617199,1.1702040816326533,1.2049244739369598,1.007297826039171,1
PT_114,69,0.0,21.0,0.0,0.0,0.0,1.0,63.0,M,II,ER+/PR+,1.0,3.56,100.0,3.54,57.75,66.5,50.9,8342.0,462.0,0.9645368481933579,1.110552627289029,1.0984623891304839,0.9600853409191928,1
PT_115,0,0.0,21.0,0.0,0.0,0.0,1.0,62.0,F,II,ER+/PR+,0.0,5.71,100.0,5.77,8.29,70.6,56.3,5475.0,404.0,1.0,1.0,1.0,1.0,0
PT_115,26,0.0,26.0,0.0,0.0,0.0,1.0,62.0,F,II,ER+/PR+,0.0,5.71,100.0,5.54,20.92,75.5,52.1,5131.0,384.0,1.036727567500156,0.8991145084386589,0.8711309090152163,1.0260673982006343,0
PT_115,51,0.0,25.0,0.0,0.0,0.0,1.0,62.0,F,II,ER+/PR+,0.0,5.71,100.0,5.74,32.33,71.6,53.2,5879.0,432.0,0.9775108612317913,1.0711622015177165,1.1627728000229576,1.0120359955005624,0
PT_115,72,0.0,21.0,0.0,0.0,0.0,1.0,62.0,F,II,ER+/PR+,0.0,5.71,100.0,5.83,35.84,73.3,56.4,5930.0,401.0,1.0257217247002948,0.9131703202071445,0.8343618105272668,1.0120913569189431,0
PT_116,0,0.0,21.0,0.0,0.0,0.0,1.0,52.0,F,II,ER+/PR+,1.0,5.03,100.0,4.9,9.67,66.0,46.1,3205.0,397.0,1.0,1.0,1.0,1.0,1
PT_116,23,0.0,23.0,0.0,0.0,0.0,1.0,52.0,F,II,ER+/PR+,1.0,5.03,100.0,4.85,36.66,68.8,38.1,3828.0,460.0,0.974311148791861,1.0711541979147614,1.3781724176688772,1.0112196795466386,1
PT_116,52,0.0,29.0,0.0,0.0,0.0,1.0,52.0,F,II,ER+/PR+,1.0,5.03,100.0,5.04,60.03,74.6,44.1,3143.0,571.0,0.878997468715462,1.486602226844488,1.9833213250961936,1.0347966524739391,0
PT_116,73,0.0,21.0,0.0,0.0,0.0,1.0,52.0,F,II,ER+/PR+,1.0,5.03,100.0,4.87,61.42,71.9,41.2,3856.0,489.0,0.9939848925968419,1.0384410037373197,1.0664023040736466,0.992397234641823,0
PT_117,0,0.0,21.0,0.0,0.0,0.0,1.0,53.0,F,III,Triple Negative,0.0,3.22,100.0,3.2,15.21,71.2,53.2,5650.0,540.0,1.0,1.0,1.0,1.0,1
PT_117,30,0.0,30.0,0.0,0.0,0.0,1.0,53.0,F,III,Triple Negative,0.0,3.22,100.0,3.16,36.14,66.1,52.7,6547.0,527.0,0.905404757911885,1.2455439807525162,1.2153765369973306,0.9866071428571429,1
PT_117,60,0.0,30.0,0.0,0.0,0.0,1.0,53.0,F,III,Triple Negative,0.0,3.22,100.0,3.28,48.13,66.7,50.8,6645.0,516.0,0.8695441348502574,1.2908366533864544,1.407402010632938,1.0027736493842119,1
PT_117,81,0.0,21.0,0.0,0.0,0.0,1.0,53.0,F,III,Triple Negative,0.0,3.22,100.0,3.08,46.58,74.8,48.9,6055.0,472.0,1.0142099280030312,0.904258385895322,0.9616075188161801,1.0197866222760292,0
PT_118,0,0.0,21.0,0.0,0.0,0.0,1.0,66.0,F,II,ER+/PR+,0.0,4.33,100.0,4.21,8.26,68.9,50.1,7749.0,356.0,1.0,1.0,1.0,1.0,0
PT_118,23,0.0,23.0,0.0,0.0,0.0,1.0,66.0,F,II,ER+/PR+,0.0,4.33,100.0,4.28,30.69,69.0,45.1,6704.0,403.0,0.9621813065521674,1.1479814417284122,1.0890290498481372,0.9957135689197908,0
PT_118,45,0.0,22.0,0.0,0.0,0.0,1.0,66.0,F,II,ER+/PR+,0.0,4.33,100.0,4.17,44.13,66.2,47.6,6852.0,423.0,1.0236784699675325,0.9933330537968048,0.9952684981326483,1.008284660485869,0
PT_118,66,0.0,21.0,0.0,0.0,0.0,1.0,66.0,F,II,ER+/PR+,0.0,4.33,100.0,4.25,49.55,69.7,38.8,6864.0,417.0,0.9632660156322752,1.071989705068159,1.0439800691913612,1.0123433939127517,0
PT_119,0,0.0,21.0,0.0,0.0,0.0,1.0,64.0,F,III,HER2+,1.0,6.0,100.0,5.93,16.74,71.3,31.9,8097.0,433.0,1.0,1.0,1.0,1.0,0
PT_119,30,0.0,30.0,0.0,0.0,0.0,1.0,64.0,F,III,HER2+,1.0,6.0,100.0,5.91,47.6,69.9,38.3,8389.0,384.0,0.96153591613612,1.0998151571164512,1.0565677156325646,1.004670398231666,0
PT_119,62,0.0,32.0,0.0,0.0,0.0,1.0,64.0,F,III,HER2+,1.0,6.0,100.0,6.06,59.7,70.6,39.1,8397.0,430.0,0.9791089361869386,1.1197323857642554,1.0671429450531418,0.9496094527654493,0
PT_119,83,0.0,21.0,0.0,0.0,0.0,1.0,64.0,F,III,HER2+,1.0,6.0,100.0,5.86,56.79,75.0,35.9,8885.0,404.0,1.0151603498542274,0.9516027838977485,1.0024997654415646,1.0257001967595405,0
PT_120,0,0.0,21.0,0.0,0.0,0.0,1.0,73.0,F,II,HER2+,2.0,6.21,100.0,6.16,8.47,69.6,52.0,7025.0,516.0,1.0,1.0,1.0,1.0,1
PT_120,26,0.0,26.0,0.0,0.0,0.0,1.0,73.0,F,II,HER2+,2.0,6.21,100.0,6.01,28.23,68.7,45.5,6805.0,491.0,0.8895571641473282,1.2593630613139601,1.222091969947248,0.9899674793291814,0
PT_120,55,0.0,29.0,0.0,0.0,0.0,1.0,73.0,F,II,HER2+,2.0,6.21,100.0,6.3,44.88,70.8,48.4,8217.0,498.0,0.9531539888682747,1.0845120226308345,1.1381363643859315,0.9779312668463611,0
PT_120,76,0.0,21.0,0.0,0.0,0.0,1.0,73.0,F,II,HER2+,2.0,6.21,100.0,5.99,47.22,69.4,43.8,6870.0,535.0,1.0221740453369845,0.9651916108487976,0.9911865768043125,1.0100072710573649,0
PT_121,0,0.0,21.0,0.0,0.0,0.0,1.0,69.0,M,III,HER2+,1.0,4.52,100.0,4.19,14.8,72.7,44.5,4284.0,497.0,1.0,1.0,1.0,1.0,0
PT_121,23,0.0,23.0,0.0,0.0,0.0,1.0,69.0,M,III,HER2+,1.0,4.52,100.0,4.52,24.97,78.0,37.7,4210.0,409.0,0.9874464967969894,1.0141519790814186,1.0446150703531476,1.016618728028124,0
PT_121,45,0.0,22.0,0.0,0.0,0.0,1.0,69.0,M,III,HER2+,1.0,4.52,100.0,4.45,30.84,72.2,39.0,4835.0,472.0,0.9977922985611112,0.9819051241645382,0.978892376891721,1.0162497600921245,0
PT_121,66,0.0,21.0,0.0,0.0,0.0,1.0,69.0,M,III,HER2+,1.0,4.52,100.0,4.6,35.32,72.3,39.0,4596.0,458.0,0.9615341856586993,1.1313713126906495,1.2850719103529498,1.0432627309598919,0
PT_122,0,0.0,21.0,0.0,0.0,0.0,1.0,51.0,F,II,HER2+,1.0,4.58,100.0,4.67,8.21,72.7,51.9,6818.0,497.0,1.0,1.0,1.0,1.0,0
PT_122,23,0.0,23.0,0.0,0.0,0.0,1.0,51.0,F,II,HER2+,1.0,4.58,100.0,4.36,27.46,72.9,45.3,6378.0,477.0,0.995797648811107,1.033963905196782,1.0468047914122116,0.9938933500024042,0
PT_122,49,0.0,26.0,0.0,0.0,0.0,1.0,51.0,F,II,HER2+,1.0,4.58,100.0,4.43,44.78,76.8,49.4,6512.0,496.0,0.9518585713682968,1.135831381733021,1.1490257333474532,0.972999575404331,0
PT_122,70,0.0,21.0,0.0,0.0,0.0,1.0,51.0,F,II,HER2+,1.0,4.58,100.0,4.5,50.03,71.5,48.0,6264.0,487.0,1.0188933055407436,0.9143374315334164,0.9177243988564149,1.0011942675159236,0
PT_123,0,0.0,21.0,0.0,0.0,0.0,1.0,56.0,M,II,HER2+,2.0,6.2,100.0,6.2,8.71,81.0,51.6,8418.0,460.0,1.0,1.0,1.0,1.0,0
PT_123,35,0.0,35.0,0.0,0.0,0.0,1.0,56.0,M,II,HER2+,2.0,6.2,100.0,6.29,43.23,80.6,47.5,7703.0,445.0,1.0265573620752646,0.9877270495827197,0.9355751982883448,1.0169165910667592,0
PT_123,57,0.0,22.0,0.0,0.0,0.0,1.0,56.0,M,II,HER2+,2.0,6.2,100.0,6.25,49.49,78.7,49.6,6813.0,466.0,0.9561948349133703,1.1058459696727851,1.142548994666528,0.9938213537435328,0
PT_123,78,0.0,21.0,0.0,0.0,0.0,1.0,56.0,M,II,HER2+,2.0,6.2,100.0,6.24,50.61,76.4,52.1,6832.0,414.0,0.9804690831556503,1.053651198833075,1.0293290306675558,1.0421770800145023,0
PT_124,0,0.0,21.0,0.0,0.0,0.0,1.0,64.0,F,III,ER+/PR+,0.0,4.97,100.0,4.88,15.01,63.0,29.2,7942.0,491.0,1.0,1.0,1.0,1.0,0
PT_124,34,0.0,34.0,0.0,0.0,0.0,1.0,64.0,F,III,ER+/PR+,0.0,4.97,100.0,4.95,45.74,67.4,25.9,6742.0,467.0,0.9454864154250656,1.1224033237456055,1.0706654776368631,1.0085748844442524,0
PT_124,64,0.0,30.0,0.0,0.0,0.0,1.0,64.0,F,III,ER+/PR+,0.0,4.97,100.0,4.83,53.64,66.7,29.4,6615.0,452.0,1.0361855204821195,0.9483347242242623,0.9344530450811367,1.0020285735981689,0
PT_124,85,0.0,21.0,0.0,0.0,0.0,1.0,64.0,F,III,ER+/PR+,0.0,4.97,100.0,4.93,51.68,60.8,25.6,7961.0,440.0,1.0071983765363557,0.8976897689768977,1.0238108485479545,0.9885658561676864,0
PT_125,0,0.0,21.0,0.0,0.0,0.0,1.0,30.0,F,III,ER+/PR+,2.0,2.92,100.0,2.68,14.33,72.6,49.3,5690.0,443.0,1.0,1.0,1.0,1.0,1
PT_125,22,0.0,22.0,0.0,0.0,0.0,1.0,30.0,F,III,ER+/PR+,2.0,2.92,100.0,2.68,29.81,72.9,44.6,5885.0,490.0,0.981438646780854,1.0239709792443885,1.1908444622167624,0.9902110450479404,1
PT_125,47,0.0,25.0,0.0,0.0,0.0,1.0,30.0,F,III,ER+/PR+,2.0,2.92,100.0,2.96,40.11,68.9,49.5,4766.0,455.0,0.9815068796177501,1.075919244645736,1.0681593155112181,0.9831932773109243,1
PT_125,68,0.0,21.0,0.0,0.0,0.0,1.0,30.0,F,III,ER+/PR+,2.0,2.92,100.0,3.1,42.54,77.8,49.4,4683.0,366.0,1.0274913723318138,0.8453259160720764,0.8163685914127091,0.9719484781010623,1
PT_126,0,0.0,21.0,0.0,0.0,0.0,1.0,64.0,F,II,ER+/PR+,1.0,6.18,100.0,6.03,9.59,66.9,51.7,7403.0,309.0,1.0,1.0,1.0,1.0,0
PT_126,27,0.0,27.0,0.0,0.0,0.0,1.0,64.0,F,II,ER+/PR+,1.0,6.18,100.0,6.3,37.52,68.5,52.2,7097.0,346.0,1.0310419014445238,0.9452885369855196,0.9635509369299652,1.0310635671672495,0
PT_126,62,0.0,35.0,0.0,0.0,0.0,1.0,64.0,F,II,ER+/PR+,1.0,6.18,100.0,5.95,58.2,66.6,53.4,7196.0,362.0,1.024299729564342,0.9942587928168626,1.0163868007686958,0.9816124469589816,0
PT_126,83,0.0,21.0,0.0,0.0,0.0,1.0,64.0,F,II,ER+/PR+,1.0,6.18,100.0,6.29,56.5,66.9,52.4,7798.0,328.0,1.0095220845085,1.0017028207596064,1.0381317172145295,0.9311021781807983,0
PT_127,0,0.0,21.0,0.0,0.0,0.0,1.0,66.0,F,IV,Triple Negative,1.0,3.72,100.0,3.82,24.95,67.4,45.3,6593.0,414.0,1.0,1.0,1.0,1.0,1
PT_127,35,0.0,35.0,0.0,0.0,0.0,1.0,66.0,F,IV,Triple Negative,1.0,3.72,100.0,3.7,52.39,70.7,46.2,5432.0,415.0,0.9075004129172758,1.257553615861606,1.3853601357882799,0.9663346179015487,0
PT_127,57,0.0,22.0,0.0,0.0,0.0,1.0,66.0,F,IV,Triple Negative,1.0,3.72,100.0,3.76,53.42,68.7,44.2,5138.0,456.0,0.9875388636335485,1.0373285446834524,0.9946952168789727,1.0191440226188677,1
PT_127,78,0.0,21.0,0.0,0.0,0.0,1.0,66.0,F,IV,Triple Negative,1.0,3.72,100.0,3.54,54.15,64.2,45.9,5630.0,430.0,1.0608481868469577,0.7815421093429392,0.6807834877144681,1.0393004947568223,1
PT_128,0,0.0,21.0,0.0,0.0,0.0,1.0,43.0,M,II,ER+/PR+,1.0,4.94,100.0,4.9,8.37,76.4,59.1,6610.0,452.0,1.0,1.0,1.0,1.0,0
PT_128,24,0.0,24.0,0.0,0.0,0.0,1.0,43.0,M,II,ER+/PR+,1.0,4.94,100.0,4.98,26.59,74.5,62.1,6786.0,421.0,0.9683953703773428,1.0353389140227087,1.0905147641311608,1.0412469957349857,0
PT_128,47,0.0,23.0,0.0,0.0,0.0,1.0,43.0,M,II,ER+/PR+,1.0,4.94,100.0,4.81,40.47,71.1,65.4,6658.0,427.0,0.991677300169501,1.0231187042450796,0.9927169131920257,0.9666361198791705,0
PT_128,68,0.0,21.0,0.0,0.0,0.0,1.0,43.0,M,II,ER+/PR+,1.0,4.94,100.0,5.0,47.6,71.2,64.6,6203.0,421.0,0.9893960179452004,1.0168679961694194,0.9765474163373689,1.022274109093431,0
PT_129,0,0.0,21.0,0.0,0.0,0.0,1.0,32.0,F,III,ER+/PR+,1.0,3.41,100.0,3.53,16.53,64.8,43.0,6663.0,421.0,1.0,1.0,1.0,1.0,1
PT_129,24,0.0,24.0,0.0,0.0,0.0,1.0,32.0,F,III,ER+/PR+,1.0,3.41,100.0,3.42,30.21,59.1,42.5,7088.0,404.0,0.9194030085971173,1.1524108884828588,1.1690553344328727,0.9570069679359298,0
PT_129,50,0.0,26.0,0.0,0.0,0.0,1.0,32.0,F,III,ER+/PR+,1.0,3.41,100.0,3.44,40.93,57.7,50.6,6329.0,429.0,1.0255637550348393,0.9436807187571492,0.9407974061186114,1.0312465360314313,1
PT_129,71,0.0,21.0,0.0,0.0,0.0,1.0,32.0,F,III,ER+/PR+,1.0,3.41,100.0,3.31,44.39,64.3,46.3,6740.0,356.0,1.024218499946655,0.992791612057667,1.0935904956443017,0.9632723252671662,0
PT_130,0,0.0,21.0,0.0,0.0,0.0,1.0,30.0,F,IV,ER+/PR+,1.0,2.93,100.0,2.99,23.44,76.9,59.2,7690.0,525.0,1.0,1.0,1.0,1.0,0
PT_130,23,0.0,23.0,0.0,0.0,0.0,1.0,30.0,F,IV,ER+/PR+,1.0,2.93,100.0,2.97,36.87,77.8,53.6,7833.0,528.0,0.9590348006047175,1.0709089742767337,1.0706739610789677,1.0085704815568919,0
PT_130,49,0.0,26.0,0.0,0.0,0.0,1.0,30.0,F,IV,ER+/PR+,1.0,2.93,100.0,2.88,46.66,75.1,50.2,7481.0,520.0,0.9863562707964821,1.0612958747432124,1.0736355733615541,0.9902186530666616,0
PT_130,70,0.0,21.0,0.0,0.0,0.0,1.0,30.0,F,IV,ER+/PR+,1.0,2.93,100.0,3.02,46.4,70.4,58.8,7856.0,456.0,1.006764987640888,1.0105008791662162,1.0281796409197514,0.9884783319548367,0
PT_131,0,0.0,21.0,0.0,0.0,0.0,1.0,34.0,F,III,ER+/PR+,1.0,3.95,100.0,3.85,16.0,73.0,41.2,6020.0,451.0,1.0,1.0,1.0,1.0,0
PT_131,27,0.0,27.0,0.0,0.0,0.0,1.0,34.0,F,III,ER+/PR+,1.0,3.95,100.0,3.84,38.54,74.1,45.7,6098.0,431.0,0.9034643658933839,1.223809027415824,1.1743967094456538,1.0097364046544763,0
PT_131,49,0.0,22.0,0.0,0.0,0.0,1.0,34.0,F,III,ER+/PR+,1.0,3.95,100.0,3.97,47.11,72.2,40.8,6632.0,438.0,0.9750310090060939,1.064058640745757,1.092570303096619,1.0303491878019009,0
PT_131,70,0.0,21.0,0.0,0.0,0.0,1.0,34.0,F,III,ER+/PR+,1.0,3.95,100.0,3.79,50.37,74.4,43.6,6651.0,469.0,1.0048605240912936,0.8753799392097266,0.9119301790759347,0.9824920154736432,0
PT_132,0,0.0,21.0,0.0,0.0,0.0,1.0,55.0,M,III,HER2+,1.0,5.69,100.0,5.51,15.84,65.9,58.5,5996.0,450.0,1.0,1.0,1.0,1.0,0
PT_132,26,0.0,26.0,0.0,0.0,0.0,1.0,55.0,M,III,HER2+,1.0,5.69,100.0,5.58,36.8,64.6,62.9,6447.0,443.0,0.9919087556599809,1.0312524935500171,1.059474610662922,0.9486266413028349,0
PT_132,57,0.0,31.0,0.0,0.0,0.0,1.0,55.0,M,III,HER2+,1.0,5.69,100.0,5.58,53.07,65.9,61.9,6139.0,460.0,0.9848868625464371,1.0320914438758428,1.0045443673762258,0.9988736486415359,0
PT_132,78,0.0,21.0,0.0,0.0,0.0,1.0,55.0,M,III,HER2+,1.0,5.69,100.0,5.84,54.68,67.3,67.4,5743.0,425.0,1.0320986004876582,0.9818980637910188,0.9602775365510501,1.022465649737708,0
PT_133,0,0.0,21.0,0.0,0.0,0.0,1.0,43.0,F,III,HER2+,0.0,3.83,100.0,3.8,14.91,64.8,34.6,4654.0,419.0,1.0,1.0,1.0,1.0,0
PT_133,33,0.0,33.0,0.0,0.0,0.0,1.0,43.0,F,III,HER2+,0.0,3.83,100.0,3.75,38.77,63.9,38.9,4990.0,446.0,0.9284720842439895,1.1661974129840456,1.2055195416520967,1.0230544334590577,0
PT_133,54,0.0,21.0,0.0,0.0,0.0,1.0,43.0,F,III,HER2+,0.0,3.83,100.0,3.83,43.16,63.2,42.4,6226.0,416.0,0.997224207112626,0.9972054148292483,1.0035020170457294,0.9922861909817772,0
PT_133,75,0.0,21.0,0.0,0.0,0.0,1.0,43.0,F,III,HER2+,0.0,3.83,100.0,3.77,44.2,70.0,42.3,5578.0,420.0,1.0108839158450635,1.0117302052785924,1.0367383204109908,0.9873334067628593,0
PT_134,0,0.0,21.0,0.0,0.0,0.0,1.0,68.0,M,III,ER+/PR+,2.0,3.61,100.0,3.65,14.7,65.3,48.7,7018.0,364.0,1.0,1.0,1.0,1.0,1
PT_134,28,0.0,28.0,0.0,0.0,0.0,1.0,68.0,M,III,ER+/PR+,2.0,3.61,100.0,3.8,36.06,67.0,49.2,6460.0,374.0,0.8761465221353916,1.3769822869331354,1.3920773208492379,0.9939054741468271,1
PT_134,49,0.0,21.0,0.0,0.0,0.0,1.0,68.0,M,III,ER+/PR+,2.0,3.61,100.0,3.61,42.75,66.7,46.8,7621.0,452.0,0.9967853595029338,0.9921690869003268,1.0311779064175841,1.0145758270553553,0
PT_134,70,0.0,21.0,0.0,0.0,0.0,1.0,68.0,M,III,ER+/PR+,2.0,3.61,100.0,3.54,44.06,62.9,49.0,6689.0,392.0,0.950959301049304,1.1136257317335292,1.0620106253750348,1.0231866058979977,1
PT_135,0,0.0,21.0,0.0,0.0,0.0,1.0,56.0,F,III,ER+/PR+,1.0,3.59,100.0,3.55,15.37,75.1,30.4,5848.0,405.0,1.0,1.0,1.0,1.0,1
PT_135,22,0.0,22.0,0.0,0.0,0.0,1.0,56.0,F,III,ER+/PR+,1.0,3.59,100.0,3.62,34.35,75.9,35.0,5799.0,354.0,0.9791366549103373,1.2395163707824004,1.12126352755809,0.9492707939309881,0
PT_135,51,0.0,29.0,0.0,0.0,0.0,1.0,56.0,F,III,ER+/PR+,1.0,3.59,100.0,3.57,51.52,76.1,36.3,5944.0,407.0,0.9156602767668806,1.3667610190052568,1.3574859578645049,0.9798812073385591,0
PT_135,72,0.0,21.0,0.0,0.0,0.0,1.0,56.0,F,III,ER+/PR+,1.0,3.59,100.0,3.45,52.15,79.2,32.4,5987.0,402.0,1.0191807542262679,0.9335271249956221,0.9996351499555273,1.0159535895576504,0
PT_136,0,0.0,21.0,0.0,0.0,0.0,1.0,38.0,F,II,HER2+,0.0,4.71,100.0,4.55,9.8,71.7,56.0,7043.0,435.0,1.0,1.0,1.0,1.0,0
PT_136,31,0.0,31.0,0.0,0.0,0.0,1.0,38.0,F,II,HER2+,0.0,4.71,100.0,4.58,36.84,71.7,60.2,8437.0,438.0,0.9957691721298977,1.0039049788480312,1.0132408009507365,1.040845946506324,0
PT_136,62,0.0,31.0,0.0,0.0,0.0,1.0,38.0,F,II,HER2+,0.0,4.71,100.0,4.63,55.51,70.6,60.2,7311.0,428.0,0.923916110222891,1.1383270467329958,1.1404333870664758,1.009766874720817,0
PT_136,83,0.0,21.0,0.0,0.0,0.0,1.0,38.0,F,II,HER2+,0.0,4.71,100.0,4.76,58.8,67.9,54.1,8681.0,453.0,1.0992035308441557,0.836125189703061,0.838108659228761,1.0516358378020123,1
PT_137,0,0.0,21.0,0.0,0.0,0.0,1.0,44.0,M,II,Triple Negative,1.0,6.41,100.0,6.29,9.07,62.7,46.0,6182.0,435.0,1.0,1.0,1.0,1.0,0
PT_137,26,0.0,26.0,0.0,0.0,0.0,1.0,44.0,M,II,Triple Negative,1.0,6.41,100.0,6.29,30.34,63.9,42.3,5634.0,448.0,0.9240067322894885,1.163495041543822,1.2167771391489755,1.025549426274,0
PT_137,58,0.0,32.0,0.0,0.0,0.0,1.0,44.0,M,II,Triple Negative,1.0,6.41,100.0,6.46,49.71,65.0,45.1,5009.0,462.0,0.999000526749416,0.9972236244321049,1.0047150346176772,0.9757909308842894,0
PT_137,79,0.0,21.0,0.0,0.0,0.0,1.0,44.0,M,II,Triple Negative,1.0,6.41,100.0,6.54,48.28,65.0,37.3,6078.0,450.0,0.976514296216557,1.0164703955897005,1.037124360734193,1.0141714285714285,0
PT_138,0,0.0,21.0,0.0,0.0,0.0,1.0,44.0,M,III,ER+/PR+,1.0,4.5,100.0,4.29,16.16,76.6,49.1,7325.0,488.0,1.0,1.0,1.0,1.0,1
PT_138,27,0.0,27.0,0.0,0.0,0.0,1.0,44.0,M,III,ER+/PR+,1.0,4.5,100.0,4.65,42.73,75.7,47.0,7414.0,473.0,0.9266512895785279,1.2363070337581477,1.2638527105352881,0.9715283577556753,1
PT_138,53,0.0,26.0,0.0,0.0,0.0,1.0,44.0,M,III,ER+/PR+,1.0,4.5,100.0,4.52,54.03,71.7,54.8,6648.0,489.0,0.9817627992345842,1.0532552256690189,1.0387926156586877,0.9856546441912295,1
PT_138,74,0.0,21.0,0.0,0.0,0.0,1.0,44.0,M,III,ER+/PR+,1.0,4.5,100.0,4.51,55.99,75.5,50.2,6970.0,521.0,0.9777825886937462,1.0600060919890344,1.0114492006188758,1.0161429806860767,0
PT_139,0,0.0,21.0,0.0,0.0,0.0,1.0,55.0,M,IV,HER2+,1.0,4.86,100.0,4.82,24.63,76.2,48.9,4051.0,440.0,1.0,1.0,1.0,1.0,0
PT_139,21,0.0,21.0,0.0,0.0,0.0,1.0,55.0,M,IV,HER2+,1.0,4.86,100.0,4.98,43.07,72.7,47.8,4831.0,437.0,1.0275257892281375,0.8569821403459429,0.6802743762912643,1.0081874363717183,1
PT_139,42,0.0,21.0,0.0,0.0,0.0,1.0,55.0,M,IV,HER2+,1.0,4.86,100.0,4.85,51.16,73.2,49.5,4727.0,456.0,1.0108249898400268,0.911725778619176,1.014083188827042,0.9757184228113166,1
PT_139,63,0.0,21.0,0.0,0.0,0.0,1.0,55.0,M,IV,HER2+,1.0,4.86,100.0,4.88,53.87,77.7,47.8,5229.0,474.0,0.949386610964701,1.2246206454370592,1.357698626497598,1.0179985752001006,0
PT_140,0,0.0,21.0,0.0,0.0,0.0,1.0,71.0,F,III,ER+/PR+,1.0,5.98,100.0,5.87,14.05,73.7,70.7,5977.0,380.0,1.0,1.0,1.0,1.0,0
PT_140,31,0.0,31.0,0.0,0.0,0.0,1.0,71.0,F,III,ER+/PR+,1.0,5.98,100.0,6.0,32.85,70.6,63.7,5715.0,447.0,0.888009114868053,1.1558034214021669,1.2983973328918452,0.9509516113071873,0
PT_140,62,0.0,31.0,0.0,0.0,0.0,1.0,71.0,F,III,ER+/PR+,1.0,5.98,100.0,5.89,42.72,70.2,71.8,5724.0,438.0,0.968847488905488,1.038528697775443,1.0993769056695255,0.9552594471103921,0
PT_140,83,0.0,21.0,0.0,0.0,0.0,1.0,71.0,F,III,ER+/PR+,1.0,5.98,100.0,6.23,40.18,73.9,71.3,6059.0,448.0,1.0000718055505693,0.9943830349633547,0.98812854529523,1.0326271232786812,0
PT_141,0,0.0,21.0,0.0,0.0,0.0,1.0,42.0,F,II,HER2+,0.0,4.78,100.0,4.73,9.54,66.4,52.3,7245.0,557.0,1.0,1.0,1.0,1.0,1
PT_141,23,0.0,23.0,0.0,0.0,0.0,1.0,42.0,F,II,HER2+,0.0,4.78,100.0,4.51,31.34,67.2,48.6,6527.0,436.0,0.9722682119205298,1.025341065820303,1.1035952281123873,0.9872187218721872,0
PT_141,51,0.0,28.0,0.0,0.0,0.0,1.0,42.0,F,II,HER2+,0.0,4.78,100.0,4.66,52.94,64.5,49.5,6314.0,437.0,0.9714177576220441,1.0271690313607698,1.029317925542609,1.003059858481545,0
PT_141,72,0.0,21.0,0.0,0.0,0.0,1.0,42.0,F,II,HER2+,0.0,4.78,100.0,4.69,56.34,72.5,46.7,6980.0,480.0,1.0519007116819996,0.8591559966664142,0.9349938172000595,0.9728386672046551,0
PT_142,0,0.0,21.0,0.0,0.0,0.0,1.0,61.0,F,III,ER+/PR+,1.0,3.48,100.0,3.46,13.91,63.5,43.5,6745.0,437.0,1.0,1.0,1.0,1.0,1
PT_142,33,0.0,33.0,0.0,0.0,0.0,1.0,61.0,F,III,ER+/PR+,1.0,3.48,100.0,3.49,37.68,62.2,44.8,6831.0,460.0,0.8923269576457759,1.3991163475699555,1.274515340287968,0.9797449993167746,0
PT_142,59,0.0,26.0,0.0,0.0,0.0,1.0,61.0,F,III,ER+/PR+,1.0,3.48,100.0,3.36,43.88,64.1,44.1,7591.0,467.0,0.953938618374228,1.1199203481082678,1.0695995707945178,1.0072726107711532,1
PT_142,80,0.0,21.0,0.0,0.0,0.0,1.0,61.0,F,III,ER+/PR+,1.0,3.48,100.0,3.53,43.9,66.4,42.8,7584.0,433.0,1.0487850293268783,0.8631350144663603,0.903182448469175,1.0218550106609807,1
PT_143,0,0.0,21.0,0.0,0.0,0.0,1.0,68.0,M,III,ER+/PR+,2.0,3.91,100.0,3.83,15.14,75.4,48.2,5999.0,367.0,1.0,1.0,1.0,1.0,0
PT_143,30,0.0,30.0,0.0,0.0,0.0,1.0,68.0,M,III,ER+/PR+,2.0,3.91,100.0,3.79,36.24,72.4,47.1,6332.0,396.0,0.9488460708893524,1.1623608981164721,1.1794557315274001,1.0064224960944281,0
PT_143,56,0.0,26.0,0.0,0.0,0.0,1.0,68.0,M,III,ER+/PR+,2.0,3.91,100.0,3.9,45.19,71.7,47.0,5983.0,423.0,0.9215762312442204,1.1785908069141926,1.2026407482119934,1.0062841753040073,0
PT_143,77,0.0,21.0,0.0,0.0,0.0,1.0,68.0,M,III,ER+/PR+,2.0,3.91,100.0,3.88,46.57,73.2,44.3,6220.0,346.0,0.9983776363409459,1.01304381785519,1.0049382568610123,0.9853522326604984,0
PT_144,0,0.0,21.0,0.0,0.0,0.0,1.0,61.0,F,II,Triple Negative,0.0,3.95,100.0,4.04,8.87,71.3,38.1,6085.0,480.0,1.0,1.0,1.0,1.0,1
PT_144,29,0.0,29.0,0.0,0.0,0.0,1.0,61.0,F,II,Triple Negative,0.0,3.95,100.0,3.74,23.54,72.1,35.5,6905.0,481.0,0.8733160360274778,1.494680440983733,1.4368790154599946,0.9749608603558894,0
PT_144,64,0.0,35.0,0.0,0.0,0.0,1.0,61.0,F,II,Triple Negative,0.0,3.95,100.0,3.75,42.81,75.5,33.6,6263.0,403.0,1.0621739502266312,0.8414826364761112,0.8779418550992155,0.9920029872110029,1
PT_144,85,0.0,21.0,0.0,0.0,0.0,1.0,61.0,F,II,Triple Negative,0.0,3.95,100.0,3.97,43.29,67.3,39.5,6249.0,468.0,0.9847014011853994,1.1521607227128698,1.0163357180486539,0.9859907023495414,0
PT_145,0,0.0,21.0,0.0,0.0,0.0,1.0,33.0,F,II,ER+/PR+,1.0,4.27,100.0,4.23,8.28,59.4,72.9,7006.0,370.0,1.0,1.0,1.0,1.0,0
PT_145,29,0.0,29.0,0.0,0.0,0.0,1.0,33.0,F,II,ER+/PR+,1.0,4.27,100.0,4.22,27.88,61.3,75.4,6630.0,454.0,0.9483888080635957,1.0415457002702975,1.1007831722496502,1.0164654483957347,0
PT_145,54,0.0,25.0,0.0,0.0,0.0,1.0,33.0,F,II,ER+/PR+,1.0,4.27,100.0,4.23,40.46,53.8,76.8,7105.0,387.0,0.9648155056233285,1.0607542511787282,1.118153105941771,0.9776439933848112,0
PT_145,75,0.0,21.0,0.0,0.0,0.0,1.0,33.0,F,II,ER+/PR+,1.0,4.27,100.0,4.27,42.55,59.1,77.7,6870.0,413.0,1.0117685518143185,1.0356417334260204,1.0156301523445228,1.0401116644388981,0
PT_146,0,0.0,21.0,0.0,0.0,0.0,1.0,59.0,F,III,Triple Negative,0.0,4.38,100.0,4.18,16.46,66.3,45.3,5534.0,501.0,1.0,1.0,1.0,1.0,0
PT_146,31,0.0,31.0,0.0,0.0,0.0,1.0,59.0,F,III,Triple Negative,0.0,4.38,100.0,4.36,44.57,59.8,45.0,5229.0,458.0,1.021016893238581,0.8722794715012613,0.9137902091425328,1.0338614010060816,1
PT_146,59,0.0,28.0,0.0,0.0,0.0,1.0,59.0,F,III,Triple Negative,0.0,4.38,100.0,4.26,56.41,65.3,41.0,4936.0,424.0,0.8769667788141909,1.3818941162019407,1.4426842115724823,1.0095166809238665,0
PT_146,80,0.0,21.0,0.0,0.0,0.0,1.0,59.0,F,III,Triple Negative,0.0,4.38,100.0,4.23,56.79,59.4,45.8,6152.0,419.0,1.0020703933747412,1.0362823061630217,1.0043927195821842,1.0107036880033913,0
PT_147,0,0.0,21.0,0.0,0.0,0.0,1.0,66.0,F,III,Triple Negative,1.0,5.76,100.0,5.75,14.75,68.3,49.3,5540.0,458.0,1.0,1.0,1.0,1.0,0
PT_147,24,0.0,24.0,0.0,0.0,0.0,1.0,66.0,F,III,Triple Negative,1.0,5.76,100.0,5.84,29.48,74.9,50.5,5174.0,437.0,0.9652010866355636,1.0699288304747363,1.124131154275258,0.9936877404083243,0
PT_147,56,0.0,32.0,0.0,0.0,0.0,1.0,66.0,F,III,Triple Negative,1.0,5.76,100.0,5.62,44.57,72.6,52.2,5597.0,455.0,0.946843853820598,1.100216182828907,1.1302645244969662,1.0341143079748456,0
PT_147,77,0.0,21.0,0.0,0.0,0.0,1.0,66.0,F,III,Triple Negative,1.0,5.76,100.0,5.73,44.0,73.0,41.6,5828.0,425.0,1.0302021228407379,0.9089720892099666,0.9179403851788711,0.977485907165245,0
PT_148,0,0.0,21.0,0.0,0.0,0.0,1.0,52.0,F,II,HER2+,1.0,4.09,100.0,4.05,7.24,67.9,64.3,6657.0,471.0,1.0,1.0,1.0,1.0,0
PT_148,21,0.0,21.0,0.0,0.0,0.0,1.0,52.0,F,II,HER2+,1.0,4.09,100.0,4.14,21.18,63.8,67.0,7736.0,446.0,0.9531868670941519,1.0188601836545073,1.0542010662251144,0.9967808106368006,0
PT_148,44,0.0,23.0,0.0,0.0,0.0,1.0,52.0,F,II,HER2+,1.0,4.09,100.0,4.0,32.24,66.9,65.3,7635.0,414.0,1.038298905456532,0.9512964260686755,0.9393583587886557,0.9963234076380378,0
PT_148,65,0.0,21.0,0.0,0.0,0.0,1.0,52.0,F,II,HER2+,1.0,4.09,100.0,4.04,35.48,64.0,66.0,8109.0,514.0,0.9840538762240199,1.0610727562400426,1.1020583330608509,1.0312352848846336,0
PT_149,0,0.0,21.0,0.0,0.0,0.0,1.0,68.0,F,II,ER+/PR+,1.0,4.53,100.0,4.34,7.28,74.6,49.4,7550.0,420.0,1.0,1.0,1.0,1.0,0
PT_149,34,0.0,34.0,0.0,0.0,0.0,1.0,68.0,F,II,ER+/PR+,1.0,4.53,100.0,4.49,30.62,71.5,57.2,6300.0,438.0,0.9370546995231127,1.1340993090149445,1.0733559820672989,1.0315309835322222,0
PT_149,60,0.0,26.0,0.0,0.0,0.0,1.0,68.0,F,II,ER+/PR+,1.0,4.53,100.0,4.55,39.91,76.2,51.0,7637.0,374.0,0.9614311422677307,1.1012094207511138,1.1071810681193568,0.9604732271079806,0
PT_149,81,0.0,21.0,0.0,0.0,0.0,1.0,68.0,F,II,ER+/PR+,1.0,4.53,100.0,4.49,41.57,71.9,55.2,7590.0,411.0,1.011026011026011,1.0019116507362438,0.9887821408998894,1.0057096247960848,0
PT_150,0,0.0,21.0,0.0,0.0,0.0,1.0,74.0,F,II,ER+/PR+,0.0,5.11,100.0,5.13,8.01,57.9,39.3,6695.0,389.0,1.0,1.0,1.0,1.0,0
PT_150,22,0.0,22.0,0.0,0.0,0.0,1.0,74.0,F,II,ER+/PR+,0.0,5.11,100.0,5.23,23.81,56.3,39.4,5979.0,455.0,1.0245682108550607,0.9529863321475379,0.9136606539093168,0.9881126173096976,0
PT_150,51,0.0,29.0,0.0,0.0,0.0,1.0,74.0,F,II,ER+/PR+,0.0,5.11,100.0,5.28,42.46,59.7,35.5,5380.0,435.0,0.9169708988220785,1.2831162999550967,1.2140831312127789,0.983371787731721,0
PT_150,72,0.0,21.0,0.0,0.0,0.0,1.0,74.0,F,II,ER+/PR+,0.0,5.11,100.0,5.22,44.92,62.3,41.4,6568.0,442.0,1.0918139872466173,0.8427125697531447,0.8383631412707068,1.0158881366311707,0
PT_001,21,3.0,24.0,0.0,0.0,0.0,1.0,68.0,F,III,HER2+,1.0,5.33,100.0,5.31,44.22,76.8,43.2,5136.0,519.0,1.0141932731280665,1.0427209905720964,1.0672193021048,1.0072570123939988,0
PT_001,21,7.0,28.0,0.0,0.0,0.0,1.0,68.0,F,III,HER2+,1.0,5.33,100.0,5.31,44.22,76.8,43.2,5136.0,519.0,1.0141932731280665,1.0427209905720964,1.0672193021048,1.0072570123939988,0
PT_001,21,14.0,35.0,0.0,0.0,0.0,1.0,68.0,F,III,HER2+,1.0,5.33,100.0,5.31,44.22,76.8,43.2,5136.0,519.0,1.0141932731280665,1.0427209905720964,1.0672193021048,1.0072570123939988,0
PT_001,42,3.0,11.0,0.0,0.0,1.0,0.0,68.0,F,III,HER2+,1.0,5.33,100.0,1.58,48.15,86.1,22.5,2361.0,486.0,1.0401553664248586,0.9066233766233767,0.7741673870865096,1.0400327695243423,0
PT_001,42,7.0,15.0,0.0,0.0,0.0,1.0,68.0,F,III,HER2+,1.0,5.33,100.0,1.58,48.15,86.1,22.5,2361.0,486.0,1.0401553664248586,0.9066233766233767,0.7741673870865096,1.0400327695243423,0
PT_001,42,14.0,22.0,0.0,0.0,0.0,1.0,68.0,F,III,HER2+,1.0,5.33,100.0,1.58,48.15,86.1,22.5,2361.0,486.0,1.0401553664248586,0.9066233766233767,0.7741673870865096,1.0400327695243423,0
PT_002,21,3.0,24.0,0.0,0.0,0.0,1.0,58.0,F,IV,Triple Negative,0.0,3.13,100.0,3.1,56.98,82.3,35.5,3950.0,377.0,1.0430073318881645,0.8581016299137105,0.8180075473517957,1.005055712622651,1
PT_002,21,7.0,28.0,0.0,0.0,0.0,1.0,58.0,F,IV,Triple Negative,0.0,3.13,100.0,3.1,56.98,82.3,35.5,3950.0,377.0,1.0430073318881645,0.8581016299137105,0.8180075473517957,1.005055712622651,1
PT_002,21,14.0,35.0,0.0,0.0,0.0,1.0,58.0,F,IV,Triple Negative,0.0,3.13,100.0,3.1,56.98,82.3,35.5,3950.0,377.0,1.0430073318881645,0.8581016299137105,0.8180075473517957,1.005055712622651,1
PT_002,42,3.0,20.0,0.0,0.0,0.0,1.0,58.0,F,IV,Triple Negative,0.0,3.13,100.0,0.16,66.95,93.4,26.7,2629.0,426.0,1.0670756058209931,0.7560613050387001,0.6594910362116352,1.0390899103377396,1
PT_002,42,7.0,24.0,0.0,0.0,0.0,1.0,58.0,F,IV,Triple Negative,0.0,3.13,100.0,0.16,66.95,93.4,26.7,2629.0,426.0,1.0670756058209931,0.7560613050387001,0.6594910362116352,1.0390899103377396,1
PT_002,42,14.0,31.0,0.0,0.0,0.0,1.0,58.0,F,IV,Triple Negative,0.0,3.13,100.0,0.16,66.95,93.4,26.7,2629.0,426.0,1.0670756058209931,0.7560613050387001,0.6594910362116352,1.0390899103377396,1
PT_003,21,3.0,24.0,0.0,0.0,0.0,1.0,44.0,M,II,Triple Negative,1.0,3.31,100.0,3.1,33.64,75.2,43.1,2748.0,539.0,0.9763752146225902,1.0387544423760366,1.2018394116388198,0.9746724193032917,0
PT_003,21,7.0,28.0,0.0,0.0,0.0,1.0,44.0,M,II,Triple Negative,1.0,3.31,100.0,3.1,33.64,75.2,43.1,2748.0,539.0,0.9763752146225902,1.0387544423760366,1.2018394116388198,0.9746724193032917,0
PT_003,21,14.0,35.0,0.0,0.0,0.0,1.0,44.0,M,II,Triple Negative,1.0,3.31,100.0,3.1,33.64,75.2,43.1,2748.0,539.0,0.9763752146225902,1.0387544423760366,1.2018394116388198,0.9746724193032917,0
PT_003,42,3.0,12.0,0.0,0.0,1.0,0.0,44.0,M,II,Triple Negative,1.0,3.31,100.0,1.88,44.66,84.3,33.9,2386.0,508.0,1.0374958267616823,0.903650193121449,0.7728200695563974,1.0181225819588677,0
PT_003,42,7.0,16.0,0.0,0.0,0.0,1.0,44.0,M,II,Triple Negative,1.0,3.31,100.0,1.88,44.66,84.3,33.9,2386.0,508.0,1.0374958267616823,0.903650193121449,0.7728200695563974,1.0181225819588677,0
PT_003,42,14.0,23.0,0.0,0.0,0.0,1.0,44.0,M,II,Triple Negative,1.0,3.31,100.0,1.88,44.66,84.3,33.9,2386.0,508.0,1.0374958267616823,0.903650193121449,0.7728200695563974,1.0181225819588677,0
PT_004,21,3.0,24.0,0.0,0.0,0.0,1.0,72.0,F,II,ER+/PR+,1.0,2.81,100.0,2.74,23.84,68.2,53.9,5458.0,362.0,0.9725502119968242,1.1136216509699917,1.017823224461233,1.0049153126076202,1
PT_004,21,7.0,28.0,0.0,0.0,0.0,1.0,72.0,F,II,ER+/PR+,1.0,2.81,100.0,2.74,23.84,68.2,53.9,5458.0,362.0,0.9725502119968242,1.1136216509699917,1.017823224461233,1.0049153126076202,1
PT_004,21,14.0,35.0,0.0,0.0,0.0,1.0,72.0,F,II,ER+/PR+,1.0,2.81,100.0,2.74,23.84,68.2,53.9,5458.0,362.0,0.9725502119968242,1.1136216509699917,1.017823224461233,1.0049153126076202,0
PT_004,42,3.0,11.0,0.0,0.0,1.0,0.0,72.0,F,II,ER+/PR+,1.0,2.81,100.0,0.87,29.93,82.8,32.9,3652.0,426.0,1.0821112604569982,0.8551351485332572,0.8110698586521831,0.9844291490180977,0
PT_004,42,7.0,15.0,0.0,0.0,0.0,1.0,72.0,F,II,ER+/PR+,1.0,2.81,100.0,0.87,29.93,82.8,32.9,3652.0,426.0,1.0821112604569982,0.8551351485332572,0.8110698586521831,0.9844291490180977,0
PT_004,42,14.0,22.0,0.0,0.0,0.0,1.0,72.0,F,II,ER+/PR+,1.0,2.81,100.0,0.87,29.93,82.8,32.9,3652.0,426.0,1.0821112604569982,0.8551351485332572,0.8110698586521831,0.9844291490180977,0
PT_005,21,3.0,24.0,0.0,0.0,0.0,1.0,37.0,F,III,Triple Negative,1.0,3.23,100.0,3.12,48.01,65.5,45.9,5722.0,393.0,1.0016124626622376,1.0035452611675726,0.9767343551039557,1.0241443895794313,1
PT_005,21,7.0,28.0,0.0,0.0,0.0,1.0,37.0,F,III,Triple Negative,1.0,3.23,100.0,3.12,48.01,65.5,45.9,5722.0,393.0,1.0016124626622376,1.0035452611675726,0.9767343551039557,1.0241443895794313,1
PT_005,21,14.0,35.0,0.0,0.0,0.0,1.0,37.0,F,III,Triple Negative,1.0,3.23,100.0,3.12,48.01,65.5,45.9,5722.0,393.0,1.0016124626622376,1.0035452611675726,0.9767343551039557,1.0241443895794313,0
PT_005,42,3.0,15.0,0.0,0.0,0.0,1.0,37.0,F,III,Triple Negative,1.0,3.23,100.0,0.27,59.37,83.1,22.9,3473.0,390.0,1.1203670621862014,0.7042595312599784,0.7097199143725393,1.0141530695032903,1
PT_005,42,7.0,19.0,0.0,0.0,0.0,1.0,37.0,F,III,Triple Negative,1.0,3.23,100.0,0.27,59.37,83.1,22.9,3473.0,390.0,1.1203670621862014,0.7042595312599784,0.7097199143725393,1.0141530695032903,0
PT_005,42,14.0,26.0,0.0,0.0,0.0,1.0,37.0,F,III,Triple Negative,1.0,3.23,100.0,0.27,59.37,83.1,22.9,3473.0,390.0,1.1203670621862014,0.7042595312599784,0.7097199143725393,1.0141530695032903,0
PT_006,21,3.0,24.0,0.0,0.0,0.0,1.0,50.0,M,II,ER+/PR+,2.0,4.55,100.0,4.47,33.72,80.6,37.8,6050.0,471.0,1.0488191319224904,0.851054834481884,0.837851356479737,0.9721536010290742,1
PT_006,21,7.0,28.0,0.0,0.0,0.0,1.0,50.0,M,II,ER+/PR+,2.0,4.55,100.0,4.47,33.72,80.6,37.8,6050.0,471.0,1.0488191319224904,0.851054834481884,0.837851356479737,0.9721536010290742,0
PT_006,21,14.0,35.0,0.0,0.0,0.0,1.0,50.0,M,II,ER+/PR+,2.0,4.55,100.0,4.47,33.72,80.6,37.8,6050.0,471.0,1.0488191319224904,0.851054834481884,0.837851356479737,0.9721536010290742,0
PT_006,42,3.0,23.0,0.0,0.0,0.0,1.0,50.0,M,II,ER+/PR+,2.0,4.55,100.0,1.81,51.25,91.5,30.7,4579.0,464.0,1.0400471634128783,0.8731442794915104,0.864398573513161,1.0280615945783507,1
PT_006,42,7.0,27.0,0.0,0.0,0.0,1.0,50.0,M,II,ER+/PR+,2.0,4.55,100.0,1.81,51.25,91.5,30.7,4579.0,464.0,1.0400471634128783,0.8731442794915104,0.864398573513161,1.0280615945783507,1
PT_006,42,14.0,34.0,0.0,0.0,0.0,1.0,50.0,M,II,ER+/PR+,2.0,4.55,100.0,1.81,51.25,91.5,30.7,4579.0,464.0,1.0400471634128783,0.8731442794915104,0.864398573513161,1.0280615945783507,1
PT_007,21,3.0,24.0,0.0,0.0,0.0,1.0,68.0,F,II,ER+/PR+,1.0,5.04,100.0,5.05,38.81,79.5,61.4,6605.0,437.0,1.0640711052947271,0.8777372262773724,0.7793220608157696,1.0110779908350758,0
PT_007,21,7.0,28.0,0.0,0.0,0.0,1.0,68.0,F,II,ER+/PR+,1.0,5.04,100.0,5.05,38.81,79.5,61.4,6605.0,437.0,1.0640711052947271,0.8777372262773724,0.7793220608157696,1.0110779908350758,0
PT_007,21,14.0,35.0,0.0,0.0,0.0,1.0,68.0,F,II,ER+/PR+,1.0,5.04,100.0,5.05,38.81,79.5,61.4,6605.0,437.0,1.0640711052947271,0.8777372262773724,0.7793220608157696,1.0110779908350758,0
PT_007,42,3.0,21.0,0.0,0.0,0.0,1.0,68.0,F,II,ER+/PR+,1.0,5.04,100.0,3.06,58.73,81.3,59.0,5707.0,431.0,0.9805635772944681,1.0336975516760516,1.067984547046766,0.9764628963713632,0
PT_007,42,7.0,25.0,0.0,0.0,0.0,1.0,68.0,F,II,ER+/PR+,1.0,5.04,100.0,3.06,58.73,81.3,59.0,5707.0,431.0,0.9805635772944681,1.0336975516760516,1.067984547046766,0.9764628963713632,0
PT_007,42,14.0,32.0,0.0,0.0,0.0,1.0,68.0,F,II,ER+/PR+,1.0,5.04,100.0,3.06,58.73,81.3,59.0,5707.0,431.0,0.9805635772944681,1.0336975516760516,1.067984547046766,0.9764628963713632,0
PT_008,21,3.0,24.0,0.0,0.0,0.0,1.0,48.0,F,II,ER+/PR+,2.0,5.74,100.0,5.77,31.11,68.8,60.7,3756.0,437.0,1.0362615399257638,0.950215612560814,0.8894850567310382,0.9766956619813622,0
PT_008,21,7.0,28.0,0.0,0.0,0.0,1.0,48.0,F,II,ER+/PR+,2.0,5.74,100.0,5.77,31.11,68.8,60.7,3756.0,437.0,1.0362615399257638,0.950215612560814,0.8894850567310382,0.9766956619813622,0
PT_008,21,14.0,35.0,0.0,0.0,0.0,1.0,48.0,F,II,ER+/PR+,2.0,5.74,100.0,5.77,31.11,68.8,60.7,3756.0,437.0,1.0362615399257638,0.950215612560814,0.8894850567310382,0.9766956619813622,0
PT_008,42,3.0,23.0,0.0,0.0,0.0,1.0,48.0,F,II,ER+/PR+,2.0,5.74,100.0,4.32,46.93,71.7,53.6,4301.0,415.0,1.020228228833413,0.9790167134317432,0.971464545886706,0.9864831810785806,0
PT_008,42,7.0,27.0,0.0,0.0,0.0,1.0,48.0,F,II,ER+/PR+,2.0,5.74,100.0,4.32,46.93,71.7,53.6,4301.0,415.0,1.020228228833413,0.9790167134317432,0.971464545886706,0.9864831810785806,0
PT_008,42,14.0,34.0,0.0,0.0,0.0,1.0,48.0,F,II,ER+/PR+,2.0,5.74,100.0,4.32,46.93,71.7,53.6,4301.0,415.0,1.020228228833413,0.9790167134317432,0.971464545886706,0.9864831810785806,0
PT_009,21,3.0,24.0,0.0,0.0,0.0,1.0,52.0,F,II,HER2+,1.0,3.19,100.0,3.08,40.23,66.8,50.3,6045.0,407.0,1.005721230103929,1.0375195414278269,1.0317156886368626,0.955198119243531,1
PT_009,21,7.0,28.0,0.0,0.0,0.0,1.0,52.0,F,II,HER2+,1.0,3.19,100.0,3.08,40.23,66.8,50.3,6045.0,407.0,1.005721230103929,1.0375195414278269,1.0317156886368626,0.955198119243531,1
PT_009,21,14.0,35.0,0.0,0.0,0.0,1.0,52.0,F,II,HER2+,1.0,3.19,100.0,3.08,40.23,66.8,50.3,6045.0,407.0,1.005721230103929,1.0375195414278269,1.0317156886368626,0.955198119243531,0
PT_009,42,3.0,11.0,0.0,0.0,1.0,0.0,52.0,F,II,HER2+,1.0,3.19,100.0,0.26,50.68,84.4,29.9,2953.0,338.0,1.085745500822398,0.7145342047064085,0.6708737060041409,0.9434199688844148,1
PT_009,42,7.0,15.0,0.0,0.0,0.0,1.0,52.0,F,II,HER2+,1.0,3.19,100.0,0.26,50.68,84.4,29.9,2953.0,338.0,1.085745500822398,0.7145342047064085,0.6708737060041409,0.9434199688844148,1
PT_009,42,14.0,22.0,0.0,0.0,0.0,1.0,52.0,F,II,HER2+,1.0,3.19,100.0,0.26,50.68,84.4,29.9,2953.0,338.0,1.085745500822398,0.7145342047064085,0.6708737060041409,0.9434199688844148,1
PT_010,21,3.0,24.0,0.0,0.0,0.0,1.0,40.0,F,III,HER2+,1.0,5.95,100.0,5.94,33.12,80.7,49.1,5987.0,539.0,0.9978373860962253,1.0111918560083402,1.0622350946595083,1.0311455263818596,0
PT_010,21,7.0,28.0,0.0,0.0,0.0,1.0,40.0,F,III,HER2+,1.0,5.95,100.0,5.94,33.12,80.7,49.1,5987.0,539.0,0.9978373860962253,1.0111918560083402,1.0622350946595083,1.0311455263818596,0
PT_010,21,14.0,35.0,0.0,0.0,0.0,1.0,40.0,F,III,HER2+,1.0,5.95,100.0,5.94,33.12,80.7,49.1,5987.0,539.0,0.9978373860962253,1.0111918560083402,1.0622350946595083,1.0311455263818596,0
PT_010,42,3.0,15.0,0.0,0.0,0.0,1.0,40.0,F,III,HER2+,1.0,5.95,100.0,3.62,38.38,91.6,40.2,3986.0,482.0,1.0262518070705742,0.9113090154934733,0.8446559869032313,1.0118348451796944,0
PT_010,42,7.0,19.0,0.0,0.0,0.0,1.0,40.0,F,III,HER2+,1.0,5.95,100.0,3.62,38.38,91.6,40.2,3986.0,482.0,1.0262518070705742,0.9113090154934733,0.8446559869032313,1.0118348451796944,0
PT_010,42,14.0,26.0,0.0,0.0,0.0,1.0,40.0,F,III,HER2+,1.0,5.95,100.0,3.62,38.38,91.6,40.2,3986.0,482.0,1.0262518070705742,0.9113090154934733,0.8446559869032313,1.0118348451796944,0
PT_011,21,3.0,24.0,0.0,0.0,0.0,1.0,40.0,F,II,ER+/PR+,1.0,5.56,100.0,5.46,35.79,64.6,49.0,6468.0,432.0,0.9860135513147261,1.0545862843323546,1.0936777245925509,1.0053790476190476,0
PT_011,21,7.0,28.0,0.0,0.0,0.0,1.0,40.0,F,II,ER+/PR+,1.0,5.56,100.0,5.46,35.79,64.6,49.0,6468.0,432.0,0.9860135513147261,1.0545862843323546,1.0936777245925509,1.0053790476190476,0
PT_011,21,14.0,35.0,0.0,0.0,0.0,1.0,40.0,F,II,ER+/PR+,1.0,5.56,100.0,5.46,35.79,64.6,49.0,6468.0,432.0,0.9860135513147261,1.0545862843323546,1.0936777245925509,1.0053790476190476,0
PT_011,42,3.0,12.0,0.0,0.0,1.0,0.0,40.0,F,II,ER+/PR+,1.0,5.56,100.0,2.89,44.72,76.1,39.5,3087.0,417.0,1.0396584028022917,0.9113696991997057,0.8339274454038889,0.9869194015822041,0
PT_011,42,7.0,16.0,0.0,0.0,0.0,1.0,40.0,F,II,ER+/PR+,1.0,5.56,100.0,2.89,44.72,76.1,39.5,3087.0,417.0,1.0396584028022917,0.9113696991997057,0.8339274454038889,0.9869194015822041,0
PT_011,42,14.0,23.0,0.0,0.0,0.0,1.0,40.0,F,II,ER+/PR+,1.0,5.56,100.0,2.89,44.72,76.1,39.5,3087.0,417.0,1.0396584028022917,0.9113696991997057,0.8339274454038889,0.9869194015822041,0
PT_012,21,3.0,24.0,0.0,0.0,0.0,1.0,53.0,F,III,ER+/PR+,0.0,4.31,100.0,4.35,37.15,66.5,62.3,4023.0,459.0,0.97852130027698,1.0497990439725082,1.0201244029004435,1.0526438933083762,0
PT_012,21,7.0,28.0,0.0,0.0,0.0,1.0,53.0,F,III,ER+/PR+,0.0,4.31,100.0,4.35,37.15,66.5,62.3,4023.0,459.0,0.97852130027698,1.0497990439725082,1.0201244029004435,1.0526438933083762,0
PT_012,21,14.0,35.0,0.0,0.0,0.0,1.0,53.0,F,III,ER+/PR+,0.0,4.31,100.0,4.35,37.15,66.5,62.3,4023.0,459.0,0.97852130027698,1.0497990439725082,1.0201244029004435,1.0526438933083762,0
PT_012,42,3.0,22.0,0.0,0.0,0.0,1.0,53.0,F,III,ER+/PR+,0.0,4.31,100.0,2.99,46.91,76.1,49.3,3678.0,346.0,1.0336267208305123,0.9455510814952072,0.877703569612967,0.9611384783798577,0
PT_012,42,7.0,26.0,0.0,0.0,0.0,1.0,53.0,F,III,ER+/PR+,0.0,4.31,100.0,2.99,46.91,76.1,49.3,3678.0,346.0,1.0336267208305123,0.9455510814952072,0.877703569612967,0.9611384783798577,0
PT_012,42,14.0,33.0,0.0,0.0,0.0,1.0,53.0,F,III,ER+/PR+,0.0,4.31,100.0,2.99,46.91,76.1,49.3,3678.0,346.0,1.0336267208305123,0.9455510814952072,0.877703569612967,0.9611384783798577,0
PT_013,21,3.0,24.0,0.0,0.0,0.0,1.0,65.0,M,III,HER2+,1.0,6.25,100.0,6.28,47.01,72.3,45.8,7353.0,465.0,0.9798308501827854,1.0309229305423406,1.0434043421670787,1.0454058458706181,0
PT_013,21,7.0,28.0,0.0,0.0,0.0,1.0,65.0,M,III,HER2+,1.0,6.25,100.0,6.28,47.01,72.3,45.8,7353.0,465.0,0.9798308501827854,1.0309229305423406,1.0434043421670787,1.0454058458706181,0
PT_013,21,14.0,35.0,0.0,0.0,0.0,1.0,65.0,M,III,HER2+,1.0,6.25,100.0,6.28,47.01,72.3,45.8,7353.0,465.0,0.9798308501827854,1.0309229305423406,1.0434043421670787,1.0454058458706181,0
PT_013,42,3.0,11.0,0.0,0.0,1.0,0.0,65.0,M,III,HER2+,1.0,6.25,100.0,3.51,57.25,83.5,39.1,6195.0,502.0,1.0509961960001506,0.9149560117302052,0.9013476070103915,1.0143426707399161,0
PT_013,42,7.0,15.0,0.0,0.0,0.0,1.0,65.0,M,III,HER2+,1.0,6.25,100.0,3.51,57.25,83.5,39.1,6195.0,502.0,1.0509961960001506,0.9149560117302052,0.9013476070103915,1.0143426707399161,0
PT_013,42,14.0,22.0,0.0,0.0,0.0,1.0,65.0,M,III,HER2+,1.0,6.25,100.0,3.51,57.25,83.5,39.1,6195.0,502.0,1.0509961960001506,0.9149560117302052,0.9013476070103915,1.0143426707399161,0
PT_014,21,3.0,24.0,0.0,0.0,0.0,1.0,69.0,F,II,Triple Negative,1.0,6.47,100.0,6.68,37.53,73.0,31.8,6162.0,373.0,0.9691805656272662,1.184188393608074,1.0669664508854277,0.9634929858055947,0
PT_014,21,7.0,28.0,0.0,0.0,0.0,1.0,69.0,F,II,Triple Negative,1.0,6.47,100.0,6.68,37.53,73.0,31.8,6162.0,373.0,0.9691805656272662,1.184188393608074,1.0669664508854277,0.9634929858055947,0
PT_014,21,14.0,35.0,0.0,0.0,0.0,1.0,69.0,F,II,Triple Negative,1.0,6.47,100.0,6.68,37.53,73.0,31.8,6162.0,373.0,0.9691805656272662,1.184188393608074,1.0669664508854277,0.9634929858055947,0
PT_014,42,3.0,11.0,0.0,0.0,1.0,0.0,69.0,F,II,Triple Negative,1.0,6.47,100.0,3.39,51.52,83.5,13.1,4399.0,401.0,1.0380435762042928,0.8094247064070166,0.8640507368135564,0.9933426769446391,0
PT_014,42,7.0,15.0,0.0,0.0,0.0,1.0,69.0,F,II,Triple Negative,1.0,6.47,100.0,3.39,51.52,83.5,13.1,4399.0,401.0,1.0380435762042928,0.8094247064070166,0.8640507368135564,0.9933426769446391,0
PT_014,42,14.0,22.0,0.0,0.0,0.0,1.0,69.0,F,II,Triple Negative,1.0,6.47,100.0,3.39,51.52,83.5,13.1,4399.0,401.0,1.0380435762042928,0.8094247064070166,0.8640507368135564,0.9933426769446391,0
PT_015,21,3.0,24.0,0.0,0.0,0.0,1.0,53.0,F,III,ER+/PR+,1.0,3.56,100.0,3.62,45.46,70.4,45.9,5785.0,508.0,1.0173563027382335,1.0226295951152344,1.001850627891606,1.0186238211666085,0
PT_015,21,7.0,28.0,0.0,0.0,0.0,1.0,53.0,F,III,ER+/PR+,1.0,3.56,100.0,3.62,45.46,70.4,45.9,5785.0,508.0,1.0173563027382335,1.0226295951152344,1.001850627891606,1.0186238211666085,0
PT_015,21,14.0,35.0,0.0,0.0,0.0,1.0,53.0,F,III,ER+/PR+,1.0,3.56,100.0,3.62,45.46,70.4,45.9,5785.0,508.0,1.0173563027382335,1.0226295951152344,1.001850627891606,1.0186238211666085,0
PT_015,42,3.0,18.0,0.0,0.0,0.0,1.0,53.0,F,III,ER+/PR+,1.0,3.56,100.0,0.76,56.87,75.9,31.8,4708.0,472.0,1.0698521684299025,0.8497911445279867,0.7901397995469127,1.0405998355800754,0
PT_015,42,7.0,22.0,0.0,0.0,0.0,1.0,53.0,F,III,ER+/PR+,1.0,3.56,100.0,0.76,56.87,75.9,31.8,4708.0,472.0,1.0698521684299025,0.8497911445279867,0.7901397995469127,1.0405998355800754,0
PT_015,42,14.0,29.0,0.0,0.0,0.0,1.0,53.0,F,III,ER+/PR+,1.0,3.56,100.0,0.76,56.87,75.9,31.8,4708.0,472.0,1.0698521684299025,0.8497911445279867,0.7901397995469127,1.0405998355800754,0
PT_016,21,3.0,24.0,0.0,0.0,0.0,1.0,32.0,F,II,HER2+,2.0,4.2,100.0,4.15,35.22,65.8,50.4,5228.0,449.0,0.9888852566198103,1.1506276150627617,1.1333060259394359,1.0145224481885011,0
PT_016,21,7.0,28.0,0.0,0.0,0.0,1.0,32.0,F,II,HER2+,2.0,4.2,100.0,4.15,35.22,65.8,50.4,5228.0,449.0,0.9888852566198103,1.1506276150627617,1.1333060259394359,1.0145224481885011,0
PT_016,21,14.0,35.0,0.0,0.0,0.0,1.0,32.0,F,II,HER2+,2.0,4.2,100.0,4.15,35.22,65.8,50.4,5228.0,449.0,0.9888852566198103,1.1506276150627617,1.1333060259394359,1.0145224481885011,0
PT_016,42,3.0,20.0,0.0,0.0,0.0,1.0,32.0,F,II,HER2+,2.0,4.2,100.0,2.36,53.49,75.8,31.1,3519.0,515.0,1.0077559295851704,0.8910315234390146,0.9839004981097408,1.0455835141423762,0
PT_016,42,7.0,24.0,0.0,0.0,0.0,1.0,32.0,F,II,HER2+,2.0,4.2,100.0,2.36,53.49,75.8,31.1,3519.0,515.0,1.0077559295851704,0.8910315234390146,0.9839004981097408,1.0455835141423762,0
PT_016,42,14.0,31.0,0.0,0.0,0.0,1.0,32.0,F,II,HER2+,2.0,4.2,100.0,2.36,53.49,75.8,31.1,3519.0,515.0,1.0077559295851704,0.8910315234390146,0.9839004981097408,1.0455835141423762,0
PT_017,21,3.0,24.0,0.0,0.0,0.0,1.0,51.0,M,III,Triple Negative,0.0,6.23,100.0,6.29,43.58,66.7,40.9,4187.0,420.0,1.0586360739324412,0.8389783732249486,0.7849564663967824,0.9754383839607499,0
PT_017,21,7.0,28.0,0.0,0.0,0.0,1.0,51.0,M,III,Triple Negative,0.0,6.23,100.0,6.29,43.58,66.7,40.9,4187.0,420.0,1.0586360739324412,0.8389783732249486,0.7849564663967824,0.9754383839607499,0
PT_017,21,14.0,35.0,0.0,0.0,0.0,1.0,51.0,M,III,Triple Negative,0.0,6.23,100.0,6.29,43.58,66.7,40.9,4187.0,420.0,1.0586360739324412,0.8389783732249486,0.7849564663967824,0.9754383839607499,0
PT_017,42,3.0,17.0,0.0,0.0,0.0,1.0,51.0,M,III,Triple Negative,0.0,6.23,100.0,4.18,53.63,69.6,45.5,5151.0,422.0,1.008907797646746,0.9303135888501742,0.9023108445849414,1.0396513585790221,0
PT_017,42,7.0,21.0,0.0,0.0,0.0,1.0,51.0,M,III,Triple Negative,0.0,6.23,100.0,4.18,53.63,69.6,45.5,5151.0,422.0,1.008907797646746,0.9303135888501742,0.9023108445849414,1.0396513585790221,0
PT_017,42,14.0,28.0,0.0,0.0,0.0,1.0,51.0,M,III,Triple Negative,0.0,6.23,100.0,4.18,53.63,69.6,45.5,5151.0,422.0,1.008907797646746,0.9303135888501742,0.9023108445849414,1.0396513585790221,0
PT_018,21,3.0,24.0,0.0,0.0,0.0,1.0,31.0,F,II,Triple Negative,1.0,5.47,100.0,5.45,40.09,76.3,48.1,5415.0,426.0,1.0325068958881263,0.9201329208204422,0.9228794006169647,1.0087844994081365,0
PT_018,21,7.0,28.0,0.0,0.0,0.0,1.0,31.0,F,II,Triple Negative,1.0,5.47,100.0,5.45,40.09,76.3,48.1,5415.0,426.0,1.0325068958881263,0.9201329208204422,0.9228794006169647,1.0087844994081365,0
PT_018,21,14.0,35.0,0.0,0.0,0.0,1.0,31.0,F,II,Triple Negative,1.0,5.47,100.0,5.45,40.09,76.3,48.1,5415.0,426.0,1.0325068958881263,0.9201329208204422,0.9228794006169647,1.0087844994081365,0
PT_018,42,3.0,17.0,0.0,0.0,0.0,1.0,31.0,F,II,Triple Negative,1.0,5.47,100.0,3.5,56.16,80.7,39.6,4831.0,429.0,1.0186993157070732,1.0055328647416413,0.970921612702664,0.9580993114469015,0
PT_018,42,7.0,21.0,0.0,0.0,0.0,1.0,31.0,F,II,Triple Negative,1.0,5.47,100.0,3.5,56.16,80.7,39.6,4831.0,429.0,1.0186993157070732,1.0055328647416413,0.970921612702664,0.9580993114469015,0
PT_018,42,14.0,28.0,0.0,0.0,0.0,1.0,31.0,F,II,Triple Negative,1.0,5.47,100.0,3.5,56.16,80.7,39.6,4831.0,429.0,1.0186993157070732,1.0055328647416413,0.970921612702664,0.9580993114469015,0
PT_019,21,3.0,24.0,0.0,0.0,0.0,1.0,53.0,F,II,Triple Negative,1.0,2.98,100.0,2.85,42.07,76.1,51.9,5955.0,516.0,0.9710686671104511,1.0851317028116731,1.050711485652212,1.011973685884793,0
PT_019,21,7.0,28.0,0.0,0.0,0.0,1.0,53.0,F,II,Triple Negative,1.0,2.98,100.0,2.85,42.07,76.1,51.9,5955.0,516.0,0.9710686671104511,1.0851317028116731,1.050711485652212,1.011973685884793,0
PT_019,21,14.0,35.0,0.0,0.0,0.0,1.0,53.0,F,II,Triple Negative,1.0,2.98,100.0,2.85,42.07,76.1,51.9,5955.0,516.0,0.9710686671104511,1.0851317028116731,1.050711485652212,1.011973685884793,0
PT_019,42,3.0,15.0,0.0,0.0,0.0,1.0,53.0,F,II,Triple Negative,1.0,2.98,100.0,0.72,59.77,88.0,35.4,4631.0,509.0,1.0678763137714826,0.8798573739641453,0.8772966897616592,0.966171027855334,0
PT_019,42,7.0,19.0,0.0,0.0,0.0,1.0,53.0,F,II,Triple Negative,1.0,2.98,100.0,0.72,59.77,88.0,35.4,4631.0,509.0,1.0678763137714826,0.8798573739641453,0.8772966897616592,0.966171027855334,0
PT_019,42,14.0,26.0,0.0,0.0,0.0,1.0,53.0,F,II,Triple Negative,1.0,2.98,100.0,0.72,59.77,88.0,35.4,4631.0,509.0,1.0678763137714826,0.8798573739641453,0.8772966897616592,0.966171027855334,0
PT_020,21,3.0,24.0,0.0,0.0,0.0,1.0,73.0,F,III,HER2+,1.0,5.69,100.0,5.57,43.92,67.0,46.5,5841.0,408.0,1.055447563812498,0.8575756062648758,0.8685892493017359,1.0375638495035184,0
PT_020,21,7.0,28.0,0.0,0.0,0.0,1.0,73.0,F,III,HER2+,1.0,5.69,100.0,5.57,43.92,67.0,46.5,5841.0,408.0,1.055447563812498,0.8575756062648758,0.8685892493017359,1.0375638495035184,0
PT_020,21,14.0,35.0,0.0,0.0,0.0,1.0,73.0,F,III,HER2+,1.0,5.69,100.0,5.57,43.92,67.0,46.5,5841.0,408.0,1.055447563812498,0.8575756062648758,0.8685892493017359,1.0375638495035184,0
PT_020,42,3.0,17.0,0.0,0.0,0.0,1.0,73.0,F,III,HER2+,1.0,5.69,100.0,4.85,54.14,72.2,44.3,5619.0,448.0,0.9710562814804002,1.0928587977008704,1.0653338666098184,0.9779415809450465,0
PT_020,42,7.0,21.0,0.0,0.0,0.0,1.0,73.0,F,III,HER2+,1.0,5.69,100.0,4.85,54.14,72.2,44.3,5619.0,448.0,0.9710562814804002,1.0928587977008704,1.0653338666098184,0.9779415809450465,0
PT_020,42,14.0,28.0,0.0,0.0,0.0,1.0,73.0,F,III,HER2+,1.0,5.69,100.0,4.85,54.14,72.2,44.3,5619.0,448.0,0.9710562814804002,1.0928587977008704,1.0653338666098184,0.9779415809450465,0
PT_021,21,3.0,24.0,0.0,0.0,0.0,1.0,59.0,F,II,ER+/PR+,1.0,5.86,100.0,5.95,34.54,70.6,49.1,7831.0,444.0,0.9999123253081764,1.000726970609617,1.0415320536397705,0.9971431531891588,0
PT_021,21,7.0,28.0,0.0,0.0,0.0,1.0,59.0,F,II,ER+/PR+,1.0,5.86,100.0,5.95,34.54,70.6,49.1,7831.0,444.0,0.9999123253081764,1.000726970609617,1.0415320536397705,0.9971431531891588,0
PT_021,21,14.0,35.0,0.0,0.0,0.0,1.0,59.0,F,II,ER+/PR+,1.0,5.86,100.0,5.95,34.54,70.6,49.1,7831.0,444.0,0.9999123253081764,1.000726970609617,1.0415320536397705,0.9971431531891588,0
PT_021,42,3.0,13.0,0.0,0.0,1.0,0.0,59.0,F,II,ER+/PR+,1.0,5.86,100.0,4.3,46.0,74.6,44.2,6453.0,372.0,1.0627354390031873,0.8442477311174712,0.8867237836640233,0.9805914576735428,0
PT_021,42,7.0,17.0,0.0,0.0,0.0,1.0,59.0,F,II,ER+/PR+,1.0,5.86,100.0,4.3,46.0,74.6,44.2,6453.0,372.0,1.0627354390031873,0.8442477311174712,0.8867237836640233,0.9805914576735428,0
PT_021,42,14.0,24.0,0.0,0.0,0.0,1.0,59.0,F,II,ER+/PR+,1.0,5.86,100.0,4.3,46.0,74.6,44.2,6453.0,372.0,1.0627354390031873,0.8442477311174712,0.8867237836640233,0.9805914576735428,0
PT_022,21,3.0,24.0,0.0,0.0,0.0,1.0,67.0,F,II,ER+/PR+,1.0,5.58,100.0,5.64,19.52,60.6,50.8,5640.0,396.0,1.004296455424275,0.9968783187976701,1.0021006258114395,0.9755761402609058,0
PT_022,21,7.0,28.0,0.0,0.0,0.0,1.0,67.0,F,II,ER+/PR+,1.0,5.58,100.0,5.64,19.52,60.6,50.8,5640.0,396.0,1.004296455424275,0.9968783187976701,1.0021006258114395,0.9755761402609058,0
PT_022,21,14.0,35.0,0.0,0.0,0.0,1.0,67.0,F,II,ER+/PR+,1.0,5.58,100.0,5.64,19.52,60.6,50.8,5640.0,396.0,1.004296455424275,0.9968783187976701,1.0021006258114395,0.9755761402609058,0
PT_022,42,3.0,24.0,0.0,0.0,0.0,1.0,67.0,F,II,ER+/PR+,1.0,5.58,100.0,5.59,47.74,59.8,47.7,5685.0,407.0,0.9858672688861371,1.0387218045112783,1.0141734766759114,0.9801807778422755,0
PT_022,42,7.0,28.0,0.0,0.0,0.0,1.0,67.0,F,II,ER+/PR+,1.0,5.58,100.0,5.59,47.74,59.8,47.7,5685.0,407.0,0.9858672688861371,1.0387218045112783,1.0141734766759114,0.9801807778422755,0
PT_022,42,14.0,35.0,0.0,0.0,0.0,1.0,67.0,F,II,ER+/PR+,1.0,5.58,100.0,5.59,47.74,59.8,47.7,5685.0,407.0,0.9858672688861371,1.0387218045112783,1.0141734766759114,0.9801807778422755,0
PT_023,21,3.0,24.0,0.0,0.0,0.0,1.0,31.0,F,II,ER+/PR+,1.0,5.76,100.0,5.74,40.66,59.7,44.5,6888.0,440.0,0.9874980247808668,1.0567386911238927,1.0570875675583005,0.960628272251309,0
PT_023,21,7.0,28.0,0.0,0.0,0.0,1.0,31.0,F,II,ER+/PR+,1.0,5.76,100.0,5.74,40.66,59.7,44.5,6888.0,440.0,0.9874980247808668,1.0567386911238927,1.0570875675583005,0.960628272251309,0
PT_023,21,14.0,35.0,0.0,0.0,0.0,1.0,31.0,F,II,ER+/PR+,1.0,5.76,100.0,5.74,40.66,59.7,44.5,6888.0,440.0,0.9874980247808668,1.0567386911238927,1.0570875675583005,0.960628272251309,0
PT_023,42,3.0,11.0,0.0,0.0,1.0,0.0,31.0,F,II,ER+/PR+,1.0,5.76,100.0,3.8,53.25,71.7,37.6,5539.0,382.0,1.0456782352436267,0.9252289197236111,0.9019505114617242,0.9562718865044447,0
PT_023,42,7.0,15.0,0.0,0.0,0.0,1.0,31.0,F,II,ER+/PR+,1.0,5.76,100.0,3.8,53.25,71.7,37.6,5539.0,382.0,1.0456782352436267,0.9252289197236111,0.9019505114617242,0.9562718865044447,0
PT_023,42,14.0,22.0,0.0,0.0,0.0,1.0,31.0,F,II,ER+/PR+,1.0,5.76,100.0,3.8,53.25,71.7,37.6,5539.0,382.0,1.0456782352436267,0.9252289197236111,0.9019505114617242,0.9562718865044447,0
PT_024,21,3.0,24.0,0.0,0.0,0.0,1.0,50.0,F,II,Triple Negative,0.0,5.85,100.0,5.72,41.45,61.7,66.0,8602.0,370.0,0.9866248713929943,1.0170060439968982,1.0106427286502964,1.007507248648225,0
PT_024,21,7.0,28.0,0.0,0.0,0.0,1.0,50.0,F,II,Triple Negative,0.0,5.85,100.0,5.72,41.45,61.7,66.0,8602.0,370.0,0.9866248713929943,1.0170060439968982,1.0106427286502964,1.007507248648225,0
PT_024,21,14.0,35.0,0.0,0.0,0.0,1.0,50.0,F,II,Triple Negative,0.0,5.85,100.0,5.72,41.45,61.7,66.0,8602.0,370.0,0.9866248713929943,1.0170060439968982,1.0106427286502964,1.007507248648225,0
PT_024,42,3.0,15.0,0.0,0.0,0.0,1.0,50.0,F,II,Triple Negative,0.0,5.85,100.0,4.71,56.27,67.7,60.1,8156.0,378.0,1.0163122569995005,0.9898494447850671,0.9855330597298424,0.9682770060128552,0
PT_024,42,7.0,19.0,0.0,0.0,0.0,1.0,50.0,F,II,Triple Negative,0.0,5.85,100.0,4.71,56.27,67.7,60.1,8156.0,378.0,1.0163122569995005,0.9898494447850671,0.9855330597298424,0.9682770060128552,0
PT_024,42,14.0,26.0,0.0,0.0,0.0,1.0,50.0,F,II,Triple Negative,0.0,5.85,100.0,4.71,56.27,67.7,60.1,8156.0,378.0,1.0163122569995005,0.9898494447850671,0.9855330597298424,0.9682770060128552,0
PT_025,21,3.0,24.0,0.0,0.0,0.0,1.0,62.0,F,IV,ER+/PR+,0.0,3.49,100.0,3.38,45.54,73.5,50.3,6675.0,427.0,1.0110911868234043,1.0421284845243666,0.9977394744278044,1.020206817311375,0
PT_025,21,7.0,28.0,0.0,0.0,0.0,1.0,62.0,F,IV,ER+/PR+,0.0,3.49,100.0,3.38,45.54,73.5,50.3,6675.0,427.0,1.0110911868234043,1.0421284845243666,0.9977394744278044,1.020206817311375,0
PT_025,21,14.0,35.0,0.0,0.0,0.0,1.0,62.0,F,IV,ER+/PR+,0.0,3.49,100.0,3.38,45.54,73.5,50.3,6675.0,427.0,1.0110911868234043,1.0421284845243666,0.9977394744278044,1.020206817311375,0
PT_025,42,3.0,19.0,0.0,0.0,0.0,1.0,62.0,F,IV,ER+/PR+,0.0,3.49,100.0,2.21,48.18,83.3,46.9,4704.0,432.0,1.0392234244953498,0.8976939684393871,0.8472316705592864,0.9746328437917223,0
PT_025,42,7.0,23.0,0.0,0.0,0.0,1.0,62.0,F,IV,ER+/PR+,0.0,3.49,100.0,2.21,48.18,83.3,46.9,4704.0,432.0,1.0392234244953498,0.8976939684393871,0.8472316705592864,0.9746328437917223,0
PT_025,42,14.0,30.0,0.0,0.0,0.0,1.0,62.0,F,IV,ER+/PR+,0.0,3.49,100.0,2.21,48.18,83.3,46.9,4704.0,432.0,1.0392234244953498,0.8976939684393871,0.8472316705592864,0.9746328437917223,0
PT_026,21,3.0,24.0,0.0,0.0,0.0,1.0,41.0,F,II,Triple Negative,1.0,3.67,100.0,3.67,32.48,70.0,52.2,7326.0,427.0,0.9961711336773765,1.0309024955896051,1.019212454212454,0.9765494137353433,1
PT_026,21,7.0,28.0,0.0,0.0,0.0,1.0,41.0,F,II,Triple Negative,1.0,3.67,100.0,3.67,32.48,70.0,52.2,7326.0,427.0,0.9961711336773765,1.0309024955896051,1.019212454212454,0.9765494137353433,1
PT_026,21,14.0,35.0,0.0,0.0,0.0,1.0,41.0,F,II,Triple Negative,1.0,3.67,100.0,3.67,32.48,70.0,52.2,7326.0,427.0,0.9961711336773765,1.0309024955896051,1.019212454212454,0.9765494137353433,1
PT_026,42,3.0,13.0,0.0,0.0,1.0,0.0,41.0,F,II,Triple Negative,1.0,3.67,100.0,3.01,45.8,71.0,46.4,7065.0,393.0,1.0548432824066782,0.8501667684502281,0.9080276031265371,0.9701177516107531,1
PT_026,42,7.0,17.0,0.0,0.0,0.0,1.0,41.0,F,II,Triple Negative,1.0,3.67,100.0,3.01,45.8,71.0,46.4,7065.0,393.0,1.0548432824066782,0.8501667684502281,0.9080276031265371,0.9701177516107531,1
PT_026,42,14.0,24.0,0.0,0.0,0.0,1.0,41.0,F,II,Triple Negative,1.0,3.67,100.0,3.01,45.8,71.0,46.4,7065.0,393.0,1.0548432824066782,0.8501667684502281,0.9080276031265371,0.9701177516107531,1
PT_027,21,3.0,24.0,0.0,0.0,0.0,1.0,51.0,F,III,Triple Negative,0.0,5.14,100.0,5.12,51.07,71.2,40.8,7250.0,462.0,1.0315308286136533,0.9164917879255622,0.9664294582333899,1.0219605165841725,0
PT_027,21,7.0,28.0,0.0,0.0,0.0,1.0,51.0,F,III,Triple Negative,0.0,5.14,100.0,5.12,51.07,71.2,40.8,7250.0,462.0,1.0315308286136533,0.9164917879255622,0.9664294582333899,1.0219605165841725,0
PT_027,21,14.0,35.0,0.0,0.0,0.0,1.0,51.0,F,III,Triple Negative,0.0,5.14,100.0,5.12,51.07,71.2,40.8,7250.0,462.0,1.0315308286136533,0.9164917879255622,0.9664294582333899,1.0219605165841725,0
PT_027,42,3.0,22.0,0.0,0.0,0.0,1.0,51.0,F,III,Triple Negative,0.0,5.14,100.0,3.4,67.37,72.0,37.1,7388.0,417.0,1.013193347579671,1.0350932572087341,0.9768276587063621,1.0095112534136925,0
PT_027,42,7.0,26.0,0.0,0.0,0.0,1.0,51.0,F,III,Triple Negative,0.0,5.14,100.0,3.4,67.37,72.0,37.1,7388.0,417.0,1.013193347579671,1.0350932572087341,0.9768276587063621,1.0095112534136925,0
PT_027,42,14.0,33.0,0.0,0.0,0.0,1.0,51.0,F,III,Triple Negative,0.0,5.14,100.0,3.4,67.37,72.0,37.1,7388.0,417.0,1.013193347579671,1.0350932572087341,0.9768276587063621,1.0095112534136925,0
PT_028,21,3.0,24.0,0.0,0.0,0.0,1.0,73.0,F,III,Triple Negative,0.0,6.16,100.0,6.11,40.98,65.0,59.5,6499.0,359.0,0.9899507389162562,0.9813442371581906,1.0269220717240124,1.0365350235657402,0
PT_028,21,7.0,28.0,0.0,0.0,0.0,1.0,73.0,F,III,Triple Negative,0.0,6.16,100.0,6.11,40.98,65.0,59.5,6499.0,359.0,0.9899507389162562,0.9813442371581906,1.0269220717240124,1.0365350235657402,0
PT_028,21,14.0,35.0,0.0,0.0,0.0,1.0,73.0,F,III,Triple Negative,0.0,6.16,100.0,6.11,40.98,65.0,59.5,6499.0,359.0,0.9899507389162562,0.9813442371581906,1.0269220717240124,1.0365350235657402,0
PT_028,42,3.0,10.0,0.0,0.0,1.0,0.0,73.0,F,III,Triple Negative,0.0,6.16,100.0,4.14,46.43,72.3,57.3,4376.0,379.0,1.0519812008751317,0.9385837975051942,0.8162015917214686,0.9676174888940847,0
PT_028,42,7.0,14.0,0.0,0.0,1.0,0.0,73.0,F,III,Triple Negative,0.0,6.16,100.0,4.14,46.43,72.3,57.3,4376.0,379.0,1.0519812008751317,0.9385837975051942,0.8162015917214686,0.9676174888940847,0
PT_028,42,14.0,21.0,0.0,0.0,0.0,1.0,73.0,F,III,Triple Negative,0.0,6.16,100.0,4.14,46.43,72.3,57.3,4376.0,379.0,1.0519812008751317,0.9385837975051942,0.8162015917214686,0.9676174888940847,0
PT_029,21,3.0,24.0,0.0,0.0,0.0,1.0,54.0,F,III,ER+/PR+,1.0,3.97,100.0,4.03,49.67,67.6,42.3,6923.0,521.0,1.0549130595969003,0.8880962126971134,0.8842481673520473,1.0146855010660982,1
PT_029,21,7.0,28.0,0.0,0.0,0.0,1.0,54.0,F,III,ER+/PR+,1.0,3.97,100.0,4.03,49.67,67.6,42.3,6923.0,521.0,1.0549130595969003,0.8880962126971134,0.8842481673520473,1.0146855010660982,1
PT_029,21,14.0,35.0,0.0,0.0,0.0,1.0,54.0,F,III,ER+/PR+,1.0,3.97,100.0,4.03,49.67,67.6,42.3,6923.0,521.0,1.0549130595969003,0.8880962126971134,0.8842481673520473,1.0146855010660982,0
PT_029,42,3.0,21.0,0.0,0.0,0.0,1.0,54.0,F,III,ER+/PR+,1.0,3.97,100.0,1.96,66.91,74.6,29.8,5537.0,501.0,1.082724455121423,0.8109837114315241,0.8466212787626566,1.0012053420760814,1
PT_029,42,7.0,25.0,0.0,0.0,0.0,1.0,54.0,F,III,ER+/PR+,1.0,3.97,100.0,1.96,66.91,74.6,29.8,5537.0,501.0,1.082724455121423,0.8109837114315241,0.8466212787626566,1.0012053420760814,1
PT_029,42,14.0,32.0,0.0,0.0,0.0,1.0,54.0,F,III,ER+/PR+,1.0,3.97,100.0,1.96,66.91,74.6,29.8,5537.0,501.0,1.082724455121423,0.8109837114315241,0.8466212787626566,1.0012053420760814,0
PT_030,21,3.0,24.0,0.0,0.0,0.0,1.0,56.0,F,II,HER2+,0.0,4.98,100.0,5.0,34.72,71.9,51.5,5924.0,509.0,1.0017532620789644,0.9637712662667016,0.9508096008049448,0.9662821650399289,0
PT_030,21,7.0,28.0,0.0,0.0,0.0,1.0,56.0,F,II,HER2+,0.0,4.98,100.0,5.0,34.72,71.9,51.5,5924.0,509.0,1.0017532620789644,0.9637712662667016,0.9508096008049448,0.9662821650399289,0
PT_030,21,14.0,35.0,0.0,0.0,0.0,1.0,56.0,F,II,HER2+,0.0,4.98,100.0,5.0,34.72,71.9,51.5,5924.0,509.0,1.0017532620789644,0.9637712662667016,0.9508096008049448,0.9662821650399289,0
PT_030,42,3.0,14.0,0.0,0.0,1.0,0.0,56.0,F,II,HER2+,0.0,4.98,100.0,3.0,49.11,80.9,40.0,4568.0,470.0,1.092479767209239,0.7590638212870793,0.6974102702264523,0.9981627059425922,0
PT_030,42,7.0,18.0,0.0,0.0,0.0,1.0,56.0,F,II,HER2+,0.0,4.98,100.0,3.0,49.11,80.9,40.0,4568.0,470.0,1.092479767209239,0.7590638212870793,0.6974102702264523,0.9981627059425922,0
PT_030,42,14.0,25.0,0.0,0.0,0.0,1.0,56.0,F,II,HER2+,0.0,4.98,100.0,3.0,49.11,80.9,40.0,4568.0,470.0,1.092479767209239,0.7590638212870793,0.6974102702264523,0.9981627059425922,0
PT_031,21,3.0,24.0,0.0,0.0,0.0,1.0,71.0,F,II,ER+/PR+,1.0,5.33,100.0,5.34,30.63,81.6,29.9,5781.0,425.0,0.9943109987357774,0.9128285193858965,0.9944431352217562,1.0219591556434866,0
PT_031,21,7.0,28.0,0.0,0.0,0.0,1.0,71.0,F,II,ER+/PR+,1.0,5.33,100.0,5.34,30.63,81.6,29.9,5781.0,425.0,0.9943109987357774,0.9128285193858965,0.9944431352217562,1.0219591556434866,0
PT_031,21,14.0,35.0,0.0,0.0,0.0,1.0,71.0,F,II,ER+/PR+,1.0,5.33,100.0,5.34,30.63,81.6,29.9,5781.0,425.0,0.9943109987357774,0.9128285193858965,0.9944431352217562,1.0219591556434866,0
PT_031,42,3.0,19.0,0.0,0.0,0.0,1.0,71.0,F,II,ER+/PR+,1.0,5.33,100.0,2.39,43.48,87.2,21.0,5980.0,398.0,1.0782764634806428,0.5994272987591474,0.7218205384471235,0.973961297666477,0
PT_031,42,7.0,23.0,0.0,0.0,0.0,1.0,71.0,F,II,ER+/PR+,1.0,5.33,100.0,2.39,43.48,87.2,21.0,5980.0,398.0,1.0782764634806428,0.5994272987591474,0.7218205384471235,0.973961297666477,0
PT_031,42,14.0,30.0,0.0,0.0,0.0,1.0,71.0,F,II,ER+/PR+,1.0,5.33,100.0,2.39,43.48,87.2,21.0,5980.0,398.0,1.0782764634806428,0.5994272987591474,0.7218205384471235,0.973961297666477,0
PT_032,21,3.0,24.0,0.0,0.0,0.0,1.0,57.0,F,IV,Triple Negative,1.0,4.47,100.0,4.32,40.46,78.8,38.4,6217.0,431.0,0.9686831059411447,1.0896465174649654,1.0567209726686044,0.9890524048815507,0
PT_032,21,7.0,28.0,0.0,0.0,0.0,1.0,57.0,F,IV,Triple Negative,1.0,4.47,100.0,4.32,40.46,78.8,38.4,6217.0,431.0,0.9686831059411447,1.0896465174649654,1.0567209726686044,0.9890524048815507,0
PT_032,21,14.0,35.0,0.0,0.0,0.0,1.0,57.0,F,IV,Triple Negative,1.0,4.47,100.0,4.32,40.46,78.8,38.4,6217.0,431.0,0.9686831059411447,1.0896465174649654,1.0567209726686044,0.9890524048815507,0
PT_032,42,3.0,13.0,0.0,0.0,1.0,0.0,57.0,F,IV,Triple Negative,1.0,4.47,100.0,1.07,39.93,88.0,20.9,4117.0,408.0,1.1029236985975752,0.6978842875764565,0.7290812079089372,1.0187219253090265,0
PT_032,42,7.0,17.0,0.0,0.0,0.0,1.0,57.0,F,IV,Triple Negative,1.0,4.47,100.0,1.07,39.93,88.0,20.9,4117.0,408.0,1.1029236985975752,0.6978842875764565,0.7290812079089372,1.0187219253090265,0
PT_032,42,14.0,24.0,0.0,0.0,0.0,1.0,57.0,F,IV,Triple Negative,1.0,4.47,100.0,1.07,39.93,88.0,20.9,4117.0,408.0,1.1029236985975752,0.6978842875764565,0.7290812079089372,1.0187219253090265,0
PT_033,21,3.0,24.0,0.0,0.0,0.0,1.0,45.0,F,III,HER2+,1.0,5.44,100.0,5.4,54.38,67.0,43.9,7791.0,557.0,1.0104490508556108,0.9988461168627201,1.0236701693254207,0.9967996371242093,0
PT_033,21,7.0,28.0,0.0,0.0,0.0,1.0,45.0,F,III,HER2+,1.0,5.44,100.0,5.4,54.38,67.0,43.9,7791.0,557.0,1.0104490508556108,0.9988461168627201,1.0236701693254207,0.9967996371242093,0
PT_033,21,14.0,35.0,0.0,0.0,0.0,1.0,45.0,F,III,HER2+,1.0,5.44,100.0,5.4,54.38,67.0,43.9,7791.0,557.0,1.0104490508556108,0.9988461168627201,1.0236701693254207,0.9967996371242093,0
PT_033,42,3.0,10.0,0.0,0.0,1.0,0.0,45.0,F,III,HER2+,1.0,5.44,100.0,4.22,58.2,75.3,41.2,5991.0,567.0,1.0069854845349875,0.971181333539365,0.9427938449553059,1.0118156718013556,0
PT_033,42,7.0,14.0,0.0,0.0,1.0,0.0,45.0,F,III,HER2+,1.0,5.44,100.0,4.22,58.2,75.3,41.2,5991.0,567.0,1.0069854845349875,0.971181333539365,0.9427938449553059,1.0118156718013556,0
PT_033,42,14.0,21.0,0.0,0.0,0.0,1.0,45.0,F,III,HER2+,1.0,5.44,100.0,4.22,58.2,75.3,41.2,5991.0,567.0,1.0069854845349875,0.971181333539365,0.9427938449553059,1.0118156718013556,0
PT_034,21,3.0,24.0,0.0,0.0,0.0,1.0,44.0,F,IV,ER+/PR+,0.0,6.13,100.0,6.2,55.95,75.2,43.5,7918.0,437.0,1.0270288125655487,0.9612174766813943,0.9933704811952165,0.9989842863117643,0
PT_034,21,7.0,28.0,0.0,0.0,0.0,1.0,44.0,F,IV,ER+/PR+,0.0,6.13,100.0,6.2,55.95,75.2,43.5,7918.0,437.0,1.0270288125655487,0.9612174766813943,0.9933704811952165,0.9989842863117643,0
PT_034,21,14.0,35.0,0.0,0.0,0.0,1.0,44.0,F,IV,ER+/PR+,0.0,6.13,100.0,6.2,55.95,75.2,43.5,7918.0,437.0,1.0270288125655487,0.9612174766813943,0.9933704811952165,0.9989842863117643,0
PT_034,42,3.0,13.0,0.0,0.0,1.0,0.0,44.0,F,IV,ER+/PR+,0.0,6.13,100.0,2.93,61.26,89.5,33.0,5943.0,420.0,1.0810683332350688,0.7994851076303482,0.8043623105184563,0.9612320764737122,0
PT_034,42,7.0,17.0,0.0,0.0,0.0,1.0,44.0,F,IV,ER+/PR+,0.0,6.13,100.0,2.93,61.26,89.5,33.0,5943.0,420.0,1.0810683332350688,0.7994851076303482,0.8043623105184563,0.9612320764737122,0
PT_034,42,14.0,24.0,0.0,0.0,0.0,1.0,44.0,F,IV,ER+/PR+,0.0,6.13,100.0,2.93,61.26,89.5,33.0,5943.0,420.0,1.0810683332350688,0.7994851076303482,0.8043623105184563,0.9612320764737122,0
PT_035,21,3.0,24.0,0.0,0.0,0.0,1.0,73.0,F,II,HER2+,1.0,5.11,100.0,5.04,40.85,67.5,35.1,4924.0,398.0,0.9989085762035504,0.9269378766244769,0.9812687342012081,1.0004290004290004,0
PT_035,21,7.0,28.0,0.0,0.0,0.0,1.0,73.0,F,II,HER2+,1.0,5.11,100.0,5.04,40.85,67.5,35.1,4924.0,398.0,0.9989085762035504,0.9269378766244769,0.9812687342012081,1.0004290004290004,0
PT_035,21,14.0,35.0,0.0,0.0,0.0,1.0,73.0,F,II,HER2+,1.0,5.11,100.0,5.04,40.85,67.5,35.1,4924.0,398.0,0.9989085762035504,0.9269378766244769,0.9812687342012081,1.0004290004290004,0
PT_035,42,3.0,14.0,0.0,0.0,1.0,0.0,73.0,F,II,HER2+,1.0,5.11,100.0,2.84,54.24,77.0,24.5,3979.0,414.0,1.036528774330647,0.8146824919699753,0.8839676292913251,1.0173113251370351,0
PT_035,42,7.0,18.0,0.0,0.0,0.0,1.0,73.0,F,II,HER2+,1.0,5.11,100.0,2.84,54.24,77.0,24.5,3979.0,414.0,1.036528774330647,0.8146824919699753,0.8839676292913251,1.0173113251370351,0
PT_035,42,14.0,25.0,0.0,0.0,0.0,1.0,73.0,F,II,HER2+,1.0,5.11,100.0,2.84,54.24,77.0,24.5,3979.0,414.0,1.036528774330647,0.8146824919699753,0.8839676292913251,1.0173113251370351,0
PT_036,21,3.0,24.0,0.0,0.0,0.0,1.0,32.0,F,II,ER+/PR+,0.0,4.8,100.0,4.75,23.67,78.1,36.8,7269.0,462.0,1.0102962215915754,0.9980694980694982,0.9610806187992192,0.9910722830619472,0
PT_036,21,7.0,28.0,0.0,0.0,0.0,1.0,32.0,F,II,ER+/PR+,0.0,4.8,100.0,4.75,23.67,78.1,36.8,7269.0,462.0,1.0102962215915754,0.9980694980694982,0.9610806187992192,0.9910722830619472,0
PT_036,21,14.0,35.0,0.0,0.0,0.0,1.0,32.0,F,II,ER+/PR+,0.0,4.8,100.0,4.75,23.67,78.1,36.8,7269.0,462.0,1.0102962215915754,0.9980694980694982,0.9610806187992192,0.9910722830619472,0
PT_036,42,3.0,11.0,0.0,0.0,1.0,0.0,32.0,F,II,ER+/PR+,0.0,4.8,100.0,4.22,31.88,75.5,36.7,6559.0,467.0,0.9358550885715535,1.0585565930709486,1.0099357570345413,0.9763485604136707,0
PT_036,42,7.0,15.0,0.0,0.0,0.0,1.0,32.0,F,II,ER+/PR+,0.0,4.8,100.0,4.22,31.88,75.5,36.7,6559.0,467.0,0.9358550885715535,1.0585565930709486,1.0099357570345413,0.9763485604136707,0
PT_036,42,14.0,22.0,0.0,0.0,0.0,1.0,32.0,F,II,ER+/PR+,0.0,4.8,100.0,4.22,31.88,75.5,36.7,6559.0,467.0,0.9358550885715535,1.0585565930709486,1.0099357570345413,0.9763485604136707,0
PT_037,21,3.0,24.0,0.0,0.0,0.0,1.0,66.0,M,II,Triple Negative,1.0,4.42,100.0,4.5,39.56,67.3,57.4,6411.0,435.0,0.9802968177364926,1.0272108843537413,1.0367702427484773,1.010850856843523,0
PT_037,21,7.0,28.0,0.0,0.0,0.0,1.0,66.0,M,II,Triple Negative,1.0,4.42,100.0,4.5,39.56,67.3,57.4,6411.0,435.0,0.9802968177364926,1.0272108843537413,1.0367702427484773,1.010850856843523,0
PT_037,21,14.0,35.0,0.0,0.0,0.0,1.0,66.0,M,II,Triple Negative,1.0,4.42,100.0,4.5,39.56,67.3,57.4,6411.0,435.0,0.9802968177364926,1.0272108843537413,1.0367702427484773,1.010850856843523,0
PT_037,42,3.0,11.0,0.0,0.0,1.0,0.0,66.0,M,II,Triple Negative,1.0,4.42,100.0,2.9,52.37,72.8,43.9,5231.0,461.0,1.0529485845698956,0.9438444924406048,0.8881011552611983,1.0142966277420058,0
PT_037,42,7.0,15.0,0.0,0.0,0.0,1.0,66.0,M,II,Triple Negative,1.0,4.42,100.0,2.9,52.37,72.8,43.9,5231.0,461.0,1.0529485845698956,0.9438444924406048,0.8881011552611983,1.0142966277420058,0
PT_037,42,14.0,22.0,0.0,0.0,0.0,1.0,66.0,M,II,Triple Negative,1.0,4.42,100.0,2.9,52.37,72.8,43.9,5231.0,461.0,1.0529485845698956,0.9438444924406048,0.8881011552611983,1.0142966277420058,0
PT_038,21,3.0,24.0,0.0,0.0,0.0,1.0,36.0,F,III,Triple Negative,0.0,4.94,100.0,5.07,52.65,72.1,58.2,6025.0,404.0,1.0010222966422841,1.0262390670553936,1.0924498840908003,0.9822670480204727,0
PT_038,21,7.0,28.0,0.0,0.0,0.0,1.0,36.0,F,III,Triple Negative,0.0,4.94,100.0,5.07,52.65,72.1,58.2,6025.0,404.0,1.0010222966422841,1.0262390670553936,1.0924498840908003,0.9822670480204727,0
PT_038,21,14.0,35.0,0.0,0.0,0.0,1.0,36.0,F,III,Triple Negative,0.0,4.94,100.0,5.07,52.65,72.1,58.2,6025.0,404.0,1.0010222966422841,1.0262390670553936,1.0924498840908003,0.9822670480204727,0
PT_038,42,3.0,16.0,0.0,0.0,0.0,1.0,36.0,F,III,Triple Negative,0.0,4.94,100.0,2.75,64.73,73.5,46.9,4669.0,411.0,1.055775362040487,0.9546061415220292,0.8327775696836258,1.0337284708949699,0
PT_038,42,7.0,20.0,0.0,0.0,0.0,1.0,36.0,F,III,Triple Negative,0.0,4.94,100.0,2.75,64.73,73.5,46.9,4669.0,411.0,1.055775362040487,0.9546061415220292,0.8327775696836258,1.0337284708949699,0
PT_038,42,14.0,27.0,0.0,0.0,0.0,1.0,36.0,F,III,Triple Negative,0.0,4.94,100.0,2.75,64.73,73.5,46.9,4669.0,411.0,1.055775362040487,0.9546061415220292,0.8327775696836258,1.0337284708949699,0
PT_039,21,3.0,24.0,0.0,0.0,0.0,1.0,50.0,M,II,HER2+,1.0,4.11,100.0,4.23,38.05,58.6,62.9,7551.0,446.0,0.9940886699507389,0.9929614891052146,1.026141584242278,0.9855846074972104,0
PT_039,21,7.0,28.0,0.0,0.0,0.0,1.0,50.0,M,II,HER2+,1.0,4.11,100.0,4.23,38.05,58.6,62.9,7551.0,446.0,0.9940886699507389,0.9929614891052146,1.026141584242278,0.9855846074972104,0
PT_039,21,14.0,35.0,0.0,0.0,0.0,1.0,50.0,M,II,HER2+,1.0,4.11,100.0,4.23,38.05,58.6,62.9,7551.0,446.0,0.9940886699507389,0.9929614891052146,1.026141584242278,0.9855846074972104,0
PT_039,42,3.0,12.0,0.0,0.0,1.0,0.0,50.0,M,II,HER2+,1.0,4.11,100.0,1.79,50.98,71.1,51.4,4914.0,414.0,1.0423798511187186,0.949573639330456,0.843405464429546,1.0319849171435187,0
PT_039,42,7.0,16.0,0.0,0.0,0.0,1.0,50.0,M,II,HER2+,1.0,4.11,100.0,1.79,50.98,71.1,51.4,4914.0,414.0,1.0423798511187186,0.949573639330456,0.843405464429546,1.0319849171435187,0
PT_039,42,14.0,23.0,0.0,0.0,0.0,1.0,50.0,M,II,HER2+,1.0,4.11,100.0,1.79,50.98,71.1,51.4,4914.0,414.0,1.0423798511187186,0.949573639330456,0.843405464429546,1.0319849171435187,0
PT_040,21,3.0,24.0,0.0,0.0,0.0,1.0,38.0,F,III,Triple Negative,1.0,4.25,100.0,4.23,47.95,76.0,60.7,6873.0,552.0,0.9957896579992518,1.021120667718459,1.092872349563881,0.9852331176372989,0
PT_040,21,7.0,28.0,0.0,0.0,0.0,1.0,38.0,F,III,Triple Negative,1.0,4.25,100.0,4.23,47.95,76.0,60.7,6873.0,552.0,0.9957896579992518,1.021120667718459,1.092872349563881,0.9852331176372989,0
PT_040,21,14.0,35.0,0.0,0.0,0.0,1.0,38.0,F,III,Triple Negative,1.0,4.25,100.0,4.23,47.95,76.0,60.7,6873.0,552.0,0.9957896579992518,1.021120667718459,1.092872349563881,0.9852331176372989,0
PT_040,42,3.0,19.0,0.0,0.0,0.0,1.0,38.0,F,III,Triple Negative,1.0,4.25,100.0,3.32,61.57,80.0,58.3,6209.0,458.0,1.0066796498189032,1.0083722243297368,0.9730029619025657,0.9934656474999722,0
PT_040,42,7.0,23.0,0.0,0.0,0.0,1.0,38.0,F,III,Triple Negative,1.0,4.25,100.0,3.32,61.57,80.0,58.3,6209.0,458.0,1.0066796498189032,1.0083722243297368,0.9730029619025657,0.9934656474999722,0
PT_040,42,14.0,30.0,0.0,0.0,0.0,1.0,38.0,F,III,Triple Negative,1.0,4.25,100.0,3.32,61.57,80.0,58.3,6209.0,458.0,1.0066796498189032,1.0083722243297368,0.9730029619025657,0.9934656474999722,0
PT_041,21,3.0,24.0,0.0,0.0,0.0,1.0,68.0,M,II,ER+/PR+,2.0,4.77,100.0,4.87,37.8,70.5,40.1,7741.0,412.0,1.0159775503252284,0.91123439667129,0.9463712162372306,0.9822259839187474,1
PT_041,21,7.0,28.0,0.0,0.0,0.0,1.0,68.0,M,II,ER+/PR+,2.0,4.77,100.0,4.87,37.8,70.5,40.1,7741.0,412.0,1.0159775503252284,0.91123439667129,0.9463712162372306,0.9822259839187474,1
PT_041,21,14.0,35.0,0.0,0.0,0.0,1.0,68.0,M,II,ER+/PR+,2.0,4.77,100.0,4.87,37.8,70.5,40.1,7741.0,412.0,1.0159775503252284,0.91123439667129,0.9463712162372306,0.9822259839187474,0
PT_041,42,3.0,11.0,0.0,0.0,1.0,0.0,68.0,M,II,ER+/PR+,2.0,4.77,100.0,0.2,49.71,86.2,19.9,6006.0,381.0,1.0702454769387582,0.7199751732698871,0.8662420294312776,0.9548133595284872,0
PT_041,42,7.0,15.0,0.0,0.0,0.0,1.0,68.0,M,II,ER+/PR+,2.0,4.77,100.0,0.2,49.71,86.2,19.9,6006.0,381.0,1.0702454769387582,0.7199751732698871,0.8662420294312776,0.9548133595284872,0
PT_041,42,14.0,22.0,0.0,0.0,0.0,1.0,68.0,M,II,ER+/PR+,2.0,4.77,100.0,0.2,49.71,86.2,19.9,6006.0,381.0,1.0702454769387582,0.7199751732698871,0.8662420294312776,0.9548133595284872,0
PT_042,21,3.0,24.0,0.0,0.0,0.0,1.0,47.0,F,IV,ER+/PR+,1.0,3.05,100.0,3.16,27.68,60.1,36.2,5667.0,422.0,1.0098002039251375,0.9117901011057573,0.9234524683477928,1.011427325943455,1
PT_042,21,7.0,28.0,0.0,0.0,0.0,1.0,47.0,F,IV,ER+/PR+,1.0,3.05,100.0,3.16,27.68,60.1,36.2,5667.0,422.0,1.0098002039251375,0.9117901011057573,0.9234524683477928,1.011427325943455,1
PT_042,21,14.0,35.0,0.0,0.0,0.0,1.0,47.0,F,IV,ER+/PR+,1.0,3.05,100.0,3.16,27.68,60.1,36.2,5667.0,422.0,1.0098002039251375,0.9117901011057573,0.9234524683477928,1.011427325943455,1
PT_042,42,3.0,24.0,0.0,0.0,0.0,1.0,47.0,F,IV,ER+/PR+,1.0,3.05,100.0,3.07,56.49,59.9,38.4,5467.0,430.0,0.9936727674211219,1.0172684458398742,1.0525020568341499,0.9890378438765536,1
PT_042,42,7.0,28.0,0.0,0.0,0.0,1.0,47.0,F,IV,ER+/PR+,1.0,3.05,100.0,3.07,56.49,59.9,38.4,5467.0,430.0,0.9936727674211219,1.0172684458398742,1.0525020568341499,0.9890378438765536,1
PT_042,42,14.0,35.0,0.0,0.0,0.0,1.0,47.0,F,IV,ER+/PR+,1.0,3.05,100.0,3.07,56.49,59.9,38.4,5467.0,430.0,0.9936727674211219,1.0172684458398742,1.0525020568341499,0.9890378438765536,1
PT_043,21,3.0,24.0,0.0,0.0,0.0,1.0,33.0,F,III,ER+/PR+,0.0,3.65,100.0,3.59,43.72,75.5,49.1,4758.0,316.0,1.0144293582219914,0.9303563507319238,0.7885612575714922,1.0015232959221194,1
PT_043,21,7.0,28.0,0.0,0.0,0.0,1.0,33.0,F,III,ER+/PR+,0.0,3.65,100.0,3.59,43.72,75.5,49.1,4758.0,316.0,1.0144293582219914,0.9303563507319238,0.7885612575714922,1.0015232959221194,0
PT_043,21,14.0,35.0,0.0,0.0,0.0,1.0,33.0,F,III,ER+/PR+,0.0,3.65,100.0,3.59,43.72,75.5,49.1,4758.0,316.0,1.0144293582219914,0.9303563507319238,0.7885612575714922,1.0015232959221194,0
PT_043,42,3.0,14.0,0.0,0.0,1.0,0.0,33.0,F,III,ER+/PR+,0.0,3.65,100.0,0.93,53.12,86.8,31.0,2237.0,370.0,1.060252218589444,0.866764740964574,0.7333108295586491,0.9355652373308874,0
PT_043,42,7.0,18.0,0.0,0.0,0.0,1.0,33.0,F,III,ER+/PR+,0.0,3.65,100.0,0.93,53.12,86.8,31.0,2237.0,370.0,1.060252218589444,0.866764740964574,0.7333108295586491,0.9355652373308874,0
PT_043,42,14.0,25.0,0.0,0.0,0.0,1.0,33.0,F,III,ER+/PR+,0.0,3.65,100.0,0.93,53.12,86.8,31.0,2237.0,370.0,1.060252218589444,0.866764740964574,0.7333108295586491,0.9355652373308874,0
PT_044,21,3.0,24.0,0.0,0.0,0.0,1.0,54.0,F,III,ER+/PR+,1.0,4.81,100.0,4.8,45.14,75.3,52.4,7059.0,440.0,1.0533027006578644,0.9192293582623877,0.9308011970201838,0.9829603956088578,0
PT_044,21,7.0,28.0,0.0,0.0,0.0,1.0,54.0,F,III,ER+/PR+,1.0,4.81,100.0,4.8,45.14,75.3,52.4,7059.0,440.0,1.0533027006578644,0.9192293582623877,0.9308011970201838,0.9829603956088578,0
PT_044,21,14.0,35.0,0.0,0.0,0.0,1.0,54.0,F,III,ER+/PR+,1.0,4.81,100.0,4.8,45.14,75.3,52.4,7059.0,440.0,1.0533027006578644,0.9192293582623877,0.9308011970201838,0.9829603956088578,0
PT_044,42,3.0,17.0,0.0,0.0,0.0,1.0,54.0,F,III,ER+/PR+,1.0,4.81,100.0,2.4,58.26,71.6,41.3,6685.0,407.0,1.0423663136140533,0.8531317494600432,0.8602840740580875,0.9983156121697021,0
PT_044,42,7.0,21.0,0.0,0.0,0.0,1.0,54.0,F,III,ER+/PR+,1.0,4.81,100.0,2.4,58.26,71.6,41.3,6685.0,407.0,1.0423663136140533,0.8531317494600432,0.8602840740580875,0.9983156121697021,0
PT_044,42,14.0,28.0,0.0,0.0,0.0,1.0,54.0,F,III,ER+/PR+,1.0,4.81,100.0,2.4,58.26,71.6,41.3,6685.0,407.0,1.0423663136140533,0.8531317494600432,0.8602840740580875,0.9983156121697021,0
PT_045,21,3.0,24.0,0.0,0.0,0.0,1.0,43.0,F,II,ER+/PR+,0.0,4.4,100.0,4.52,44.17,66.4,42.9,5678.0,432.0,0.9972380489160644,1.0125326876513316,1.0318443779887905,0.9834049683106286,0
PT_045,21,7.0,28.0,0.0,0.0,0.0,1.0,43.0,F,II,ER+/PR+,0.0,4.4,100.0,4.52,44.17,66.4,42.9,5678.0,432.0,0.9972380489160644,1.0125326876513316,1.0318443779887905,0.9834049683106286,0
PT_045,21,14.0,35.0,0.0,0.0,0.0,1.0,43.0,F,II,ER+/PR+,0.0,4.4,100.0,4.52,44.17,66.4,42.9,5678.0,432.0,0.9972380489160644,1.0125326876513316,1.0318443779887905,0.9834049683106286,0
PT_045,42,3.0,19.0,0.0,0.0,0.0,1.0,43.0,F,II,ER+/PR+,0.0,4.4,100.0,2.42,66.15,76.3,35.9,4543.0,452.0,1.0473128158015617,0.9256853580468469,0.9245630174793008,1.000203882349154,0
PT_045,42,7.0,23.0,0.0,0.0,0.0,1.0,43.0,F,II,ER+/PR+,0.0,4.4,100.0,2.42,66.15,76.3,35.9,4543.0,452.0,1.0473128158015617,0.9256853580468469,0.9245630174793008,1.000203882349154,0
PT_045,42,14.0,30.0,0.0,0.0,0.0,1.0,43.0,F,II,ER+/PR+,0.0,4.4,100.0,2.42,66.15,76.3,35.9,4543.0,452.0,1.0473128158015617,0.9256853580468469,0.9245630174793008,1.000203882349154,0
PT_046,21,3.0,24.0,0.0,0.0,0.0,1.0,38.0,F,III,ER+/PR+,0.0,4.03,100.0,4.05,41.97,70.8,49.6,7187.0,385.0,1.0021176286045437,1.0233697700716171,1.048103445153166,0.9987937273823885,0
PT_046,21,7.0,28.0,0.0,0.0,0.0,1.0,38.0,F,III,ER+/PR+,0.0,4.03,100.0,4.05,41.97,70.8,49.6,7187.0,385.0,1.0021176286045437,1.0233697700716171,1.048103445153166,0.9987937273823885,0
PT_046,21,14.0,35.0,0.0,0.0,0.0,1.0,38.0,F,III,ER+/PR+,0.0,4.03,100.0,4.05,41.97,70.8,49.6,7187.0,385.0,1.0021176286045437,1.0233697700716171,1.048103445153166,0.9987937273823885,0
PT_046,42,3.0,24.0,0.0,0.0,0.0,1.0,38.0,F,III,ER+/PR+,0.0,4.03,100.0,3.91,78.4,73.9,42.3,5527.0,424.0,1.0197798157910285,0.9018283643551309,0.9315315395700143,1.0166145177864243,0
PT_046,42,7.0,28.0,0.0,0.0,0.0,1.0,38.0,F,III,ER+/PR+,0.0,4.03,100.0,3.91,78.4,73.9,42.3,5527.0,424.0,1.0197798157910285,0.9018283643551309,0.9315315395700143,1.0166145177864243,0
PT_046,42,14.0,35.0,0.0,0.0,0.0,1.0,38.0,F,III,ER+/PR+,0.0,4.03,100.0,3.91,78.4,73.9,42.3,5527.0,424.0,1.0197798157910285,0.9018283643551309,0.9315315395700143,1.0166145177864243,0
PT_047,21,3.0,24.0,0.0,0.0,0.0,1.0,55.0,F,III,HER2+,0.0,5.5,100.0,5.44,49.76,77.8,48.5,4226.0,368.0,1.0012672129762608,0.962315608660931,0.9299083961564338,0.9810132359653126,0
PT_047,21,7.0,28.0,0.0,0.0,0.0,1.0,55.0,F,III,HER2+,0.0,5.5,100.0,5.44,49.76,77.8,48.5,4226.0,368.0,1.0012672129762608,0.962315608660931,0.9299083961564338,0.9810132359653126,0
PT_047,21,14.0,35.0,0.0,0.0,0.0,1.0,55.0,F,III,HER2+,0.0,5.5,100.0,5.44,49.76,77.8,48.5,4226.0,368.0,1.0012672129762608,0.962315608660931,0.9299083961564338,0.9810132359653126,0
PT_047,42,3.0,23.0,0.0,0.0,0.0,1.0,55.0,F,III,HER2+,0.0,5.5,100.0,3.9,66.42,80.4,49.9,4367.0,436.0,0.9795425813124929,1.0741122255353754,1.0692631736887694,1.0067391954366676,0
PT_047,42,7.0,27.0,0.0,0.0,0.0,1.0,55.0,F,III,HER2+,0.0,5.5,100.0,3.9,66.42,80.4,49.9,4367.0,436.0,0.9795425813124929,1.0741122255353754,1.0692631736887694,1.0067391954366676,0
PT_047,42,14.0,34.0,0.0,0.0,0.0,1.0,55.0,F,III,HER2+,0.0,5.5,100.0,3.9,66.42,80.4,49.9,4367.0,436.0,0.9795425813124929,1.0741122255353754,1.0692631736887694,1.0067391954366676,0
PT_048,21,3.0,24.0,0.0,0.0,0.0,1.0,31.0,F,II,ER+/PR+,1.0,5.37,100.0,5.4,39.86,72.1,52.5,3584.0,451.0,1.064196604446112,0.9443611547549086,0.8311789642488593,1.0029923007094108,0
PT_048,21,7.0,28.0,0.0,0.0,0.0,1.0,31.0,F,II,ER+/PR+,1.0,5.37,100.0,5.4,39.86,72.1,52.5,3584.0,451.0,1.064196604446112,0.9443611547549086,0.8311789642488593,1.0029923007094108,0
PT_048,21,14.0,35.0,0.0,0.0,0.0,1.0,31.0,F,II,ER+/PR+,1.0,5.37,100.0,5.4,39.86,72.1,52.5,3584.0,451.0,1.064196604446112,0.9443611547549086,0.8311789642488593,1.0029923007094108,0
PT_048,42,3.0,20.0,0.0,0.0,0.0,1.0,31.0,F,II,ER+/PR+,1.0,5.37,100.0,2.8,58.61,73.9,53.6,2749.0,367.0,1.0366910756332963,0.9026666409579085,0.7446411790152002,1.0001953268061627,0
PT_048,42,7.0,24.0,0.0,0.0,0.0,1.0,31.0,F,II,ER+/PR+,1.0,5.37,100.0,2.8,58.61,73.9,53.6,2749.0,367.0,1.0366910756332963,0.9026666409579085,0.7446411790152002,1.0001953268061627,0
PT_048,42,14.0,31.0,0.0,0.0,0.0,1.0,31.0,F,II,ER+/PR+,1.0,5.37,100.0,2.8,58.61,73.9,53.6,2749.0,367.0,1.0366910756332963,0.9026666409579085,0.7446411790152002,1.0001953268061627,0
PT_049,21,3.0,24.0,0.0,0.0,0.0,1.0,49.0,F,II,ER+/PR+,1.0,3.42,100.0,3.47,31.05,68.3,35.2,7371.0,482.0,1.0071904610781157,1.0260433692927973,0.9904042509054299,0.9965232630448301,1
PT_049,21,7.0,28.0,0.0,0.0,0.0,1.0,49.0,F,II,ER+/PR+,1.0,3.42,100.0,3.47,31.05,68.3,35.2,7371.0,482.0,1.0071904610781157,1.0260433692927973,0.9904042509054299,0.9965232630448301,0
PT_049,21,14.0,35.0,0.0,0.0,0.0,1.0,49.0,F,II,ER+/PR+,1.0,3.42,100.0,3.47,31.05,68.3,35.2,7371.0,482.0,1.0071904610781157,1.0260433692927973,0.9904042509054299,0.9965232630448301,0
PT_049,42,3.0,19.0,0.0,0.0,0.0,1.0,49.0,F,II,ER+/PR+,1.0,3.42,100.0,1.12,46.42,81.7,27.3,5367.0,487.0,1.1428203192605821,0.5162842339008141,0.6714834504029183,1.0063756444281748,1
PT_049,42,7.0,23.0,0.0,0.0,0.0,1.0,49.0,F,II,ER+/PR+,1.0,3.42,100.0,1.12,46.42,81.7,27.3,5367.0,487.0,1.1428203192605821,0.5162842339008141,0.6714834504029183,1.0063756444281748,1
PT_049,42,14.0,30.0,0.0,0.0,0.0,1.0,49.0,F,II,ER+/PR+,1.0,3.42,100.0,1.12,46.42,81.7,27.3,5367.0,487.0,1.1428203192605821,0.5162842339008141,0.6714834504029183,1.0063756444281748,1
PT_050,21,3.0,24.0,0.0,0.0,0.0,1.0,57.0,F,IV,ER+/PR+,0.0,6.05,100.0,5.84,54.05,84.9,36.4,5162.0,467.0,1.1237476093406893,0.6675094816687737,0.7028895747739645,1.014056100285466,0
PT_050,21,7.0,28.0,0.0,0.0,0.0,1.0,57.0,F,IV,ER+/PR+,0.0,6.05,100.0,5.84,54.05,84.9,36.4,5162.0,467.0,1.1237476093406893,0.6675094816687737,0.7028895747739645,1.014056100285466,0
PT_050,21,14.0,35.0,0.0,0.0,0.0,1.0,57.0,F,IV,ER+/PR+,0.0,6.05,100.0,5.84,54.05,84.9,36.4,5162.0,467.0,1.1237476093406893,0.6675094816687737,0.7028895747739645,1.014056100285466,0
PT_050,42,3.0,22.0,0.0,0.0,0.0,1.0,57.0,F,IV,ER+/PR+,0.0,6.05,100.0,3.91,64.34,80.4,42.6,4373.0,457.0,0.9891930267413427,1.0379799503309108,1.0199232607580715,1.0114808894056098,0
PT_050,42,7.0,26.0,0.0,0.0,0.0,1.0,57.0,F,IV,ER+/PR+,0.0,6.05,100.0,3.91,64.34,80.4,42.6,4373.0,457.0,0.9891930267413427,1.0379799503309108,1.0199232607580715,1.0114808894056098,0
PT_050,42,14.0,33.0,0.0,0.0,0.0,1.0,57.0,F,IV,ER+/PR+,0.0,6.05,100.0,3.91,64.34,80.4,42.6,4373.0,457.0,0.9891930267413427,1.0379799503309108,1.0199232607580715,1.0114808894056098,0
PT_051,21,3.0,24.0,0.0,0.0,0.0,1.0,36.0,F,III,ER+/PR+,1.0,4.63,100.0,4.65,38.69,74.8,43.4,5596.0,423.0,1.0153284940491545,0.9666535896429974,0.9409468347848693,0.9815719010867854,0
PT_051,21,7.0,28.0,0.0,0.0,0.0,1.0,36.0,F,III,ER+/PR+,1.0,4.63,100.0,4.65,38.69,74.8,43.4,5596.0,423.0,1.0153284940491545,0.9666535896429974,0.9409468347848693,0.9815719010867854,0
PT_051,21,14.0,35.0,0.0,0.0,0.0,1.0,36.0,F,III,ER+/PR+,1.0,4.63,100.0,4.65,38.69,74.8,43.4,5596.0,423.0,1.0153284940491545,0.9666535896429974,0.9409468347848693,0.9815719010867854,0
PT_051,42,3.0,17.0,0.0,0.0,0.0,1.0,36.0,F,III,ER+/PR+,1.0,4.63,100.0,1.57,46.68,73.2,40.4,5491.0,476.0,1.0554922132103342,0.9039655249408298,0.8750249269786157,1.0285714285714285,0
PT_051,42,7.0,21.0,0.0,0.0,0.0,1.0,36.0,F,III,ER+/PR+,1.0,4.63,100.0,1.57,46.68,73.2,40.4,5491.0,476.0,1.0554922132103342,0.9039655249408298,0.8750249269786157,1.0285714285714285,0
PT_051,42,14.0,28.0,0.0,0.0,0.0,1.0,36.0,F,III,ER+/PR+,1.0,4.63,100.0,1.57,46.68,73.2,40.4,5491.0,476.0,1.0554922132103342,0.9039655249408298,0.8750249269786157,1.0285714285714285,0
PT_052,21,3.0,24.0,0.0,0.0,0.0,1.0,73.0,F,II,ER+/PR+,0.0,5.54,100.0,5.51,34.28,85.4,32.3,5751.0,467.0,1.0264908554324128,0.8469452406094433,0.8784079638540939,1.0483017579791774,0
PT_052,21,7.0,28.0,0.0,0.0,0.0,1.0,73.0,F,II,ER+/PR+,0.0,5.54,100.0,5.51,34.28,85.4,32.3,5751.0,467.0,1.0264908554324128,0.8469452406094433,0.8784079638540939,1.0483017579791774,0
PT_052,21,14.0,35.0,0.0,0.0,0.0,1.0,73.0,F,II,ER+/PR+,0.0,5.54,100.0,5.51,34.28,85.4,32.3,5751.0,467.0,1.0264908554324128,0.8469452406094433,0.8784079638540939,1.0483017579791774,0
PT_052,42,3.0,20.0,0.0,0.0,0.0,1.0,73.0,F,II,ER+/PR+,0.0,5.54,100.0,2.74,51.06,91.8,32.1,3583.0,429.0,1.0249586420197079,1.0202942466408835,0.9390383106228152,1.0153096961408892,0
PT_052,42,7.0,24.0,0.0,0.0,0.0,1.0,73.0,F,II,ER+/PR+,0.0,5.54,100.0,2.74,51.06,91.8,32.1,3583.0,429.0,1.0249586420197079,1.0202942466408835,0.9390383106228152,1.0153096961408892,0
PT_052,42,14.0,31.0,0.0,0.0,0.0,1.0,73.0,F,II,ER+/PR+,0.0,5.54,100.0,2.74,51.06,91.8,32.1,3583.0,429.0,1.0249586420197079,1.0202942466408835,0.9390383106228152,1.0153096961408892,0
PT_053,21,3.0,24.0,0.0,0.0,0.0,1.0,37.0,F,II,ER+/PR+,0.0,4.92,100.0,4.91,38.0,67.0,32.6,6815.0,479.0,0.9864122317072066,1.001986561495764,0.9813769542129304,0.9985073641106929,0
PT_053,21,7.0,28.0,0.0,0.0,0.0,1.0,37.0,F,II,ER+/PR+,0.0,4.92,100.0,4.91,38.0,67.0,32.6,6815.0,479.0,0.9864122317072066,1.001986561495764,0.9813769542129304,0.9985073641106929,0
PT_053,21,14.0,35.0,0.0,0.0,0.0,1.0,37.0,F,II,ER+/PR+,0.0,4.92,100.0,4.91,38.0,67.0,32.6,6815.0,479.0,0.9864122317072066,1.001986561495764,0.9813769542129304,0.9985073641106929,0
PT_053,42,3.0,22.0,0.0,0.0,0.0,1.0,37.0,F,II,ER+/PR+,0.0,4.92,100.0,4.02,58.61,70.2,23.5,6263.0,488.0,0.9739708872520635,1.0124978065472128,1.0295522610061185,1.0287324375610971,0
PT_053,42,7.0,26.0,0.0,0.0,0.0,1.0,37.0,F,II,ER+/PR+,0.0,4.92,100.0,4.02,58.61,70.2,23.5,6263.0,488.0,0.9739708872520635,1.0124978065472128,1.0295522610061185,1.0287324375610971,0
PT_053,42,14.0,33.0,0.0,0.0,0.0,1.0,37.0,F,II,ER+/PR+,0.0,4.92,100.0,4.02,58.61,70.2,23.5,6263.0,488.0,0.9739708872520635,1.0124978065472128,1.0295522610061185,1.0287324375610971,0
PT_054,21,3.0,24.0,0.0,0.0,0.0,1.0,64.0,M,III,ER+/PR+,0.0,6.49,100.0,6.69,39.61,62.3,69.9,4914.0,510.0,0.9911136107986502,1.0269637318817646,1.0220656184185402,1.0055459934978006,0
PT_054,21,7.0,28.0,0.0,0.0,0.0,1.0,64.0,M,III,ER+/PR+,0.0,6.49,100.0,6.69,39.61,62.3,69.9,4914.0,510.0,0.9911136107986502,1.0269637318817646,1.0220656184185402,1.0055459934978006,0
PT_054,21,14.0,35.0,0.0,0.0,0.0,1.0,64.0,M,III,ER+/PR+,0.0,6.49,100.0,6.69,39.61,62.3,69.9,4914.0,510.0,0.9911136107986502,1.0269637318817646,1.0220656184185402,1.0055459934978006,0
PT_054,42,3.0,15.0,0.0,0.0,0.0,1.0,64.0,M,III,ER+/PR+,0.0,6.49,100.0,5.38,49.62,69.8,62.1,4429.0,465.0,1.0142781011440478,0.9529962849297368,0.9115675840322874,1.0481580212384738,0
PT_054,42,7.0,19.0,0.0,0.0,0.0,1.0,64.0,M,III,ER+/PR+,0.0,6.49,100.0,5.38,49.62,69.8,62.1,4429.0,465.0,1.0142781011440478,0.9529962849297368,0.9115675840322874,1.0481580212384738,0
PT_054,42,14.0,26.0,0.0,0.0,0.0,1.0,64.0,M,III,ER+/PR+,0.0,6.49,100.0,5.38,49.62,69.8,62.1,4429.0,465.0,1.0142781011440478,0.9529962849297368,0.9115675840322874,1.0481580212384738,0
PT_055,21,3.0,24.0,0.0,0.0,0.0,1.0,43.0,F,III,Triple Negative,0.0,5.58,100.0,5.56,41.99,76.6,51.8,7858.0,443.0,0.9901596436331299,1.0293076879173564,1.0147504855004472,1.003572496050328,0
PT_055,21,7.0,28.0,0.0,0.0,0.0,1.0,43.0,F,III,Triple Negative,0.0,5.58,100.0,5.56,41.99,76.6,51.8,7858.0,443.0,0.9901596436331299,1.0293076879173564,1.0147504855004472,1.003572496050328,0
PT_055,21,14.0,35.0,0.0,0.0,0.0,1.0,43.0,F,III,Triple Negative,0.0,5.58,100.0,5.56,41.99,76.6,51.8,7858.0,443.0,0.9901596436331299,1.0293076879173564,1.0147504855004472,1.003572496050328,0
PT_055,42,3.0,16.0,0.0,0.0,0.0,1.0,43.0,F,III,Triple Negative,0.0,5.58,100.0,3.66,50.94,82.4,39.6,6378.0,399.0,1.0753418839718,0.80359213970905,0.867451040647504,1.020834835267825,0
PT_055,42,7.0,20.0,0.0,0.0,0.0,1.0,43.0,F,III,Triple Negative,0.0,5.58,100.0,3.66,50.94,82.4,39.6,6378.0,399.0,1.0753418839718,0.80359213970905,0.867451040647504,1.020834835267825,0
PT_055,42,14.0,27.0,0.0,0.0,0.0,1.0,43.0,F,III,Triple Negative,0.0,5.58,100.0,3.66,50.94,82.4,39.6,6378.0,399.0,1.0753418839718,0.80359213970905,0.867451040647504,1.020834835267825,0
PT_056,21,3.0,24.0,0.0,0.0,0.0,1.0,46.0,M,II,ER+/PR+,1.0,5.42,100.0,5.45,39.52,76.7,58.9,5889.0,424.0,0.9970197602850664,1.0181541500921056,1.0308848497688639,0.9533792766224043,0
PT_056,21,7.0,28.0,0.0,0.0,0.0,1.0,46.0,M,II,ER+/PR+,1.0,5.42,100.0,5.45,39.52,76.7,58.9,5889.0,424.0,0.9970197602850664,1.0181541500921056,1.0308848497688639,0.9533792766224043,0
PT_056,21,14.0,35.0,0.0,0.0,0.0,1.0,46.0,M,II,ER+/PR+,1.0,5.42,100.0,5.45,39.52,76.7,58.9,5889.0,424.0,0.9970197602850664,1.0181541500921056,1.0308848497688639,0.9533792766224043,0
PT_056,42,3.0,13.0,0.0,0.0,1.0,0.0,46.0,M,II,ER+/PR+,1.0,5.42,100.0,2.93,58.09,79.1,46.1,4120.0,468.0,1.0337364735837047,0.8981229402493193,0.8933712230370441,1.0346799421440345,0
PT_056,42,7.0,17.0,0.0,0.0,0.0,1.0,46.0,M,II,ER+/PR+,1.0,5.42,100.0,2.93,58.09,79.1,46.1,4120.0,468.0,1.0337364735837047,0.8981229402493193,0.8933712230370441,1.0346799421440345,0
PT_056,42,14.0,24.0,0.0,0.0,0.0,1.0,46.0,M,II,ER+/PR+,1.0,5.42,100.0,2.93,58.09,79.1,46.1,4120.0,468.0,1.0337364735837047,0.8981229402493193,0.8933712230370441,1.0346799421440345,0
PT_057,21,3.0,24.0,0.0,0.0,0.0,1.0,65.0,F,II,ER+/PR+,1.0,5.68,100.0,5.46,35.4,74.7,41.5,5805.0,407.0,1.0342766171740474,0.9238332148779909,0.9828241941400192,0.9941914498141264,0
PT_057,21,7.0,28.0,0.0,0.0,0.0,1.0,65.0,F,II,ER+/PR+,1.0,5.68,100.0,5.46,35.4,74.7,41.5,5805.0,407.0,1.0342766171740474,0.9238332148779909,0.9828241941400192,0.9941914498141264,0
PT_057,21,14.0,35.0,0.0,0.0,0.0,1.0,65.0,F,II,ER+/PR+,1.0,5.68,100.0,5.46,35.4,74.7,41.5,5805.0,407.0,1.0342766171740474,0.9238332148779909,0.9828241941400192,0.9941914498141264,0
PT_057,42,3.0,11.0,0.0,0.0,1.0,0.0,65.0,F,II,ER+/PR+,1.0,5.68,100.0,2.89,46.76,82.5,27.8,4363.0,409.0,1.091870686698636,0.7375530206317176,0.6868252787781678,1.0566626650660265,0
PT_057,42,7.0,15.0,0.0,0.0,0.0,1.0,65.0,F,II,ER+/PR+,1.0,5.68,100.0,2.89,46.76,82.5,27.8,4363.0,409.0,1.091870686698636,0.7375530206317176,0.6868252787781678,1.0566626650660265,0
PT_057,42,14.0,22.0,0.0,0.0,0.0,1.0,65.0,F,II,ER+/PR+,1.0,5.68,100.0,2.89,46.76,82.5,27.8,4363.0,409.0,1.091870686698636,0.7375530206317176,0.6868252787781678,1.0566626650660265,0
PT_058,21,3.0,24.0,0.0,0.0,0.0,1.0,69.0,M,II,HER2+,1.0,3.33,100.0,3.44,40.42,67.8,36.7,7471.0,448.0,0.9847402420727772,1.1654791194044156,1.072356968782639,0.9994893668148505,0
PT_058,21,7.0,28.0,0.0,0.0,0.0,1.0,69.0,M,II,HER2+,1.0,3.33,100.0,3.44,40.42,67.8,36.7,7471.0,448.0,0.9847402420727772,1.1654791194044156,1.072356968782639,0.9994893668148505,1
PT_058,21,14.0,35.0,0.0,0.0,0.0,1.0,69.0,M,II,HER2+,1.0,3.33,100.0,3.44,40.42,67.8,36.7,7471.0,448.0,0.9847402420727772,1.1654791194044156,1.072356968782639,0.9994893668148505,0
PT_058,42,3.0,21.0,0.0,0.0,0.0,1.0,69.0,M,II,HER2+,1.0,3.33,100.0,1.32,60.02,80.1,21.9,5458.0,452.0,1.008117080631985,0.894137224782386,0.9378788183518579,0.981750956777444,1
PT_058,42,7.0,25.0,0.0,0.0,0.0,1.0,69.0,M,II,HER2+,1.0,3.33,100.0,1.32,60.02,80.1,21.9,5458.0,452.0,1.008117080631985,0.894137224782386,0.9378788183518579,0.981750956777444,1
PT_058,42,14.0,32.0,0.0,0.0,0.0,1.0,69.0,M,II,HER2+,1.0,3.33,100.0,1.32,60.02,80.1,21.9,5458.0,452.0,1.008117080631985,0.894137224782386,0.9378788183518579,0.981750956777444,0
PT_059,21,3.0,24.0,0.0,0.0,0.0,1.0,33.0,M,III,ER+/PR+,0.0,3.56,100.0,3.63,38.01,71.1,56.6,4745.0,438.0,1.042202717325959,0.9442624733272627,0.8407957856138236,0.9789827023103908,0
PT_059,21,7.0,28.0,0.0,0.0,0.0,1.0,33.0,M,III,ER+/PR+,0.0,3.56,100.0,3.63,38.01,71.1,56.6,4745.0,438.0,1.042202717325959,0.9442624733272627,0.8407957856138236,0.9789827023103908,0
PT_059,21,14.0,35.0,0.0,0.0,0.0,1.0,33.0,M,III,ER+/PR+,0.0,3.56,100.0,3.63,38.01,71.1,56.6,4745.0,438.0,1.042202717325959,0.9442624733272627,0.8407957856138236,0.9789827023103908,0
PT_059,42,3.0,11.0,0.0,0.0,1.0,0.0,33.0,M,III,ER+/PR+,0.0,3.56,100.0,1.46,44.9,81.0,52.8,3086.0,419.0,1.0428203925941886,0.9269867116396733,0.8700539052643652,0.9418407679277244,0
PT_059,42,7.0,15.0,0.0,0.0,0.0,1.0,33.0,M,III,ER+/PR+,0.0,3.56,100.0,1.46,44.9,81.0,52.8,3086.0,419.0,1.0428203925941886,0.9269867116396733,0.8700539052643652,0.9418407679277244,0
PT_059,42,14.0,22.0,0.0,0.0,0.0,1.0,33.0,M,III,ER+/PR+,0.0,3.56,100.0,1.46,44.9,81.0,52.8,3086.0,419.0,1.0428203925941886,0.9269867116396733,0.8700539052643652,0.9418407679277244,0
PT_060,21,3.0,24.0,0.0,0.0,0.0,1.0,31.0,F,III,ER+/PR+,0.0,5.44,100.0,5.47,47.26,77.9,35.9,5673.0,426.0,1.054711059142101,0.8329359985329176,0.8544619016129977,0.9661622276029056,0
PT_060,21,7.0,28.0,0.0,0.0,0.0,1.0,31.0,F,III,ER+/PR+,0.0,5.44,100.0,5.47,47.26,77.9,35.9,5673.0,426.0,1.054711059142101,0.8329359985329176,0.8544619016129977,0.9661622276029056,0
PT_060,21,14.0,35.0,0.0,0.0,0.0,1.0,31.0,F,III,ER+/PR+,0.0,5.44,100.0,5.47,47.26,77.9,35.9,5673.0,426.0,1.054711059142101,0.8329359985329176,0.8544619016129977,0.9661622276029056,0
PT_060,42,3.0,22.0,0.0,0.0,0.0,1.0,31.0,F,III,ER+/PR+,0.0,5.44,100.0,4.04,62.03,68.9,41.0,5930.0,365.0,0.9683653020326366,1.0225137256346957,1.0454526506947754,1.003587384730506,0
PT_060,42,7.0,26.0,0.0,0.0,0.0,1.0,31.0,F,III,ER+/PR+,0.0,5.44,100.0,4.04,62.03,68.9,41.0,5930.0,365.0,0.9683653020326366,1.0225137256346957,1.0454526506947754,1.003587384730506,0
PT_060,42,14.0,33.0,0.0,0.0,0.0,1.0,31.0,F,III,ER+/PR+,0.0,5.44,100.0,4.04,62.03,68.9,41.0,5930.0,365.0,0.9683653020326366,1.0225137256346957,1.0454526506947754,1.003587384730506,0
PT_061,21,3.0,24.0,0.0,0.0,0.0,1.0,35.0,F,II,HER2+,0.0,4.63,100.0,4.64,29.57,73.9,49.9,6366.0,429.0,0.9874652039992753,1.0246922948505865,1.093876922813828,0.9846641106851141,0
PT_061,21,7.0,28.0,0.0,0.0,0.0,1.0,35.0,F,II,HER2+,0.0,4.63,100.0,4.64,29.57,73.9,49.9,6366.0,429.0,0.9874652039992753,1.0246922948505865,1.093876922813828,0.9846641106851141,0
PT_061,21,14.0,35.0,0.0,0.0,0.0,1.0,35.0,F,II,HER2+,0.0,4.63,100.0,4.64,29.57,73.9,49.9,6366.0,429.0,0.9874652039992753,1.0246922948505865,1.093876922813828,0.9846641106851141,0
PT_061,42,3.0,10.0,0.0,0.0,1.0,0.0,35.0,F,II,HER2+,0.0,4.63,100.0,2.2,41.47,85.8,36.7,5164.0,332.0,1.072805610977147,0.8963093145869949,0.8712657069152034,0.9600324061571699,0
PT_061,42,7.0,14.0,0.0,0.0,1.0,0.0,35.0,F,II,HER2+,0.0,4.63,100.0,2.2,41.47,85.8,36.7,5164.0,332.0,1.072805610977147,0.8963093145869949,0.8712657069152034,0.9600324061571699,0
PT_061,42,14.0,21.0,0.0,0.0,0.0,1.0,35.0,F,II,HER2+,0.0,4.63,100.0,2.2,41.47,85.8,36.7,5164.0,332.0,1.072805610977147,0.8963093145869949,0.8712657069152034,0.9600324061571699,0
PT_062,21,3.0,24.0,0.0,0.0,0.0,1.0,71.0,F,IV,ER+/PR+,1.0,5.59,100.0,5.69,59.38,73.4,40.7,3690.0,530.0,0.991097408895663,1.001191941692557,0.9544810058855002,1.0031502533899466,0
PT_062,21,7.0,28.0,0.0,0.0,0.0,1.0,71.0,F,IV,ER+/PR+,1.0,5.59,100.0,5.69,59.38,73.4,40.7,3690.0,530.0,0.991097408895663,1.001191941692557,0.9544810058855002,1.0031502533899466,0
PT_062,21,14.0,35.0,0.0,0.0,0.0,1.0,71.0,F,IV,ER+/PR+,1.0,5.59,100.0,5.69,59.38,73.4,40.7,3690.0,530.0,0.991097408895663,1.001191941692557,0.9544810058855002,1.0031502533899466,0
PT_062,42,3.0,18.0,0.0,0.0,0.0,1.0,71.0,F,IV,ER+/PR+,1.0,5.59,100.0,2.2,66.91,69.4,36.1,2916.0,462.0,1.0220528836673812,1.0141066515264008,0.8890153671030165,0.9817360090761991,0
PT_062,42,7.0,22.0,0.0,0.0,0.0,1.0,71.0,F,IV,ER+/PR+,1.0,5.59,100.0,2.2,66.91,69.4,36.1,2916.0,462.0,1.0220528836673812,1.0141066515264008,0.8890153671030165,0.9817360090761991,0
PT_062,42,14.0,29.0,0.0,0.0,0.0,1.0,71.0,F,IV,ER+/PR+,1.0,5.59,100.0,2.2,66.91,69.4,36.1,2916.0,462.0,1.0220528836673812,1.0141066515264008,0.8890153671030165,0.9817360090761991,0
PT_063,21,3.0,24.0,0.0,0.0,0.0,1.0,33.0,M,III,ER+/PR+,0.0,3.18,100.0,3.11,26.43,70.0,49.7,6953.0,487.0,0.9678665248936702,1.0692341328323645,1.045002851563175,0.9986829396786373,0
PT_063,21,7.0,28.0,0.0,0.0,0.0,1.0,33.0,M,III,ER+/PR+,0.0,3.18,100.0,3.11,26.43,70.0,49.7,6953.0,487.0,0.9678665248936702,1.0692341328323645,1.045002851563175,0.9986829396786373,0
PT_063,21,14.0,35.0,0.0,0.0,0.0,1.0,33.0,M,III,ER+/PR+,0.0,3.18,100.0,3.11,26.43,70.0,49.7,6953.0,487.0,0.9678665248936702,1.0692341328323645,1.045002851563175,0.9986829396786373,0
PT_063,42,3.0,24.0,0.0,0.0,0.0,1.0,33.0,M,III,ER+/PR+,0.0,3.18,100.0,3.26,49.78,68.5,61.0,7660.0,363.0,0.9678323769649163,1.0629514963880289,1.0600880022252077,0.9894806752935126,1
PT_063,42,7.0,28.0,0.0,0.0,0.0,1.0,33.0,M,III,ER+/PR+,0.0,3.18,100.0,3.26,49.78,68.5,61.0,7660.0,363.0,0.9678323769649163,1.0629514963880289,1.0600880022252077,0.9894806752935126,0
PT_063,42,14.0,35.0,0.0,0.0,0.0,1.0,33.0,M,III,ER+/PR+,0.0,3.18,100.0,3.26,49.78,68.5,61.0,7660.0,363.0,0.9678323769649163,1.0629514963880289,1.0600880022252077,0.9894806752935126,0
PT_064,21,3.0,24.0,0.0,0.0,0.0,1.0,58.0,F,II,Triple Negative,1.0,4.78,100.0,4.65,36.67,76.3,36.8,5261.0,391.0,1.0323813956581003,0.8797625964970532,0.845795257707357,1.048756116049893,0
PT_064,21,7.0,28.0,0.0,0.0,0.0,1.0,58.0,F,II,Triple Negative,1.0,4.78,100.0,4.65,36.67,76.3,36.8,5261.0,391.0,1.0323813956581003,0.8797625964970532,0.845795257707357,1.048756116049893,0
PT_064,21,14.0,35.0,0.0,0.0,0.0,1.0,58.0,F,II,Triple Negative,1.0,4.78,100.0,4.65,36.67,76.3,36.8,5261.0,391.0,1.0323813956581003,0.8797625964970532,0.845795257707357,1.048756116049893,0
PT_064,42,3.0,22.0,0.0,0.0,0.0,1.0,58.0,F,II,Triple Negative,1.0,4.78,100.0,2.72,55.54,73.5,32.8,4485.0,396.0,0.9938580809600508,0.9957446808510638,1.0318673961124303,0.976794589140914,0
PT_064,42,7.0,26.0,0.0,0.0,0.0,1.0,58.0,F,II,Triple Negative,1.0,4.78,100.0,2.72,55.54,73.5,32.8,4485.0,396.0,0.9938580809600508,0.9957446808510638,1.0318673961124303,0.976794589140914,0
PT_064,42,14.0,33.0,0.0,0.0,0.0,1.0,58.0,F,II,Triple Negative,1.0,4.78,100.0,2.72,55.54,73.5,32.8,4485.0,396.0,0.9938580809600508,0.9957446808510638,1.0318673961124303,0.976794589140914,0
PT_065,21,3.0,24.0,0.0,0.0,0.0,1.0,47.0,F,II,Triple Negative,2.0,4.2,100.0,4.25,27.32,70.3,53.0,7206.0,509.0,0.993489379059333,1.038228941684665,1.030368019455166,1.0395941106247515,1
PT_065,21,7.0,28.0,0.0,0.0,0.0,1.0,47.0,F,II,Triple Negative,2.0,4.2,100.0,4.25,27.32,70.3,53.0,7206.0,509.0,0.993489379059333,1.038228941684665,1.030368019455166,1.0395941106247515,1
PT_065,21,14.0,35.0,0.0,0.0,0.0,1.0,47.0,F,II,Triple Negative,2.0,4.2,100.0,4.25,27.32,70.3,53.0,7206.0,509.0,0.993489379059333,1.038228941684665,1.030368019455166,1.0395941106247515,1
PT_065,42,3.0,22.0,0.0,0.0,0.0,1.0,47.0,F,II,Triple Negative,2.0,4.2,100.0,2.07,41.01,74.6,41.4,5747.0,338.0,0.9960215223373119,1.0196334499092479,1.0344437151749526,0.9588709774945278,0
PT_065,42,7.0,26.0,0.0,0.0,0.0,1.0,47.0,F,II,Triple Negative,2.0,4.2,100.0,2.07,41.01,74.6,41.4,5747.0,338.0,0.9960215223373119,1.0196334499092479,1.0344437151749526,0.9588709774945278,0
PT_065,42,14.0,33.0,0.0,0.0,0.0,1.0,47.0,F,II,Triple Negative,2.0,4.2,100.0,2.07,41.01,74.6,41.4,5747.0,338.0,0.9960215223373119,1.0196334499092479,1.0344437151749526,0.9588709774945278,0
PT_066,21,3.0,24.0,0.0,0.0,0.0,1.0,55.0,M,II,ER+/PR+,1.0,4.49,100.0,4.57,37.52,72.4,48.4,6413.0,475.0,0.985069372209509,1.025029877627969,1.0513993731426388,1.0509100988635314,0
PT_066,21,7.0,28.0,0.0,0.0,0.0,1.0,55.0,M,II,ER+/PR+,1.0,4.49,100.0,4.57,37.52,72.4,48.4,6413.0,475.0,0.985069372209509,1.025029877627969,1.0513993731426388,1.0509100988635314,0
PT_066,21,14.0,35.0,0.0,0.0,0.0,1.0,55.0,M,II,ER+/PR+,1.0,4.49,100.0,4.57,37.52,72.4,48.4,6413.0,475.0,0.985069372209509,1.025029877627969,1.0513993731426388,1.0509100988635314,0
PT_066,42,3.0,21.0,0.0,0.0,0.0,1.0,55.0,M,II,ER+/PR+,1.0,4.49,100.0,4.37,55.79,73.8,47.3,6799.0,453.0,1.0059429177076236,0.9877170152664487,0.9708875247112685,0.9728290749153622,0
PT_066,42,7.0,25.0,0.0,0.0,0.0,1.0,55.0,M,II,ER+/PR+,1.0,4.49,100.0,4.37,55.79,73.8,47.3,6799.0,453.0,1.0059429177076236,0.9877170152664487,0.9708875247112685,0.9728290749153622,0
PT_066,42,14.0,32.0,0.0,0.0,0.0,1.0,55.0,M,II,ER+/PR+,1.0,4.49,100.0,4.37,55.79,73.8,47.3,6799.0,453.0,1.0059429177076236,0.9877170152664487,0.9708875247112685,0.9728290749153622,0
PT_067,21,3.0,24.0,0.0,0.0,0.0,1.0,73.0,M,IV,ER+/PR+,2.0,5.03,100.0,5.25,61.67,82.6,24.7,5171.0,434.0,1.0286354183330668,0.9235762974717785,0.9642883593685052,1.010144861996714,0
PT_067,21,7.0,28.0,0.0,0.0,0.0,1.0,73.0,M,IV,ER+/PR+,2.0,5.03,100.0,5.25,61.67,82.6,24.7,5171.0,434.0,1.0286354183330668,0.9235762974717785,0.9642883593685052,1.010144861996714,0
PT_067,21,14.0,35.0,0.0,0.0,0.0,1.0,73.0,M,IV,ER+/PR+,2.0,5.03,100.0,5.25,61.67,82.6,24.7,5171.0,434.0,1.0286354183330668,0.9235762974717785,0.9642883593685052,1.010144861996714,0
PT_067,42,3.0,21.0,0.0,0.0,0.0,1.0,73.0,M,IV,ER+/PR+,2.0,5.03,100.0,2.2,71.38,91.8,14.0,4718.0,464.0,1.0291801857977785,0.871699728842586,0.8238527256447348,1.0594400042343726,0
PT_067,42,7.0,25.0,0.0,0.0,0.0,1.0,73.0,M,IV,ER+/PR+,2.0,5.03,100.0,2.2,71.38,91.8,14.0,4718.0,464.0,1.0291801857977785,0.871699728842586,0.8238527256447348,1.0594400042343726,0
PT_067,42,14.0,32.0,0.0,0.0,0.0,1.0,73.0,M,IV,ER+/PR+,2.0,5.03,100.0,2.2,71.38,91.8,14.0,4718.0,464.0,1.0291801857977785,0.871699728842586,0.8238527256447348,1.0594400042343726,0
PT_068,21,3.0,24.0,0.0,0.0,0.0,1.0,63.0,F,III,HER2+,0.0,4.66,100.0,4.63,44.2,72.6,39.1,5485.0,475.0,1.0535629854778792,0.9050667642216936,0.9064419234760371,1.0184472809931806,0
PT_068,21,7.0,28.0,0.0,0.0,0.0,1.0,63.0,F,III,HER2+,0.0,4.66,100.0,4.63,44.2,72.6,39.1,5485.0,475.0,1.0535629854778792,0.9050667642216936,0.9064419234760371,1.0184472809931806,0
PT_068,21,14.0,35.0,0.0,0.0,0.0,1.0,63.0,F,III,HER2+,0.0,4.66,100.0,4.63,44.2,72.6,39.1,5485.0,475.0,1.0535629854778792,0.9050667642216936,0.9064419234760371,1.0184472809931806,0
PT_068,42,3.0,21.0,0.0,0.0,0.0,1.0,63.0,F,III,HER2+,0.0,4.66,100.0,2.98,57.54,72.5,43.9,4425.0,396.0,0.9959047251758397,1.004797208896642,1.0275962343403486,0.98129328759143,0
PT_068,42,7.0,25.0,0.0,0.0,0.0,1.0,63.0,F,III,HER2+,0.0,4.66,100.0,2.98,57.54,72.5,43.9,4425.0,396.0,0.9959047251758397,1.004797208896642,1.0275962343403486,0.98129328759143,0
PT_068,42,14.0,32.0,0.0,0.0,0.0,1.0,63.0,F,III,HER2+,0.0,4.66,100.0,2.98,57.54,72.5,43.9,4425.0,396.0,0.9959047251758397,1.004797208896642,1.0275962343403486,0.98129328759143,0
PT_069,21,3.0,24.0,0.0,0.0,0.0,1.0,39.0,F,III,Triple Negative,1.0,4.8,100.0,4.72,45.01,74.4,48.4,6096.0,447.0,0.9974980167205711,1.0743275245390256,1.0074098314672402,1.0010480048802615,0
PT_069,21,7.0,28.0,0.0,0.0,0.0,1.0,39.0,F,III,Triple Negative,1.0,4.8,100.0,4.72,45.01,74.4,48.4,6096.0,447.0,0.9974980167205711,1.0743275245390256,1.0074098314672402,1.0010480048802615,0
PT_069,21,14.0,35.0,0.0,0.0,0.0,1.0,39.0,F,III,Triple Negative,1.0,4.8,100.0,4.72,45.01,74.4,48.4,6096.0,447.0,0.9974980167205711,1.0743275245390256,1.0074098314672402,1.0010480048802615,0
PT_069,42,3.0,15.0,0.0,0.0,0.0,1.0,39.0,F,III,Triple Negative,1.0,4.8,100.0,3.14,53.15,74.8,35.2,5321.0,343.0,1.024571969038933,0.8719034269695062,0.8755692083231222,0.9462335082990495,0
PT_069,42,7.0,19.0,0.0,0.0,0.0,1.0,39.0,F,III,Triple Negative,1.0,4.8,100.0,3.14,53.15,74.8,35.2,5321.0,343.0,1.024571969038933,0.8719034269695062,0.8755692083231222,0.9462335082990495,0
PT_069,42,14.0,26.0,0.0,0.0,0.0,1.0,39.0,F,III,Triple Negative,1.0,4.8,100.0,3.14,53.15,74.8,35.2,5321.0,343.0,1.024571969038933,0.8719034269695062,0.8755692083231222,0.9462335082990495,0
PT_070,21,3.0,24.0,0.0,0.0,0.0,1.0,65.0,M,III,Triple Negative,1.0,4.6,100.0,4.56,36.79,58.1,43.8,7264.0,547.0,1.0070712324017554,0.9860039357021247,0.9925697339493468,1.0093263710284985,1
PT_070,21,7.0,28.0,0.0,0.0,0.0,1.0,65.0,M,III,Triple Negative,1.0,4.6,100.0,4.56,36.79,58.1,43.8,7264.0,547.0,1.0070712324017554,0.9860039357021247,0.9925697339493468,1.0093263710284985,1
PT_070,21,14.0,35.0,0.0,0.0,0.0,1.0,65.0,M,III,Triple Negative,1.0,4.6,100.0,4.56,36.79,58.1,43.8,7264.0,547.0,1.0070712324017554,0.9860039357021247,0.9925697339493468,1.0093263710284985,0
PT_070,42,3.0,20.0,0.0,0.0,0.0,1.0,65.0,M,III,Triple Negative,1.0,4.6,100.0,3.57,45.76,69.2,37.9,6264.0,422.0,1.0189462457030434,1.0112268141880898,0.9898693107047238,1.0400786820752397,0
PT_070,42,7.0,24.0,0.0,0.0,0.0,1.0,65.0,M,III,Triple Negative,1.0,4.6,100.0,3.57,45.76,69.2,37.9,6264.0,422.0,1.0189462457030434,1.0112268141880898,0.9898693107047238,1.0400786820752397,0
PT_070,42,14.0,31.0,0.0,0.0,0.0,1.0,65.0,M,III,Triple Negative,1.0,4.6,100.0,3.57,45.76,69.2,37.9,6264.0,422.0,1.0189462457030434,1.0112268141880898,0.9898693107047238,1.0400786820752397,0
PT_071,21,3.0,24.0,0.0,0.0,0.0,1.0,43.0,F,III,ER+/PR+,1.0,4.31,100.0,4.43,47.27,64.8,54.5,6176.0,437.0,1.0207070623204533,0.9490903668356695,0.9144487978880987,0.980430332269194,0
PT_071,21,7.0,28.0,0.0,0.0,0.0,1.0,43.0,F,III,ER+/PR+,1.0,4.31,100.0,4.43,47.27,64.8,54.5,6176.0,437.0,1.0207070623204533,0.9490903668356695,0.9144487978880987,0.980430332269194,0
PT_071,21,14.0,35.0,0.0,0.0,0.0,1.0,43.0,F,III,ER+/PR+,1.0,4.31,100.0,4.43,47.27,64.8,54.5,6176.0,437.0,1.0207070623204533,0.9490903668356695,0.9144487978880987,0.980430332269194,0
PT_071,42,3.0,10.0,0.0,0.0,1.0,0.0,43.0,F,III,ER+/PR+,1.0,4.31,100.0,2.2,55.18,73.6,45.3,4258.0,404.0,1.007608163265306,0.9855854510148069,0.9790093448456719,1.0051698187291407,0
PT_071,42,7.0,14.0,0.0,0.0,1.0,0.0,43.0,F,III,ER+/PR+,1.0,4.31,100.0,2.2,55.18,73.6,45.3,4258.0,404.0,1.007608163265306,0.9855854510148069,0.9790093448456719,1.0051698187291407,0
PT_071,42,14.0,21.0,0.0,0.0,0.0,1.0,43.0,F,III,ER+/PR+,1.0,4.31,100.0,2.2,55.18,73.6,45.3,4258.0,404.0,1.007608163265306,0.9855854510148069,0.9790093448456719,1.0051698187291407,0
PT_072,21,3.0,24.0,0.0,0.0,0.0,1.0,60.0,F,III,ER+/PR+,0.0,5.66,100.0,5.61,41.65,71.3,54.4,7280.0,472.0,1.0386879389436934,0.9147806261469168,0.8830054512977599,0.9727466709883046,0
PT_072,21,7.0,28.0,0.0,0.0,0.0,1.0,60.0,F,III,ER+/PR+,0.0,5.66,100.0,5.61,41.65,71.3,54.4,7280.0,472.0,1.0386879389436934,0.9147806261469168,0.8830054512977599,0.9727466709883046,0
PT_072,21,14.0,35.0,0.0,0.0,0.0,1.0,60.0,F,III,ER+/PR+,0.0,5.66,100.0,5.61,41.65,71.3,54.4,7280.0,472.0,1.0386879389436934,0.9147806261469168,0.8830054512977599,0.9727466709883046,0
PT_072,42,3.0,11.0,0.0,0.0,1.0,0.0,60.0,F,III,ER+/PR+,0.0,5.66,100.0,4.82,47.28,75.4,53.9,5999.0,477.0,0.9840456865067307,1.0211260799814448,1.0596042699147907,1.0115709519415064,0
PT_072,42,7.0,15.0,0.0,0.0,0.0,1.0,60.0,F,III,ER+/PR+,0.0,5.66,100.0,4.82,47.28,75.4,53.9,5999.0,477.0,0.9840456865067307,1.0211260799814448,1.0596042699147907,1.0115709519415064,0
PT_072,42,14.0,22.0,0.0,0.0,0.0,1.0,60.0,F,III,ER+/PR+,0.0,5.66,100.0,4.82,47.28,75.4,53.9,5999.0,477.0,0.9840456865067307,1.0211260799814448,1.0596042699147907,1.0115709519415064,0
PT_073,21,3.0,24.0,0.0,0.0,0.0,1.0,44.0,M,II,HER2+,0.0,2.85,100.0,2.74,36.6,72.0,50.9,5764.0,434.0,1.0286730761085936,0.9313195899018849,0.9317690391689529,0.9893934371892609,1
PT_073,21,7.0,28.0,0.0,0.0,0.0,1.0,44.0,M,II,HER2+,0.0,2.85,100.0,2.74,36.6,72.0,50.9,5764.0,434.0,1.0286730761085936,0.9313195899018849,0.9317690391689529,0.9893934371892609,1
PT_073,21,14.0,35.0,0.0,0.0,0.0,1.0,44.0,M,II,HER2+,0.0,2.85,100.0,2.74,36.6,72.0,50.9,5764.0,434.0,1.0286730761085936,0.9313195899018849,0.9317690391689529,0.9893934371892609,1
PT_073,42,3.0,13.0,0.0,0.0,1.0,0.0,44.0,M,II,HER2+,0.0,2.85,100.0,2.13,46.92,72.6,49.5,4007.0,489.0,1.0586325439266615,0.8814732667943679,0.704964261385567,1.0218346425242977,1
PT_073,42,7.0,17.0,0.0,0.0,0.0,1.0,44.0,M,II,HER2+,0.0,2.85,100.0,2.13,46.92,72.6,49.5,4007.0,489.0,1.0586325439266615,0.8814732667943679,0.704964261385567,1.0218346425242977,1
PT_073,42,14.0,24.0,0.0,0.0,0.0,1.0,44.0,M,II,HER2+,0.0,2.85,100.0,2.13,46.92,72.6,49.5,4007.0,489.0,1.0586325439266615,0.8814732667943679,0.704964261385567,1.0218346425242977,1
PT_074,21,3.0,24.0,0.0,0.0,0.0,1.0,37.0,F,III,HER2+,0.0,5.01,100.0,5.18,46.04,73.8,46.6,4896.0,481.0,1.0485028160074559,0.9142783751055006,0.8511379523733126,1.0141086422573828,0
PT_074,21,7.0,28.0,0.0,0.0,0.0,1.0,37.0,F,III,HER2+,0.0,5.01,100.0,5.18,46.04,73.8,46.6,4896.0,481.0,1.0485028160074559,0.9142783751055006,0.8511379523733126,1.0141086422573828,0
PT_074,21,14.0,35.0,0.0,0.0,0.0,1.0,37.0,F,III,HER2+,0.0,5.01,100.0,5.18,46.04,73.8,46.6,4896.0,481.0,1.0485028160074559,0.9142783751055006,0.8511379523733126,1.0141086422573828,0
PT_074,42,3.0,17.0,0.0,0.0,0.0,1.0,37.0,F,III,HER2+,0.0,5.01,100.0,3.5,56.37,77.7,38.4,4749.0,458.0,0.9789188957107894,1.006121217346323,0.9992725627525516,1.0052910052910053,0
PT_074,42,7.0,21.0,0.0,0.0,0.0,1.0,37.0,F,III,HER2+,0.0,5.01,100.0,3.5,56.37,77.7,38.4,4749.0,458.0,0.9789188957107894,1.006121217346323,0.9992725627525516,1.0052910052910053,0
PT_074,42,14.0,28.0,0.0,0.0,0.0,1.0,37.0,F,III,HER2+,0.0,5.01,100.0,3.5,56.37,77.7,38.4,4749.0,458.0,0.9789188957107894,1.006121217346323,0.9992725627525516,1.0052910052910053,0
PT_075,21,3.0,24.0,0.0,0.0,0.0,1.0,43.0,M,II,HER2+,1.0,4.89,100.0,4.77,29.84,65.1,44.3,7095.0,433.0,0.9673918806666549,1.04578111946533,1.0319246829186581,0.9612219525190929,0
PT_075,21,7.0,28.0,0.0,0.0,0.0,1.0,43.0,M,II,HER2+,1.0,4.89,100.0,4.77,29.84,65.1,44.3,7095.0,433.0,0.9673918806666549,1.04578111946533,1.0319246829186581,0.9612219525190929,0
PT_075,21,14.0,35.0,0.0,0.0,0.0,1.0,43.0,M,II,HER2+,1.0,4.89,100.0,4.77,29.84,65.1,44.3,7095.0,433.0,0.9673918806666549,1.04578111946533,1.0319246829186581,0.9612219525190929,0
PT_075,42,3.0,18.0,0.0,0.0,0.0,1.0,43.0,M,II,HER2+,1.0,4.89,100.0,3.65,45.03,76.6,32.8,5432.0,509.0,1.0365541327124566,0.8886445067224804,0.8934717467739092,1.0065626493980617,0
PT_075,42,7.0,22.0,0.0,0.0,0.0,1.0,43.0,M,II,HER2+,1.0,4.89,100.0,3.65,45.03,76.6,32.8,5432.0,509.0,1.0365541327124566,0.8886445067224804,0.8934717467739092,1.0065626493980617,0
PT_075,42,14.0,29.0,0.0,0.0,0.0,1.0,43.0,M,II,HER2+,1.0,4.89,100.0,3.65,45.03,76.6,32.8,5432.0,509.0,1.0365541327124566,0.8886445067224804,0.8934717467739092,1.0065626493980617,0
PT_076,21,3.0,24.0,0.0,0.0,0.0,1.0,52.0,F,II,ER+/PR+,1.0,5.45,100.0,5.27,35.16,62.8,45.6,7242.0,434.0,0.9781582738578216,1.0538460118509219,1.0700150496550478,0.9544950371149853,0
PT_076,21,7.0,28.0,0.0,0.0,0.0,1.0,52.0,F,II,ER+/PR+,1.0,5.45,100.0,5.27,35.16,62.8,45.6,7242.0,434.0,0.9781582738578216,1.0538460118509219,1.0700150496550478,0.9544950371149853,0
PT_076,21,14.0,35.0,0.0,0.0,0.0,1.0,52.0,F,II,ER+/PR+,1.0,5.45,100.0,5.27,35.16,62.8,45.6,7242.0,434.0,0.9781582738578216,1.0538460118509219,1.0700150496550478,0.9544950371149853,0
PT_076,42,3.0,10.0,0.0,0.0,1.0,0.0,52.0,F,II,ER+/PR+,1.0,5.45,100.0,2.22,44.28,82.1,30.2,5071.0,421.0,1.0694664191655556,0.8427223479742616,0.8088099751713088,1.020393322044111,0
PT_076,42,7.0,14.0,0.0,0.0,1.0,0.0,52.0,F,II,ER+/PR+,1.0,5.45,100.0,2.22,44.28,82.1,30.2,5071.0,421.0,1.0694664191655556,0.8427223479742616,0.8088099751713088,1.020393322044111,0
PT_076,42,14.0,21.0,0.0,0.0,0.0,1.0,52.0,F,II,ER+/PR+,1.0,5.45,100.0,2.22,44.28,82.1,30.2,5071.0,421.0,1.0694664191655556,0.8427223479742616,0.8088099751713088,1.020393322044111,0
PT_077,21,3.0,24.0,0.0,0.0,0.0,1.0,69.0,F,II,Triple Negative,1.0,5.02,100.0,5.14,37.5,62.3,39.5,4398.0,513.0,1.00733379342075,0.9986602175443375,1.0182593637661344,1.006476466253862,0
PT_077,21,7.0,28.0,0.0,0.0,0.0,1.0,69.0,F,II,Triple Negative,1.0,5.02,100.0,5.14,37.5,62.3,39.5,4398.0,513.0,1.00733379342075,0.9986602175443375,1.0182593637661344,1.006476466253862,0
PT_077,21,14.0,35.0,0.0,0.0,0.0,1.0,69.0,F,II,Triple Negative,1.0,5.02,100.0,5.14,37.5,62.3,39.5,4398.0,513.0,1.00733379342075,0.9986602175443375,1.0182593637661344,1.006476466253862,0
PT_077,42,3.0,10.0,0.0,0.0,1.0,0.0,69.0,F,II,Triple Negative,1.0,5.02,100.0,1.23,50.18,72.8,19.9,2700.0,514.0,1.0320827672693071,0.9118130010624939,0.824065768108372,0.9877801377234673,0
PT_077,42,7.0,14.0,0.0,0.0,1.0,0.0,69.0,F,II,Triple Negative,1.0,5.02,100.0,1.23,50.18,72.8,19.9,2700.0,514.0,1.0320827672693071,0.9118130010624939,0.824065768108372,0.9877801377234673,0
PT_077,42,14.0,21.0,0.0,0.0,0.0,1.0,69.0,F,II,Triple Negative,1.0,5.02,100.0,1.23,50.18,72.8,19.9,2700.0,514.0,1.0320827672693071,0.9118130010624939,0.824065768108372,0.9877801377234673,0
PT_078,21,3.0,24.0,0.0,0.0,0.0,1.0,50.0,F,II,ER+/PR+,0.0,5.86,100.0,5.96,34.43,65.1,54.5,6851.0,425.0,1.00121324267472,0.9766677398037854,0.9420936109645887,1.022493316535046,0
PT_078,21,7.0,28.0,0.0,0.0,0.0,1.0,50.0,F,II,ER+/PR+,0.0,5.86,100.0,5.96,34.43,65.1,54.5,6851.0,425.0,1.00121324267472,0.9766677398037854,0.9420936109645887,1.022493316535046,0
PT_078,21,14.0,35.0,0.0,0.0,0.0,1.0,50.0,F,II,ER+/PR+,0.0,5.86,100.0,5.96,34.43,65.1,54.5,6851.0,425.0,1.00121324267472,0.9766677398037854,0.9420936109645887,1.022493316535046,0
PT_078,42,3.0,10.0,0.0,0.0,1.0,0.0,50.0,F,II,ER+/PR+,0.0,5.86,100.0,4.37,46.78,67.0,47.7,6774.0,431.0,0.9862522414823671,1.0296966449591956,0.9843145967562763,0.9800820940717314,0
PT_078,42,7.0,14.0,0.0,0.0,1.0,0.0,50.0,F,II,ER+/PR+,0.0,5.86,100.0,4.37,46.78,67.0,47.7,6774.0,431.0,0.9862522414823671,1.0296966449591956,0.9843145967562763,0.9800820940717314,0
PT_078,42,14.0,21.0,0.0,0.0,0.0,1.0,50.0,F,II,ER+/PR+,0.0,5.86,100.0,4.37,46.78,67.0,47.7,6774.0,431.0,0.9862522414823671,1.0296966449591956,0.9843145967562763,0.9800820940717314,0
PT_079,21,3.0,24.0,0.0,0.0,0.0,1.0,45.0,F,II,ER+/PR+,1.0,6.35,100.0,6.4,36.56,67.5,44.7,6030.0,515.0,0.9894072452684232,0.9918946301925027,1.009238561808483,0.9961263665318069,0
PT_079,21,7.0,28.0,0.0,0.0,0.0,1.0,45.0,F,II,ER+/PR+,1.0,6.35,100.0,6.4,36.56,67.5,44.7,6030.0,515.0,0.9894072452684232,0.9918946301925027,1.009238561808483,0.9961263665318069,0
PT_079,21,14.0,35.0,0.0,0.0,0.0,1.0,45.0,F,II,ER+/PR+,1.0,6.35,100.0,6.4,36.56,67.5,44.7,6030.0,515.0,0.9894072452684232,0.9918946301925027,1.009238561808483,0.9961263665318069,0
PT_079,42,3.0,14.0,0.0,0.0,1.0,0.0,45.0,F,II,ER+/PR+,1.0,6.35,100.0,4.93,53.85,73.4,41.3,5810.0,493.0,1.0346196076356275,0.9461665747380034,0.9734849306745937,1.0173978819969745,0
PT_079,42,7.0,18.0,0.0,0.0,0.0,1.0,45.0,F,II,ER+/PR+,1.0,6.35,100.0,4.93,53.85,73.4,41.3,5810.0,493.0,1.0346196076356275,0.9461665747380034,0.9734849306745937,1.0173978819969745,0
PT_079,42,14.0,25.0,0.0,0.0,0.0,1.0,45.0,F,II,ER+/PR+,1.0,6.35,100.0,4.93,53.85,73.4,41.3,5810.0,493.0,1.0346196076356275,0.9461665747380034,0.9734849306745937,1.0173978819969745,0
PT_080,21,3.0,24.0,0.0,0.0,0.0,1.0,74.0,F,II,ER+/PR+,0.0,4.07,100.0,4.01,29.46,76.0,47.5,6560.0,522.0,1.0152251014474232,1.0253738267727774,0.9531798016789299,1.0044621271775318,0
PT_080,21,7.0,28.0,0.0,0.0,0.0,1.0,74.0,F,II,ER+/PR+,0.0,4.07,100.0,4.01,29.46,76.0,47.5,6560.0,522.0,1.0152251014474232,1.0253738267727774,0.9531798016789299,1.0044621271775318,0
PT_080,21,14.0,35.0,0.0,0.0,0.0,1.0,74.0,F,II,ER+/PR+,0.0,4.07,100.0,4.01,29.46,76.0,47.5,6560.0,522.0,1.0152251014474232,1.0253738267727774,0.9531798016789299,1.0044621271775318,0
PT_080,42,3.0,19.0,0.0,0.0,0.0,1.0,74.0,F,II,ER+/PR+,0.0,4.07,100.0,3.25,42.42,70.2,43.2,5934.0,442.0,0.9621516875981159,1.005876851670111,1.0524927594000586,0.956053642259019,0
PT_080,42,7.0,23.0,0.0,0.0,0.0,1.0,74.0,F,II,ER+/PR+,0.0,4.07,100.0,3.25,42.42,70.2,43.2,5934.0,442.0,0.9621516875981159,1.005876851670111,1.0524927594000586,0.956053642259019,0
PT_080,42,14.0,30.0,0.0,0.0,0.0,1.0,74.0,F,II,ER+/PR+,0.0,4.07,100.0,3.25,42.42,70.2,43.2,5934.0,442.0,0.9621516875981159,1.005876851670111,1.0524927594000586,0.956053642259019,0
PT_081,21,3.0,24.0,0.0,0.0,0.0,1.0,47.0,M,IV,Triple Negative,0.0,3.64,100.0,3.66,49.04,79.4,45.7,5613.0,434.0,1.0086605566299505,0.9089764315493918,0.8740506368226229,1.0350283211116638,1
PT_081,21,7.0,28.0,0.0,0.0,0.0,1.0,47.0,M,IV,Triple Negative,0.0,3.64,100.0,3.66,49.04,79.4,45.7,5613.0,434.0,1.0086605566299505,0.9089764315493918,0.8740506368226229,1.0350283211116638,1
PT_081,21,14.0,35.0,0.0,0.0,0.0,1.0,47.0,M,IV,Triple Negative,0.0,3.64,100.0,3.66,49.04,79.4,45.7,5613.0,434.0,1.0086605566299505,0.9089764315493918,0.8740506368226229,1.0350283211116638,0
PT_081,42,3.0,17.0,0.0,0.0,0.0,1.0,47.0,M,IV,Triple Negative,0.0,3.64,100.0,0.31,52.67,88.4,37.1,4356.0,379.0,1.0671585707453712,0.8805337931551526,0.8808650976745026,0.9916760044821515,1
PT_081,42,7.0,21.0,0.0,0.0,0.0,1.0,47.0,M,IV,Triple Negative,0.0,3.64,100.0,0.31,52.67,88.4,37.1,4356.0,379.0,1.0671585707453712,0.8805337931551526,0.8808650976745026,0.9916760044821515,0
PT_081,42,14.0,28.0,0.0,0.0,0.0,1.0,47.0,M,IV,Triple Negative,0.0,3.64,100.0,0.31,52.67,88.4,37.1,4356.0,379.0,1.0671585707453712,0.8805337931551526,0.8808650976745026,0.9916760044821515,0
PT_082,21,3.0,24.0,0.0,0.0,0.0,1.0,53.0,F,II,Triple Negative,0.0,4.37,100.0,4.22,26.61,62.2,53.4,6173.0,533.0,1.0314291399387905,0.9661161246381748,0.9588382584304079,1.0183511366748836,0
PT_082,21,7.0,28.0,0.0,0.0,0.0,1.0,53.0,F,II,Triple Negative,0.0,4.37,100.0,4.22,26.61,62.2,53.4,6173.0,533.0,1.0314291399387905,0.9661161246381748,0.9588382584304079,1.0183511366748836,0
PT_082,21,14.0,35.0,0.0,0.0,0.0,1.0,53.0,F,II,Triple Negative,0.0,4.37,100.0,4.22,26.61,62.2,53.4,6173.0,533.0,1.0314291399387905,0.9661161246381748,0.9588382584304079,1.0183511366748836,0
PT_082,42,3.0,24.0,0.0,0.0,0.0,1.0,53.0,F,II,Triple Negative,0.0,4.37,100.0,4.25,59.78,62.6,53.7,5669.0,498.0,1.074179855361073,0.8584522953681831,0.7626572203251125,1.0094166283876893,0
PT_082,42,7.0,28.0,0.0,0.0,0.0,1.0,53.0,F,II,Triple Negative,0.0,4.37,100.0,4.25,59.78,62.6,53.7,5669.0,498.0,1.074179855361073,0.8584522953681831,0.7626572203251125,1.0094166283876893,0
PT_082,42,14.0,35.0,0.0,0.0,0.0,1.0,53.0,F,II,Triple Negative,0.0,4.37,100.0,4.25,59.78,62.6,53.7,5669.0,498.0,1.074179855361073,0.8584522953681831,0.7626572203251125,1.0094166283876893,0
PT_083,21,3.0,24.0,0.0,0.0,0.0,1.0,55.0,F,II,HER2+,1.0,3.87,100.0,3.67,34.64,74.0,67.6,7011.0,444.0,0.9644616098561398,1.0745463527966566,1.075197202557943,1.0046598322460392,0
PT_083,21,7.0,28.0,0.0,0.0,0.0,1.0,55.0,F,II,HER2+,1.0,3.87,100.0,3.67,34.64,74.0,67.6,7011.0,444.0,0.9644616098561398,1.0745463527966566,1.075197202557943,1.0046598322460392,0
PT_083,21,14.0,35.0,0.0,0.0,0.0,1.0,55.0,F,II,HER2+,1.0,3.87,100.0,3.67,34.64,74.0,67.6,7011.0,444.0,0.9644616098561398,1.0745463527966566,1.075197202557943,1.0046598322460392,0
PT_083,42,3.0,12.0,0.0,0.0,1.0,0.0,55.0,F,II,HER2+,1.0,3.87,100.0,1.35,43.37,85.0,60.4,5589.0,445.0,1.1040595885881355,0.8592619392185239,0.7775031728007481,1.015751508906227,1
PT_083,42,7.0,16.0,0.0,0.0,0.0,1.0,55.0,F,II,HER2+,1.0,3.87,100.0,1.35,43.37,85.0,60.4,5589.0,445.0,1.1040595885881355,0.8592619392185239,0.7775031728007481,1.015751508906227,0
PT_083,42,14.0,23.0,0.0,0.0,0.0,1.0,55.0,F,II,HER2+,1.0,3.87,100.0,1.35,43.37,85.0,60.4,5589.0,445.0,1.1040595885881355,0.8592619392185239,0.7775031728007481,1.015751508906227,0
PT_084,21,3.0,24.0,0.0,0.0,0.0,1.0,54.0,M,III,ER+/PR+,0.0,5.08,100.0,5.0,47.45,81.0,46.8,3834.0,462.0,1.0025177528860618,1.04739517347702,1.028559622769919,1.0192632170978628,0
PT_084,21,7.0,28.0,0.0,0.0,0.0,1.0,54.0,M,III,ER+/PR+,0.0,5.08,100.0,5.0,47.45,81.0,46.8,3834.0,462.0,1.0025177528860618,1.04739517347702,1.028559622769919,1.0192632170978628,0
PT_084,21,14.0,35.0,0.0,0.0,0.0,1.0,54.0,M,III,ER+/PR+,0.0,5.08,100.0,5.0,47.45,81.0,46.8,3834.0,462.0,1.0025177528860618,1.04739517347702,1.028559622769919,1.0192632170978628,0
PT_084,42,3.0,23.0,0.0,0.0,0.0,1.0,54.0,M,III,ER+/PR+,0.0,5.08,100.0,4.34,61.98,84.9,33.6,3963.0,442.0,1.030779291311528,0.9344520940906486,0.9727299825827985,0.9864733577460578,0
PT_084,42,7.0,27.0,0.0,0.0,0.0,1.0,54.0,M,III,ER+/PR+,0.0,5.08,100.0,4.34,61.98,84.9,33.6,3963.0,442.0,1.030779291311528,0.9344520940906486,0.9727299825827985,0.9864733577460578,0
PT_084,42,14.0,34.0,0.0,0.0,0.0,1.0,54.0,M,III,ER+/PR+,0.0,5.08,100.0,4.34,61.98,84.9,33.6,3963.0,442.0,1.030779291311528,0.9344520940906486,0.9727299825827985,0.9864733577460578,0
PT_085,21,3.0,24.0,0.0,0.0,0.0,1.0,74.0,M,III,HER2+,1.0,6.17,100.0,6.08,47.24,86.8,39.0,2506.0,492.0,1.0567168640932698,0.8376677924259829,0.7664529179892698,0.9752043633791705,0
PT_085,21,7.0,28.0,0.0,0.0,0.0,1.0,74.0,M,III,HER2+,1.0,6.17,100.0,6.08,47.24,86.8,39.0,2506.0,492.0,1.0567168640932698,0.8376677924259829,0.7664529179892698,0.9752043633791705,0
PT_085,21,14.0,35.0,0.0,0.0,0.0,1.0,74.0,M,III,HER2+,1.0,6.17,100.0,6.08,47.24,86.8,39.0,2506.0,492.0,1.0567168640932698,0.8376677924259829,0.7664529179892698,0.9752043633791705,0
PT_085,42,3.0,19.0,0.0,0.0,0.0,1.0,74.0,M,III,HER2+,1.0,6.17,100.0,2.04,59.39,89.1,37.7,4144.0,468.0,1.0308085434646352,0.8795970623821717,0.8523906045069751,1.0392721270556977,0
PT_085,42,7.0,23.0,0.0,0.0,0.0,1.0,74.0,M,III,HER2+,1.0,6.17,100.0,2.04,59.39,89.1,37.7,4144.0,468.0,1.0308085434646352,0.8795970623821717,0.8523906045069751,1.0392721270556977,0
PT_085,42,14.0,30.0,0.0,0.0,0.0,1.0,74.0,M,III,HER2+,1.0,6.17,100.0,2.04,59.39,89.1,37.7,4144.0,468.0,1.0308085434646352,0.8795970623821717,0.8523906045069751,1.0392721270556977,0
PT_086,21,3.0,24.0,0.0,0.0,0.0,1.0,70.0,F,II,ER+/PR+,1.0,3.31,100.0,3.19,26.88,64.8,60.8,8138.0,473.0,0.969752347343878,1.0360780354544643,1.0123965147525853,0.987324426173347,1
PT_086,21,7.0,28.0,0.0,0.0,0.0,1.0,70.0,F,II,ER+/PR+,1.0,3.31,100.0,3.19,26.88,64.8,60.8,8138.0,473.0,0.969752347343878,1.0360780354544643,1.0123965147525853,0.987324426173347,0
PT_086,21,14.0,35.0,0.0,0.0,0.0,1.0,70.0,F,II,ER+/PR+,1.0,3.31,100.0,3.19,26.88,64.8,60.8,8138.0,473.0,0.969752347343878,1.0360780354544643,1.0123965147525853,0.987324426173347,0
PT_086,42,3.0,15.0,0.0,0.0,0.0,1.0,70.0,F,II,ER+/PR+,1.0,3.31,100.0,0.6,35.86,85.5,45.6,3498.0,442.0,1.1997711419209052,0.5536310185920863,0.4011902948235233,1.0220698521534177,1
PT_086,42,7.0,19.0,0.0,0.0,0.0,1.0,70.0,F,II,ER+/PR+,1.0,3.31,100.0,0.6,35.86,85.5,45.6,3498.0,442.0,1.1997711419209052,0.5536310185920863,0.4011902948235233,1.0220698521534177,1
PT_086,42,14.0,26.0,0.0,0.0,0.0,1.0,70.0,F,II,ER+/PR+,1.0,3.31,100.0,0.6,35.86,85.5,45.6,3498.0,442.0,1.1997711419209052,0.5536310185920863,0.4011902948235233,1.0220698521534177,1
PT_087,21,3.0,24.0,0.0,0.0,0.0,1.0,58.0,M,III,HER2+,0.0,3.17,100.0,3.23,44.92,73.2,59.9,6660.0,453.0,1.0827751781509007,0.8137422289415721,0.7476500749658109,1.0249715027967023,1
PT_087,21,7.0,28.0,0.0,0.0,0.0,1.0,58.0,M,III,HER2+,0.0,3.17,100.0,3.23,44.92,73.2,59.9,6660.0,453.0,1.0827751781509007,0.8137422289415721,0.7476500749658109,1.0249715027967023,1
PT_087,21,14.0,35.0,0.0,0.0,0.0,1.0,58.0,M,III,HER2+,0.0,3.17,100.0,3.23,44.92,73.2,59.9,6660.0,453.0,1.0827751781509007,0.8137422289415721,0.7476500749658109,1.0249715027967023,1
PT_087,42,3.0,24.0,0.0,0.0,0.0,1.0,58.0,M,III,HER2+,0.0,3.17,100.0,3.34,80.45,73.7,61.1,6664.0,480.0,0.9886229275598414,0.9869475346633535,1.0238941843208733,1.044626602579539,1
PT_087,42,7.0,28.0,0.0,0.0,0.0,1.0,58.0,M,III,HER2+,0.0,3.17,100.0,3.34,80.45,73.7,61.1,6664.0,480.0,0.9886229275598414,0.9869475346633535,1.0238941843208733,1.044626602579539,0
PT_087,42,14.0,35.0,0.0,0.0,0.0,1.0,58.0,M,III,HER2+,0.0,3.17,100.0,3.34,80.45,73.7,61.1,6664.0,480.0,0.9886229275598414,0.9869475346633535,1.0238941843208733,1.044626602579539,0
PT_088,21,3.0,24.0,0.0,0.0,0.0,1.0,44.0,F,III,ER+/PR+,1.0,3.75,100.0,3.7,45.7,83.5,56.5,4458.0,407.0,1.0402617748520187,0.9045543160402901,0.8389429634938618,0.9821428571428571,0
PT_088,21,7.0,28.0,0.0,0.0,0.0,1.0,44.0,F,III,ER+/PR+,1.0,3.75,100.0,3.7,45.7,83.5,56.5,4458.0,407.0,1.0402617748520187,0.9045543160402901,0.8389429634938618,0.9821428571428571,0
PT_088,21,14.0,35.0,0.0,0.0,0.0,1.0,44.0,F,III,ER+/PR+,1.0,3.75,100.0,3.7,45.7,83.5,56.5,4458.0,407.0,1.0402617748520187,0.9045543160402901,0.8389429634938618,0.9821428571428571,0
PT_088,42,3.0,22.0,0.0,0.0,0.0,1.0,44.0,F,III,ER+/PR+,1.0,3.75,100.0,1.51,59.9,84.6,41.9,3833.0,444.0,1.0022110022110022,0.9597463733307714,0.9132107843809012,1.0138815673871024,0
PT_088,42,7.0,26.0,0.0,0.0,0.0,1.0,44.0,F,III,ER+/PR+,1.0,3.75,100.0,1.51,59.9,84.6,41.9,3833.0,444.0,1.0022110022110022,0.9597463733307714,0.9132107843809012,1.0138815673871024,0
PT_088,42,14.0,33.0,0.0,0.0,0.0,1.0,44.0,F,III,ER+/PR+,1.0,3.75,100.0,1.51,59.9,84.6,41.9,3833.0,444.0,1.0022110022110022,0.9597463733307714,0.9132107843809012,1.0138815673871024,0
PT_089,21,3.0,24.0,0.0,0.0,0.0,1.0,74.0,F,II,ER+/PR+,0.0,5.49,100.0,5.39,35.58,65.4,50.5,8258.0,373.0,0.9696251168264738,1.0610740610740612,1.0828668155106962,0.9830772545704674,0
PT_089,21,7.0,28.0,0.0,0.0,0.0,1.0,74.0,F,II,ER+/PR+,0.0,5.49,100.0,5.39,35.58,65.4,50.5,8258.0,373.0,0.9696251168264738,1.0610740610740612,1.0828668155106962,0.9830772545704674,0
PT_089,21,14.0,35.0,0.0,0.0,0.0,1.0,74.0,F,II,ER+/PR+,0.0,5.49,100.0,5.39,35.58,65.4,50.5,8258.0,373.0,0.9696251168264738,1.0610740610740612,1.0828668155106962,0.9830772545704674,0
PT_089,42,3.0,15.0,0.0,0.0,0.0,1.0,74.0,F,II,ER+/PR+,0.0,5.49,100.0,1.85,48.82,75.6,42.1,6804.0,412.0,1.0484051859494863,0.8794919837093715,0.8540988210178129,0.9710132679793797,0
PT_089,42,7.0,19.0,0.0,0.0,0.0,1.0,74.0,F,II,ER+/PR+,0.0,5.49,100.0,1.85,48.82,75.6,42.1,6804.0,412.0,1.0484051859494863,0.8794919837093715,0.8540988210178129,0.9710132679793797,0
PT_089,42,14.0,26.0,0.0,0.0,0.0,1.0,74.0,F,II,ER+/PR+,0.0,5.49,100.0,1.85,48.82,75.6,42.1,6804.0,412.0,1.0484051859494863,0.8794919837093715,0.8540988210178129,0.9710132679793797,0
PT_090,21,3.0,24.0,0.0,0.0,0.0,1.0,30.0,M,IV,HER2+,0.0,4.99,100.0,5.0,52.39,72.1,33.5,6936.0,379.0,1.028859015516319,0.8131868131868132,0.9040423675726721,0.9788933257273246,0
PT_090,21,7.0,28.0,0.0,0.0,0.0,1.0,30.0,M,IV,HER2+,0.0,4.99,100.0,5.0,52.39,72.1,33.5,6936.0,379.0,1.028859015516319,0.8131868131868132,0.9040423675726721,0.9788933257273246,0
PT_090,21,14.0,35.0,0.0,0.0,0.0,1.0,30.0,M,IV,HER2+,0.0,4.99,100.0,5.0,52.39,72.1,33.5,6936.0,379.0,1.028859015516319,0.8131868131868132,0.9040423675726721,0.9788933257273246,0
PT_090,42,3.0,10.0,0.0,0.0,1.0,0.0,30.0,M,IV,HER2+,0.0,4.99,100.0,2.89,55.12,80.3,29.0,6433.0,439.0,0.999031541368375,1.0431795582607648,0.9903213043418508,0.9651512808004854,0
PT_090,42,7.0,14.0,0.0,0.0,1.0,0.0,30.0,M,IV,HER2+,0.0,4.99,100.0,2.89,55.12,80.3,29.0,6433.0,439.0,0.999031541368375,1.0431795582607648,0.9903213043418508,0.9651512808004854,0
PT_090,42,14.0,21.0,0.0,0.0,0.0,1.0,30.0,M,IV,HER2+,0.0,4.99,100.0,2.89,55.12,80.3,29.0,6433.0,439.0,0.999031541368375,1.0431795582607648,0.9903213043418508,0.9651512808004854,0
PT_091,21,3.0,24.0,0.0,0.0,0.0,1.0,54.0,M,IV,ER+/PR+,1.0,3.18,100.0,3.16,53.33,58.9,65.6,8280.0,415.0,1.0326557221596635,0.9561461794019932,0.9266370514961865,0.9977225467868105,1
PT_091,21,7.0,28.0,0.0,0.0,0.0,1.0,54.0,M,IV,ER+/PR+,1.0,3.18,100.0,3.16,53.33,58.9,65.6,8280.0,415.0,1.0326557221596635,0.9561461794019932,0.9266370514961865,0.9977225467868105,1
PT_091,21,14.0,35.0,0.0,0.0,0.0,1.0,54.0,M,IV,ER+/PR+,1.0,3.18,100.0,3.16,53.33,58.9,65.6,8280.0,415.0,1.0326557221596635,0.9561461794019932,0.9266370514961865,0.9977225467868105,1
PT_091,42,3.0,14.0,0.0,0.0,1.0,0.0,54.0,M,IV,ER+/PR+,1.0,3.18,100.0,0.37,57.61,74.9,45.2,5116.0,438.0,1.0511829041008667,0.8988338192419826,0.8445944634599067,0.9736950397265044,0
PT_091,42,7.0,18.0,0.0,0.0,0.0,1.0,54.0,M,IV,ER+/PR+,1.0,3.18,100.0,0.37,57.61,74.9,45.2,5116.0,438.0,1.0511829041008667,0.8988338192419826,0.8445944634599067,0.9736950397265044,0
PT_091,42,14.0,25.0,0.0,0.0,0.0,1.0,54.0,M,IV,ER+/PR+,1.0,3.18,100.0,0.37,57.61,74.9,45.2,5116.0,438.0,1.0511829041008667,0.8988338192419826,0.8445944634599067,0.9736950397265044,0
PT_092,21,3.0,24.0,0.0,0.0,0.0,1.0,36.0,M,II,ER+/PR+,0.0,6.2,100.0,6.3,30.37,64.2,42.9,6872.0,397.0,1.0258922323303008,0.9569653948535938,0.9220296316106499,0.9577220077220077,0
PT_092,21,7.0,28.0,0.0,0.0,0.0,1.0,36.0,M,II,ER+/PR+,0.0,6.2,100.0,6.3,30.37,64.2,42.9,6872.0,397.0,1.0258922323303008,0.9569653948535938,0.9220296316106499,0.9577220077220077,0
PT_092,21,14.0,35.0,0.0,0.0,0.0,1.0,36.0,M,II,ER+/PR+,0.0,6.2,100.0,6.3,30.37,64.2,42.9,6872.0,397.0,1.0258922323303008,0.9569653948535938,0.9220296316106499,0.9577220077220077,0
PT_092,42,3.0,15.0,0.0,0.0,0.0,1.0,36.0,M,II,ER+/PR+,0.0,6.2,100.0,4.16,44.46,70.3,35.6,5612.0,425.0,1.0727655669190996,0.7668320765182975,0.8280184550666622,0.9952621279225462,0
PT_092,42,7.0,19.0,0.0,0.0,0.0,1.0,36.0,M,II,ER+/PR+,0.0,6.2,100.0,4.16,44.46,70.3,35.6,5612.0,425.0,1.0727655669190996,0.7668320765182975,0.8280184550666622,0.9952621279225462,0
PT_092,42,14.0,26.0,0.0,0.0,0.0,1.0,36.0,M,II,ER+/PR+,0.0,6.2,100.0,4.16,44.46,70.3,35.6,5612.0,425.0,1.0727655669190996,0.7668320765182975,0.8280184550666622,0.9952621279225462,0
PT_093,21,3.0,24.0,0.0,0.0,0.0,1.0,38.0,F,II,ER+/PR+,1.0,5.72,100.0,5.66,25.11,76.3,53.5,7442.0,488.0,1.0302019214174767,0.9702875729258092,0.959019973953201,1.0487847172047051,0
PT_093,21,7.0,28.0,0.0,0.0,0.0,1.0,38.0,F,II,ER+/PR+,1.0,5.72,100.0,5.66,25.11,76.3,53.5,7442.0,488.0,1.0302019214174767,0.9702875729258092,0.959019973953201,1.0487847172047051,0
PT_093,21,14.0,35.0,0.0,0.0,0.0,1.0,38.0,F,II,ER+/PR+,1.0,5.72,100.0,5.66,25.11,76.3,53.5,7442.0,488.0,1.0302019214174767,0.9702875729258092,0.959019973953201,1.0487847172047051,0
PT_093,42,3.0,12.0,0.0,0.0,1.0,0.0,38.0,F,II,ER+/PR+,1.0,5.72,100.0,3.52,32.53,81.7,41.5,5626.0,455.0,1.0409191816163677,0.8958837772397095,0.8945160424468946,1.0214047883304265,0
PT_093,42,7.0,16.0,0.0,0.0,0.0,1.0,38.0,F,II,ER+/PR+,1.0,5.72,100.0,3.52,32.53,81.7,41.5,5626.0,455.0,1.0409191816163677,0.8958837772397095,0.8945160424468946,1.0214047883304265,0
PT_093,42,14.0,23.0,0.0,0.0,0.0,1.0,38.0,F,II,ER+/PR+,1.0,5.72,100.0,3.52,32.53,81.7,41.5,5626.0,455.0,1.0409191816163677,0.8958837772397095,0.8945160424468946,1.0214047883304265,0
PT_094,21,3.0,24.0,0.0,0.0,0.0,1.0,53.0,M,IV,ER+/PR+,1.0,2.89,100.0,2.44,49.05,71.3,49.1,5019.0,425.0,1.0180433883813995,0.9514309749858363,0.8978913589092298,1.0073260073260073,1
PT_094,21,7.0,28.0,0.0,0.0,0.0,1.0,53.0,M,IV,ER+/PR+,1.0,2.89,100.0,2.44,49.05,71.3,49.1,5019.0,425.0,1.0180433883813995,0.9514309749858363,0.8978913589092298,1.0073260073260073,1
PT_094,21,14.0,35.0,0.0,0.0,0.0,1.0,53.0,M,IV,ER+/PR+,1.0,2.89,100.0,2.44,49.05,71.3,49.1,5019.0,425.0,1.0180433883813995,0.9514309749858363,0.8978913589092298,1.0073260073260073,1
PT_094,42,3.0,23.0,0.0,0.0,0.0,1.0,53.0,M,IV,ER+/PR+,1.0,2.89,100.0,0.9,55.45,80.2,38.9,3926.0,488.0,0.9854675737691722,1.0127383695899914,1.0514334106927081,1.0472285820776315,0
PT_094,42,7.0,27.0,0.0,0.0,0.0,1.0,53.0,M,IV,ER+/PR+,1.0,2.89,100.0,0.9,55.45,80.2,38.9,3926.0,488.0,0.9854675737691722,1.0127383695899914,1.0514334106927081,1.0472285820776315,0
PT_094,42,14.0,34.0,0.0,0.0,0.0,1.0,53.0,M,IV,ER+/PR+,1.0,2.89,100.0,0.9,55.45,80.2,38.9,3926.0,488.0,0.9854675737691722,1.0127383695899914,1.0514334106927081,1.0472285820776315,0
PT_095,21,3.0,24.0,0.0,0.0,0.0,1.0,30.0,M,III,HER2+,1.0,5.21,100.0,5.08,39.84,73.9,47.2,7120.0,559.0,1.0390477780693175,0.8973690250161697,0.8842976973208547,0.974687227233052,0
PT_095,21,7.0,28.0,0.0,0.0,0.0,1.0,30.0,M,III,HER2+,1.0,5.21,100.0,5.08,39.84,73.9,47.2,7120.0,559.0,1.0390477780693175,0.8973690250161697,0.8842976973208547,0.974687227233052,0
PT_095,21,14.0,35.0,0.0,0.0,0.0,1.0,30.0,M,III,HER2+,1.0,5.21,100.0,5.08,39.84,73.9,47.2,7120.0,559.0,1.0390477780693175,0.8973690250161697,0.8842976973208547,0.974687227233052,0
PT_095,42,3.0,12.0,0.0,0.0,1.0,0.0,30.0,M,III,HER2+,1.0,5.21,100.0,1.04,47.89,82.7,29.2,4315.0,472.0,1.0618446618936754,0.8167544219188447,0.7799748359056319,0.9751819696571078,0
PT_095,42,7.0,16.0,0.0,0.0,0.0,1.0,30.0,M,III,HER2+,1.0,5.21,100.0,1.04,47.89,82.7,29.2,4315.0,472.0,1.0618446618936754,0.8167544219188447,0.7799748359056319,0.9751819696571078,0
PT_095,42,14.0,23.0,0.0,0.0,0.0,1.0,30.0,M,III,HER2+,1.0,5.21,100.0,1.04,47.89,82.7,29.2,4315.0,472.0,1.0618446618936754,0.8167544219188447,0.7799748359056319,0.9751819696571078,0
PT_096,21,3.0,24.0,0.0,0.0,0.0,1.0,73.0,M,III,ER+/PR+,1.0,5.65,100.0,5.63,38.48,73.5,41.5,7908.0,514.0,0.9920648856557547,1.0335312609151242,1.058105934076057,1.0068434559452524,0
PT_096,21,7.0,28.0,0.0,0.0,0.0,1.0,73.0,M,III,ER+/PR+,1.0,5.65,100.0,5.63,38.48,73.5,41.5,7908.0,514.0,0.9920648856557547,1.0335312609151242,1.058105934076057,1.0068434559452524,0
PT_096,21,14.0,35.0,0.0,0.0,0.0,1.0,73.0,M,III,ER+/PR+,1.0,5.65,100.0,5.63,38.48,73.5,41.5,7908.0,514.0,0.9920648856557547,1.0335312609151242,1.058105934076057,1.0068434559452524,0
PT_096,42,3.0,17.0,0.0,0.0,0.0,1.0,73.0,M,III,ER+/PR+,1.0,5.65,100.0,4.07,43.4,75.6,35.7,6438.0,530.0,1.0418550331525018,0.885660386603621,0.920391801749702,1.042540443379269,0
PT_096,42,7.0,21.0,0.0,0.0,0.0,1.0,73.0,M,III,ER+/PR+,1.0,5.65,100.0,4.07,43.4,75.6,35.7,6438.0,530.0,1.0418550331525018,0.885660386603621,0.920391801749702,1.042540443379269,0
PT_096,42,14.0,28.0,0.0,0.0,0.0,1.0,73.0,M,III,ER+/PR+,1.0,5.65,100.0,4.07,43.4,75.6,35.7,6438.0,530.0,1.0418550331525018,0.885660386603621,0.920391801749702,1.042540443379269,0
PT_097,21,3.0,24.0,0.0,0.0,0.0,1.0,37.0,M,III,ER+/PR+,1.0,4.19,100.0,4.22,48.71,69.0,38.3,5286.0,508.0,1.0604668200966767,0.7693843768885151,0.7491805509780097,1.0157271409425344,1
PT_097,21,7.0,28.0,0.0,0.0,0.0,1.0,37.0,M,III,ER+/PR+,1.0,4.19,100.0,4.22,48.71,69.0,38.3,5286.0,508.0,1.0604668200966767,0.7693843768885151,0.7491805509780097,1.0157271409425344,1
PT_097,21,14.0,35.0,0.0,0.0,0.0,1.0,37.0,M,III,ER+/PR+,1.0,4.19,100.0,4.22,48.71,69.0,38.3,5286.0,508.0,1.0604668200966767,0.7693843768885151,0.7491805509780097,1.0157271409425344,1
PT_097,42,3.0,23.0,0.0,0.0,0.0,1.0,37.0,M,III,ER+/PR+,1.0,4.19,100.0,2.32,63.54,72.2,38.3,5001.0,429.0,0.9709348556237317,1.1316331604745329,1.1851028349082824,0.9650391802290537,0
PT_097,42,7.0,27.0,0.0,0.0,0.0,1.0,37.0,M,III,ER+/PR+,1.0,4.19,100.0,2.32,63.54,72.2,38.3,5001.0,429.0,0.9709348556237317,1.1316331604745329,1.1851028349082824,0.9650391802290537,0
PT_097,42,14.0,34.0,0.0,0.0,0.0,1.0,37.0,M,III,ER+/PR+,1.0,4.19,100.0,2.32,63.54,72.2,38.3,5001.0,429.0,0.9709348556237317,1.1316331604745329,1.1851028349082824,0.9650391802290537,0
PT_098,21,3.0,24.0,0.0,0.0,0.0,1.0,53.0,F,III,ER+/PR+,1.0,3.06,100.0,3.14,43.81,73.6,54.7,8420.0,360.0,0.9957223426611183,1.0616196389110204,1.0484712644607388,1.0333439613364435,0
PT_098,21,7.0,28.0,0.0,0.0,0.0,1.0,53.0,F,III,ER+/PR+,1.0,3.06,100.0,3.14,43.81,73.6,54.7,8420.0,360.0,0.9957223426611183,1.0616196389110204,1.0484712644607388,1.0333439613364435,0
PT_098,21,14.0,35.0,0.0,0.0,0.0,1.0,53.0,F,III,ER+/PR+,1.0,3.06,100.0,3.14,43.81,73.6,54.7,8420.0,360.0,0.9957223426611183,1.0616196389110204,1.0484712644607388,1.0333439613364435,0
PT_098,42,3.0,20.0,0.0,0.0,0.0,1.0,53.0,F,III,ER+/PR+,1.0,3.06,100.0,2.08,57.12,74.9,48.0,6759.0,380.0,1.0215616111569872,0.9343217611466335,0.9520869243316405,0.985706943390685,1
PT_098,42,7.0,24.0,0.0,0.0,0.0,1.0,53.0,F,III,ER+/PR+,1.0,3.06,100.0,2.08,57.12,74.9,48.0,6759.0,380.0,1.0215616111569872,0.9343217611466335,0.9520869243316405,0.985706943390685,1
PT_098,42,14.0,31.0,0.0,0.0,0.0,1.0,53.0,F,III,ER+/PR+,1.0,3.06,100.0,2.08,57.12,74.9,48.0,6759.0,380.0,1.0215616111569872,0.9343217611466335,0.9520869243316405,0.985706943390685,0
PT_099,21,3.0,24.0,0.0,0.0,0.0,1.0,40.0,F,IV,ER+/PR+,1.0,3.09,100.0,3.17,57.06,72.1,41.5,7109.0,420.0,1.021554400758244,0.9993178236221214,1.0338839132280695,0.9869507640573154,1
PT_099,21,7.0,28.0,0.0,0.0,0.0,1.0,40.0,F,IV,ER+/PR+,1.0,3.09,100.0,3.17,57.06,72.1,41.5,7109.0,420.0,1.021554400758244,0.9993178236221214,1.0338839132280695,0.9869507640573154,1
PT_099,21,14.0,35.0,0.0,0.0,0.0,1.0,40.0,F,IV,ER+/PR+,1.0,3.09,100.0,3.17,57.06,72.1,41.5,7109.0,420.0,1.021554400758244,0.9993178236221214,1.0338839132280695,0.9869507640573154,1
PT_099,42,3.0,15.0,0.0,0.0,0.0,1.0,40.0,F,IV,ER+/PR+,1.0,3.09,100.0,0.1,61.56,90.3,18.6,2644.0,411.0,1.0729583719425841,0.7404947402434208,0.7543235213441335,0.9706862882604896,0
PT_099,42,7.0,19.0,0.0,0.0,0.0,1.0,40.0,F,IV,ER+/PR+,1.0,3.09,100.0,0.1,61.56,90.3,18.6,2644.0,411.0,1.0729583719425841,0.7404947402434208,0.7543235213441335,0.9706862882604896,0
PT_099,42,14.0,26.0,0.0,0.0,0.0,1.0,40.0,F,IV,ER+/PR+,1.0,3.09,100.0,0.1,61.56,90.3,18.6,2644.0,411.0,1.0729583719425841,0.7404947402434208,0.7543235213441335,0.9706862882604896,0
PT_100,21,3.0,24.0,0.0,0.0,0.0,1.0,46.0,F,IV,HER2+,0.0,3.19,100.0,3.23,61.08,57.6,54.6,7010.0,409.0,1.0028802757807362,0.9957436604520113,1.004771971408184,1.0152346652946893,0
PT_100,21,7.0,28.0,0.0,0.0,0.0,1.0,46.0,F,IV,HER2+,0.0,3.19,100.0,3.23,61.08,57.6,54.6,7010.0,409.0,1.0028802757807362,0.9957436604520113,1.004771971408184,1.0152346652946893,0
PT_100,21,14.0,35.0,0.0,0.0,0.0,1.0,46.0,F,IV,HER2+,0.0,3.19,100.0,3.23,61.08,57.6,54.6,7010.0,409.0,1.0028802757807362,0.9957436604520113,1.004771971408184,1.0152346652946893,0
PT_100,42,3.0,22.0,0.0,0.0,0.0,1.0,46.0,F,IV,HER2+,0.0,3.19,100.0,2.32,70.74,62.9,49.6,6160.0,469.0,1.1287156047731526,0.8294355478040273,0.8118610430112906,1.000898200352787,1
PT_100,42,7.0,26.0,0.0,0.0,0.0,1.0,46.0,F,IV,HER2+,0.0,3.19,100.0,2.32,70.74,62.9,49.6,6160.0,469.0,1.1287156047731526,0.8294355478040273,0.8118610430112906,1.000898200352787,1
PT_100,42,14.0,33.0,0.0,0.0,0.0,1.0,46.0,F,IV,HER2+,0.0,3.19,100.0,2.32,70.74,62.9,49.6,6160.0,469.0,1.1287156047731526,0.8294355478040273,0.8118610430112906,1.000898200352787,0
PT_101,21,3.0,24.0,0.0,0.0,0.0,1.0,37.0,M,IV,HER2+,0.0,5.91,100.0,5.78,47.02,69.4,37.7,5414.0,381.0,0.9860905540595967,1.0200580089055926,1.0764186633039092,0.9941690962099126,0
PT_101,21,7.0,28.0,0.0,0.0,0.0,1.0,37.0,M,IV,HER2+,0.0,5.91,100.0,5.78,47.02,69.4,37.7,5414.0,381.0,0.9860905540595967,1.0200580089055926,1.0764186633039092,0.9941690962099126,0
PT_101,21,14.0,35.0,0.0,0.0,0.0,1.0,37.0,M,IV,HER2+,0.0,5.91,100.0,5.78,47.02,69.4,37.7,5414.0,381.0,0.9860905540595967,1.0200580089055926,1.0764186633039092,0.9941690962099126,0
PT_101,42,3.0,13.0,0.0,0.0,1.0,0.0,37.0,M,IV,HER2+,0.0,5.91,100.0,3.97,49.06,74.2,35.2,3921.0,480.0,1.0356204066305454,0.9298841253041197,0.9328299529409468,1.0135135135135136,0
PT_101,42,7.0,17.0,0.0,0.0,0.0,1.0,37.0,M,IV,HER2+,0.0,5.91,100.0,3.97,49.06,74.2,35.2,3921.0,480.0,1.0356204066305454,0.9298841253041197,0.9328299529409468,1.0135135135135136,0
PT_101,42,14.0,24.0,0.0,0.0,0.0,1.0,37.0,M,IV,HER2+,0.0,5.91,100.0,3.97,49.06,74.2,35.2,3921.0,480.0,1.0356204066305454,0.9298841253041197,0.9328299529409468,1.0135135135135136,0
PT_102,21,3.0,24.0,0.0,0.0,0.0,1.0,64.0,M,III,Triple Negative,1.0,6.17,100.0,6.34,30.49,57.9,42.8,5469.0,461.0,0.9934453530328586,0.9964872641259644,0.9613312982840332,1.0157929035925737,0
PT_102,21,7.0,28.0,0.0,0.0,0.0,1.0,64.0,M,III,Triple Negative,1.0,6.17,100.0,6.34,30.49,57.9,42.8,5469.0,461.0,0.9934453530328586,0.9964872641259644,0.9613312982840332,1.0157929035925737,0
PT_102,21,14.0,35.0,0.0,0.0,0.0,1.0,64.0,M,III,Triple Negative,1.0,6.17,100.0,6.34,30.49,57.9,42.8,5469.0,461.0,0.9934453530328586,0.9964872641259644,0.9613312982840332,1.0157929035925737,0
PT_102,42,3.0,24.0,0.0,0.0,0.0,1.0,64.0,M,III,Triple Negative,1.0,6.17,100.0,6.14,66.09,59.5,39.9,5694.0,476.0,1.026949449848509,1.0039426867968073,1.016811050972024,0.9859071354398458,0
PT_102,42,7.0,28.0,0.0,0.0,0.0,1.0,64.0,M,III,Triple Negative,1.0,6.17,100.0,6.14,66.09,59.5,39.9,5694.0,476.0,1.026949449848509,1.0039426867968073,1.016811050972024,0.9859071354398458,0
PT_102,42,14.0,35.0,0.0,0.0,0.0,1.0,64.0,M,III,Triple Negative,1.0,6.17,100.0,6.14,66.09,59.5,39.9,5694.0,476.0,1.026949449848509,1.0039426867968073,1.016811050972024,0.9859071354398458,0
PT_103,21,3.0,24.0,0.0,0.0,0.0,1.0,64.0,F,III,ER+/PR+,1.0,3.25,100.0,3.24,48.52,57.6,40.7,6722.0,429.0,1.0026189769886003,1.0401512947337797,1.0085762061412067,1.0235281592675396,1
PT_103,21,7.0,28.0,0.0,0.0,0.0,1.0,64.0,F,III,ER+/PR+,1.0,3.25,100.0,3.24,48.52,57.6,40.7,6722.0,429.0,1.0026189769886003,1.0401512947337797,1.0085762061412067,1.0235281592675396,1
PT_103,21,14.0,35.0,0.0,0.0,0.0,1.0,64.0,F,III,ER+/PR+,1.0,3.25,100.0,3.24,48.52,57.6,40.7,6722.0,429.0,1.0026189769886003,1.0401512947337797,1.0085762061412067,1.0235281592675396,1
PT_103,42,3.0,21.0,0.0,0.0,0.0,1.0,64.0,F,III,ER+/PR+,1.0,3.25,100.0,1.27,62.95,68.4,26.9,4733.0,409.0,0.9946604468261464,0.9995507637017071,0.959405748338239,0.9665879027449594,0
PT_103,42,7.0,25.0,0.0,0.0,0.0,1.0,64.0,F,III,ER+/PR+,1.0,3.25,100.0,1.27,62.95,68.4,26.9,4733.0,409.0,0.9946604468261464,0.9995507637017071,0.959405748338239,0.9665879027449594,1
PT_103,42,14.0,32.0,0.0,0.0,0.0,1.0,64.0,F,III,ER+/PR+,1.0,3.25,100.0,1.27,62.95,68.4,26.9,4733.0,409.0,0.9946604468261464,0.9995507637017071,0.959405748338239,0.9665879027449594,1
PT_104,21,3.0,24.0,0.0,0.0,0.0,1.0,62.0,F,III,ER+/PR+,0.0,3.67,100.0,3.78,33.88,77.1,49.2,5121.0,474.0,0.9858056855377357,1.032875206157229,0.9975765461588019,0.9877379931681161,0
PT_104,21,7.0,28.0,0.0,0.0,0.0,1.0,62.0,F,III,ER+/PR+,0.0,3.67,100.0,3.78,33.88,77.1,49.2,5121.0,474.0,0.9858056855377357,1.032875206157229,0.9975765461588019,0.9877379931681161,0
PT_104,21,14.0,35.0,0.0,0.0,0.0,1.0,62.0,F,III,ER+/PR+,0.0,3.67,100.0,3.78,33.88,77.1,49.2,5121.0,474.0,0.9858056855377357,1.032875206157229,0.9975765461588019,0.9877379931681161,0
PT_104,42,3.0,24.0,0.0,0.0,0.0,1.0,62.0,F,III,ER+/PR+,0.0,3.67,100.0,3.51,70.23,77.9,45.8,4964.0,431.0,0.9836999361345893,0.9787963161276504,1.055718247279337,1.0161280493997684,0
PT_104,42,7.0,28.0,0.0,0.0,0.0,1.0,62.0,F,III,ER+/PR+,0.0,3.67,100.0,3.51,70.23,77.9,45.8,4964.0,431.0,0.9836999361345893,0.9787963161276504,1.055718247279337,1.0161280493997684,0
PT_104,42,14.0,35.0,0.0,0.0,0.0,1.0,62.0,F,III,ER+/PR+,0.0,3.67,100.0,3.51,70.23,77.9,45.8,4964.0,431.0,0.9836999361345893,0.9787963161276504,1.055718247279337,1.0161280493997684,0
PT_105,21,3.0,24.0,0.0,0.0,0.0,1.0,34.0,F,III,Triple Negative,1.0,3.41,100.0,3.51,44.62,65.4,21.2,3564.0,341.0,0.9658257381204156,1.0239707621197462,1.150025566052254,0.9567618653829114,0
PT_105,21,7.0,28.0,0.0,0.0,0.0,1.0,34.0,F,III,Triple Negative,1.0,3.41,100.0,3.51,44.62,65.4,21.2,3564.0,341.0,0.9658257381204156,1.0239707621197462,1.150025566052254,0.9567618653829114,0
PT_105,21,14.0,35.0,0.0,0.0,0.0,1.0,34.0,F,III,Triple Negative,1.0,3.41,100.0,3.51,44.62,65.4,21.2,3564.0,341.0,0.9658257381204156,1.0239707621197462,1.150025566052254,0.9567618653829114,0
PT_105,42,3.0,10.0,0.0,0.0,1.0,0.0,34.0,F,III,Triple Negative,1.0,3.41,100.0,2.07,52.16,81.9,10.8,2873.0,486.0,1.0625255414793624,0.7581161961187353,0.7877251780477588,1.021352548423349,1
PT_105,42,7.0,14.0,0.0,0.0,1.0,0.0,34.0,F,III,Triple Negative,1.0,3.41,100.0,2.07,52.16,81.9,10.8,2873.0,486.0,1.0625255414793624,0.7581161961187353,0.7877251780477588,1.021352548423349,1
PT_105,42,14.0,21.0,0.0,0.0,0.0,1.0,34.0,F,III,Triple Negative,1.0,3.41,100.0,2.07,52.16,81.9,10.8,2873.0,486.0,1.0625255414793624,0.7581161961187353,0.7877251780477588,1.021352548423349,0
PT_106,21,3.0,24.0,0.0,0.0,0.0,1.0,71.0,F,II,HER2+,0.0,3.49,100.0,3.56,41.14,62.6,46.0,6387.0,405.0,1.0258782347793476,0.983422788219683,0.9364544109640583,1.0039238482778665,1
PT_106,21,7.0,28.0,0.0,0.0,0.0,1.0,71.0,F,II,HER2+,0.0,3.49,100.0,3.56,41.14,62.6,46.0,6387.0,405.0,1.0258782347793476,0.983422788219683,0.9364544109640583,1.0039238482778665,1
PT_106,21,14.0,35.0,0.0,0.0,0.0,1.0,71.0,F,II,HER2+,0.0,3.49,100.0,3.56,41.14,62.6,46.0,6387.0,405.0,1.0258782347793476,0.983422788219683,0.9364544109640583,1.0039238482778665,1
PT_106,42,3.0,15.0,0.0,0.0,0.0,1.0,71.0,F,II,HER2+,0.0,3.49,100.0,1.2,57.79,71.2,35.6,4052.0,405.0,1.0889310717857652,0.7811419700744877,0.7652033278052658,0.9996767937944407,1
PT_106,42,7.0,19.0,0.0,0.0,0.0,1.0,71.0,F,II,HER2+,0.0,3.49,100.0,1.2,57.79,71.2,35.6,4052.0,405.0,1.0889310717857652,0.7811419700744877,0.7652033278052658,0.9996767937944407,1
PT_106,42,14.0,26.0,0.0,0.0,0.0,1.0,71.0,F,II,HER2+,0.0,3.49,100.0,1.2,57.79,71.2,35.6,4052.0,405.0,1.0889310717857652,0.7811419700744877,0.7652033278052658,0.9996767937944407,0
PT_107,21,3.0,24.0,0.0,0.0,0.0,1.0,68.0,M,III,Triple Negative,2.0,5.9,100.0,5.79,46.47,72.4,45.4,5320.0,476.0,0.9871772899365876,1.084380610412926,1.0990937551491184,1.05503797544808,0
PT_107,21,7.0,28.0,0.0,0.0,0.0,1.0,68.0,M,III,Triple Negative,2.0,5.9,100.0,5.79,46.47,72.4,45.4,5320.0,476.0,0.9871772899365876,1.084380610412926,1.0990937551491184,1.05503797544808,0
PT_107,21,14.0,35.0,0.0,0.0,0.0,1.0,68.0,M,III,Triple Negative,2.0,5.9,100.0,5.79,46.47,72.4,45.4,5320.0,476.0,0.9871772899365876,1.084380610412926,1.0990937551491184,1.05503797544808,0
PT_107,42,3.0,10.0,0.0,0.0,1.0,0.0,68.0,M,III,Triple Negative,2.0,5.9,100.0,3.19,50.69,79.4,28.9,3584.0,452.0,1.091039326333444,0.7263922518159804,0.710634561168369,1.0287321679726742,0
PT_107,42,7.0,14.0,0.0,0.0,1.0,0.0,68.0,M,III,Triple Negative,2.0,5.9,100.0,3.19,50.69,79.4,28.9,3584.0,452.0,1.091039326333444,0.7263922518159804,0.710634561168369,1.0287321679726742,0
PT_107,42,14.0,21.0,0.0,0.0,0.0,1.0,68.0,M,III,Triple Negative,2.0,5.9,100.0,3.19,50.69,79.4,28.9,3584.0,452.0,1.091039326333444,0.7263922518159804,0.710634561168369,1.0287321679726742,0
PT_108,21,3.0,24.0,0.0,0.0,0.0,1.0,70.0,F,III,ER+/PR+,0.0,4.03,100.0,4.1,53.23,80.3,48.8,7188.0,464.0,1.0054567885613057,1.0073726319965617,0.9818155066307955,0.9840476428500021,0
PT_108,21,7.0,28.0,0.0,0.0,0.0,1.0,70.0,F,III,ER+/PR+,0.0,4.03,100.0,4.1,53.23,80.3,48.8,7188.0,464.0,1.0054567885613057,1.0073726319965617,0.9818155066307955,0.9840476428500021,0
PT_108,21,14.0,35.0,0.0,0.0,0.0,1.0,70.0,F,III,ER+/PR+,0.0,4.03,100.0,4.1,53.23,80.3,48.8,7188.0,464.0,1.0054567885613057,1.0073726319965617,0.9818155066307955,0.9840476428500021,0
PT_108,42,3.0,22.0,0.0,0.0,0.0,1.0,70.0,F,III,ER+/PR+,0.0,4.03,100.0,2.57,68.59,83.4,35.1,5614.0,484.0,1.018048236895009,0.9313667182110146,0.9640026535386335,1.0067178197331976,0
PT_108,42,7.0,26.0,0.0,0.0,0.0,1.0,70.0,F,III,ER+/PR+,0.0,4.03,100.0,2.57,68.59,83.4,35.1,5614.0,484.0,1.018048236895009,0.9313667182110146,0.9640026535386335,1.0067178197331976,0
PT_108,42,14.0,33.0,0.0,0.0,0.0,1.0,70.0,F,III,ER+/PR+,0.0,4.03,100.0,2.57,68.59,83.4,35.1,5614.0,484.0,1.018048236895009,0.9313667182110146,0.9640026535386335,1.0067178197331976,0
PT_109,21,3.0,24.0,0.0,0.0,0.0,1.0,57.0,F,III,HER2+,0.0,3.95,100.0,4.09,50.26,62.6,39.2,6649.0,509.0,1.0622017181037227,0.7514416678988615,0.7614377224010774,1.020944773316216,1
PT_109,21,7.0,28.0,0.0,0.0,0.0,1.0,57.0,F,III,HER2+,0.0,3.95,100.0,4.09,50.26,62.6,39.2,6649.0,509.0,1.0622017181037227,0.7514416678988615,0.7614377224010774,1.020944773316216,1
PT_109,21,14.0,35.0,0.0,0.0,0.0,1.0,57.0,F,III,HER2+,0.0,3.95,100.0,4.09,50.26,62.6,39.2,6649.0,509.0,1.0622017181037227,0.7514416678988615,0.7614377224010774,1.020944773316216,1
PT_109,42,3.0,22.0,0.0,0.0,0.0,1.0,57.0,F,III,HER2+,0.0,3.95,100.0,2.21,64.53,76.1,32.9,5382.0,545.0,1.005252950771246,1.0156095633274056,1.04119846392348,0.9679793890320206,0
PT_109,42,7.0,26.0,0.0,0.0,0.0,1.0,57.0,F,III,HER2+,0.0,3.95,100.0,2.21,64.53,76.1,32.9,5382.0,545.0,1.005252950771246,1.0156095633274056,1.04119846392348,0.9679793890320206,0
PT_109,42,14.0,33.0,0.0,0.0,0.0,1.0,57.0,F,III,HER2+,0.0,3.95,100.0,2.21,64.53,76.1,32.9,5382.0,545.0,1.005252950771246,1.0156095633274056,1.04119846392348,0.9679793890320206,0
PT_110,21,3.0,24.0,0.0,0.0,0.0,1.0,36.0,F,III,ER+/PR+,0.0,3.64,100.0,3.58,39.94,69.6,48.6,3262.0,429.0,0.9961185269336362,1.028110950358582,1.1064930864397187,0.9691452926402314,0
PT_110,21,7.0,28.0,0.0,0.0,0.0,1.0,36.0,F,III,ER+/PR+,0.0,3.64,100.0,3.58,39.94,69.6,48.6,3262.0,429.0,0.9961185269336362,1.028110950358582,1.1064930864397187,0.9691452926402314,0
PT_110,21,14.0,35.0,0.0,0.0,0.0,1.0,36.0,F,III,ER+/PR+,0.0,3.64,100.0,3.58,39.94,69.6,48.6,3262.0,429.0,0.9961185269336362,1.028110950358582,1.1064930864397187,0.9691452926402314,0
PT_110,42,3.0,15.0,0.0,0.0,0.0,1.0,36.0,F,III,ER+/PR+,0.0,3.64,100.0,2.36,48.36,75.9,41.3,2538.0,379.0,1.0423237160767826,0.9365067474289138,0.7613163333147743,1.0094408954717622,0
PT_110,42,7.0,19.0,0.0,0.0,0.0,1.0,36.0,F,III,ER+/PR+,0.0,3.64,100.0,2.36,48.36,75.9,41.3,2538.0,379.0,1.0423237160767826,0.9365067474289138,0.7613163333147743,1.0094408954717622,0
PT_110,42,14.0,26.0,0.0,0.0,0.0,1.0,36.0,F,III,ER+/PR+,0.0,3.64,100.0,2.36,48.36,75.9,41.3,2538.0,379.0,1.0423237160767826,0.9365067474289138,0.7613163333147743,1.0094408954717622,0
PT_111,21,3.0,24.0,0.0,0.0,0.0,1.0,38.0,F,III,ER+/PR+,1.0,5.05,100.0,4.86,47.74,70.8,51.3,6704.0,408.0,1.0025548095775654,1.0646853480342597,1.0079669658987076,0.9963547995139733,0
PT_111,21,7.0,28.0,0.0,0.0,0.0,1.0,38.0,F,III,ER+/PR+,1.0,5.05,100.0,4.86,47.74,70.8,51.3,6704.0,408.0,1.0025548095775654,1.0646853480342597,1.0079669658987076,0.9963547995139733,0
PT_111,21,14.0,35.0,0.0,0.0,0.0,1.0,38.0,F,III,ER+/PR+,1.0,5.05,100.0,4.86,47.74,70.8,51.3,6704.0,408.0,1.0025548095775654,1.0646853480342597,1.0079669658987076,0.9963547995139733,0
PT_111,42,3.0,21.0,0.0,0.0,0.0,1.0,38.0,F,III,ER+/PR+,1.0,5.05,100.0,4.12,61.36,70.1,37.1,5307.0,394.0,0.9872667015524157,0.958919319022946,0.9901356495932512,0.9702640198161605,0
PT_111,42,7.0,25.0,0.0,0.0,0.0,1.0,38.0,F,III,ER+/PR+,1.0,5.05,100.0,4.12,61.36,70.1,37.1,5307.0,394.0,0.9872667015524157,0.958919319022946,0.9901356495932512,0.9702640198161605,0
PT_111,42,14.0,32.0,0.0,0.0,0.0,1.0,38.0,F,III,ER+/PR+,1.0,5.05,100.0,4.12,61.36,70.1,37.1,5307.0,394.0,0.9872667015524157,0.958919319022946,0.9901356495932512,0.9702640198161605,0
PT_112,21,3.0,24.0,0.0,0.0,0.0,1.0,37.0,F,II,ER+/PR+,1.0,4.2,100.0,4.15,23.04,72.0,47.0,8161.0,452.0,0.9874047452663803,1.0312667849411612,1.0429184308036592,1.042043640234167,0
PT_112,21,7.0,28.0,0.0,0.0,0.0,1.0,37.0,F,II,ER+/PR+,1.0,4.2,100.0,4.15,23.04,72.0,47.0,8161.0,452.0,0.9874047452663803,1.0312667849411612,1.0429184308036592,1.042043640234167,0
PT_112,21,14.0,35.0,0.0,0.0,0.0,1.0,37.0,F,II,ER+/PR+,1.0,4.2,100.0,4.15,23.04,72.0,47.0,8161.0,452.0,0.9874047452663803,1.0312667849411612,1.0429184308036592,1.042043640234167,0
PT_112,42,3.0,19.0,0.0,0.0,0.0,1.0,37.0,F,II,ER+/PR+,1.0,4.2,100.0,2.17,30.32,76.5,44.0,6241.0,434.0,1.0229253997106504,0.9667377065643099,0.9315402226343066,1.0123984427894381,0
PT_112,42,7.0,23.0,0.0,0.0,0.0,1.0,37.0,F,II,ER+/PR+,1.0,4.2,100.0,2.17,30.32,76.5,44.0,6241.0,434.0,1.0229253997106504,0.9667377065643099,0.9315402226343066,1.0123984427894381,0
PT_112,42,14.0,30.0,0.0,0.0,0.0,1.0,37.0,F,II,ER+/PR+,1.0,4.2,100.0,2.17,30.32,76.5,44.0,6241.0,434.0,1.0229253997106504,0.9667377065643099,0.9315402226343066,1.0123984427894381,0
PT_113,21,3.0,24.0,0.0,0.0,0.0,1.0,41.0,M,II,Triple Negative,0.0,5.55,100.0,5.63,38.26,67.3,43.6,6836.0,399.0,0.9814016172506739,1.030561309382322,1.026344191522763,0.9959375045502862,0
PT_113,21,7.0,28.0,0.0,0.0,0.0,1.0,41.0,M,II,Triple Negative,0.0,5.55,100.0,5.63,38.26,67.3,43.6,6836.0,399.0,0.9814016172506739,1.030561309382322,1.026344191522763,0.9959375045502862,0
PT_113,21,14.0,35.0,0.0,0.0,0.0,1.0,41.0,M,II,Triple Negative,0.0,5.55,100.0,5.63,38.26,67.3,43.6,6836.0,399.0,0.9814016172506739,1.030561309382322,1.026344191522763,0.9959375045502862,0
PT_113,42,3.0,16.0,0.0,0.0,0.0,1.0,41.0,M,II,Triple Negative,0.0,5.55,100.0,4.31,53.29,74.8,36.8,7265.0,450.0,1.0291196832306413,0.9430939611339417,0.9457380930089477,0.9957145066160066,0
PT_113,42,7.0,20.0,0.0,0.0,0.0,1.0,41.0,M,II,Triple Negative,0.0,5.55,100.0,4.31,53.29,74.8,36.8,7265.0,450.0,1.0291196832306413,0.9430939611339417,0.9457380930089477,0.9957145066160066,0
PT_113,42,14.0,27.0,0.0,0.0,0.0,1.0,41.0,M,II,Triple Negative,0.0,5.55,100.0,4.31,53.29,74.8,36.8,7265.0,450.0,1.0291196832306413,0.9430939611339417,0.9457380930089477,0.9957145066160066,0
PT_114,21,3.0,24.0,0.0,0.0,0.0,1.0,63.0,M,II,ER+/PR+,1.0,3.56,100.0,3.55,44.6,65.7,43.2,7272.0,436.0,0.9671942377484654,1.1111111111111112,1.1356083882707395,1.019503250541757,0
PT_114,21,7.0,28.0,0.0,0.0,0.0,1.0,63.0,M,II,ER+/PR+,1.0,3.56,100.0,3.55,44.6,65.7,43.2,7272.0,436.0,0.9671942377484654,1.1111111111111112,1.1356083882707395,1.019503250541757,0
PT_114,21,14.0,35.0,0.0,0.0,0.0,1.0,63.0,M,II,ER+/PR+,1.0,3.56,100.0,3.55,44.6,65.7,43.2,7272.0,436.0,0.9671942377484654,1.1111111111111112,1.1356083882707395,1.019503250541757,0
PT_114,42,3.0,20.0,0.0,0.0,0.0,1.0,63.0,M,II,ER+/PR+,1.0,3.56,100.0,1.85,66.71,76.1,37.7,6497.0,461.0,1.0783271415431295,0.7842739892592968,0.7813712880543484,1.0367486006327573,1
PT_114,42,7.0,24.0,0.0,0.0,0.0,1.0,63.0,M,II,ER+/PR+,1.0,3.56,100.0,1.85,66.71,76.1,37.7,6497.0,461.0,1.0783271415431295,0.7842739892592968,0.7813712880543484,1.0367486006327573,1
PT_114,42,14.0,31.0,0.0,0.0,0.0,1.0,63.0,M,II,ER+/PR+,1.0,3.56,100.0,1.85,66.71,76.1,37.7,6497.0,461.0,1.0783271415431295,0.7842739892592968,0.7813712880543484,1.0367486006327573,1
PT_115,21,3.0,24.0,0.0,0.0,0.0,1.0,62.0,F,II,ER+/PR+,0.0,5.71,100.0,5.72,27.84,77.7,44.7,4135.0,410.0,1.0068762110533809,0.9767605175889201,0.9392738319913058,1.0066027757299914,0
PT_115,21,7.0,28.0,0.0,0.0,0.0,1.0,62.0,F,II,ER+/PR+,0.0,5.71,100.0,5.72,27.84,77.7,44.7,4135.0,410.0,1.0068762110533809,0.9767605175889201,0.9392738319913058,1.0066027757299914,0
PT_115,21,14.0,35.0,0.0,0.0,0.0,1.0,62.0,F,II,ER+/PR+,0.0,5.71,100.0,5.72,27.84,77.7,44.7,4135.0,410.0,1.0068762110533809,0.9767605175889201,0.9392738319913058,1.0066027757299914,0
PT_115,42,3.0,19.0,0.0,0.0,0.0,1.0,62.0,F,II,ER+/PR+,0.0,5.71,100.0,2.46,39.56,81.5,37.1,3334.0,453.0,1.054253134074651,0.8707557502738226,0.7952283023554615,0.9967576733155368,0
PT_115,42,7.0,23.0,0.0,0.0,0.0,1.0,62.0,F,II,ER+/PR+,0.0,5.71,100.0,2.46,39.56,81.5,37.1,3334.0,453.0,1.054253134074651,0.8707557502738226,0.7952283023554615,0.9967576733155368,0
PT_115,42,14.0,30.0,0.0,0.0,0.0,1.0,62.0,F,II,ER+/PR+,0.0,5.71,100.0,2.46,39.56,81.5,37.1,3334.0,453.0,1.054253134074651,0.8707557502738226,0.7952283023554615,0.9967576733155368,0
PT_116,21,3.0,24.0,0.0,0.0,0.0,1.0,52.0,F,II,ER+/PR+,1.0,5.03,100.0,4.94,48.37,75.0,30.7,2746.0,426.0,1.0325265612065888,0.8764755480607084,0.7934286311140291,0.9807368101041924,0
PT_116,21,7.0,28.0,0.0,0.0,0.0,1.0,52.0,F,II,ER+/PR+,1.0,5.03,100.0,4.94,48.37,75.0,30.7,2746.0,426.0,1.0325265612065888,0.8764755480607084,0.7934286311140291,0.9807368101041924,0
PT_116,21,14.0,35.0,0.0,0.0,0.0,1.0,52.0,F,II,ER+/PR+,1.0,5.03,100.0,4.94,48.37,75.0,30.7,2746.0,426.0,1.0325265612065888,0.8764755480607084,0.7934286311140291,0.9807368101041924,0
PT_116,42,3.0,22.0,0.0,0.0,0.0,1.0,52.0,F,II,ER+/PR+,1.0,5.03,100.0,2.01,72.56,80.8,25.9,1167.0,471.0,1.0235041780240404,0.7773142406133724,0.5151608105057848,1.017696020144086,1
PT_116,42,7.0,26.0,0.0,0.0,0.0,1.0,52.0,F,II,ER+/PR+,1.0,5.03,100.0,2.01,72.56,80.8,25.9,1167.0,471.0,1.0235041780240404,0.7773142406133724,0.5151608105057848,1.017696020144086,1
PT_116,42,14.0,33.0,0.0,0.0,0.0,1.0,52.0,F,II,ER+/PR+,1.0,5.03,100.0,2.01,72.56,80.8,25.9,1167.0,471.0,1.0235041780240404,0.7773142406133724,0.5151608105057848,1.017696020144086,1
PT_117,21,3.0,24.0,0.0,0.0,0.0,1.0,53.0,F,III,Triple Negative,0.0,3.22,100.0,3.05,44.18,71.2,51.6,7806.0,549.0,1.0324026225058973,0.9267770241070257,0.9336306510979143,0.9952057983415334,1
PT_117,21,7.0,28.0,0.0,0.0,0.0,1.0,53.0,F,III,Triple Negative,0.0,3.22,100.0,3.05,44.18,71.2,51.6,7806.0,549.0,1.0324026225058973,0.9267770241070257,0.9336306510979143,0.9952057983415334,1
PT_117,21,14.0,35.0,0.0,0.0,0.0,1.0,53.0,F,III,Triple Negative,0.0,3.22,100.0,3.05,44.18,71.2,51.6,7806.0,549.0,1.0324026225058973,0.9267770241070257,0.9336306510979143,0.9952057983415334,1
PT_117,42,3.0,15.0,0.0,0.0,0.0,1.0,53.0,F,III,Triple Negative,0.0,3.22,100.0,0.32,53.19,84.7,35.3,3946.0,487.0,1.0956753970856956,0.7565388581606824,0.6304232719703852,0.9570507155080014,1
PT_117,42,7.0,19.0,0.0,0.0,0.0,1.0,53.0,F,III,Triple Negative,0.0,3.22,100.0,0.32,53.19,84.7,35.3,3946.0,487.0,1.0956753970856956,0.7565388581606824,0.6304232719703852,0.9570507155080014,1
PT_117,42,14.0,26.0,0.0,0.0,0.0,1.0,53.0,F,III,Triple Negative,0.0,3.22,100.0,0.32,53.19,84.7,35.3,3946.0,487.0,1.0956753970856956,0.7565388581606824,0.6304232719703852,0.9570507155080014,1
PT_118,21,3.0,24.0,0.0,0.0,0.0,1.0,66.0,F,II,ER+/PR+,0.0,4.33,100.0,4.26,42.94,65.8,41.6,7360.0,412.0,0.982853638235423,1.0787888241143326,1.0416375881080326,1.0124271176902755,0
PT_118,21,7.0,28.0,0.0,0.0,0.0,1.0,66.0,F,II,ER+/PR+,0.0,4.33,100.0,4.26,42.94,65.8,41.6,7360.0,412.0,0.982853638235423,1.0787888241143326,1.0416375881080326,1.0124271176902755,0
PT_118,21,14.0,35.0,0.0,0.0,0.0,1.0,66.0,F,II,ER+/PR+,0.0,4.33,100.0,4.26,42.94,65.8,41.6,7360.0,412.0,0.982853638235423,1.0787888241143326,1.0416375881080326,1.0124271176902755,0
PT_118,42,3.0,22.0,0.0,0.0,0.0,1.0,66.0,F,II,ER+/PR+,0.0,4.33,100.0,3.02,62.93,79.4,36.7,6258.0,446.0,1.0451715459001192,0.8561082851969997,0.892249898515329,0.9800131830318739,0
PT_118,42,7.0,26.0,0.0,0.0,0.0,1.0,66.0,F,II,ER+/PR+,0.0,4.33,100.0,3.02,62.93,79.4,36.7,6258.0,446.0,1.0451715459001192,0.8561082851969997,0.892249898515329,0.9800131830318739,0
PT_118,42,14.0,33.0,0.0,0.0,0.0,1.0,66.0,F,II,ER+/PR+,0.0,4.33,100.0,3.02,62.93,79.4,36.7,6258.0,446.0,1.0451715459001192,0.8561082851969997,0.892249898515329,0.9800131830318739,0
PT_119,21,3.0,24.0,0.0,0.0,0.0,1.0,64.0,F,III,HER2+,1.0,6.0,100.0,5.82,55.76,66.2,39.0,8282.0,385.0,0.9742720471427684,1.029919687070867,1.0177951836783028,1.0615397095805954,0
PT_119,21,7.0,28.0,0.0,0.0,0.0,1.0,64.0,F,III,HER2+,1.0,6.0,100.0,5.82,55.76,66.2,39.0,8282.0,385.0,0.9742720471427684,1.029919687070867,1.0177951836783028,1.0615397095805954,0
PT_119,21,14.0,35.0,0.0,0.0,0.0,1.0,64.0,F,III,HER2+,1.0,6.0,100.0,5.82,55.76,66.2,39.0,8282.0,385.0,0.9742720471427684,1.029919687070867,1.0177951836783028,1.0615397095805954,0
PT_119,42,3.0,15.0,0.0,0.0,0.0,1.0,64.0,F,III,HER2+,1.0,6.0,100.0,5.46,68.29,73.0,37.4,8475.0,437.0,1.0449169435215946,0.9500934470272163,0.9576318700922558,1.0363964297276047,0
PT_119,42,7.0,19.0,0.0,0.0,0.0,1.0,64.0,F,III,HER2+,1.0,6.0,100.0,5.46,68.29,73.0,37.4,8475.0,437.0,1.0449169435215946,0.9500934470272163,0.9576318700922558,1.0363964297276047,0
PT_119,42,14.0,26.0,0.0,0.0,0.0,1.0,64.0,F,III,HER2+,1.0,6.0,100.0,5.46,68.29,73.0,37.4,8475.0,437.0,1.0449169435215946,0.9500934470272163,0.9576318700922558,1.0363964297276047,0
PT_120,21,3.0,24.0,0.0,0.0,0.0,1.0,73.0,F,II,HER2+,2.0,6.21,100.0,6.18,34.33,65.3,41.9,6739.0,531.0,0.9625808707816053,1.0485380116959064,1.0364136017948034,0.9615264473136192,0
PT_120,21,7.0,28.0,0.0,0.0,0.0,1.0,73.0,F,II,HER2+,2.0,6.21,100.0,6.18,34.33,65.3,41.9,6739.0,531.0,0.9625808707816053,1.0485380116959064,1.0364136017948034,0.9615264473136192,0
PT_120,21,14.0,35.0,0.0,0.0,0.0,1.0,73.0,F,II,HER2+,2.0,6.21,100.0,6.18,34.33,65.3,41.9,6739.0,531.0,0.9625808707816053,1.0485380116959064,1.0364136017948034,0.9615264473136192,0
PT_120,42,3.0,19.0,0.0,0.0,0.0,1.0,73.0,F,II,HER2+,2.0,6.21,100.0,3.9,51.48,77.5,42.4,6042.0,493.0,1.0123764079023896,1.0625674217907226,0.9973203818455871,1.006010846069248,0
PT_120,42,7.0,23.0,0.0,0.0,0.0,1.0,73.0,F,II,HER2+,2.0,6.21,100.0,3.9,51.48,77.5,42.4,6042.0,493.0,1.0123764079023896,1.0625674217907226,0.9973203818455871,1.006010846069248,0
PT_120,42,14.0,30.0,0.0,0.0,0.0,1.0,73.0,F,II,HER2+,2.0,6.21,100.0,3.9,51.48,77.5,42.4,6042.0,493.0,1.0123764079023896,1.0625674217907226,0.9973203818455871,1.006010846069248,0
PT_121,21,3.0,24.0,0.0,0.0,0.0,1.0,69.0,M,III,HER2+,1.0,4.52,100.0,4.62,35.64,72.3,41.1,4311.0,467.0,1.0225359338925208,0.863259202626431,0.9282963157525298,1.0103977841263396,1
PT_121,21,7.0,28.0,0.0,0.0,0.0,1.0,69.0,M,III,HER2+,1.0,4.52,100.0,4.62,35.64,72.3,41.1,4311.0,467.0,1.0225359338925208,0.863259202626431,0.9282963157525298,1.0103977841263396,0
PT_121,21,14.0,35.0,0.0,0.0,0.0,1.0,69.0,M,III,HER2+,1.0,4.52,100.0,4.62,35.64,72.3,41.1,4311.0,467.0,1.0225359338925208,0.863259202626431,0.9282963157525298,1.0103977841263396,1
PT_121,42,3.0,22.0,0.0,0.0,0.0,1.0,69.0,M,III,HER2+,1.0,4.52,100.0,2.47,45.73,83.8,26.4,2971.0,361.0,1.0913808392542395,0.6400558374676952,0.5126948657314874,0.9833626257507305,1
PT_121,42,7.0,26.0,0.0,0.0,0.0,1.0,69.0,M,III,HER2+,1.0,4.52,100.0,2.47,45.73,83.8,26.4,2971.0,361.0,1.0913808392542395,0.6400558374676952,0.5126948657314874,0.9833626257507305,1
PT_121,42,14.0,33.0,0.0,0.0,0.0,1.0,69.0,M,III,HER2+,1.0,4.52,100.0,2.47,45.73,83.8,26.4,2971.0,361.0,1.0913808392542395,0.6400558374676952,0.5126948657314874,0.9833626257507305,1
PT_122,21,3.0,24.0,0.0,0.0,0.0,1.0,51.0,F,II,HER2+,1.0,4.58,100.0,4.41,38.61,76.0,48.8,5750.0,507.0,1.0035145035145034,1.004207798025695,1.0359386003017264,1.0103068511784865,0
PT_122,21,7.0,28.0,0.0,0.0,0.0,1.0,51.0,F,II,HER2+,1.0,4.58,100.0,4.41,38.61,76.0,48.8,5750.0,507.0,1.0035145035145034,1.004207798025695,1.0359386003017264,1.0103068511784865,0
PT_122,21,14.0,35.0,0.0,0.0,0.0,1.0,51.0,F,II,HER2+,1.0,4.58,100.0,4.41,38.61,76.0,48.8,5750.0,507.0,1.0035145035145034,1.004207798025695,1.0359386003017264,1.0103068511784865,0
PT_122,42,3.0,22.0,0.0,0.0,0.0,1.0,51.0,F,II,HER2+,1.0,4.58,100.0,3.18,58.32,80.4,44.2,4893.0,510.0,1.0091304841127187,0.9770692826486818,0.9898253249426571,1.0307305075175377,0
PT_122,42,7.0,26.0,0.0,0.0,0.0,1.0,51.0,F,II,HER2+,1.0,4.58,100.0,3.18,58.32,80.4,44.2,4893.0,510.0,1.0091304841127187,0.9770692826486818,0.9898253249426571,1.0307305075175377,0
PT_122,42,14.0,33.0,0.0,0.0,0.0,1.0,51.0,F,II,HER2+,1.0,4.58,100.0,3.18,58.32,80.4,44.2,4893.0,510.0,1.0091304841127187,0.9770692826486818,0.9898253249426571,1.0307305075175377,0
PT_123,21,3.0,24.0,0.0,0.0,0.0,1.0,56.0,M,II,HER2+,2.0,6.2,100.0,6.31,46.23,82.3,47.2,7221.0,466.0,1.0167716992074232,1.0383223106413528,1.0040568678373472,0.9980824544582935,0
PT_123,21,7.0,28.0,0.0,0.0,0.0,1.0,56.0,M,II,HER2+,2.0,6.2,100.0,6.31,46.23,82.3,47.2,7221.0,466.0,1.0167716992074232,1.0383223106413528,1.0040568678373472,0.9980824544582935,0
PT_123,21,14.0,35.0,0.0,0.0,0.0,1.0,56.0,M,II,HER2+,2.0,6.2,100.0,6.31,46.23,82.3,47.2,7221.0,466.0,1.0167716992074232,1.0383223106413528,1.0040568678373472,0.9980824544582935,0
PT_123,42,3.0,10.0,0.0,0.0,1.0,0.0,56.0,M,II,HER2+,2.0,6.2,100.0,1.09,57.17,91.3,37.1,4243.0,476.0,1.066358720144209,0.8064932007488705,0.7722368512089601,1.0081775825488042,0
PT_123,42,7.0,14.0,0.0,0.0,1.0,0.0,56.0,M,II,HER2+,2.0,6.2,100.0,1.09,57.17,91.3,37.1,4243.0,476.0,1.066358720144209,0.8064932007488705,0.7722368512089601,1.0081775825488042,0
PT_123,42,14.0,21.0,0.0,0.0,0.0,1.0,56.0,M,II,HER2+,2.0,6.2,100.0,1.09,57.17,91.3,37.1,4243.0,476.0,1.066358720144209,0.8064932007488705,0.7722368512089601,1.0081775825488042,0
PT_124,21,3.0,24.0,0.0,0.0,0.0,1.0,64.0,F,III,ER+/PR+,0.0,4.97,100.0,4.87,52.29,65.8,31.6,7381.0,444.0,0.9720748655110579,1.1383798650420542,1.0605914854926266,0.989270913055407,0
PT_124,21,7.0,28.0,0.0,0.0,0.0,1.0,64.0,F,III,ER+/PR+,0.0,4.97,100.0,4.87,52.29,65.8,31.6,7381.0,444.0,0.9720748655110579,1.1383798650420542,1.0605914854926266,0.989270913055407,0
PT_124,21,14.0,35.0,0.0,0.0,0.0,1.0,64.0,F,III,ER+/PR+,0.0,4.97,100.0,4.87,52.29,65.8,31.6,7381.0,444.0,0.9720748655110579,1.1383798650420542,1.0605914854926266,0.989270913055407,0
PT_124,42,3.0,11.0,0.0,0.0,1.0,0.0,64.0,F,III,ER+/PR+,0.0,4.97,100.0,2.93,60.59,69.9,17.6,6037.0,438.0,1.0926797870330855,0.7129928894634777,0.8346257621789288,0.9997930711508511,0
PT_124,42,7.0,15.0,0.0,0.0,0.0,1.0,64.0,F,III,ER+/PR+,0.0,4.97,100.0,2.93,60.59,69.9,17.6,6037.0,438.0,1.0926797870330855,0.7129928894634777,0.8346257621789288,0.9997930711508511,0
PT_124,42,14.0,22.0,0.0,0.0,0.0,1.0,64.0,F,III,ER+/PR+,0.0,4.97,100.0,2.93,60.59,69.9,17.6,6037.0,438.0,1.0926797870330855,0.7129928894634777,0.8346257621789288,0.9997930711508511,0
PT_125,21,3.0,24.0,0.0,0.0,0.0,1.0,30.0,F,III,ER+/PR+,2.0,2.92,100.0,2.9,48.38,76.1,40.7,4425.0,488.0,1.0059410313983879,0.9518228879832581,1.0559111980070006,0.9838025994441794,1
PT_125,21,7.0,28.0,0.0,0.0,0.0,1.0,30.0,F,III,ER+/PR+,2.0,2.92,100.0,2.9,48.38,76.1,40.7,4425.0,488.0,1.0059410313983879,0.9518228879832581,1.0559111980070006,0.9838025994441794,1
PT_125,21,14.0,35.0,0.0,0.0,0.0,1.0,30.0,F,III,ER+/PR+,2.0,2.92,100.0,2.9,48.38,76.1,40.7,4425.0,488.0,1.0059410313983879,0.9518228879832581,1.0559111980070006,0.9838025994441794,1
PT_125,42,3.0,23.0,0.0,0.0,0.0,1.0,30.0,F,III,ER+/PR+,2.0,2.92,100.0,1.24,62.5,94.8,23.4,1850.0,463.0,1.0237823749796384,0.9189322787938704,0.8181050879495401,0.9944461585930269,1
PT_125,42,7.0,27.0,0.0,0.0,0.0,1.0,30.0,F,III,ER+/PR+,2.0,2.92,100.0,1.24,62.5,94.8,23.4,1850.0,463.0,1.0237823749796384,0.9189322787938704,0.8181050879495401,0.9944461585930269,1
PT_125,42,14.0,34.0,0.0,0.0,0.0,1.0,30.0,F,III,ER+/PR+,2.0,2.92,100.0,1.24,62.5,94.8,23.4,1850.0,463.0,1.0237823749796384,0.9189322787938704,0.8181050879495401,0.9944461585930269,0
PT_126,21,3.0,24.0,0.0,0.0,0.0,1.0,64.0,F,II,ER+/PR+,1.0,6.18,100.0,6.28,44.27,71.6,43.2,6309.0,372.0,1.0175118844065314,0.978862581125106,0.9675160122528543,1.010204081632653,0
PT_126,21,7.0,28.0,0.0,0.0,0.0,1.0,64.0,F,II,ER+/PR+,1.0,6.18,100.0,6.28,44.27,71.6,43.2,6309.0,372.0,1.0175118844065314,0.978862581125106,0.9675160122528543,1.010204081632653,0
PT_126,21,14.0,35.0,0.0,0.0,0.0,1.0,64.0,F,II,ER+/PR+,1.0,6.18,100.0,6.28,44.27,71.6,43.2,6309.0,372.0,1.0175118844065314,0.978862581125106,0.9675160122528543,1.010204081632653,0
PT_126,42,3.0,18.0,0.0,0.0,0.0,1.0,64.0,F,II,ER+/PR+,1.0,6.18,100.0,3.96,63.08,72.7,46.5,5211.0,379.0,1.0209636283354973,0.9254649440421331,0.9208613872394957,1.0648894290470026,0
PT_126,42,7.0,22.0,0.0,0.0,0.0,1.0,64.0,F,II,ER+/PR+,1.0,6.18,100.0,3.96,63.08,72.7,46.5,5211.0,379.0,1.0209636283354973,0.9254649440421331,0.9208613872394957,1.0648894290470026,0
PT_126,42,14.0,29.0,0.0,0.0,0.0,1.0,64.0,F,II,ER+/PR+,1.0,6.18,100.0,3.96,63.08,72.7,46.5,5211.0,379.0,1.0209636283354973,0.9254649440421331,0.9208613872394957,1.0648894290470026,0
PT_127,21,3.0,24.0,0.0,0.0,0.0,1.0,66.0,F,IV,Triple Negative,1.0,3.72,100.0,3.69,59.67,71.1,43.1,5733.0,464.0,0.9953399376600933,1.110459782973487,1.0371672399411236,1.0276741903827282,1
PT_127,21,7.0,28.0,0.0,0.0,0.0,1.0,66.0,F,IV,Triple Negative,1.0,3.72,100.0,3.69,59.67,71.1,43.1,5733.0,464.0,0.9953399376600933,1.110459782973487,1.0371672399411236,1.0276741903827282,1
PT_127,21,14.0,35.0,0.0,0.0,0.0,1.0,66.0,F,IV,Triple Negative,1.0,3.72,100.0,3.69,59.67,71.1,43.1,5733.0,464.0,0.9953399376600933,1.110459782973487,1.0371672399411236,1.0276741903827282,0
PT_127,42,3.0,10.0,0.0,0.0,1.0,0.0,66.0,F,IV,Triple Negative,1.0,3.72,100.0,1.16,61.81,87.5,28.2,3917.0,458.0,1.0622201828035667,0.8584207163528393,0.8542285652279504,0.9726844583987441,1
PT_127,42,7.0,14.0,0.0,0.0,1.0,0.0,66.0,F,IV,Triple Negative,1.0,3.72,100.0,1.16,61.81,87.5,28.2,3917.0,458.0,1.0622201828035667,0.8584207163528393,0.8542285652279504,0.9726844583987441,1
PT_127,42,14.0,21.0,0.0,0.0,0.0,1.0,66.0,F,IV,Triple Negative,1.0,3.72,100.0,1.16,61.81,87.5,28.2,3917.0,458.0,1.0622201828035667,0.8584207163528393,0.8542285652279504,0.9726844583987441,0
PT_128,21,3.0,24.0,0.0,0.0,0.0,1.0,43.0,M,II,ER+/PR+,1.0,4.94,100.0,4.86,32.88,69.9,57.2,6111.0,426.0,0.9910213817190563,1.0227168297302447,1.0257412515616688,1.0409907552764694,0
PT_128,21,7.0,28.0,0.0,0.0,0.0,1.0,43.0,M,II,ER+/PR+,1.0,4.94,100.0,4.86,32.88,69.9,57.2,6111.0,426.0,0.9910213817190563,1.0227168297302447,1.0257412515616688,1.0409907552764694,0
PT_128,21,14.0,35.0,0.0,0.0,0.0,1.0,43.0,M,II,ER+/PR+,1.0,4.94,100.0,4.86,32.88,69.9,57.2,6111.0,426.0,0.9910213817190563,1.0227168297302447,1.0257412515616688,1.0409907552764694,0
PT_128,42,3.0,21.0,0.0,0.0,0.0,1.0,43.0,M,II,ER+/PR+,1.0,4.94,100.0,4.23,51.34,75.6,56.6,5649.0,417.0,0.9916855631141345,1.0122336227308604,0.9857580160216313,0.9930813172807756,0
PT_128,42,7.0,25.0,0.0,0.0,0.0,1.0,43.0,M,II,ER+/PR+,1.0,4.94,100.0,4.23,51.34,75.6,56.6,5649.0,417.0,0.9916855631141345,1.0122336227308604,0.9857580160216313,0.9930813172807756,0
PT_128,42,14.0,32.0,0.0,0.0,0.0,1.0,43.0,M,II,ER+/PR+,1.0,4.94,100.0,4.23,51.34,75.6,56.6,5649.0,417.0,0.9916855631141345,1.0122336227308604,0.9857580160216313,0.9930813172807756,0
PT_129,21,3.0,24.0,0.0,0.0,0.0,1.0,32.0,F,III,ER+/PR+,1.0,3.41,100.0,3.34,38.09,63.2,47.0,5671.0,432.0,0.9711434379702722,1.0497421514520946,1.0060117441321244,1.0049395999413118,0
PT_129,21,7.0,28.0,0.0,0.0,0.0,1.0,32.0,F,III,ER+/PR+,1.0,3.41,100.0,3.34,38.09,63.2,47.0,5671.0,432.0,0.9711434379702722,1.0497421514520946,1.0060117441321244,1.0049395999413118,0
PT_129,21,14.0,35.0,0.0,0.0,0.0,1.0,32.0,F,III,ER+/PR+,1.0,3.41,100.0,3.34,38.09,63.2,47.0,5671.0,432.0,0.9711434379702722,1.0497421514520946,1.0060117441321244,1.0049395999413118,0
PT_129,42,3.0,21.0,0.0,0.0,0.0,1.0,32.0,F,III,ER+/PR+,1.0,3.41,100.0,3.1,49.14,62.8,44.1,6061.0,369.0,0.9562102649361027,1.0606522401706797,1.0880919262764608,0.9778713657689609,0
PT_129,42,7.0,25.0,0.0,0.0,0.0,1.0,32.0,F,III,ER+/PR+,1.0,3.41,100.0,3.1,49.14,62.8,44.1,6061.0,369.0,0.9562102649361027,1.0606522401706797,1.0880919262764608,0.9778713657689609,0
PT_129,42,14.0,32.0,0.0,0.0,0.0,1.0,32.0,F,III,ER+/PR+,1.0,3.41,100.0,3.1,49.14,62.8,44.1,6061.0,369.0,0.9562102649361027,1.0606522401706797,1.0880919262764608,0.9778713657689609,0
PT_130,21,3.0,24.0,0.0,0.0,0.0,1.0,30.0,F,IV,ER+/PR+,1.0,2.93,100.0,2.98,54.87,75.3,53.6,7217.0,529.0,0.9693513444628523,1.0178358420903153,1.0179683842857656,1.0071946169772257,0
PT_130,21,7.0,28.0,0.0,0.0,0.0,1.0,30.0,F,IV,ER+/PR+,1.0,2.93,100.0,2.98,54.87,75.3,53.6,7217.0,529.0,0.9693513444628523,1.0178358420903153,1.0179683842857656,1.0071946169772257,0
PT_130,21,14.0,35.0,0.0,0.0,0.0,1.0,30.0,F,IV,ER+/PR+,1.0,2.93,100.0,2.98,54.87,75.3,53.6,7217.0,529.0,0.9693513444628523,1.0178358420903153,1.0179683842857656,1.0071946169772257,0
PT_130,42,3.0,22.0,0.0,0.0,0.0,1.0,30.0,F,IV,ER+/PR+,1.0,2.93,100.0,2.32,65.18,74.1,47.4,6481.0,432.0,0.9710036085212389,1.0113831552592505,1.0183454053059635,0.9856398113315638,0
PT_130,42,7.0,26.0,0.0,0.0,0.0,1.0,30.0,F,IV,ER+/PR+,1.0,2.93,100.0,2.32,65.18,74.1,47.4,6481.0,432.0,0.9710036085212389,1.0113831552592505,1.0183454053059635,0.9856398113315638,0
PT_130,42,14.0,33.0,0.0,0.0,0.0,1.0,30.0,F,IV,ER+/PR+,1.0,2.93,100.0,2.32,65.18,74.1,47.4,6481.0,432.0,0.9710036085212389,1.0113831552592505,1.0183454053059635,0.9856398113315638,0
PT_131,21,3.0,24.0,0.0,0.0,0.0,1.0,34.0,F,III,ER+/PR+,1.0,3.95,100.0,3.99,48.9,72.3,44.2,6487.0,425.0,1.0175791765174036,0.895492957746479,0.9372112581795603,1.011739501758754,0
PT_131,21,7.0,28.0,0.0,0.0,0.0,1.0,34.0,F,III,ER+/PR+,1.0,3.95,100.0,3.99,48.9,72.3,44.2,6487.0,425.0,1.0175791765174036,0.895492957746479,0.9372112581795603,1.011739501758754,0
PT_131,21,14.0,35.0,0.0,0.0,0.0,1.0,34.0,F,III,ER+/PR+,1.0,3.95,100.0,3.99,48.9,72.3,44.2,6487.0,425.0,1.0175791765174036,0.895492957746479,0.9372112581795603,1.011739501758754,0
PT_131,42,3.0,18.0,0.0,0.0,0.0,1.0,34.0,F,III,ER+/PR+,1.0,3.95,100.0,3.03,61.74,83.2,35.0,5948.0,415.0,1.0436849371726833,0.8813554471172422,0.873449471925964,0.9888165792632844,0
PT_131,42,7.0,22.0,0.0,0.0,0.0,1.0,34.0,F,III,ER+/PR+,1.0,3.95,100.0,3.03,61.74,83.2,35.0,5948.0,415.0,1.0436849371726833,0.8813554471172422,0.873449471925964,0.9888165792632844,0
PT_131,42,14.0,29.0,0.0,0.0,0.0,1.0,34.0,F,III,ER+/PR+,1.0,3.95,100.0,3.03,61.74,83.2,35.0,5948.0,415.0,1.0436849371726833,0.8813554471172422,0.873449471925964,0.9888165792632844,0
PT_132,21,3.0,24.0,0.0,0.0,0.0,1.0,55.0,M,III,HER2+,1.0,5.69,100.0,5.55,45.8,66.6,62.9,6308.0,458.0,1.0316264629977048,0.987479443043526,0.9559489436359649,0.9894580215892981,0
PT_132,21,7.0,28.0,0.0,0.0,0.0,1.0,55.0,M,III,HER2+,1.0,5.69,100.0,5.55,45.8,66.6,62.9,6308.0,458.0,1.0316264629977048,0.987479443043526,0.9559489436359649,0.9894580215892981,0
PT_132,21,14.0,35.0,0.0,0.0,0.0,1.0,55.0,M,III,HER2+,1.0,5.69,100.0,5.55,45.8,66.6,62.9,6308.0,458.0,1.0316264629977048,0.987479443043526,0.9559489436359649,0.9894580215892981,0
PT_132,42,3.0,19.0,0.0,0.0,0.0,1.0,55.0,M,III,HER2+,1.0,5.69,100.0,5.41,59.33,68.8,61.8,6867.0,450.0,0.9939125545753018,0.9948419180661618,1.0190331188604151,1.0374876339219938,0
PT_132,42,7.0,23.0,0.0,0.0,0.0,1.0,55.0,M,III,HER2+,1.0,5.69,100.0,5.41,59.33,68.8,61.8,6867.0,450.0,0.9939125545753018,0.9948419180661618,1.0190331188604151,1.0374876339219938,0
PT_132,42,14.0,30.0,0.0,0.0,0.0,1.0,55.0,M,III,HER2+,1.0,5.69,100.0,5.41,59.33,68.8,61.8,6867.0,450.0,0.9939125545753018,0.9948419180661618,1.0190331188604151,1.0374876339219938,0
PT_133,21,3.0,24.0,0.0,0.0,0.0,1.0,43.0,F,III,HER2+,0.0,3.83,100.0,3.99,45.83,65.7,40.0,5348.0,357.0,0.9676251126254187,1.063464625262378,1.1154322810072574,0.9570038643063341,0
PT_133,21,7.0,28.0,0.0,0.0,0.0,1.0,43.0,F,III,HER2+,0.0,3.83,100.0,3.99,45.83,65.7,40.0,5348.0,357.0,0.9676251126254187,1.063464625262378,1.1154322810072574,0.9570038643063341,0
PT_133,21,14.0,35.0,0.0,0.0,0.0,1.0,43.0,F,III,HER2+,0.0,3.83,100.0,3.99,45.83,65.7,40.0,5348.0,357.0,0.9676251126254187,1.063464625262378,1.1154322810072574,0.9570038643063341,0
PT_133,42,3.0,12.0,0.0,0.0,1.0,0.0,43.0,F,III,HER2+,0.0,3.83,100.0,2.65,53.37,71.1,31.6,4808.0,418.0,1.0234296392123043,0.9579375848032563,0.9578022339993766,1.0048894887055024,0
PT_133,42,7.0,16.0,0.0,0.0,0.0,1.0,43.0,F,III,HER2+,0.0,3.83,100.0,2.65,53.37,71.1,31.6,4808.0,418.0,1.0234296392123043,0.9579375848032563,0.9578022339993766,1.0048894887055024,0
PT_133,42,14.0,23.0,0.0,0.0,0.0,1.0,43.0,F,III,HER2+,0.0,3.83,100.0,2.65,53.37,71.1,31.6,4808.0,418.0,1.0234296392123043,0.9579375848032563,0.9578022339993766,1.0048894887055024,0
PT_134,21,3.0,24.0,0.0,0.0,0.0,1.0,68.0,M,III,ER+/PR+,2.0,3.61,100.0,3.4,46.76,68.5,51.9,7131.0,494.0,0.9870234201444391,1.0997162304288295,1.1218352221481511,1.0355545617173523,1
PT_134,21,7.0,28.0,0.0,0.0,0.0,1.0,68.0,M,III,ER+/PR+,2.0,3.61,100.0,3.4,46.76,68.5,51.9,7131.0,494.0,0.9870234201444391,1.0997162304288295,1.1218352221481511,1.0355545617173523,1
PT_134,21,14.0,35.0,0.0,0.0,0.0,1.0,68.0,M,III,ER+/PR+,2.0,3.61,100.0,3.4,46.76,68.5,51.9,7131.0,494.0,0.9870234201444391,1.0997162304288295,1.1218352221481511,1.0355545617173523,1
PT_134,42,3.0,17.0,0.0,0.0,0.0,1.0,68.0,M,III,ER+/PR+,2.0,3.61,100.0,0.63,56.91,82.8,32.3,3495.0,428.0,1.1122013651877132,0.7182583823295724,0.6622875820422552,1.0117972652860192,1
PT_134,42,7.0,21.0,0.0,0.0,0.0,1.0,68.0,M,III,ER+/PR+,2.0,3.61,100.0,0.63,56.91,82.8,32.3,3495.0,428.0,1.1122013651877132,0.7182583823295724,0.6622875820422552,1.0117972652860192,1
PT_134,42,14.0,28.0,0.0,0.0,0.0,1.0,68.0,M,III,ER+/PR+,2.0,3.61,100.0,0.63,56.91,82.8,32.3,3495.0,428.0,1.1122013651877132,0.7182583823295724,0.6622875820422552,1.0117972652860192,1
PT_135,21,3.0,24.0,0.0,0.0,0.0,1.0,56.0,F,III,ER+/PR+,1.0,3.59,100.0,3.77,50.06,77.3,31.5,5367.0,421.0,0.9964602814076281,1.0962898487650965,1.0191477277147991,0.966517176818914,0
PT_135,21,7.0,28.0,0.0,0.0,0.0,1.0,56.0,F,III,ER+/PR+,1.0,3.59,100.0,3.77,50.06,77.3,31.5,5367.0,421.0,0.9964602814076281,1.0962898487650965,1.0191477277147991,0.966517176818914,0
PT_135,21,14.0,35.0,0.0,0.0,0.0,1.0,56.0,F,III,ER+/PR+,1.0,3.59,100.0,3.77,50.06,77.3,31.5,5367.0,421.0,0.9964602814076281,1.0962898487650965,1.0191477277147991,0.966517176818914,0
PT_135,42,3.0,23.0,0.0,0.0,0.0,1.0,56.0,F,III,ER+/PR+,1.0,3.59,100.0,2.25,66.54,78.6,24.5,4633.0,464.0,0.9941662749868673,0.9391688225381531,0.9634897292696036,1.0272103748247858,1
PT_135,42,7.0,27.0,0.0,0.0,0.0,1.0,56.0,F,III,ER+/PR+,1.0,3.59,100.0,2.25,66.54,78.6,24.5,4633.0,464.0,0.9941662749868673,0.9391688225381531,0.9634897292696036,1.0272103748247858,1
PT_135,42,14.0,34.0,0.0,0.0,0.0,1.0,56.0,F,III,ER+/PR+,1.0,3.59,100.0,2.25,66.54,78.6,24.5,4633.0,464.0,0.9941662749868673,0.9391688225381531,0.9634897292696036,1.0272103748247858,0
PT_136,21,3.0,24.0,0.0,0.0,0.0,1.0,38.0,F,II,HER2+,0.0,4.71,100.0,4.69,35.22,69.2,54.3,8587.0,419.0,0.9926007502495096,1.0170316301703164,1.0310198364478589,0.9805433829973706,0
PT_136,21,7.0,28.0,0.0,0.0,0.0,1.0,38.0,F,II,HER2+,0.0,4.71,100.0,4.69,35.22,69.2,54.3,8587.0,419.0,0.9926007502495096,1.0170316301703164,1.0310198364478589,0.9805433829973706,0
PT_136,21,14.0,35.0,0.0,0.0,0.0,1.0,38.0,F,II,HER2+,0.0,4.71,100.0,4.69,35.22,69.2,54.3,8587.0,419.0,0.9926007502495096,1.0170316301703164,1.0310198364478589,0.9805433829973706,0
PT_136,42,3.0,14.0,0.0,0.0,1.0,0.0,38.0,F,II,HER2+,0.0,4.71,100.0,1.66,52.37,80.2,41.8,6938.0,368.0,1.0818362524847167,0.8257295403824967,0.8276633533956635,0.9531113058720421,0
PT_136,42,7.0,18.0,0.0,0.0,0.0,1.0,38.0,F,II,HER2+,0.0,4.71,100.0,1.66,52.37,80.2,41.8,6938.0,368.0,1.0818362524847167,0.8257295403824967,0.8276633533956635,0.9531113058720421,0
PT_136,42,14.0,25.0,0.0,0.0,0.0,1.0,38.0,F,II,HER2+,0.0,4.71,100.0,1.66,52.37,80.2,41.8,6938.0,368.0,1.0818362524847167,0.8257295403824967,0.8276633533956635,0.9531113058720421,0
PT_137,21,3.0,24.0,0.0,0.0,0.0,1.0,44.0,M,II,Triple Negative,1.0,6.41,100.0,6.51,40.79,66.4,46.0,5951.0,423.0,1.0576517541260742,0.8424809491656218,0.8861994219653179,1.048873817819811,0
PT_137,21,7.0,28.0,0.0,0.0,0.0,1.0,44.0,M,II,Triple Negative,1.0,6.41,100.0,6.51,40.79,66.4,46.0,5951.0,423.0,1.0576517541260742,0.8424809491656218,0.8861994219653179,1.048873817819811,0
PT_137,21,14.0,35.0,0.0,0.0,0.0,1.0,44.0,M,II,Triple Negative,1.0,6.41,100.0,6.51,40.79,66.4,46.0,5951.0,423.0,1.0576517541260742,0.8424809491656218,0.8861994219653179,1.048873817819811,0
PT_137,42,3.0,19.0,0.0,0.0,0.0,1.0,44.0,M,II,Triple Negative,1.0,6.41,100.0,5.78,58.67,64.8,41.6,5158.0,458.0,1.0511532222969497,0.8889795918367348,0.8643679831413726,0.9792412786841755,0
PT_137,42,7.0,23.0,0.0,0.0,0.0,1.0,44.0,M,II,Triple Negative,1.0,6.41,100.0,5.78,58.67,64.8,41.6,5158.0,458.0,1.0511532222969497,0.8889795918367348,0.8643679831413726,0.9792412786841755,0
PT_137,42,14.0,30.0,0.0,0.0,0.0,1.0,44.0,M,II,Triple Negative,1.0,6.41,100.0,5.78,58.67,64.8,41.6,5158.0,458.0,1.0511532222969497,0.8889795918367348,0.8643679831413726,0.9792412786841755,0
PT_138,21,3.0,24.0,0.0,0.0,0.0,1.0,44.0,M,III,ER+/PR+,1.0,4.5,100.0,4.54,50.24,80.8,45.9,6746.0,440.0,0.9839809414277498,1.0383358210365219,1.0627471911611646,0.9843312661215081,0
PT_138,21,7.0,28.0,0.0,0.0,0.0,1.0,44.0,M,III,ER+/PR+,1.0,4.5,100.0,4.54,50.24,80.8,45.9,6746.0,440.0,0.9839809414277498,1.0383358210365219,1.0627471911611646,0.9843312661215081,0
PT_138,21,14.0,35.0,0.0,0.0,0.0,1.0,44.0,M,III,ER+/PR+,1.0,4.5,100.0,4.54,50.24,80.8,45.9,6746.0,440.0,0.9839809414277498,1.0383358210365219,1.0627471911611646,0.9843312661215081,0
PT_138,42,3.0,18.0,0.0,0.0,0.0,1.0,44.0,M,III,ER+/PR+,1.0,4.5,100.0,1.38,65.18,88.2,32.8,4719.0,405.0,1.0363794915367932,0.85754060324826,0.8400583161086854,0.9747911384513073,0
PT_138,42,7.0,22.0,0.0,0.0,0.0,1.0,44.0,M,III,ER+/PR+,1.0,4.5,100.0,1.38,65.18,88.2,32.8,4719.0,405.0,1.0363794915367932,0.85754060324826,0.8400583161086854,0.9747911384513073,0
PT_138,42,14.0,29.0,0.0,0.0,0.0,1.0,44.0,M,III,ER+/PR+,1.0,4.5,100.0,1.38,65.18,88.2,32.8,4719.0,405.0,1.0363794915367932,0.85754060324826,0.8400583161086854,0.9747911384513073,0
PT_139,21,3.0,24.0,0.0,0.0,0.0,1.0,55.0,M,IV,HER2+,1.0,4.86,100.0,4.98,43.07,72.7,47.8,4831.0,437.0,1.0275257892281375,0.8569821403459429,0.6802743762912643,1.0081874363717183,1
PT_139,21,7.0,28.0,0.0,0.0,0.0,1.0,55.0,M,IV,HER2+,1.0,4.86,100.0,4.98,43.07,72.7,47.8,4831.0,437.0,1.0275257892281375,0.8569821403459429,0.6802743762912643,1.0081874363717183,1
PT_139,21,14.0,35.0,0.0,0.0,0.0,1.0,55.0,M,IV,HER2+,1.0,4.86,100.0,4.98,43.07,72.7,47.8,4831.0,437.0,1.0275257892281375,0.8569821403459429,0.6802743762912643,1.0081874363717183,1
PT_139,42,3.0,24.0,0.0,0.0,0.0,1.0,55.0,M,IV,HER2+,1.0,4.86,100.0,4.85,51.16,73.2,49.5,4727.0,456.0,1.0108249898400268,0.911725778619176,1.014083188827042,0.9757184228113166,1
PT_139,42,7.0,28.0,0.0,0.0,0.0,1.0,55.0,M,IV,HER2+,1.0,4.86,100.0,4.85,51.16,73.2,49.5,4727.0,456.0,1.0108249898400268,0.911725778619176,1.014083188827042,0.9757184228113166,1
PT_139,42,14.0,35.0,0.0,0.0,0.0,1.0,55.0,M,IV,HER2+,1.0,4.86,100.0,4.85,51.16,73.2,49.5,4727.0,456.0,1.0108249898400268,0.911725778619176,1.014083188827042,0.9757184228113166,0
PT_140,21,3.0,24.0,0.0,0.0,0.0,1.0,71.0,F,III,ER+/PR+,1.0,5.98,100.0,6.07,41.89,76.6,70.7,5219.0,493.0,1.0160768802731115,0.9667198593862022,0.9284751431612022,1.03814276802424,0
PT_140,21,7.0,28.0,0.0,0.0,0.0,1.0,71.0,F,III,ER+/PR+,1.0,5.98,100.0,6.07,41.89,76.6,70.7,5219.0,493.0,1.0160768802731115,0.9667198593862022,0.9284751431612022,1.03814276802424,0
PT_140,21,14.0,35.0,0.0,0.0,0.0,1.0,71.0,F,III,ER+/PR+,1.0,5.98,100.0,6.07,41.89,76.6,70.7,5219.0,493.0,1.0160768802731115,0.9667198593862022,0.9284751431612022,1.03814276802424,0
PT_140,42,3.0,14.0,0.0,0.0,1.0,0.0,71.0,F,III,ER+/PR+,1.0,5.98,100.0,4.82,48.98,77.2,67.2,5061.0,494.0,0.9844780566334684,1.0277886086200174,1.0350304238715664,1.038381662949004,0
PT_140,42,7.0,18.0,0.0,0.0,0.0,1.0,71.0,F,III,ER+/PR+,1.0,5.98,100.0,4.82,48.98,77.2,67.2,5061.0,494.0,0.9844780566334684,1.0277886086200174,1.0350304238715664,1.038381662949004,0
PT_140,42,14.0,25.0,0.0,0.0,0.0,1.0,71.0,F,III,ER+/PR+,1.0,5.98,100.0,4.82,48.98,77.2,67.2,5061.0,494.0,0.9844780566334684,1.0277886086200174,1.0350304238715664,1.038381662949004,0
PT_141,21,3.0,24.0,0.0,0.0,0.0,1.0,42.0,F,II,HER2+,0.0,4.78,100.0,4.74,41.86,67.5,50.1,6863.0,457.0,1.0195562571253176,0.9042620984368559,0.9419160618841768,1.0046408591898826,1
PT_141,21,7.0,28.0,0.0,0.0,0.0,1.0,42.0,F,II,HER2+,0.0,4.78,100.0,4.74,41.86,67.5,50.1,6863.0,457.0,1.0195562571253176,0.9042620984368559,0.9419160618841768,1.0046408591898826,0
PT_141,21,14.0,35.0,0.0,0.0,0.0,1.0,42.0,F,II,HER2+,0.0,4.78,100.0,4.74,41.86,67.5,50.1,6863.0,457.0,1.0195562571253176,0.9042620984368559,0.9419160618841768,1.0046408591898826,0
PT_141,42,3.0,22.0,0.0,0.0,0.0,1.0,42.0,F,II,HER2+,0.0,4.78,100.0,4.35,62.68,68.4,45.8,6081.0,426.0,0.9617690155854535,1.0789141760350973,1.0576663230274945,0.9965817573788536,0
PT_141,42,7.0,26.0,0.0,0.0,0.0,1.0,42.0,F,II,HER2+,0.0,4.78,100.0,4.35,62.68,68.4,45.8,6081.0,426.0,0.9617690155854535,1.0789141760350973,1.0576663230274945,0.9965817573788536,0
PT_141,42,14.0,33.0,0.0,0.0,0.0,1.0,42.0,F,II,HER2+,0.0,4.78,100.0,4.35,62.68,68.4,45.8,6081.0,426.0,0.9617690155854535,1.0789141760350973,1.0576663230274945,0.9965817573788536,0
PT_142,21,3.0,24.0,0.0,0.0,0.0,1.0,61.0,F,III,ER+/PR+,1.0,3.48,100.0,3.48,42.59,61.1,37.9,7366.0,476.0,0.9996770505110459,0.9237773086802816,0.9952272439889909,1.0260889786782554,1
PT_142,21,7.0,28.0,0.0,0.0,0.0,1.0,61.0,F,III,ER+/PR+,1.0,3.48,100.0,3.48,42.59,61.1,37.9,7366.0,476.0,0.9996770505110459,0.9237773086802816,0.9952272439889909,1.0260889786782554,1
PT_142,21,14.0,35.0,0.0,0.0,0.0,1.0,61.0,F,III,ER+/PR+,1.0,3.48,100.0,3.48,42.59,61.1,37.9,7366.0,476.0,0.9996770505110459,0.9237773086802816,0.9952272439889909,1.0260889786782554,1
PT_142,42,3.0,12.0,0.0,0.0,1.0,0.0,61.0,F,III,ER+/PR+,1.0,3.48,100.0,2.37,50.33,67.5,33.9,6233.0,425.0,1.0135518039920801,0.9608210211585342,0.9461777886111788,0.9982068141063957,1
PT_142,42,7.0,16.0,0.0,0.0,0.0,1.0,61.0,F,III,ER+/PR+,1.0,3.48,100.0,2.37,50.33,67.5,33.9,6233.0,425.0,1.0135518039920801,0.9608210211585342,0.9461777886111788,0.9982068141063957,0
PT_142,42,14.0,23.0,0.0,0.0,0.0,1.0,61.0,F,III,ER+/PR+,1.0,3.48,100.0,2.37,50.33,67.5,33.9,6233.0,425.0,1.0135518039920801,0.9608210211585342,0.9461777886111788,0.9982068141063957,1
PT_143,21,3.0,24.0,0.0,0.0,0.0,1.0,68.0,M,III,ER+/PR+,2.0,3.91,100.0,3.99,44.87,67.1,47.1,6469.0,342.0,0.9718543178853526,1.017535156175466,1.0072237065894827,1.0107840934621433,0
PT_143,21,7.0,28.0,0.0,0.0,0.0,1.0,68.0,M,III,ER+/PR+,2.0,3.91,100.0,3.99,44.87,67.1,47.1,6469.0,342.0,0.9718543178853526,1.017535156175466,1.0072237065894827,1.0107840934621433,0
PT_143,21,14.0,35.0,0.0,0.0,0.0,1.0,68.0,M,III,ER+/PR+,2.0,3.91,100.0,3.99,44.87,67.1,47.1,6469.0,342.0,0.9718543178853526,1.017535156175466,1.0072237065894827,1.0107840934621433,0
PT_143,42,3.0,15.0,0.0,0.0,0.0,1.0,68.0,M,III,ER+/PR+,2.0,3.91,100.0,1.1,54.47,84.2,34.5,3715.0,397.0,1.0730820795471474,0.8289957436715117,0.7703953178960213,0.9551440713585204,1
PT_143,42,7.0,19.0,0.0,0.0,0.0,1.0,68.0,M,III,ER+/PR+,2.0,3.91,100.0,1.1,54.47,84.2,34.5,3715.0,397.0,1.0730820795471474,0.8289957436715117,0.7703953178960213,0.9551440713585204,0
PT_143,42,14.0,26.0,0.0,0.0,0.0,1.0,68.0,M,III,ER+/PR+,2.0,3.91,100.0,1.1,54.47,84.2,34.5,3715.0,397.0,1.0730820795471474,0.8289957436715117,0.7703953178960213,0.9551440713585204,0
PT_144,21,3.0,24.0,0.0,0.0,0.0,1.0,61.0,F,II,Triple Negative,0.0,3.95,100.0,3.92,26.87,64.4,32.9,5551.0,487.0,0.9677154179624188,1.122754685169574,1.1421358718606842,1.0017876196943032,0
PT_144,21,7.0,28.0,0.0,0.0,0.0,1.0,61.0,F,II,Triple Negative,0.0,3.95,100.0,3.92,26.87,64.4,32.9,5551.0,487.0,0.9677154179624188,1.122754685169574,1.1421358718606842,1.0017876196943032,0
PT_144,21,14.0,35.0,0.0,0.0,0.0,1.0,61.0,F,II,Triple Negative,0.0,3.95,100.0,3.92,26.87,64.4,32.9,5551.0,487.0,0.9677154179624188,1.122754685169574,1.1421358718606842,1.0017876196943032,0
PT_144,42,3.0,16.0,0.0,0.0,0.0,1.0,61.0,F,II,Triple Negative,0.0,3.95,100.0,1.84,39.9,79.7,26.2,4880.0,443.0,1.0189668219038186,0.9296105754488776,0.8922162621078222,0.9738553915436576,0
PT_144,42,7.0,20.0,0.0,0.0,0.0,1.0,61.0,F,II,Triple Negative,0.0,3.95,100.0,1.84,39.9,79.7,26.2,4880.0,443.0,1.0189668219038186,0.9296105754488776,0.8922162621078222,0.9738553915436576,0
PT_144,42,14.0,27.0,0.0,0.0,0.0,1.0,61.0,F,II,Triple Negative,0.0,3.95,100.0,1.84,39.9,79.7,26.2,4880.0,443.0,1.0189668219038186,0.9296105754488776,0.8922162621078222,0.9738553915436576,0
PT_145,21,3.0,24.0,0.0,0.0,0.0,1.0,33.0,F,II,ER+/PR+,1.0,4.27,100.0,4.39,32.15,62.7,76.4,6663.0,373.0,0.982630860068186,1.0035159141376757,1.022691731932564,0.9703589148785361,0
PT_145,21,7.0,28.0,0.0,0.0,0.0,1.0,33.0,F,II,ER+/PR+,1.0,4.27,100.0,4.39,32.15,62.7,76.4,6663.0,373.0,0.982630860068186,1.0035159141376757,1.022691731932564,0.9703589148785361,0
PT_145,21,14.0,35.0,0.0,0.0,0.0,1.0,33.0,F,II,ER+/PR+,1.0,4.27,100.0,4.39,32.15,62.7,76.4,6663.0,373.0,0.982630860068186,1.0035159141376757,1.022691731932564,0.9703589148785361,0
PT_145,42,3.0,16.0,0.0,0.0,0.0,1.0,33.0,F,II,ER+/PR+,1.0,4.27,100.0,3.05,46.1,62.9,68.0,5343.0,414.0,1.0710709915293295,0.9482787927412172,0.9110421075532524,0.9744622859512947,0
PT_145,42,7.0,20.0,0.0,0.0,0.0,1.0,33.0,F,II,ER+/PR+,1.0,4.27,100.0,3.05,46.1,62.9,68.0,5343.0,414.0,1.0710709915293295,0.9482787927412172,0.9110421075532524,0.9744622859512947,0
PT_145,42,14.0,27.0,0.0,0.0,0.0,1.0,33.0,F,II,ER+/PR+,1.0,4.27,100.0,3.05,46.1,62.9,68.0,5343.0,414.0,1.0710709915293295,0.9482787927412172,0.9110421075532524,0.9744622859512947,0
PT_146,21,3.0,24.0,0.0,0.0,0.0,1.0,59.0,F,III,Triple Negative,0.0,4.38,100.0,4.39,48.4,65.4,46.6,5120.0,416.0,0.9682591961756708,1.09204057960341,1.0010097312467587,0.9986051377426478,0
PT_146,21,7.0,28.0,0.0,0.0,0.0,1.0,59.0,F,III,Triple Negative,0.0,4.38,100.0,4.39,48.4,65.4,46.6,5120.0,416.0,0.9682591961756708,1.09204057960341,1.0010097312467587,0.9986051377426478,0
PT_146,21,14.0,35.0,0.0,0.0,0.0,1.0,59.0,F,III,Triple Negative,0.0,4.38,100.0,4.39,48.4,65.4,46.6,5120.0,416.0,0.9682591961756708,1.09204057960341,1.0010097312467587,0.9986051377426478,0
PT_146,42,3.0,14.0,0.0,0.0,1.0,0.0,59.0,F,III,Triple Negative,0.0,4.38,100.0,0.66,60.61,78.3,26.8,2509.0,396.0,1.0646798909466955,0.7311941903411305,0.675903525181446,0.9879427279577996,0
PT_146,42,7.0,18.0,0.0,0.0,0.0,1.0,59.0,F,III,Triple Negative,0.0,4.38,100.0,0.66,60.61,78.3,26.8,2509.0,396.0,1.0646798909466955,0.7311941903411305,0.675903525181446,0.9879427279577996,0
PT_146,42,14.0,25.0,0.0,0.0,0.0,1.0,59.0,F,III,Triple Negative,0.0,4.38,100.0,0.66,60.61,78.3,26.8,2509.0,396.0,1.0646798909466955,0.7311941903411305,0.675903525181446,0.9879427279577996,0
PT_147,21,3.0,24.0,0.0,0.0,0.0,1.0,66.0,F,III,Triple Negative,1.0,5.76,100.0,5.7,42.99,67.3,47.2,6114.0,387.0,0.9948256467941506,1.012312549329124,1.0728799620950131,0.9980073919331512,0
PT_147,21,7.0,28.0,0.0,0.0,0.0,1.0,66.0,F,III,Triple Negative,1.0,5.76,100.0,5.7,42.99,67.3,47.2,6114.0,387.0,0.9948256467941506,1.012312549329124,1.0728799620950131,0.9980073919331512,0
PT_147,21,14.0,35.0,0.0,0.0,0.0,1.0,66.0,F,III,Triple Negative,1.0,5.76,100.0,5.7,42.99,67.3,47.2,6114.0,387.0,0.9948256467941506,1.012312549329124,1.0728799620950131,0.9980073919331512,0
PT_147,42,3.0,21.0,0.0,0.0,0.0,1.0,66.0,F,III,Triple Negative,1.0,5.76,100.0,3.92,55.09,79.7,35.9,4228.0,398.0,1.003414472959577,0.9424157139353738,0.9472521036612429,0.994410188440039,0
PT_147,42,7.0,25.0,0.0,0.0,0.0,1.0,66.0,F,III,Triple Negative,1.0,5.76,100.0,3.92,55.09,79.7,35.9,4228.0,398.0,1.003414472959577,0.9424157139353738,0.9472521036612429,0.994410188440039,0
PT_147,42,14.0,32.0,0.0,0.0,0.0,1.0,66.0,F,III,Triple Negative,1.0,5.76,100.0,3.92,55.09,79.7,35.9,4228.0,398.0,1.003414472959577,0.9424157139353738,0.9472521036612429,0.994410188440039,0
PT_148,21,3.0,24.0,0.0,0.0,0.0,1.0,52.0,F,II,HER2+,1.0,4.09,100.0,4.14,21.18,63.8,67.0,7736.0,446.0,0.9531868670941519,1.0188601836545073,1.0542010662251144,0.9967808106368006,0
PT_148,21,7.0,28.0,0.0,0.0,0.0,1.0,52.0,F,II,HER2+,1.0,4.09,100.0,4.14,21.18,63.8,67.0,7736.0,446.0,0.9531868670941519,1.0188601836545073,1.0542010662251144,0.9967808106368006,0
PT_148,21,14.0,35.0,0.0,0.0,0.0,1.0,52.0,F,II,HER2+,1.0,4.09,100.0,4.14,21.18,63.8,67.0,7736.0,446.0,0.9531868670941519,1.0188601836545073,1.0542010662251144,0.9967808106368006,0
PT_148,42,3.0,24.0,0.0,0.0,0.0,1.0,52.0,F,II,HER2+,1.0,4.09,100.0,3.86,56.64,64.0,65.9,6633.0,432.0,1.0469699293750458,0.9033091775198905,0.8414424461742852,0.977830997055851,1
PT_148,42,7.0,28.0,0.0,0.0,0.0,1.0,52.0,F,II,HER2+,1.0,4.09,100.0,3.86,56.64,64.0,65.9,6633.0,432.0,1.0469699293750458,0.9033091775198905,0.8414424461742852,0.977830997055851,0
PT_148,42,14.0,35.0,0.0,0.0,0.0,1.0,52.0,F,II,HER2+,1.0,4.09,100.0,3.86,56.64,64.0,65.9,6633.0,432.0,1.0469699293750458,0.9033091775198905,0.8414424461742852,0.977830997055851,0
PT_149,21,3.0,24.0,0.0,0.0,0.0,1.0,68.0,F,II,ER+/PR+,1.0,4.53,100.0,4.37,29.25,68.8,54.0,8003.0,451.0,0.9766903262354627,1.036707485827369,1.013227708257418,1.01765476832935,0
PT_149,21,7.0,28.0,0.0,0.0,0.0,1.0,68.0,F,II,ER+/PR+,1.0,4.53,100.0,4.37,29.25,68.8,54.0,8003.0,451.0,0.9766903262354627,1.036707485827369,1.013227708257418,1.01765476832935,0
PT_149,21,14.0,35.0,0.0,0.0,0.0,1.0,68.0,F,II,ER+/PR+,1.0,4.53,100.0,4.37,29.25,68.8,54.0,8003.0,451.0,0.9766903262354627,1.036707485827369,1.013227708257418,1.01765476832935,0
PT_149,42,3.0,11.0,0.0,0.0,1.0,0.0,68.0,F,II,ER+/PR+,1.0,4.53,100.0,2.43,40.27,80.1,38.0,5607.0,412.0,1.0526416429240681,0.8858064959143033,0.8913654019381156,0.9951585090860857,0
PT_149,42,7.0,15.0,0.0,0.0,0.0,1.0,68.0,F,II,ER+/PR+,1.0,4.53,100.0,2.43,40.27,80.1,38.0,5607.0,412.0,1.0526416429240681,0.8858064959143033,0.8913654019381156,0.9951585090860857,0
PT_149,42,14.0,22.0,0.0,0.0,0.0,1.0,68.0,F,II,ER+/PR+,1.0,4.53,100.0,2.43,40.27,80.1,38.0,5607.0,412.0,1.0526416429240681,0.8858064959143033,0.8913654019381156,0.9951585090860857,0
PT_150,21,3.0,24.0,0.0,0.0,0.0,1.0,74.0,F,II,ER+/PR+,0.0,5.11,100.0,5.25,36.87,64.8,32.0,6413.0,389.0,1.0523770201722304,0.9260048961541498,0.8856712526421041,0.9880991477050589,0
PT_150,21,7.0,28.0,0.0,0.0,0.0,1.0,74.0,F,II,ER+/PR+,0.0,5.11,100.0,5.25,36.87,64.8,32.0,6413.0,389.0,1.0523770201722304,0.9260048961541498,0.8856712526421041,0.9880991477050589,0
PT_150,21,14.0,35.0,0.0,0.0,0.0,1.0,74.0,F,II,ER+/PR+,0.0,5.11,100.0,5.25,36.87,64.8,32.0,6413.0,389.0,1.0523770201722304,0.9260048961541498,0.8856712526421041,0.9880991477050589,0
PT_150,42,3.0,23.0,0.0,0.0,0.0,1.0,74.0,F,II,ER+/PR+,0.0,5.11,100.0,3.16,55.61,73.2,28.2,4884.0,462.0,1.018912561693565,0.9690346083788707,1.0298077549947944,0.9903806313620533,0
PT_150,42,7.0,27.0,0.0,0.0,0.0,1.0,74.0,F,II,ER+/PR+,0.0,5.11,100.0,3.16,55.61,73.2,28.2,4884.0,462.0,1.018912561693565,0.9690346083788707,1.0298077549947944,0.9903806313620533,0
PT_150,42,14.0,34.0,0.0,0.0,0.0,1.0,74.0,F,II,ER+/PR+,0.0,5.11,100.0,3.16,55.61,73.2,28.2,4884.0,462.0,1.018912561693565,0.9690346083788707,1.0298077549947944,0.9903806313620533,0
