patient_id,decision_day,delay_days,days_since_last_dose,dose_interval_bin_0_3,dose_interval_bin_4_7,dose_interval_bin_8_14,dose_interval_bin_15_plus,age,sex,stage,biomarker_status,baseline_ecog,baseline_anc,dose_mg,pre_dose_anc,tumor_volume_cm3,resting_heart_rate,hrv_rmssd,step_count,sleep_duration_mins,rhr_ratio_7_to_30,hrv_ratio_7_to_30,steps_ratio_7_to_30,sleep_ratio_7_to_30,cycle,planned_day,severe_toxicity_label,nadir_anc
PT_001,21,0.0,21.0,0.0,0.0,0.0,1.0,68.0,F,III,HER2+,1.0,5.33,100.0,5.43,45.02,75.7,46.5,4866.0,466.0,0.9892868637638511,1.0734682561685613,1.0503191749028824,0.9925636788420993,1,21,0,2.58
PT_001,21,3.0,24.0,0.0,0.0,0.0,1.0,68.0,F,III,HER2+,1.0,5.33,100.0,5.43,45.02,75.7,46.5,4866.0,466.0,0.9892868637638511,1.0734682561685613,1.0503191749028824,0.9925636788420993,1,21,0,2.53
PT_001,21,7.0,28.0,0.0,0.0,0.0,1.0,68.0,F,III,HER2+,1.0,5.33,100.0,5.43,45.02,75.7,46.5,4866.0,466.0,0.9892868637638511,1.0734682561685613,1.0503191749028824,0.9925636788420993,1,21,0,2.98
PT_001,21,14.0,35.0,0.0,0.0,0.0,1.0,68.0,F,III,HER2+,1.0,5.33,100.0,5.43,45.02,75.7,46.5,4866.0,466.0,0.9892868637638511,1.0734682561685613,1.0503191749028824,0.9925636788420993,1,21,0,3.35
PT_001,42,0.0,16.0,0.0,0.0,0.0,1.0,68.0,F,III,HER2+,1.0,5.33,100.0,4.05,57.93,79.7,45.4,4504.0,461.0,0.9993403693931397,1.0260654756599137,1.004920857814762,1.0505226480836236,2,42,0,3.29
PT_001,42,3.0,19.0,0.0,0.0,0.0,1.0,68.0,F,III,HER2+,1.0,5.33,100.0,4.05,57.93,79.7,45.4,4504.0,461.0,0.9993403693931397,1.0260654756599137,1.004920857814762,1.0505226480836236,2,42,0,3.59
PT_001,42,7.0,23.0,0.0,0.0,0.0,1.0,68.0,F,III,HER2+,1.0,5.33,100.0,4.05,57.93,79.7,45.4,4504.0,461.0,0.9993403693931397,1.0260654756599137,1.004920857814762,1.0505226480836236,2,42,0,3.7
PT_001,42,14.0,30.0,0.0,0.0,0.0,1.0,68.0,F,III,HER2+,1.0,5.33,100.0,4.05,57.93,79.7,45.4,4504.0,461.0,0.9993403693931397,1.0260654756599137,1.004920857814762,1.0505226480836236,2,42,0,4.13
PT_002,21,0.0,21.0,0.0,0.0,0.0,1.0,58.0,F,IV,Triple Negative,0.0,3.13,100.0,3.17,54.8,75.1,49.6,5055.0,435.0,0.9774271996009228,0.9990236094437773,1.0193885041046613,0.9692780337941629,1,21,0,2.07
PT_002,21,3.0,24.0,0.0,0.0,0.0,1.0,58.0,F,IV,Triple Negative,0.0,3.13,100.0,3.17,54.8,75.1,49.6,5055.0,435.0,0.9774271996009228,0.9990236094437773,1.0193885041046613,0.9692780337941629,1,21,0,2.05
PT_002,21,7.0,28.0,0.0,0.0,0.0,1.0,58.0,F,IV,Triple Negative,0.0,3.13,100.0,3.17,54.8,75.1,49.6,5055.0,435.0,0.9774271996009228,0.9990236094437773,1.0193885041046613,0.9692780337941629,1,21,0,2.23
PT_002,21,14.0,35.0,0.0,0.0,0.0,1.0,58.0,F,IV,Triple Negative,0.0,3.13,100.0,3.17,54.8,75.1,49.6,5055.0,435.0,0.9774271996009228,0.9990236094437773,1.0193885041046613,0.9692780337941629,1,21,0,2.3
PT_002,42,0.0,9.0,0.0,0.0,1.0,0.0,58.0,F,IV,Triple Negative,0.0,3.13,100.0,1.46,59.1,85.5,37.7,3900.0,484.0,1.0647468156316968,0.8467945482079758,0.7800946009627453,1.0239635924056034,2,42,1,0.7
PT_002,42,3.0,12.0,0.0,0.0,1.0,0.0,58.0,F,IV,Triple Negative,0.0,3.13,100.0,1.46,59.1,85.5,37.7,3900.0,484.0,1.0647468156316968,0.8467945482079758,0.7800946009627453,1.0239635924056034,2,42,0,1.17
PT_002,42,7.0,16.0,0.0,0.0,0.0,1.0,58.0,F,IV,Triple Negative,0.0,3.13,100.0,1.46,59.1,85.5,37.7,3900.0,484.0,1.0647468156316968,0.8467945482079758,0.7800946009627453,1.0239635924056034,2,42,0,1.16
PT_002,42,14.0,23.0,0.0,0.0,0.0,1.0,58.0,F,IV,Triple Negative,0.0,3.13,100.0,1.46,59.1,85.5,37.7,3900.0,484.0,1.0647468156316968,0.8467945482079758,0.7800946009627453,1.0239635924056034,2,42,0,1.9
PT_003,21,0.0,21.0,0.0,0.0,0.0,1.0,44.0,M,II,Triple Negative,1.0,3.31,100.0,3.23,34.71,73.6,28.4,7386.0,373.0,0.9998177842565596,0.9737103174603173,0.983995809149265,0.9831357006466519,1,21,0,1.44
PT_003,21,3.0,24.0,0.0,0.0,0.0,1.0,44.0,M,II,Triple Negative,1.0,3.31,100.0,3.23,34.71,73.6,28.4,7386.0,373.0,0.9998177842565596,0.9737103174603173,0.983995809149265,0.9831357006466519,1,21,0,1.68
PT_003,21,7.0,28.0,0.0,0.0,0.0,1.0,44.0,M,II,Triple Negative,1.0,3.31,100.0,3.23,34.71,73.6,28.4,7386.0,373.0,0.9998177842565596,0.9737103174603173,0.983995809149265,0.9831357006466519,1,21,0,1.73
PT_003,21,14.0,35.0,0.0,0.0,0.0,1.0,44.0,M,II,Triple Negative,1.0,3.31,100.0,3.23,34.71,73.6,28.4,7386.0,373.0,0.9998177842565596,0.9737103174603173,0.983995809149265,0.9831357006466519,1,21,0,2.24
PT_003,42,0.0,16.0,0.0,0.0,0.0,1.0,44.0,M,II,Triple Negative,1.0,3.31,100.0,1.41,51.71,79.0,29.1,6150.0,443.0,1.0441217256864328,0.9054638146957773,0.9150679145044526,1.0760770349001003,2,42,0,1.2
PT_003,42,3.0,19.0,0.0,0.0,0.0,1.0,44.0,M,II,Triple Negative,1.0,3.31,100.0,1.41,51.71,79.0,29.1,6150.0,443.0,1.0441217256864328,0.9054638146957773,0.9150679145044526,1.0760770349001003,2,42,0,1.1
PT_003,42,7.0,23.0,0.0,0.0,0.0,1.0,44.0,M,II,Triple Negative,1.0,3.31,100.0,1.41,51.71,79.0,29.1,6150.0,443.0,1.0441217256864328,0.9054638146957773,0.9150679145044526,1.0760770349001003,2,42,0,1.49
PT_003,42,14.0,30.0,0.0,0.0,0.0,1.0,44.0,M,II,Triple Negative,1.0,3.31,100.0,1.41,51.71,79.0,29.1,6150.0,443.0,1.0441217256864328,0.9054638146957773,0.9150679145044526,1.0760770349001003,2,42,0,1.9
PT_004,21,0.0,21.0,0.0,0.0,0.0,1.0,72.0,F,II,ER+/PR+,1.0,2.81,100.0,2.62,34.71,75.3,40.7,5890.0,481.0,0.974772924222486,1.0626894825726902,1.0370247122110636,1.0284426921993803,1,21,0,1.3
PT_004,21,3.0,24.0,0.0,0.0,0.0,1.0,72.0,F,II,ER+/PR+,1.0,2.81,100.0,2.62,34.71,75.3,40.7,5890.0,481.0,0.974772924222486,1.0626894825726902,1.0370247122110636,1.0284426921993803,1,21,0,1.6
PT_004,21,7.0,28.0,0.0,0.0,0.0,1.0,72.0,F,II,ER+/PR+,1.0,2.81,100.0,2.62,34.71,75.3,40.7,5890.0,481.0,0.974772924222486,1.0626894825726902,1.0370247122110636,1.0284426921993803,1,21,0,1.21
PT_004,21,14.0,35.0,0.0,0.0,0.0,1.0,72.0,F,II,ER+/PR+,1.0,2.81,100.0,2.62,34.71,75.3,40.7,5890.0,481.0,0.974772924222486,1.0626894825726902,1.0370247122110636,1.0284426921993803,1,21,0,1.35
PT_004,42,0.0,8.0,0.0,0.0,1.0,0.0,72.0,F,II,ER+/PR+,1.0,2.81,100.0,0.18,47.93,87.0,19.2,3281.0,525.0,1.112861109959796,0.6089389699765559,0.6830577547829186,0.9859798990085716,2,42,1,0.69
PT_004,42,3.0,11.0,0.0,0.0,1.0,0.0,72.0,F,II,ER+/PR+,1.0,2.81,100.0,0.18,47.93,87.0,19.2,3281.0,525.0,1.112861109959796,0.6089389699765559,0.6830577547829186,0.9859798990085716,2,42,1,0.58
PT_004,42,7.0,15.0,0.0,0.0,0.0,1.0,72.0,F,II,ER+/PR+,1.0,2.81,100.0,0.18,47.93,87.0,19.2,3281.0,525.0,1.112861109959796,0.6089389699765559,0.6830577547829186,0.9859798990085716,2,42,1,0.68
PT_004,42,14.0,22.0,0.0,0.0,0.0,1.0,72.0,F,II,ER+/PR+,1.0,2.81,100.0,0.18,47.93,87.0,19.2,3281.0,525.0,1.112861109959796,0.6089389699765559,0.6830577547829186,0.9859798990085716,2,42,0,1.11
PT_005,21,0.0,21.0,0.0,0.0,0.0,1.0,37.0,F,III,Triple Negative,1.0,3.23,100.0,3.05,45.02,67.0,39.0,7484.0,385.0,0.9681196160677803,1.1511518904638811,1.124740684136461,1.0078599445714893,1,21,1,0.85
PT_005,21,3.0,24.0,0.0,0.0,0.0,1.0,37.0,F,III,Triple Negative,1.0,3.23,100.0,3.05,45.02,67.0,39.0,7484.0,385.0,0.9681196160677803,1.1511518904638811,1.124740684136461,1.0078599445714893,1,21,0,1.36
PT_005,21,7.0,28.0,0.0,0.0,0.0,1.0,37.0,F,III,Triple Negative,1.0,3.23,100.0,3.05,45.02,67.0,39.0,7484.0,385.0,0.9681196160677803,1.1511518904638811,1.124740684136461,1.0078599445714893,1,21,0,1.52
PT_005,21,14.0,35.0,0.0,0.0,0.0,1.0,37.0,F,III,Triple Negative,1.0,3.23,100.0,3.05,45.02,67.0,39.0,7484.0,385.0,0.9681196160677803,1.1511518904638811,1.124740684136461,1.0078599445714893,1,21,0,1.75
PT_005,42,0.0,13.0,0.0,0.0,1.0,0.0,37.0,F,III,Triple Negative,1.0,3.23,100.0,0.81,56.46,79.4,25.5,4179.0,415.0,1.1187637747946302,0.551011795912626,0.6335683360969557,1.0093313641245971,2,42,1,0.15
PT_005,42,3.0,16.0,0.0,0.0,0.0,1.0,37.0,F,III,Triple Negative,1.0,3.23,100.0,0.81,56.46,79.4,25.5,4179.0,415.0,1.1187637747946302,0.551011795912626,0.6335683360969557,1.0093313641245971,2,42,1,0.15
PT_005,42,7.0,20.0,0.0,0.0,0.0,1.0,37.0,F,III,Triple Negative,1.0,3.23,100.0,0.81,56.46,79.4,25.5,4179.0,415.0,1.1187637747946302,0.551011795912626,0.6335683360969557,1.0093313641245971,2,42,1,0.18
PT_005,42,14.0,27.0,0.0,0.0,0.0,1.0,37.0,F,III,Triple Negative,1.0,3.23,100.0,0.81,56.46,79.4,25.5,4179.0,415.0,1.1187637747946302,0.551011795912626,0.6335683360969557,1.0093313641245971,2,42,1,0.3
PT_006,21,0.0,21.0,0.0,0.0,0.0,1.0,50.0,M,II,ER+/PR+,2.0,4.55,100.0,4.67,34.71,62.5,51.2,4552.0,311.0,0.971100518875202,1.0694950834161974,1.1475352074502108,0.9852983362019506,1,21,0,1.96
PT_006,21,3.0,24.0,0.0,0.0,0.0,1.0,50.0,M,II,ER+/PR+,2.0,4.55,100.0,4.67,34.71,62.5,51.2,4552.0,311.0,0.971100518875202,1.0694950834161974,1.1475352074502108,0.9852983362019506,1,21,0,2.17
PT_006,21,7.0,28.0,0.0,0.0,0.0,1.0,50.0,M,II,ER+/PR+,2.0,4.55,100.0,4.67,34.71,62.5,51.2,4552.0,311.0,0.971100518875202,1.0694950834161974,1.1475352074502108,0.9852983362019506,1,21,0,2.32
PT_006,21,14.0,35.0,0.0,0.0,0.0,1.0,50.0,M,II,ER+/PR+,2.0,4.55,100.0,4.67,34.71,62.5,51.2,4552.0,311.0,0.971100518875202,1.0694950834161974,1.1475352074502108,0.9852983362019506,1,21,0,2.73
PT_006,42,0.0,9.0,0.0,0.0,1.0,0.0,50.0,M,II,ER+/PR+,2.0,4.55,100.0,1.81,48.45,76.5,37.5,2711.0,356.0,1.1133348906805396,0.7701490461509931,0.44708667839339733,0.9828904259191846,2,42,1,0.7
PT_006,42,3.0,12.0,0.0,0.0,1.0,0.0,50.0,M,II,ER+/PR+,2.0,4.55,100.0,1.81,48.45,76.5,37.5,2711.0,356.0,1.1133348906805396,0.7701490461509931,0.44708667839339733,0.9828904259191846,2,42,1,0.94
PT_006,42,7.0,16.0,0.0,0.0,0.0,1.0,50.0,M,II,ER+/PR+,2.0,4.55,100.0,1.81,48.45,76.5,37.5,2711.0,356.0,1.1133348906805396,0.7701490461509931,0.44708667839339733,0.9828904259191846,2,42,0,1.18
PT_006,42,14.0,23.0,0.0,0.0,0.0,1.0,50.0,M,II,ER+/PR+,2.0,4.55,100.0,1.81,48.45,76.5,37.5,2711.0,356.0,1.1133348906805396,0.7701490461509931,0.44708667839339733,0.9828904259191846,2,42,0,1.44
PT_007,21,0.0,21.0,0.0,0.0,0.0,1.0,68.0,F,II,ER+/PR+,1.0,5.04,100.0,5.09,34.71,70.8,51.5,5656.0,465.0,0.9839726899265171,1.0101537475976936,1.0515611496048494,0.9890173810677931,1,21,0,3.72
PT_007,21,3.0,24.0,0.0,0.0,0.0,1.0,68.0,F,II,ER+/PR+,1.0,5.04,100.0,5.09,34.71,70.8,51.5,5656.0,465.0,0.9839726899265171,1.0101537475976936,1.0515611496048494,0.9890173810677931,1,21,0,3.77
PT_007,21,7.0,28.0,0.0,0.0,0.0,1.0,68.0,F,II,ER+/PR+,1.0,5.04,100.0,5.09,34.71,70.8,51.5,5656.0,465.0,0.9839726899265171,1.0101537475976936,1.0515611496048494,0.9890173810677931,1,21,0,4.09
PT_007,21,14.0,35.0,0.0,0.0,0.0,1.0,68.0,F,II,ER+/PR+,1.0,5.04,100.0,5.09,34.71,70.8,51.5,5656.0,465.0,0.9839726899265171,1.0101537475976936,1.0515611496048494,0.9890173810677931,1,21,0,4.05
PT_007,42,0.0,20.0,0.0,0.0,0.0,1.0,68.0,F,II,ER+/PR+,1.0,5.04,100.0,3.74,53.27,78.1,47.1,5951.0,428.0,0.9963024337158686,1.011576936045858,1.044664738073741,1.0028007239416399,2,42,0,2.85
PT_007,42,3.0,23.0,0.0,0.0,0.0,1.0,68.0,F,II,ER+/PR+,1.0,5.04,100.0,3.74,53.27,78.1,47.1,5951.0,428.0,0.9963024337158686,1.011576936045858,1.044664738073741,1.0028007239416399,2,42,0,3.24
PT_007,42,7.0,27.0,0.0,0.0,0.0,1.0,68.0,F,II,ER+/PR+,1.0,5.04,100.0,3.74,53.27,78.1,47.1,5951.0,428.0,0.9963024337158686,1.011576936045858,1.044664738073741,1.0028007239416399,2,42,0,3.31
PT_007,42,14.0,34.0,0.0,0.0,0.0,1.0,68.0,F,II,ER+/PR+,1.0,5.04,100.0,3.74,53.27,78.1,47.1,5951.0,428.0,0.9963024337158686,1.011576936045858,1.044664738073741,1.0028007239416399,2,42,0,3.66
PT_008,21,0.0,21.0,0.0,0.0,0.0,1.0,48.0,F,II,ER+/PR+,2.0,5.74,100.0,5.65,34.71,71.3,69.4,5086.0,341.0,0.9932129110620522,1.0306626876551928,1.0271054180496477,1.0170564173805665,1,21,0,4.11
PT_008,21,3.0,24.0,0.0,0.0,0.0,1.0,48.0,F,II,ER+/PR+,2.0,5.74,100.0,5.65,34.71,71.3,69.4,5086.0,341.0,0.9932129110620522,1.0306626876551928,1.0271054180496477,1.0170564173805665,1,21,0,3.96
PT_008,21,7.0,28.0,0.0,0.0,0.0,1.0,48.0,F,II,ER+/PR+,2.0,5.74,100.0,5.65,34.71,71.3,69.4,5086.0,341.0,0.9932129110620522,1.0306626876551928,1.0271054180496477,1.0170564173805665,1,21,0,4.08
PT_008,21,14.0,35.0,0.0,0.0,0.0,1.0,48.0,F,II,ER+/PR+,2.0,5.74,100.0,5.65,34.71,71.3,69.4,5086.0,341.0,0.9932129110620522,1.0306626876551928,1.0271054180496477,1.0170564173805665,1,21,0,4.31
PT_008,42,0.0,7.0,0.0,1.0,0.0,0.0,48.0,F,II,ER+/PR+,2.0,5.74,100.0,2.62,47.39,83.7,49.3,3967.0,436.0,1.0694940860016948,0.9372900335946248,0.9104673989179568,0.9855886248627354,2,42,0,3.5
PT_008,42,3.0,10.0,0.0,0.0,1.0,0.0,48.0,F,II,ER+/PR+,2.0,5.74,100.0,2.62,47.39,83.7,49.3,3967.0,436.0,1.0694940860016948,0.9372900335946248,0.9104673989179568,0.9855886248627354,2,42,0,3.13
PT_008,42,7.0,14.0,0.0,0.0,1.0,0.0,48.0,F,II,ER+/PR+,2.0,5.74,100.0,2.62,47.39,83.7,49.3,3967.0,436.0,1.0694940860016948,0.9372900335946248,0.9104673989179568,0.9855886248627354,2,42,0,3.83
PT_008,42,14.0,21.0,0.0,0.0,0.0,1.0,48.0,F,II,ER+/PR+,2.0,5.74,100.0,2.62,47.39,83.7,49.3,3967.0,436.0,1.0694940860016948,0.9372900335946248,0.9104673989179568,0.9855886248627354,2,42,0,3.87
PT_009,21,0.0,21.0,0.0,0.0,0.0,1.0,52.0,F,II,HER2+,1.0,3.19,100.0,3.29,23.6,72.0,38.3,9186.0,443.0,0.9832402234636871,1.0846724833962753,1.0621965131187094,1.0085881045025014,1,21,0,1.15
PT_009,21,3.0,24.0,0.0,0.0,0.0,1.0,52.0,F,II,HER2+,1.0,3.19,100.0,3.29,23.6,72.0,38.3,9186.0,443.0,0.9832402234636871,1.0846724833962753,1.0621965131187094,1.0085881045025014,1,21,0,1.45
PT_009,21,7.0,28.0,0.0,0.0,0.0,1.0,52.0,F,II,HER2+,1.0,3.19,100.0,3.29,23.6,72.0,38.3,9186.0,443.0,0.9832402234636871,1.0846724833962753,1.0621965131187094,1.0085881045025014,1,21,0,1.55
PT_009,21,14.0,35.0,0.0,0.0,0.0,1.0,52.0,F,II,HER2+,1.0,3.19,100.0,3.29,23.6,72.0,38.3,9186.0,443.0,0.9832402234636871,1.0846724833962753,1.0621965131187094,1.0085881045025014,1,21,0,1.98
PT_009,42,0.0,21.0,0.0,0.0,0.0,1.0,52.0,F,II,HER2+,1.0,3.19,100.0,3.14,36.47,67.7,39.5,7701.0,457.0,0.9691814080420912,1.0617986936861497,1.0171819165892677,0.9946471821382777,2,42,0,1.16
PT_009,42,3.0,24.0,0.0,0.0,0.0,1.0,52.0,F,II,HER2+,1.0,3.19,100.0,3.14,36.47,67.7,39.5,7701.0,457.0,0.9691814080420912,1.0617986936861497,1.0171819165892677,0.9946471821382777,2,42,0,1.38
PT_009,42,7.0,28.0,0.0,0.0,0.0,1.0,52.0,F,II,HER2+,1.0,3.19,100.0,3.14,36.47,67.7,39.5,7701.0,457.0,0.9691814080420912,1.0617986936861497,1.0171819165892677,0.9946471821382777,2,42,0,2.01
PT_009,42,14.0,35.0,0.0,0.0,0.0,1.0,52.0,F,II,HER2+,1.0,3.19,100.0,3.14,36.47,67.7,39.5,7701.0,457.0,0.9691814080420912,1.0617986936861497,1.0171819165892677,0.9946471821382777,2,42,0,2.11
PT_010,21,0.0,21.0,0.0,0.0,0.0,1.0,40.0,F,III,HER2+,1.0,5.95,100.0,5.91,45.02,62.2,58.2,7674.0,331.0,1.010387327102133,0.9427156364571943,0.9897650916409668,1.017469123571759,1,21,0,2.08
PT_010,21,3.0,24.0,0.0,0.0,0.0,1.0,40.0,F,III,HER2+,1.0,5.95,100.0,5.91,45.02,62.2,58.2,7674.0,331.0,1.010387327102133,0.9427156364571943,0.9897650916409668,1.017469123571759,1,21,0,2.52
PT_010,21,7.0,28.0,0.0,0.0,0.0,1.0,40.0,F,III,HER2+,1.0,5.95,100.0,5.91,45.02,62.2,58.2,7674.0,331.0,1.010387327102133,0.9427156364571943,0.9897650916409668,1.017469123571759,1,21,0,2.7
PT_010,21,14.0,35.0,0.0,0.0,0.0,1.0,40.0,F,III,HER2+,1.0,5.95,100.0,5.91,45.02,62.2,58.2,7674.0,331.0,1.010387327102133,0.9427156364571943,0.9897650916409668,1.017469123571759,1,21,0,3.06
PT_010,42,0.0,13.0,0.0,0.0,1.0,0.0,40.0,F,III,HER2+,1.0,5.95,100.0,2.09,56.46,74.3,43.1,5287.0,371.0,1.076514466546112,0.84172013142484,0.8465101744750853,1.0112607639655553,2,42,0,2.72
PT_010,42,3.0,16.0,0.0,0.0,0.0,1.0,40.0,F,III,HER2+,1.0,5.95,100.0,2.09,56.46,74.3,43.1,5287.0,371.0,1.076514466546112,0.84172013142484,0.8465101744750853,1.0112607639655553,2,42,0,2.9
PT_010,42,7.0,20.0,0.0,0.0,0.0,1.0,40.0,F,III,HER2+,1.0,5.95,100.0,2.09,56.46,74.3,43.1,5287.0,371.0,1.076514466546112,0.84172013142484,0.8465101744750853,1.0112607639655553,2,42,0,2.84
PT_010,42,14.0,27.0,0.0,0.0,0.0,1.0,40.0,F,III,HER2+,1.0,5.95,100.0,2.09,56.46,74.3,43.1,5287.0,371.0,1.076514466546112,0.84172013142484,0.8465101744750853,1.0112607639655553,2,42,0,3.34
PT_011,21,0.0,21.0,0.0,0.0,0.0,1.0,40.0,F,II,ER+/PR+,1.0,5.56,100.0,5.79,34.71,77.6,53.2,6923.0,428.0,0.9834693176801451,0.9926907708800314,0.9726613322924799,0.9917911893091786,1,21,0,3.26
PT_011,21,3.0,24.0,0.0,0.0,0.0,1.0,40.0,F,II,ER+/PR+,1.0,5.56,100.0,5.79,34.71,77.6,53.2,6923.0,428.0,0.9834693176801451,0.9926907708800314,0.9726613322924799,0.9917911893091786,1,21,0,3.51
PT_011,21,7.0,28.0,0.0,0.0,0.0,1.0,40.0,F,II,ER+/PR+,1.0,5.56,100.0,5.79,34.71,77.6,53.2,6923.0,428.0,0.9834693176801451,0.9926907708800314,0.9726613322924799,0.9917911893091786,1,21,0,3.99
PT_011,21,14.0,35.0,0.0,0.0,0.0,1.0,40.0,F,II,ER+/PR+,1.0,5.56,100.0,5.79,34.71,77.6,53.2,6923.0,428.0,0.9834693176801451,0.9926907708800314,0.9726613322924799,0.9917911893091786,1,21,0,4.2
PT_011,42,0.0,9.0,0.0,0.0,1.0,0.0,40.0,F,II,ER+/PR+,1.0,5.56,100.0,4.07,48.45,82.8,42.1,5909.0,472.0,1.0644664842681257,0.9069227005870842,0.9140834857390788,1.064878211832699,2,42,0,3.3
PT_011,42,3.0,12.0,0.0,0.0,1.0,0.0,40.0,F,II,ER+/PR+,1.0,5.56,100.0,4.07,48.45,82.8,42.1,5909.0,472.0,1.0644664842681257,0.9069227005870842,0.9140834857390788,1.064878211832699,2,42,0,3.34
PT_011,42,7.0,16.0,0.0,0.0,0.0,1.0,40.0,F,II,ER+/PR+,1.0,5.56,100.0,4.07,48.45,82.8,42.1,5909.0,472.0,1.0644664842681257,0.9069227005870842,0.9140834857390788,1.064878211832699,2,42,0,3.39
PT_011,42,14.0,23.0,0.0,0.0,0.0,1.0,40.0,F,II,ER+/PR+,1.0,5.56,100.0,4.07,48.45,82.8,42.1,5909.0,472.0,1.0644664842681257,0.9069227005870842,0.9140834857390788,1.064878211832699,2,42,0,3.82
PT_012,21,0.0,21.0,0.0,0.0,0.0,1.0,53.0,F,III,ER+/PR+,0.0,4.31,100.0,4.25,45.02,65.1,58.0,6443.0,307.0,0.9791415592843239,1.03624548288537,1.040529367985911,1.0468538036105604,1,21,0,1.48
PT_012,21,3.0,24.0,0.0,0.0,0.0,1.0,53.0,F,III,ER+/PR+,0.0,4.31,100.0,4.25,45.02,65.1,58.0,6443.0,307.0,0.9791415592843239,1.03624548288537,1.040529367985911,1.0468538036105604,1,21,0,2.18
PT_012,21,7.0,28.0,0.0,0.0,0.0,1.0,53.0,F,III,ER+/PR+,0.0,4.31,100.0,4.25,45.02,65.1,58.0,6443.0,307.0,0.9791415592843239,1.03624548288537,1.040529367985911,1.0468538036105604,1,21,0,2.88
PT_012,21,14.0,35.0,0.0,0.0,0.0,1.0,53.0,F,III,ER+/PR+,0.0,4.31,100.0,4.25,45.02,65.1,58.0,6443.0,307.0,0.9791415592843239,1.03624548288537,1.040529367985911,1.0468538036105604,1,21,0,2.57
PT_012,42,0.0,10.0,0.0,0.0,1.0,0.0,53.0,F,III,ER+/PR+,0.0,4.31,100.0,2.22,54.84,79.6,46.2,5192.0,399.0,1.038264586105399,0.9420844186654531,0.8964646904210692,1.0052481284247898,2,42,0,2.17
PT_012,42,3.0,13.0,0.0,0.0,1.0,0.0,53.0,F,III,ER+/PR+,0.0,4.31,100.0,2.22,54.84,79.6,46.2,5192.0,399.0,1.038264586105399,0.9420844186654531,0.8964646904210692,1.0052481284247898,2,42,0,2.42
PT_012,42,7.0,17.0,0.0,0.0,0.0,1.0,53.0,F,III,ER+/PR+,0.0,4.31,100.0,2.22,54.84,79.6,46.2,5192.0,399.0,1.038264586105399,0.9420844186654531,0.8964646904210692,1.0052481284247898,2,42,0,2.48
PT_012,42,14.0,24.0,0.0,0.0,0.0,1.0,53.0,F,III,ER+/PR+,0.0,4.31,100.0,2.22,54.84,79.6,46.2,5192.0,399.0,1.038264586105399,0.9420844186654531,0.8964646904210692,1.0052481284247898,2,42,0,2.85
PT_013,21,0.0,21.0,0.0,0.0,0.0,1.0,65.0,M,III,HER2+,1.0,6.25,100.0,6.42,45.02,72.1,49.5,7230.0,519.0,0.9955274927650619,0.9944042132982226,1.0554578264496255,0.9712243074173369,1,21,0,4.62
PT_013,21,3.0,24.0,0.0,0.0,0.0,1.0,65.0,M,III,HER2+,1.0,6.25,100.0,6.42,45.02,72.1,49.5,7230.0,519.0,0.9955274927650619,0.9944042132982226,1.0554578264496255,0.9712243074173369,1,21,0,4.6
PT_013,21,7.0,28.0,0.0,0.0,0.0,1.0,65.0,M,III,HER2+,1.0,6.25,100.0,6.42,45.02,72.1,49.5,7230.0,519.0,0.9955274927650619,0.9944042132982226,1.0554578264496255,0.9712243074173369,1,21,0,4.77
PT_013,21,14.0,35.0,0.0,0.0,0.0,1.0,65.0,M,III,HER2+,1.0,6.25,100.0,6.42,45.02,72.1,49.5,7230.0,519.0,0.9955274927650619,0.9944042132982226,1.0554578264496255,0.9712243074173369,1,21,0,5.23
PT_013,42,0.0,10.0,0.0,0.0,1.0,0.0,65.0,M,III,HER2+,1.0,6.25,100.0,3.66,54.84,86.0,35.3,4462.0,489.0,1.062742430648749,0.895331415885653,0.8832564820366385,0.986002470152326,2,42,0,4.15
PT_013,42,3.0,13.0,0.0,0.0,1.0,0.0,65.0,M,III,HER2+,1.0,6.25,100.0,3.66,54.84,86.0,35.3,4462.0,489.0,1.062742430648749,0.895331415885653,0.8832564820366385,0.986002470152326,2,42,0,4.35
PT_013,42,7.0,17.0,0.0,0.0,0.0,1.0,65.0,M,III,HER2+,1.0,6.25,100.0,3.66,54.84,86.0,35.3,4462.0,489.0,1.062742430648749,0.895331415885653,0.8832564820366385,0.986002470152326,2,42,0,4.62
PT_013,42,14.0,24.0,0.0,0.0,0.0,1.0,65.0,M,III,HER2+,1.0,6.25,100.0,3.66,54.84,86.0,35.3,4462.0,489.0,1.062742430648749,0.895331415885653,0.8832564820366385,0.986002470152326,2,42,0,4.81
PT_014,21,0.0,21.0,0.0,0.0,0.0,1.0,69.0,F,II,Triple Negative,1.0,6.47,100.0,6.46,34.71,67.4,52.8,6306.0,504.0,0.9770701311539072,0.9911467337209913,1.0452307777808654,0.9797966762736411,1,21,0,3.88
PT_014,21,3.0,24.0,0.0,0.0,0.0,1.0,69.0,F,II,Triple Negative,1.0,6.47,100.0,6.46,34.71,67.4,52.8,6306.0,504.0,0.9770701311539072,0.9911467337209913,1.0452307777808654,0.9797966762736411,1,21,0,3.76
PT_014,21,7.0,28.0,0.0,0.0,0.0,1.0,69.0,F,II,Triple Negative,1.0,6.47,100.0,6.46,34.71,67.4,52.8,6306.0,504.0,0.9770701311539072,0.9911467337209913,1.0452307777808654,0.9797966762736411,1,21,0,4.15
PT_014,21,14.0,35.0,0.0,0.0,0.0,1.0,69.0,F,II,Triple Negative,1.0,6.47,100.0,6.46,34.71,67.4,52.8,6306.0,504.0,0.9770701311539072,0.9911467337209913,1.0452307777808654,0.9797966762736411,1,21,0,4.76
PT_014,42,0.0,11.0,0.0,0.0,1.0,0.0,69.0,F,II,Triple Negative,1.0,6.47,100.0,3.57,49.46,79.6,43.0,5589.0,495.0,1.070088807227071,0.8617379974338828,0.8645347340748535,1.0521228422235998,2,42,0,3.95
PT_014,42,3.0,14.0,0.0,0.0,1.0,0.0,69.0,F,II,Triple Negative,1.0,6.47,100.0,3.57,49.46,79.6,43.0,5589.0,495.0,1.070088807227071,0.8617379974338828,0.8645347340748535,1.0521228422235998,2,42,0,3.43
PT_014,42,7.0,18.0,0.0,0.0,0.0,1.0,69.0,F,II,Triple Negative,1.0,6.47,100.0,3.57,49.46,79.6,43.0,5589.0,495.0,1.070088807227071,0.8617379974338828,0.8645347340748535,1.0521228422235998,2,42,0,3.75
PT_014,42,14.0,25.0,0.0,0.0,0.0,1.0,69.0,F,II,Triple Negative,1.0,6.47,100.0,3.57,49.46,79.6,43.0,5589.0,495.0,1.070088807227071,0.8617379974338828,0.8645347340748535,1.0521228422235998,2,42,0,4.65
PT_015,21,0.0,21.0,0.0,0.0,0.0,1.0,53.0,F,III,ER+/PR+,1.0,3.56,100.0,3.59,45.02,86.6,36.2,4281.0,429.0,0.9917822963027604,1.0262292205798498,0.9905535082960774,0.9937283924879694,1,21,0,1.89
PT_015,21,3.0,24.0,0.0,0.0,0.0,1.0,53.0,F,III,ER+/PR+,1.0,3.56,100.0,3.59,45.02,86.6,36.2,4281.0,429.0,0.9917822963027604,1.0262292205798498,0.9905535082960774,0.9937283924879694,1,21,0,1.9
PT_015,21,7.0,28.0,0.0,0.0,0.0,1.0,53.0,F,III,ER+/PR+,1.0,3.56,100.0,3.59,45.02,86.6,36.2,4281.0,429.0,0.9917822963027604,1.0262292205798498,0.9905535082960774,0.9937283924879694,1,21,0,2.18
PT_015,21,14.0,35.0,0.0,0.0,0.0,1.0,53.0,F,III,ER+/PR+,1.0,3.56,100.0,3.59,45.02,86.6,36.2,4281.0,429.0,0.9917822963027604,1.0262292205798498,0.9905535082960774,0.9937283924879694,1,21,0,1.89
PT_015,42,0.0,16.0,0.0,0.0,0.0,1.0,53.0,F,III,ER+/PR+,1.0,3.56,100.0,0.44,57.93,96.3,17.9,4357.0,386.0,1.0433790436748578,0.8022469642436678,0.8521163182568945,0.9882434213051209,2,42,0,1.41
PT_015,42,3.0,19.0,0.0,0.0,0.0,1.0,53.0,F,III,ER+/PR+,1.0,3.56,100.0,0.44,57.93,96.3,17.9,4357.0,386.0,1.0433790436748578,0.8022469642436678,0.8521163182568945,0.9882434213051209,2,42,0,1.66
PT_015,42,7.0,23.0,0.0,0.0,0.0,1.0,53.0,F,III,ER+/PR+,1.0,3.56,100.0,0.44,57.93,96.3,17.9,4357.0,386.0,1.0433790436748578,0.8022469642436678,0.8521163182568945,0.9882434213051209,2,42,0,1.92
PT_015,42,14.0,30.0,0.0,0.0,0.0,1.0,53.0,F,III,ER+/PR+,1.0,3.56,100.0,0.44,57.93,96.3,17.9,4357.0,386.0,1.0433790436748578,0.8022469642436678,0.8521163182568945,0.9882434213051209,2,42,0,2.06
PT_016,21,0.0,21.0,0.0,0.0,0.0,1.0,32.0,F,II,HER2+,2.0,4.2,100.0,4.19,34.71,64.6,46.7,6501.0,406.0,0.9761737794697122,1.02996674894433,1.132997389881733,0.9957567185289957,1,21,0,1.81
PT_016,21,3.0,24.0,0.0,0.0,0.0,1.0,32.0,F,II,HER2+,2.0,4.2,100.0,4.19,34.71,64.6,46.7,6501.0,406.0,0.9761737794697122,1.02996674894433,1.132997389881733,0.9957567185289957,1,21,0,1.81
PT_016,21,7.0,28.0,0.0,0.0,0.0,1.0,32.0,F,II,HER2+,2.0,4.2,100.0,4.19,34.71,64.6,46.7,6501.0,406.0,0.9761737794697122,1.02996674894433,1.132997389881733,0.9957567185289957,1,21,0,1.89
PT_016,21,14.0,35.0,0.0,0.0,0.0,1.0,32.0,F,II,HER2+,2.0,4.2,100.0,4.19,34.71,64.6,46.7,6501.0,406.0,0.9761737794697122,1.02996674894433,1.132997389881733,0.9957567185289957,1,21,0,1.95
PT_016,42,0.0,19.0,0.0,0.0,0.0,1.0,32.0,F,II,HER2+,2.0,4.2,100.0,2.85,52.9,70.0,36.8,5368.0,481.0,1.0426388679813337,0.8864157969947604,0.8604782134815436,1.004840098583603,2,42,1,0.15
PT_016,42,3.0,22.0,0.0,0.0,0.0,1.0,32.0,F,II,HER2+,2.0,4.2,100.0,2.85,52.9,70.0,36.8,5368.0,481.0,1.0426388679813337,0.8864157969947604,0.8604782134815436,1.004840098583603,2,42,1,0.15
PT_016,42,7.0,26.0,0.0,0.0,0.0,1.0,32.0,F,II,HER2+,2.0,4.2,100.0,2.85,52.9,70.0,36.8,5368.0,481.0,1.0426388679813337,0.8864157969947604,0.8604782134815436,1.004840098583603,2,42,1,0.15
PT_016,42,14.0,33.0,0.0,0.0,0.0,1.0,32.0,F,II,HER2+,2.0,4.2,100.0,2.85,52.9,70.0,36.8,5368.0,481.0,1.0426388679813337,0.8864157969947604,0.8604782134815436,1.004840098583603,2,42,1,0.15
PT_017,21,0.0,21.0,0.0,0.0,0.0,1.0,51.0,M,III,Triple Negative,0.0,6.23,100.0,6.42,45.02,72.5,52.9,6990.0,377.0,0.9894639925648618,1.011017226698107,0.9929431029825336,1.0170325196497119,1,21,0,5.48
PT_017,21,3.0,24.0,0.0,0.0,0.0,1.0,51.0,M,III,Triple Negative,0.0,6.23,100.0,6.42,45.02,72.5,52.9,6990.0,377.0,0.9894639925648618,1.011017226698107,0.9929431029825336,1.0170325196497119,1,21,0,5.47
PT_017,21,7.0,28.0,0.0,0.0,0.0,1.0,51.0,M,III,Triple Negative,0.0,6.23,100.0,6.42,45.02,72.5,52.9,6990.0,377.0,0.9894639925648618,1.011017226698107,0.9929431029825336,1.0170325196497119,1,21,0,5.82
PT_017,21,14.0,35.0,0.0,0.0,0.0,1.0,51.0,M,III,Triple Negative,0.0,6.23,100.0,6.42,45.02,72.5,52.9,6990.0,377.0,0.9894639925648618,1.011017226698107,0.9929431029825336,1.0170325196497119,1,21,0,5.79
PT_017,42,0.0,20.0,0.0,0.0,0.0,1.0,51.0,M,III,Triple Negative,0.0,6.23,100.0,5.52,59.68,74.2,49.0,5511.0,482.0,1.0239587311325773,0.9912882261472827,0.9581151214445068,1.0243692557755972,2,42,0,5.35
PT_017,42,3.0,23.0,0.0,0.0,0.0,1.0,51.0,M,III,Triple Negative,0.0,6.23,100.0,5.52,59.68,74.2,49.0,5511.0,482.0,1.0239587311325773,0.9912882261472827,0.9581151214445068,1.0243692557755972,2,42,0,5.45
PT_017,42,7.0,27.0,0.0,0.0,0.0,1.0,51.0,M,III,Triple Negative,0.0,6.23,100.0,5.52,59.68,74.2,49.0,5511.0,482.0,1.0239587311325773,0.9912882261472827,0.9581151214445068,1.0243692557755972,2,42,0,5.45
PT_017,42,14.0,34.0,0.0,0.0,0.0,1.0,51.0,M,III,Triple Negative,0.0,6.23,100.0,5.52,59.68,74.2,49.0,5511.0,482.0,1.0239587311325773,0.9912882261472827,0.9581151214445068,1.0243692557755972,2,42,0,5.7
PT_018,21,0.0,21.0,0.0,0.0,0.0,1.0,31.0,F,II,Triple Negative,1.0,5.47,100.0,5.61,34.71,66.7,46.7,6456.0,542.0,1.0530947491933118,0.8027126785935044,0.8305190339817476,1.0237369979926725,1,21,0,1.98
PT_018,21,3.0,24.0,0.0,0.0,0.0,1.0,31.0,F,II,Triple Negative,1.0,5.47,100.0,5.61,34.71,66.7,46.7,6456.0,542.0,1.0530947491933118,0.8027126785935044,0.8305190339817476,1.0237369979926725,1,21,0,2.43
PT_018,21,7.0,28.0,0.0,0.0,0.0,1.0,31.0,F,II,Triple Negative,1.0,5.47,100.0,5.61,34.71,66.7,46.7,6456.0,542.0,1.0530947491933118,0.8027126785935044,0.8305190339817476,1.0237369979926725,1,21,0,2.44
PT_018,21,14.0,35.0,0.0,0.0,0.0,1.0,31.0,F,II,Triple Negative,1.0,5.47,100.0,5.61,34.71,66.7,46.7,6456.0,542.0,1.0530947491933118,0.8027126785935044,0.8305190339817476,1.0237369979926725,1,21,0,3.08
PT_018,42,0.0,20.0,0.0,0.0,0.0,1.0,31.0,F,II,Triple Negative,1.0,5.47,100.0,4.15,53.27,67.4,40.8,4519.0,412.0,0.9735198942618841,1.0557531011644634,1.013144773642674,0.9619896268397631,2,42,0,3.66
PT_018,42,3.0,23.0,0.0,0.0,0.0,1.0,31.0,F,II,Triple Negative,1.0,5.47,100.0,4.15,53.27,67.4,40.8,4519.0,412.0,0.9735198942618841,1.0557531011644634,1.013144773642674,0.9619896268397631,2,42,0,3.69
PT_018,42,7.0,27.0,0.0,0.0,0.0,1.0,31.0,F,II,Triple Negative,1.0,5.47,100.0,4.15,53.27,67.4,40.8,4519.0,412.0,0.9735198942618841,1.0557531011644634,1.013144773642674,0.9619896268397631,2,42,0,3.99
PT_018,42,14.0,34.0,0.0,0.0,0.0,1.0,31.0,F,II,Triple Negative,1.0,5.47,100.0,4.15,53.27,67.4,40.8,4519.0,412.0,0.9735198942618841,1.0557531011644634,1.013144773642674,0.9619896268397631,2,42,0,4.2
PT_019,21,0.0,21.0,0.0,0.0,0.0,1.0,53.0,F,II,Triple Negative,1.0,2.98,100.0,2.81,34.71,80.4,32.0,3982.0,429.0,0.9891465537621699,1.009649329253942,0.9773840093143432,0.9810092089266499,1,21,0,1.29
PT_019,21,3.0,24.0,0.0,0.0,0.0,1.0,53.0,F,II,Triple Negative,1.0,2.98,100.0,2.81,34.71,80.4,32.0,3982.0,429.0,0.9891465537621699,1.009649329253942,0.9773840093143432,0.9810092089266499,1,21,0,1.2
PT_019,21,7.0,28.0,0.0,0.0,0.0,1.0,53.0,F,II,Triple Negative,1.0,2.98,100.0,2.81,34.71,80.4,32.0,3982.0,429.0,0.9891465537621699,1.009649329253942,0.9773840093143432,0.9810092089266499,1,21,0,1.49
PT_019,21,14.0,35.0,0.0,0.0,0.0,1.0,53.0,F,II,Triple Negative,1.0,2.98,100.0,2.81,34.71,80.4,32.0,3982.0,429.0,0.9891465537621699,1.009649329253942,0.9773840093143432,0.9810092089266499,1,21,0,1.7
PT_019,42,0.0,20.0,0.0,0.0,0.0,1.0,53.0,F,II,Triple Negative,1.0,2.98,100.0,1.0,53.27,89.5,23.8,4274.0,447.0,1.0119481276409732,0.9570824098327625,1.0334460613880108,0.9932834823035701,2,42,1,0.46
PT_019,42,3.0,23.0,0.0,0.0,0.0,1.0,53.0,F,II,Triple Negative,1.0,2.98,100.0,1.0,53.27,89.5,23.8,4274.0,447.0,1.0119481276409732,0.9570824098327625,1.0334460613880108,0.9932834823035701,2,42,1,0.59
PT_019,42,7.0,27.0,0.0,0.0,0.0,1.0,53.0,F,II,Triple Negative,1.0,2.98,100.0,1.0,53.27,89.5,23.8,4274.0,447.0,1.0119481276409732,0.9570824098327625,1.0334460613880108,0.9932834823035701,2,42,0,1.01
PT_019,42,14.0,34.0,0.0,0.0,0.0,1.0,53.0,F,II,Triple Negative,1.0,2.98,100.0,1.0,53.27,89.5,23.8,4274.0,447.0,1.0119481276409732,0.9570824098327625,1.0334460613880108,0.9932834823035701,2,42,0,1.36
PT_020,21,0.0,21.0,0.0,0.0,0.0,1.0,73.0,F,III,HER2+,1.0,5.69,100.0,5.75,45.02,67.1,34.6,4702.0,418.0,1.0148062677811736,0.8421647105043463,0.9137953861178564,0.9925149919021842,1,21,0,1.52
PT_020,21,3.0,24.0,0.0,0.0,0.0,1.0,73.0,F,III,HER2+,1.0,5.69,100.0,5.75,45.02,67.1,34.6,4702.0,418.0,1.0148062677811736,0.8421647105043463,0.9137953861178564,0.9925149919021842,1,21,0,1.78
PT_020,21,7.0,28.0,0.0,0.0,0.0,1.0,73.0,F,III,HER2+,1.0,5.69,100.0,5.75,45.02,67.1,34.6,4702.0,418.0,1.0148062677811736,0.8421647105043463,0.9137953861178564,0.9925149919021842,1,21,0,1.76
PT_020,21,14.0,35.0,0.0,0.0,0.0,1.0,73.0,F,III,HER2+,1.0,5.69,100.0,5.75,45.02,67.1,34.6,4702.0,418.0,1.0148062677811736,0.8421647105043463,0.9137953861178564,0.9925149919021842,1,21,0,1.99
PT_020,42,0.0,14.0,0.0,0.0,1.0,0.0,73.0,F,III,HER2+,1.0,5.69,100.0,2.57,56.96,72.4,23.8,4293.0,379.0,1.0903631356148313,0.7425881297988005,0.6999681025358484,0.9622756345231868,2,42,0,1.21
PT_020,42,3.0,17.0,0.0,0.0,0.0,1.0,73.0,F,III,HER2+,1.0,5.69,100.0,2.57,56.96,72.4,23.8,4293.0,379.0,1.0903631356148313,0.7425881297988005,0.6999681025358484,0.9622756345231868,2,42,0,1.17
PT_020,42,7.0,21.0,0.0,0.0,0.0,1.0,73.0,F,III,HER2+,1.0,5.69,100.0,2.57,56.96,72.4,23.8,4293.0,379.0,1.0903631356148313,0.7425881297988005,0.6999681025358484,0.9622756345231868,2,42,0,1.42
PT_020,42,14.0,28.0,0.0,0.0,0.0,1.0,73.0,F,III,HER2+,1.0,5.69,100.0,2.57,56.96,72.4,23.8,4293.0,379.0,1.0903631356148313,0.7425881297988005,0.6999681025358484,0.9622756345231868,2,42,0,1.98
PT_021,21,0.0,21.0,0.0,0.0,0.0,1.0,59.0,F,II,ER+/PR+,1.0,5.86,100.0,5.94,34.71,64.8,26.1,5639.0,414.0,0.9744263692548127,1.1020498404977732,1.0877327456804318,0.9619005496935618,1,21,0,4.07
PT_021,21,3.0,24.0,0.0,0.0,0.0,1.0,59.0,F,II,ER+/PR+,1.0,5.86,100.0,5.94,34.71,64.8,26.1,5639.0,414.0,0.9744263692548127,1.1020498404977732,1.0877327456804318,0.9619005496935618,1,21,0,4.3
PT_021,21,7.0,28.0,0.0,0.0,0.0,1.0,59.0,F,II,ER+/PR+,1.0,5.86,100.0,5.94,34.71,64.8,26.1,5639.0,414.0,0.9744263692548127,1.1020498404977732,1.0877327456804318,0.9619005496935618,1,21,0,4.43
PT_021,21,14.0,35.0,0.0,0.0,0.0,1.0,59.0,F,II,ER+/PR+,1.0,5.86,100.0,5.94,34.71,64.8,26.1,5639.0,414.0,0.9744263692548127,1.1020498404977732,1.0877327456804318,0.9619005496935618,1,21,0,4.74
PT_021,42,0.0,13.0,0.0,0.0,1.0,0.0,59.0,F,II,ER+/PR+,1.0,5.86,100.0,4.51,50.4,67.4,28.1,4963.0,426.0,1.0581731493786735,0.880247957171034,0.8194751746056992,1.0002006420545746,2,42,0,2.53
PT_021,42,3.0,16.0,0.0,0.0,0.0,1.0,59.0,F,II,ER+/PR+,1.0,5.86,100.0,4.51,50.4,67.4,28.1,4963.0,426.0,1.0581731493786735,0.880247957171034,0.8194751746056992,1.0002006420545746,2,42,0,2.67
PT_021,42,7.0,20.0,0.0,0.0,0.0,1.0,59.0,F,II,ER+/PR+,1.0,5.86,100.0,4.51,50.4,67.4,28.1,4963.0,426.0,1.0581731493786735,0.880247957171034,0.8194751746056992,1.0002006420545746,2,42,0,2.84
PT_021,42,14.0,27.0,0.0,0.0,0.0,1.0,59.0,F,II,ER+/PR+,1.0,5.86,100.0,4.51,50.4,67.4,28.1,4963.0,426.0,1.0581731493786735,0.880247957171034,0.8194751746056992,1.0002006420545746,2,42,0,3.14
PT_022,21,0.0,21.0,0.0,0.0,0.0,1.0,67.0,F,II,ER+/PR+,1.0,5.58,100.0,5.54,34.71,78.9,47.7,2963.0,421.0,1.0121554388006853,0.997766548479857,0.9430804056838821,1.0185991294024535,1,21,0,3.48
PT_022,21,3.0,24.0,0.0,0.0,0.0,1.0,67.0,F,II,ER+/PR+,1.0,5.58,100.0,5.54,34.71,78.9,47.7,2963.0,421.0,1.0121554388006853,0.997766548479857,0.9430804056838821,1.0185991294024535,1,21,0,3.62
PT_022,21,7.0,28.0,0.0,0.0,0.0,1.0,67.0,F,II,ER+/PR+,1.0,5.58,100.0,5.54,34.71,78.9,47.7,2963.0,421.0,1.0121554388006853,0.997766548479857,0.9430804056838821,1.0185991294024535,1,21,0,3.88
PT_022,21,14.0,35.0,0.0,0.0,0.0,1.0,67.0,F,II,ER+/PR+,1.0,5.58,100.0,5.54,34.71,78.9,47.7,2963.0,421.0,1.0121554388006853,0.997766548479857,0.9430804056838821,1.0185991294024535,1,21,0,3.98
PT_022,42,0.0,17.0,0.0,0.0,0.0,1.0,67.0,F,II,ER+/PR+,1.0,5.58,100.0,4.79,52.12,80.9,45.8,2217.0,397.0,1.0404755132722303,0.9205367913148369,0.7701158310876041,0.9968029614672724,2,42,0,3.35
PT_022,42,3.0,20.0,0.0,0.0,0.0,1.0,67.0,F,II,ER+/PR+,1.0,5.58,100.0,4.79,52.12,80.9,45.8,2217.0,397.0,1.0404755132722303,0.9205367913148369,0.7701158310876041,0.9968029614672724,2,42,0,3.35
PT_022,42,7.0,24.0,0.0,0.0,0.0,1.0,67.0,F,II,ER+/PR+,1.0,5.58,100.0,4.79,52.12,80.9,45.8,2217.0,397.0,1.0404755132722303,0.9205367913148369,0.7701158310876041,0.9968029614672724,2,42,0,3.67
PT_022,42,14.0,31.0,0.0,0.0,0.0,1.0,67.0,F,II,ER+/PR+,1.0,5.58,100.0,4.79,52.12,80.9,45.8,2217.0,397.0,1.0404755132722303,0.9205367913148369,0.7701158310876041,0.9968029614672724,2,42,0,3.82
PT_023,21,0.0,21.0,0.0,0.0,0.0,1.0,31.0,F,II,ER+/PR+,1.0,5.76,100.0,5.7,34.71,56.2,60.8,6916.0,511.0,0.9836320166744998,1.039019853625005,1.0306583083992051,1.0181679097341747,1,21,0,3.5
PT_023,21,3.0,24.0,0.0,0.0,0.0,1.0,31.0,F,II,ER+/PR+,1.0,5.76,100.0,5.7,34.71,56.2,60.8,6916.0,511.0,0.9836320166744998,1.039019853625005,1.0306583083992051,1.0181679097341747,1,21,0,3.65
PT_023,21,7.0,28.0,0.0,0.0,0.0,1.0,31.0,F,II,ER+/PR+,1.0,5.76,100.0,5.7,34.71,56.2,60.8,6916.0,511.0,0.9836320166744998,1.039019853625005,1.0306583083992051,1.0181679097341747,1,21,0,3.77
PT_023,21,14.0,35.0,0.0,0.0,0.0,1.0,31.0,F,II,ER+/PR+,1.0,5.76,100.0,5.7,34.71,56.2,60.8,6916.0,511.0,0.9836320166744998,1.039019853625005,1.0306583083992051,1.0181679097341747,1,21,0,4.46
PT_023,42,0.0,12.0,0.0,0.0,1.0,0.0,31.0,F,II,ER+/PR+,1.0,5.76,100.0,3.27,49.94,65.3,49.0,5018.0,472.0,1.03974592211156,0.9331707135408909,0.8582464482419181,1.0017204944551457,2,42,0,4.14
PT_023,42,3.0,15.0,0.0,0.0,0.0,1.0,31.0,F,II,ER+/PR+,1.0,5.76,100.0,3.27,49.94,65.3,49.0,5018.0,472.0,1.03974592211156,0.9331707135408909,0.8582464482419181,1.0017204944551457,2,42,0,4.27
PT_023,42,7.0,19.0,0.0,0.0,0.0,1.0,31.0,F,II,ER+/PR+,1.0,5.76,100.0,3.27,49.94,65.3,49.0,5018.0,472.0,1.03974592211156,0.9331707135408909,0.8582464482419181,1.0017204944551457,2,42,0,4.28
PT_023,42,14.0,26.0,0.0,0.0,0.0,1.0,31.0,F,II,ER+/PR+,1.0,5.76,100.0,3.27,49.94,65.3,49.0,5018.0,472.0,1.03974592211156,0.9331707135408909,0.8582464482419181,1.0017204944551457,2,42,0,4.72
PT_024,21,0.0,21.0,0.0,0.0,0.0,1.0,50.0,F,II,Triple Negative,0.0,5.85,100.0,6.02,34.71,73.3,59.0,4435.0,361.0,1.0049042358983882,1.029400433101726,1.0942390603868462,0.9815082612842683,1,21,0,3.44
PT_024,21,3.0,24.0,0.0,0.0,0.0,1.0,50.0,F,II,Triple Negative,0.0,5.85,100.0,6.02,34.71,73.3,59.0,4435.0,361.0,1.0049042358983882,1.029400433101726,1.0942390603868462,0.9815082612842683,1,21,0,3.74
PT_024,21,7.0,28.0,0.0,0.0,0.0,1.0,50.0,F,II,Triple Negative,0.0,5.85,100.0,6.02,34.71,73.3,59.0,4435.0,361.0,1.0049042358983882,1.029400433101726,1.0942390603868462,0.9815082612842683,1,21,0,4.27
PT_024,21,14.0,35.0,0.0,0.0,0.0,1.0,50.0,F,II,Triple Negative,0.0,5.85,100.0,6.02,34.71,73.3,59.0,4435.0,361.0,1.0049042358983882,1.029400433101726,1.0942390603868462,0.9815082612842683,1,21,0,4.73
PT_024,42,0.0,9.0,0.0,0.0,1.0,0.0,50.0,F,II,Triple Negative,0.0,5.85,100.0,3.96,48.45,81.0,51.8,3948.0,405.0,1.05762861558843,0.867094512453705,0.7347655270417119,0.9728432885414672,2,42,0,2.21
PT_024,42,3.0,12.0,0.0,0.0,1.0,0.0,50.0,F,II,Triple Negative,0.0,5.85,100.0,3.96,48.45,81.0,51.8,3948.0,405.0,1.05762861558843,0.867094512453705,0.7347655270417119,0.9728432885414672,2,42,0,2.06
PT_024,42,7.0,16.0,0.0,0.0,0.0,1.0,50.0,F,II,Triple Negative,0.0,5.85,100.0,3.96,48.45,81.0,51.8,3948.0,405.0,1.05762861558843,0.867094512453705,0.7347655270417119,0.9728432885414672,2,42,0,2.6
PT_024,42,14.0,23.0,0.0,0.0,0.0,1.0,50.0,F,II,Triple Negative,0.0,5.85,100.0,3.96,48.45,81.0,51.8,3948.0,405.0,1.05762861558843,0.867094512453705,0.7347655270417119,0.9728432885414672,2,42,0,3.09
PT_025,21,0.0,21.0,0.0,0.0,0.0,1.0,62.0,F,IV,ER+/PR+,0.0,3.49,100.0,3.52,54.8,69.9,45.5,7922.0,446.0,0.9820194089176552,1.0969167181338781,1.0630406029060528,0.9747865044728944,1,21,0,2.74
PT_025,21,3.0,24.0,0.0,0.0,0.0,1.0,62.0,F,IV,ER+/PR+,0.0,3.49,100.0,3.52,54.8,69.9,45.5,7922.0,446.0,0.9820194089176552,1.0969167181338781,1.0630406029060528,0.9747865044728944,1,21,0,2.87
PT_025,21,7.0,28.0,0.0,0.0,0.0,1.0,62.0,F,IV,ER+/PR+,0.0,3.49,100.0,3.52,54.8,69.9,45.5,7922.0,446.0,0.9820194089176552,1.0969167181338781,1.0630406029060528,0.9747865044728944,1,21,0,2.79
PT_025,21,14.0,35.0,0.0,0.0,0.0,1.0,62.0,F,IV,ER+/PR+,0.0,3.49,100.0,3.52,54.8,69.9,45.5,7922.0,446.0,0.9820194089176552,1.0969167181338781,1.0630406029060528,0.9747865044728944,1,21,0,2.75
PT_025,42,0.0,7.0,0.0,1.0,0.0,0.0,62.0,F,IV,ER+/PR+,0.0,3.49,100.0,1.64,57.79,79.8,29.5,5754.0,460.0,1.0511598228361232,0.9052700565615694,0.8847407370074506,1.0025878003696858,2,42,0,1.82
PT_025,42,3.0,10.0,0.0,0.0,1.0,0.0,62.0,F,IV,ER+/PR+,0.0,3.49,100.0,1.64,57.79,79.8,29.5,5754.0,460.0,1.0511598228361232,0.9052700565615694,0.8847407370074506,1.0025878003696858,2,42,0,2.14
PT_025,42,7.0,14.0,0.0,0.0,1.0,0.0,62.0,F,IV,ER+/PR+,0.0,3.49,100.0,1.64,57.79,79.8,29.5,5754.0,460.0,1.0511598228361232,0.9052700565615694,0.8847407370074506,1.0025878003696858,2,42,0,2.57
PT_025,42,14.0,21.0,0.0,0.0,0.0,1.0,62.0,F,IV,ER+/PR+,0.0,3.49,100.0,1.64,57.79,79.8,29.5,5754.0,460.0,1.0511598228361232,0.9052700565615694,0.8847407370074506,1.0025878003696858,2,42,0,2.8
PT_026,21,0.0,21.0,0.0,0.0,0.0,1.0,41.0,F,II,Triple Negative,1.0,3.67,100.0,3.68,34.71,61.8,47.7,7604.0,446.0,0.9639230099622786,1.0737686650323157,1.0470401999943775,1.0073054433572959,1,21,0,2.54
PT_026,21,3.0,24.0,0.0,0.0,0.0,1.0,41.0,F,II,Triple Negative,1.0,3.67,100.0,3.68,34.71,61.8,47.7,7604.0,446.0,0.9639230099622786,1.0737686650323157,1.0470401999943775,1.0073054433572959,1,21,0,2.92
PT_026,21,7.0,28.0,0.0,0.0,0.0,1.0,41.0,F,II,Triple Negative,1.0,3.67,100.0,3.68,34.71,61.8,47.7,7604.0,446.0,0.9639230099622786,1.0737686650323157,1.0470401999943775,1.0073054433572959,1,21,0,2.82
PT_026,21,14.0,35.0,0.0,0.0,0.0,1.0,41.0,F,II,Triple Negative,1.0,3.67,100.0,3.68,34.71,61.8,47.7,7604.0,446.0,0.9639230099622786,1.0737686650323157,1.0470401999943775,1.0073054433572959,1,21,0,2.63
PT_026,42,0.0,15.0,0.0,0.0,0.0,1.0,41.0,F,II,Triple Negative,1.0,3.67,100.0,2.54,51.29,68.6,46.7,6182.0,462.0,1.040442815229757,0.933525373723764,0.9399669189454932,0.9716130277649683,2,42,1,0.95
PT_026,42,3.0,18.0,0.0,0.0,0.0,1.0,41.0,F,II,Triple Negative,1.0,3.67,100.0,2.54,51.29,68.6,46.7,6182.0,462.0,1.040442815229757,0.933525373723764,0.9399669189454932,0.9716130277649683,2,42,0,1.13
PT_026,42,7.0,22.0,0.0,0.0,0.0,1.0,41.0,F,II,Triple Negative,1.0,3.67,100.0,2.54,51.29,68.6,46.7,6182.0,462.0,1.040442815229757,0.933525373723764,0.9399669189454932,0.9716130277649683,2,42,0,1.27
PT_026,42,14.0,29.0,0.0,0.0,0.0,1.0,41.0,F,II,Triple Negative,1.0,3.67,100.0,2.54,51.29,68.6,46.7,6182.0,462.0,1.040442815229757,0.933525373723764,0.9399669189454932,0.9716130277649683,2,42,0,1.89
PT_027,21,0.0,21.0,0.0,0.0,0.0,1.0,51.0,F,III,Triple Negative,0.0,5.14,100.0,5.07,45.02,69.7,42.9,7145.0,469.0,1.0660751042153147,0.8256362255620509,0.849611833973346,0.9860567267262929,1,21,0,1.72
PT_027,21,3.0,24.0,0.0,0.0,0.0,1.0,51.0,F,III,Triple Negative,0.0,5.14,100.0,5.07,45.02,69.7,42.9,7145.0,469.0,1.0660751042153147,0.8256362255620509,0.849611833973346,0.9860567267262929,1,21,0,1.4
PT_027,21,7.0,28.0,0.0,0.0,0.0,1.0,51.0,F,III,Triple Negative,0.0,5.14,100.0,5.07,45.02,69.7,42.9,7145.0,469.0,1.0660751042153147,0.8256362255620509,0.849611833973346,0.9860567267262929,1,21,0,2.12
PT_027,21,14.0,35.0,0.0,0.0,0.0,1.0,51.0,F,III,Triple Negative,0.0,5.14,100.0,5.07,45.02,69.7,42.9,7145.0,469.0,1.0660751042153147,0.8256362255620509,0.849611833973346,0.9860567267262929,1,21,0,2.45
PT_027,42,0.0,13.0,0.0,0.0,1.0,0.0,51.0,F,III,Triple Negative,0.0,5.14,100.0,3.97,56.46,73.8,34.3,6932.0,457.0,1.0732519215304916,0.784596030192899,0.8454123100352264,0.9966852493596505,2,42,0,1.68
PT_027,42,3.0,16.0,0.0,0.0,0.0,1.0,51.0,F,III,Triple Negative,0.0,5.14,100.0,3.97,56.46,73.8,34.3,6932.0,457.0,1.0732519215304916,0.784596030192899,0.8454123100352264,0.9966852493596505,2,42,0,1.68
PT_027,42,7.0,20.0,0.0,0.0,0.0,1.0,51.0,F,III,Triple Negative,0.0,5.14,100.0,3.97,56.46,73.8,34.3,6932.0,457.0,1.0732519215304916,0.784596030192899,0.8454123100352264,0.9966852493596505,2,42,0,1.92
PT_027,42,14.0,27.0,0.0,0.0,0.0,1.0,51.0,F,III,Triple Negative,0.0,5.14,100.0,3.97,56.46,73.8,34.3,6932.0,457.0,1.0732519215304916,0.784596030192899,0.8454123100352264,0.9966852493596505,2,42,0,2.56
PT_028,21,0.0,21.0,0.0,0.0,0.0,1.0,73.0,F,III,Triple Negative,0.0,6.16,100.0,6.04,45.02,77.1,58.5,5704.0,404.0,1.0091296409007913,0.972120489114226,0.9515922955491476,1.0444907890163364,1,21,0,3.49
PT_028,21,3.0,24.0,0.0,0.0,0.0,1.0,73.0,F,III,Triple Negative,0.0,6.16,100.0,6.04,45.02,77.1,58.5,5704.0,404.0,1.0091296409007913,0.972120489114226,0.9515922955491476,1.0444907890163364,1,21,0,3.47
PT_028,21,7.0,28.0,0.0,0.0,0.0,1.0,73.0,F,III,Triple Negative,0.0,6.16,100.0,6.04,45.02,77.1,58.5,5704.0,404.0,1.0091296409007913,0.972120489114226,0.9515922955491476,1.0444907890163364,1,21,0,3.62
PT_028,21,14.0,35.0,0.0,0.0,0.0,1.0,73.0,F,III,Triple Negative,0.0,6.16,100.0,6.04,45.02,77.1,58.5,5704.0,404.0,1.0091296409007913,0.972120489114226,0.9515922955491476,1.0444907890163364,1,21,0,4.1
PT_028,42,0.0,14.0,0.0,0.0,1.0,0.0,73.0,F,III,Triple Negative,0.0,6.16,100.0,4.55,56.96,87.5,51.0,5654.0,361.0,1.010937195327318,0.9240278003368184,0.9313706531838526,1.000181809917731,2,42,0,4.57
PT_028,42,3.0,17.0,0.0,0.0,0.0,1.0,73.0,F,III,Triple Negative,0.0,6.16,100.0,4.55,56.96,87.5,51.0,5654.0,361.0,1.010937195327318,0.9240278003368184,0.9313706531838526,1.000181809917731,2,42,0,4.72
PT_028,42,7.0,21.0,0.0,0.0,0.0,1.0,73.0,F,III,Triple Negative,0.0,6.16,100.0,4.55,56.96,87.5,51.0,5654.0,361.0,1.010937195327318,0.9240278003368184,0.9313706531838526,1.000181809917731,2,42,0,4.62
PT_028,42,14.0,28.0,0.0,0.0,0.0,1.0,73.0,F,III,Triple Negative,0.0,6.16,100.0,4.55,56.96,87.5,51.0,5654.0,361.0,1.010937195327318,0.9240278003368184,0.9313706531838526,1.000181809917731,2,42,0,5.3
PT_029,21,0.0,21.0,0.0,0.0,0.0,1.0,54.0,F,III,ER+/PR+,1.0,3.97,100.0,3.88,45.02,76.3,24.3,6995.0,465.0,0.9854692070519409,1.0191779148598303,1.017796485842935,1.0571428571428572,1,21,0,1.59
PT_029,21,3.0,24.0,0.0,0.0,0.0,1.0,54.0,F,III,ER+/PR+,1.0,3.97,100.0,3.88,45.02,76.3,24.3,6995.0,465.0,0.9854692070519409,1.0191779148598303,1.017796485842935,1.0571428571428572,1,21,0,1.72
PT_029,21,7.0,28.0,0.0,0.0,0.0,1.0,54.0,F,III,ER+/PR+,1.0,3.97,100.0,3.88,45.02,76.3,24.3,6995.0,465.0,0.9854692070519409,1.0191779148598303,1.017796485842935,1.0571428571428572,1,21,0,1.9
PT_029,21,14.0,35.0,0.0,0.0,0.0,1.0,54.0,F,III,ER+/PR+,1.0,3.97,100.0,3.88,45.02,76.3,24.3,6995.0,465.0,0.9854692070519409,1.0191779148598303,1.017796485842935,1.0571428571428572,1,21,0,2.17
PT_029,42,0.0,14.0,0.0,0.0,1.0,0.0,54.0,F,III,ER+/PR+,1.0,3.97,100.0,1.49,56.96,84.2,13.8,4977.0,318.0,1.0551010587102985,0.5990151162505819,0.7812856015599329,0.9601780009128252,2,42,0,2.44
PT_029,42,3.0,17.0,0.0,0.0,0.0,1.0,54.0,F,III,ER+/PR+,1.0,3.97,100.0,1.49,56.96,84.2,13.8,4977.0,318.0,1.0551010587102985,0.5990151162505819,0.7812856015599329,0.9601780009128252,2,42,0,2.82
PT_029,42,7.0,21.0,0.0,0.0,0.0,1.0,54.0,F,III,ER+/PR+,1.0,3.97,100.0,1.49,56.96,84.2,13.8,4977.0,318.0,1.0551010587102985,0.5990151162505819,0.7812856015599329,0.9601780009128252,2,42,0,2.52
PT_029,42,14.0,28.0,0.0,0.0,0.0,1.0,54.0,F,III,ER+/PR+,1.0,3.97,100.0,1.49,56.96,84.2,13.8,4977.0,318.0,1.0551010587102985,0.5990151162505819,0.7812856015599329,0.9601780009128252,2,42,0,2.65
PT_030,21,0.0,21.0,0.0,0.0,0.0,1.0,56.0,F,II,HER2+,0.0,4.98,100.0,4.86,34.71,62.0,52.7,5834.0,489.0,1.0220590954476536,0.9374257063610595,0.9734043961403143,0.9743375101368144,1,21,0,2.62
PT_030,21,3.0,24.0,0.0,0.0,0.0,1.0,56.0,F,II,HER2+,0.0,4.98,100.0,4.86,34.71,62.0,52.7,5834.0,489.0,1.0220590954476536,0.9374257063610595,0.9734043961403143,0.9743375101368144,1,21,0,2.86
PT_030,21,7.0,28.0,0.0,0.0,0.0,1.0,56.0,F,II,HER2+,0.0,4.98,100.0,4.86,34.71,62.0,52.7,5834.0,489.0,1.0220590954476536,0.9374257063610595,0.9734043961403143,0.9743375101368144,1,21,0,2.73
PT_030,21,14.0,35.0,0.0,0.0,0.0,1.0,56.0,F,II,HER2+,0.0,4.98,100.0,4.86,34.71,62.0,52.7,5834.0,489.0,1.0220590954476536,0.9374257063610595,0.9734043961403143,0.9743375101368144,1,21,0,3.29
PT_030,42,0.0,14.0,0.0,0.0,1.0,0.0,56.0,F,II,HER2+,0.0,4.98,100.0,3.36,50.85,67.1,42.9,4841.0,536.0,1.012490203415919,0.9792115604005578,0.9554755000591786,1.0181735445522027,2,42,0,4.12
PT_030,42,3.0,17.0,0.0,0.0,0.0,1.0,56.0,F,II,HER2+,0.0,4.98,100.0,3.36,50.85,67.1,42.9,4841.0,536.0,1.012490203415919,0.9792115604005578,0.9554755000591786,1.0181735445522027,2,42,0,3.98
PT_030,42,7.0,21.0,0.0,0.0,0.0,1.0,56.0,F,II,HER2+,0.0,4.98,100.0,3.36,50.85,67.1,42.9,4841.0,536.0,1.012490203415919,0.9792115604005578,0.9554755000591786,1.0181735445522027,2,42,0,4.16
PT_030,42,14.0,28.0,0.0,0.0,0.0,1.0,56.0,F,II,HER2+,0.0,4.98,100.0,3.36,50.85,67.1,42.9,4841.0,536.0,1.012490203415919,0.9792115604005578,0.9554755000591786,1.0181735445522027,2,42,0,4.53
PT_031,21,0.0,21.0,0.0,0.0,0.0,1.0,71.0,F,II,ER+/PR+,1.0,5.33,100.0,5.2,34.71,78.6,44.4,4051.0,439.0,1.0783060172807934,0.8448696799736061,0.6720602594504115,1.0046535756244184,1,21,0,1.33
PT_031,21,3.0,24.0,0.0,0.0,0.0,1.0,71.0,F,II,ER+/PR+,1.0,5.33,100.0,5.2,34.71,78.6,44.4,4051.0,439.0,1.0783060172807934,0.8448696799736061,0.6720602594504115,1.0046535756244184,1,21,0,1.52
PT_031,21,7.0,28.0,0.0,0.0,0.0,1.0,71.0,F,II,ER+/PR+,1.0,5.33,100.0,5.2,34.71,78.6,44.4,4051.0,439.0,1.0783060172807934,0.8448696799736061,0.6720602594504115,1.0046535756244184,1,21,0,1.93
PT_031,21,14.0,35.0,0.0,0.0,0.0,1.0,71.0,F,II,ER+/PR+,1.0,5.33,100.0,5.2,34.71,78.6,44.4,4051.0,439.0,1.0783060172807934,0.8448696799736061,0.6720602594504115,1.0046535756244184,1,21,0,2.47
PT_031,42,0.0,19.0,0.0,0.0,0.0,1.0,71.0,F,II,ER+/PR+,1.0,5.33,100.0,2.95,52.9,84.0,37.7,2898.0,380.0,1.0124440019910406,0.9845021000584826,0.9508235740070612,0.9865880918512497,2,42,0,2.82
PT_031,42,3.0,22.0,0.0,0.0,0.0,1.0,71.0,F,II,ER+/PR+,1.0,5.33,100.0,2.95,52.9,84.0,37.7,2898.0,380.0,1.0124440019910406,0.9845021000584826,0.9508235740070612,0.9865880918512497,2,42,0,2.75
PT_031,42,7.0,26.0,0.0,0.0,0.0,1.0,71.0,F,II,ER+/PR+,1.0,5.33,100.0,2.95,52.9,84.0,37.7,2898.0,380.0,1.0124440019910406,0.9845021000584826,0.9508235740070612,0.9865880918512497,2,42,0,2.72
PT_031,42,14.0,33.0,0.0,0.0,0.0,1.0,71.0,F,II,ER+/PR+,1.0,5.33,100.0,2.95,52.9,84.0,37.7,2898.0,380.0,1.0124440019910406,0.9845021000584826,0.9508235740070612,0.9865880918512497,2,42,0,3.1
PT_032,21,0.0,21.0,0.0,0.0,0.0,1.0,57.0,F,IV,Triple Negative,1.0,4.47,100.0,4.37,54.8,73.0,50.5,6469.0,391.0,1.044106761875735,1.0450526781109555,0.9802981164365473,0.9990273556231003,1,21,0,1.7
PT_032,21,3.0,24.0,0.0,0.0,0.0,1.0,57.0,F,IV,Triple Negative,1.0,4.47,100.0,4.37,54.8,73.0,50.5,6469.0,391.0,1.044106761875735,1.0450526781109555,0.9802981164365473,0.9990273556231003,1,21,0,1.64
PT_032,21,7.0,28.0,0.0,0.0,0.0,1.0,57.0,F,IV,Triple Negative,1.0,4.47,100.0,4.37,54.8,73.0,50.5,6469.0,391.0,1.044106761875735,1.0450526781109555,0.9802981164365473,0.9990273556231003,1,21,0,2.13
PT_032,21,14.0,35.0,0.0,0.0,0.0,1.0,57.0,F,IV,Triple Negative,1.0,4.47,100.0,4.37,54.8,73.0,50.5,6469.0,391.0,1.044106761875735,1.0450526781109555,0.9802981164365473,0.9990273556231003,1,21,0,2.62
PT_032,42,0.0,7.0,0.0,1.0,0.0,0.0,57.0,F,IV,Triple Negative,1.0,4.47,100.0,1.48,57.79,79.4,29.1,4028.0,405.0,1.056890012642225,0.7954261746642034,0.8057324320126861,0.9800704201278502,2,42,0,1.37
PT_032,42,3.0,10.0,0.0,0.0,1.0,0.0,57.0,F,IV,Triple Negative,1.0,4.47,100.0,1.48,57.79,79.4,29.1,4028.0,405.0,1.056890012642225,0.7954261746642034,0.8057324320126861,0.9800704201278502,2,42,0,1.72
PT_032,42,7.0,14.0,0.0,0.0,1.0,0.0,57.0,F,IV,Triple Negative,1.0,4.47,100.0,1.48,57.79,79.4,29.1,4028.0,405.0,1.056890012642225,0.7954261746642034,0.8057324320126861,0.9800704201278502,2,42,0,2.0
PT_032,42,14.0,21.0,0.0,0.0,0.0,1.0,57.0,F,IV,Triple Negative,1.0,4.47,100.0,1.48,57.79,79.4,29.1,4028.0,405.0,1.056890012642225,0.7954261746642034,0.8057324320126861,0.9800704201278502,2,42,0,2.46
PT_033,21,0.0,21.0,0.0,0.0,0.0,1.0,45.0,F,III,HER2+,1.0,5.44,100.0,5.52,45.02,70.7,45.0,5929.0,444.0,1.0600357989453826,0.8111712559817996,0.8000111743548557,1.0183713173985547,1,21,1,0.52
PT_033,21,3.0,24.0,0.0,0.0,0.0,1.0,45.0,F,III,HER2+,1.0,5.44,100.0,5.52,45.02,70.7,45.0,5929.0,444.0,1.0600357989453826,0.8111712559817996,0.8000111743548557,1.0183713173985547,1,21,1,0.5
PT_033,21,7.0,28.0,0.0,0.0,0.0,1.0,45.0,F,III,HER2+,1.0,5.44,100.0,5.52,45.02,70.7,45.0,5929.0,444.0,1.0600357989453826,0.8111712559817996,0.8000111743548557,1.0183713173985547,1,21,0,1.15
PT_033,21,14.0,35.0,0.0,0.0,0.0,1.0,45.0,F,III,HER2+,1.0,5.44,100.0,5.52,45.02,70.7,45.0,5929.0,444.0,1.0600357989453826,0.8111712559817996,0.8000111743548557,1.0183713173985547,1,21,0,1.27
PT_033,42,0.0,12.0,0.0,0.0,1.0,0.0,45.0,F,III,HER2+,1.0,5.44,100.0,3.68,55.93,77.8,46.8,4677.0,426.0,1.0046895242961154,1.0176125244618395,0.9962313339926927,1.0037481412071458,2,42,0,2.86
PT_033,42,3.0,15.0,0.0,0.0,0.0,1.0,45.0,F,III,HER2+,1.0,5.44,100.0,3.68,55.93,77.8,46.8,4677.0,426.0,1.0046895242961154,1.0176125244618395,0.9962313339926927,1.0037481412071458,2,42,0,3.11
PT_033,42,7.0,19.0,0.0,0.0,0.0,1.0,45.0,F,III,HER2+,1.0,5.44,100.0,3.68,55.93,77.8,46.8,4677.0,426.0,1.0046895242961154,1.0176125244618395,0.9962313339926927,1.0037481412071458,2,42,0,3.26
PT_033,42,14.0,26.0,0.0,0.0,0.0,1.0,45.0,F,III,HER2+,1.0,5.44,100.0,3.68,55.93,77.8,46.8,4677.0,426.0,1.0046895242961154,1.0176125244618395,0.9962313339926927,1.0037481412071458,2,42,0,3.74
PT_034,21,0.0,21.0,0.0,0.0,0.0,1.0,44.0,F,IV,ER+/PR+,0.0,6.13,100.0,6.41,54.8,66.9,56.8,7154.0,372.0,0.9724147788179804,1.0337580628106164,1.0244732912275305,0.992,1,21,0,4.19
PT_034,21,3.0,24.0,0.0,0.0,0.0,1.0,44.0,F,IV,ER+/PR+,0.0,6.13,100.0,6.41,54.8,66.9,56.8,7154.0,372.0,0.9724147788179804,1.0337580628106164,1.0244732912275305,0.992,1,21,0,4.73
PT_034,21,7.0,28.0,0.0,0.0,0.0,1.0,44.0,F,IV,ER+/PR+,0.0,6.13,100.0,6.41,54.8,66.9,56.8,7154.0,372.0,0.9724147788179804,1.0337580628106164,1.0244732912275305,0.992,1,21,0,4.68
PT_034,21,14.0,35.0,0.0,0.0,0.0,1.0,44.0,F,IV,ER+/PR+,0.0,6.13,100.0,6.41,54.8,66.9,56.8,7154.0,372.0,0.9724147788179804,1.0337580628106164,1.0244732912275305,0.992,1,21,0,4.86
PT_034,42,0.0,13.0,0.0,0.0,1.0,0.0,44.0,F,IV,ER+/PR+,0.0,6.13,100.0,3.88,61.49,72.8,49.6,6662.0,404.0,1.0475829691664524,0.9396961195522348,0.9710293243033268,1.0415600304615422,2,42,0,4.07
PT_034,42,3.0,16.0,0.0,0.0,0.0,1.0,44.0,F,IV,ER+/PR+,0.0,6.13,100.0,3.88,61.49,72.8,49.6,6662.0,404.0,1.0475829691664524,0.9396961195522348,0.9710293243033268,1.0415600304615422,2,42,0,4.12
PT_034,42,7.0,20.0,0.0,0.0,0.0,1.0,44.0,F,IV,ER+/PR+,0.0,6.13,100.0,3.88,61.49,72.8,49.6,6662.0,404.0,1.0475829691664524,0.9396961195522348,0.9710293243033268,1.0415600304615422,2,42,0,4.76
PT_034,42,14.0,27.0,0.0,0.0,0.0,1.0,44.0,F,IV,ER+/PR+,0.0,6.13,100.0,3.88,61.49,72.8,49.6,6662.0,404.0,1.0475829691664524,0.9396961195522348,0.9710293243033268,1.0415600304615422,2,42,0,4.85
PT_035,21,0.0,21.0,0.0,0.0,0.0,1.0,73.0,F,II,HER2+,1.0,5.11,100.0,5.11,34.71,73.1,52.7,5589.0,442.0,1.0032007392783633,1.0396928109222785,1.0316340154219232,0.9978480384042376,1,21,0,2.87
PT_035,21,3.0,24.0,0.0,0.0,0.0,1.0,73.0,F,II,HER2+,1.0,5.11,100.0,5.11,34.71,73.1,52.7,5589.0,442.0,1.0032007392783633,1.0396928109222785,1.0316340154219232,0.9978480384042376,1,21,0,2.99
PT_035,21,7.0,28.0,0.0,0.0,0.0,1.0,73.0,F,II,HER2+,1.0,5.11,100.0,5.11,34.71,73.1,52.7,5589.0,442.0,1.0032007392783633,1.0396928109222785,1.0316340154219232,0.9978480384042376,1,21,0,3.33
PT_035,21,14.0,35.0,0.0,0.0,0.0,1.0,73.0,F,II,HER2+,1.0,5.11,100.0,5.11,34.71,73.1,52.7,5589.0,442.0,1.0032007392783633,1.0396928109222785,1.0316340154219232,0.9978480384042376,1,21,0,3.77
PT_035,42,0.0,12.0,0.0,0.0,1.0,0.0,73.0,F,II,HER2+,1.0,5.11,100.0,3.39,49.94,82.3,48.8,4510.0,409.0,1.0746882632729142,0.856828770350207,0.737881802745211,1.0171410808650472,2,42,0,2.39
PT_035,42,3.0,15.0,0.0,0.0,0.0,1.0,73.0,F,II,HER2+,1.0,5.11,100.0,3.39,49.94,82.3,48.8,4510.0,409.0,1.0746882632729142,0.856828770350207,0.737881802745211,1.0171410808650472,2,42,0,2.32
PT_035,42,7.0,19.0,0.0,0.0,0.0,1.0,73.0,F,II,HER2+,1.0,5.11,100.0,3.39,49.94,82.3,48.8,4510.0,409.0,1.0746882632729142,0.856828770350207,0.737881802745211,1.0171410808650472,2,42,0,2.61
PT_035,42,14.0,26.0,0.0,0.0,0.0,1.0,73.0,F,II,HER2+,1.0,5.11,100.0,3.39,49.94,82.3,48.8,4510.0,409.0,1.0746882632729142,0.856828770350207,0.737881802745211,1.0171410808650472,2,42,0,3.15
PT_036,21,0.0,21.0,0.0,0.0,0.0,1.0,32.0,F,II,ER+/PR+,0.0,4.8,100.0,4.92,34.71,66.4,48.1,7287.0,455.0,1.01909635911683,0.9943572266607074,0.9829153184684076,0.9631231973629997,1,21,0,3.0
PT_036,21,3.0,24.0,0.0,0.0,0.0,1.0,32.0,F,II,ER+/PR+,0.0,4.8,100.0,4.92,34.71,66.4,48.1,7287.0,455.0,1.01909635911683,0.9943572266607074,0.9829153184684076,0.9631231973629997,1,21,0,3.02
PT_036,21,7.0,28.0,0.0,0.0,0.0,1.0,32.0,F,II,ER+/PR+,0.0,4.8,100.0,4.92,34.71,66.4,48.1,7287.0,455.0,1.01909635911683,0.9943572266607074,0.9829153184684076,0.9631231973629997,1,21,0,3.15
PT_036,21,14.0,35.0,0.0,0.0,0.0,1.0,32.0,F,II,ER+/PR+,0.0,4.8,100.0,4.92,34.71,66.4,48.1,7287.0,455.0,1.01909635911683,0.9943572266607074,0.9829153184684076,0.9631231973629997,1,21,0,3.5
PT_036,42,0.0,17.0,0.0,0.0,0.0,1.0,32.0,F,II,ER+/PR+,0.0,4.8,100.0,4.08,52.12,66.6,48.6,5794.0,461.0,1.0688983290072498,0.9026861374368819,0.878466874047966,0.9600865286732271,2,42,0,2.51
PT_036,42,3.0,20.0,0.0,0.0,0.0,1.0,32.0,F,II,ER+/PR+,0.0,4.8,100.0,4.08,52.12,66.6,48.6,5794.0,461.0,1.0688983290072498,0.9026861374368819,0.878466874047966,0.9600865286732271,2,42,0,2.46
PT_036,42,7.0,24.0,0.0,0.0,0.0,1.0,32.0,F,II,ER+/PR+,0.0,4.8,100.0,4.08,52.12,66.6,48.6,5794.0,461.0,1.0688983290072498,0.9026861374368819,0.878466874047966,0.9600865286732271,2,42,0,2.56
PT_036,42,14.0,31.0,0.0,0.0,0.0,1.0,32.0,F,II,ER+/PR+,0.0,4.8,100.0,4.08,52.12,66.6,48.6,5794.0,461.0,1.0688983290072498,0.9026861374368819,0.878466874047966,0.9600865286732271,2,42,0,2.89
PT_037,21,0.0,21.0,0.0,0.0,0.0,1.0,66.0,M,II,Triple Negative,1.0,4.42,100.0,4.4,34.71,62.3,42.8,6208.0,352.0,1.0246002349712566,0.9233665559246954,0.9604547855915115,1.0011095118148015,1,21,1,0.15
PT_037,21,3.0,24.0,0.0,0.0,0.0,1.0,66.0,M,II,Triple Negative,1.0,4.42,100.0,4.4,34.71,62.3,42.8,6208.0,352.0,1.0246002349712566,0.9233665559246954,0.9604547855915115,1.0011095118148015,1,21,1,0.15
PT_037,21,7.0,28.0,0.0,0.0,0.0,1.0,66.0,M,II,Triple Negative,1.0,4.42,100.0,4.4,34.71,62.3,42.8,6208.0,352.0,1.0246002349712566,0.9233665559246954,0.9604547855915115,1.0011095118148015,1,21,1,0.44
PT_037,21,14.0,35.0,0.0,0.0,0.0,1.0,66.0,M,II,Triple Negative,1.0,4.42,100.0,4.4,34.71,62.3,42.8,6208.0,352.0,1.0246002349712566,0.9233665559246954,0.9604547855915115,1.0011095118148015,1,21,1,0.78
PT_037,42,0.0,12.0,0.0,0.0,1.0,0.0,66.0,M,II,Triple Negative,1.0,4.42,100.0,2.16,49.94,76.6,36.1,3667.0,457.0,1.0949466529053296,0.7759281186877481,0.6616451717784761,0.9803644735984709,2,42,1,0.31
PT_037,42,3.0,15.0,0.0,0.0,0.0,1.0,66.0,M,II,Triple Negative,1.0,4.42,100.0,2.16,49.94,76.6,36.1,3667.0,457.0,1.0949466529053296,0.7759281186877481,0.6616451717784761,0.9803644735984709,2,42,1,0.29
PT_037,42,7.0,19.0,0.0,0.0,0.0,1.0,66.0,M,II,Triple Negative,1.0,4.42,100.0,2.16,49.94,76.6,36.1,3667.0,457.0,1.0949466529053296,0.7759281186877481,0.6616451717784761,0.9803644735984709,2,42,1,0.39
PT_037,42,14.0,26.0,0.0,0.0,0.0,1.0,66.0,M,II,Triple Negative,1.0,4.42,100.0,2.16,49.94,76.6,36.1,3667.0,457.0,1.0949466529053296,0.7759281186877481,0.6616451717784761,0.9803644735984709,2,42,1,0.88
PT_038,21,0.0,21.0,0.0,0.0,0.0,1.0,36.0,F,III,Triple Negative,0.0,4.94,100.0,4.88,45.02,72.2,41.6,6314.0,438.0,0.9895838634705751,1.0133028671591335,0.9895452457510335,1.0160069219121783,1,21,0,3.06
PT_038,21,3.0,24.0,0.0,0.0,0.0,1.0,36.0,F,III,Triple Negative,0.0,4.94,100.0,4.88,45.02,72.2,41.6,6314.0,438.0,0.9895838634705751,1.0133028671591335,0.9895452457510335,1.0160069219121783,1,21,0,3.32
PT_038,21,7.0,28.0,0.0,0.0,0.0,1.0,36.0,F,III,Triple Negative,0.0,4.94,100.0,4.88,45.02,72.2,41.6,6314.0,438.0,0.9895838634705751,1.0133028671591335,0.9895452457510335,1.0160069219121783,1,21,0,3.9
PT_038,21,14.0,35.0,0.0,0.0,0.0,1.0,36.0,F,III,Triple Negative,0.0,4.94,100.0,4.88,45.02,72.2,41.6,6314.0,438.0,0.9895838634705751,1.0133028671591335,0.9895452457510335,1.0160069219121783,1,21,0,4.03
PT_038,42,0.0,16.0,0.0,0.0,0.0,1.0,36.0,F,III,Triple Negative,0.0,4.94,100.0,2.58,57.93,79.1,42.3,5517.0,375.0,1.0539055226883691,0.9347961930397999,0.913976097436565,0.9544619012936567,2,42,0,2.9
PT_038,42,3.0,19.0,0.0,0.0,0.0,1.0,36.0,F,III,Triple Negative,0.0,4.94,100.0,2.58,57.93,79.1,42.3,5517.0,375.0,1.0539055226883691,0.9347961930397999,0.913976097436565,0.9544619012936567,2,42,0,2.64
PT_038,42,7.0,23.0,0.0,0.0,0.0,1.0,36.0,F,III,Triple Negative,0.0,4.94,100.0,2.58,57.93,79.1,42.3,5517.0,375.0,1.0539055226883691,0.9347961930397999,0.913976097436565,0.9544619012936567,2,42,0,3.08
PT_038,42,14.0,30.0,0.0,0.0,0.0,1.0,36.0,F,III,Triple Negative,0.0,4.94,100.0,2.58,57.93,79.1,42.3,5517.0,375.0,1.0539055226883691,0.9347961930397999,0.913976097436565,0.9544619012936567,2,42,0,3.17
PT_039,21,0.0,21.0,0.0,0.0,0.0,1.0,50.0,M,II,HER2+,1.0,4.11,100.0,3.95,34.71,68.4,41.3,7279.0,447.0,1.0120811660820128,0.9416454667051325,0.8942751867748513,1.0399642111541902,1,21,1,0.15
PT_039,21,3.0,24.0,0.0,0.0,0.0,1.0,50.0,M,II,HER2+,1.0,4.11,100.0,3.95,34.71,68.4,41.3,7279.0,447.0,1.0120811660820128,0.9416454667051325,0.8942751867748513,1.0399642111541902,1,21,1,0.25
PT_039,21,7.0,28.0,0.0,0.0,0.0,1.0,50.0,M,II,HER2+,1.0,4.11,100.0,3.95,34.71,68.4,41.3,7279.0,447.0,1.0120811660820128,0.9416454667051325,0.8942751867748513,1.0399642111541902,1,21,1,0.5
PT_039,21,14.0,35.0,0.0,0.0,0.0,1.0,50.0,M,II,HER2+,1.0,4.11,100.0,3.95,34.71,68.4,41.3,7279.0,447.0,1.0120811660820128,0.9416454667051325,0.8942751867748513,1.0399642111541902,1,21,1,0.91
PT_039,42,0.0,11.0,0.0,0.0,1.0,0.0,50.0,M,II,HER2+,1.0,4.11,100.0,0.67,49.46,88.1,23.6,3865.0,430.0,1.0632133140171727,0.834850338714972,0.8313929856768696,0.9831279420320516,2,42,0,1.43
PT_039,42,3.0,14.0,0.0,0.0,1.0,0.0,50.0,M,II,HER2+,1.0,4.11,100.0,0.67,49.46,88.1,23.6,3865.0,430.0,1.0632133140171727,0.834850338714972,0.8313929856768696,0.9831279420320516,2,42,0,1.51
PT_039,42,7.0,18.0,0.0,0.0,0.0,1.0,50.0,M,II,HER2+,1.0,4.11,100.0,0.67,49.46,88.1,23.6,3865.0,430.0,1.0632133140171727,0.834850338714972,0.8313929856768696,0.9831279420320516,2,42,0,1.28
PT_039,42,14.0,25.0,0.0,0.0,0.0,1.0,50.0,M,II,HER2+,1.0,4.11,100.0,0.67,49.46,88.1,23.6,3865.0,430.0,1.0632133140171727,0.834850338714972,0.8313929856768696,0.9831279420320516,2,42,0,2.03
PT_040,21,0.0,21.0,0.0,0.0,0.0,1.0,38.0,F,III,Triple Negative,1.0,4.25,100.0,4.15,45.02,66.6,44.6,6343.0,410.0,0.9627518459807312,1.085611526192974,1.0421707993120808,0.9959505762641471,1,21,0,3.3
PT_040,21,3.0,24.0,0.0,0.0,0.0,1.0,38.0,F,III,Triple Negative,1.0,4.25,100.0,4.15,45.02,66.6,44.6,6343.0,410.0,0.9627518459807312,1.085611526192974,1.0421707993120808,0.9959505762641471,1,21,0,3.26
PT_040,21,7.0,28.0,0.0,0.0,0.0,1.0,38.0,F,III,Triple Negative,1.0,4.25,100.0,4.15,45.02,66.6,44.6,6343.0,410.0,0.9627518459807312,1.085611526192974,1.0421707993120808,0.9959505762641471,1,21,0,3.22
PT_040,21,14.0,35.0,0.0,0.0,0.0,1.0,38.0,F,III,Triple Negative,1.0,4.25,100.0,4.15,45.02,66.6,44.6,6343.0,410.0,0.9627518459807312,1.085611526192974,1.0421707993120808,0.9959505762641471,1,21,0,3.11
PT_040,42,0.0,19.0,0.0,0.0,0.0,1.0,38.0,F,III,Triple Negative,1.0,4.25,100.0,4.03,59.27,75.5,41.8,5624.0,411.0,0.9827341532639545,1.056874160322436,1.0441885780403286,0.9824675324675325,2,42,0,2.48
PT_040,42,3.0,22.0,0.0,0.0,0.0,1.0,38.0,F,III,Triple Negative,1.0,4.25,100.0,4.03,59.27,75.5,41.8,5624.0,411.0,0.9827341532639545,1.056874160322436,1.0441885780403286,0.9824675324675325,2,42,0,2.5
PT_040,42,7.0,26.0,0.0,0.0,0.0,1.0,38.0,F,III,Triple Negative,1.0,4.25,100.0,4.03,59.27,75.5,41.8,5624.0,411.0,0.9827341532639545,1.056874160322436,1.0441885780403286,0.9824675324675325,2,42,0,2.85
PT_040,42,14.0,33.0,0.0,0.0,0.0,1.0,38.0,F,III,Triple Negative,1.0,4.25,100.0,4.03,59.27,75.5,41.8,5624.0,411.0,0.9827341532639545,1.056874160322436,1.0441885780403286,0.9824675324675325,2,42,0,3.1
PT_041,21,0.0,21.0,0.0,0.0,0.0,1.0,68.0,M,II,ER+/PR+,2.0,4.77,100.0,4.79,34.71,61.4,42.2,5802.0,464.0,0.9740251125325754,1.013865971920683,1.072726996613464,0.948081439860893,1,21,0,1.58
PT_041,21,3.0,24.0,0.0,0.0,0.0,1.0,68.0,M,II,ER+/PR+,2.0,4.77,100.0,4.79,34.71,61.4,42.2,5802.0,464.0,0.9740251125325754,1.013865971920683,1.072726996613464,0.948081439860893,1,21,0,1.89
PT_041,21,7.0,28.0,0.0,0.0,0.0,1.0,68.0,M,II,ER+/PR+,2.0,4.77,100.0,4.79,34.71,61.4,42.2,5802.0,464.0,0.9740251125325754,1.013865971920683,1.072726996613464,0.948081439860893,1,21,0,1.87
PT_041,21,14.0,35.0,0.0,0.0,0.0,1.0,68.0,M,II,ER+/PR+,2.0,4.77,100.0,4.79,34.71,61.4,42.2,5802.0,464.0,0.9740251125325754,1.013865971920683,1.072726996613464,0.948081439860893,1,21,0,2.22
PT_041,42,0.0,20.0,0.0,0.0,0.0,1.0,68.0,M,II,ER+/PR+,2.0,4.77,100.0,3.89,53.27,63.8,49.7,5177.0,458.0,0.9850708359203025,1.009367174699354,1.0044011052371469,0.9992055957063417,2,42,0,2.22
PT_041,42,3.0,23.0,0.0,0.0,0.0,1.0,68.0,M,II,ER+/PR+,2.0,4.77,100.0,3.89,53.27,63.8,49.7,5177.0,458.0,0.9850708359203025,1.009367174699354,1.0044011052371469,0.9992055957063417,2,42,0,2.32
PT_041,42,7.0,27.0,0.0,0.0,0.0,1.0,68.0,M,II,ER+/PR+,2.0,4.77,100.0,3.89,53.27,63.8,49.7,5177.0,458.0,0.9850708359203025,1.009367174699354,1.0044011052371469,0.9992055957063417,2,42,0,2.54
PT_041,42,14.0,34.0,0.0,0.0,0.0,1.0,68.0,M,II,ER+/PR+,2.0,4.77,100.0,3.89,53.27,63.8,49.7,5177.0,458.0,0.9850708359203025,1.009367174699354,1.0044011052371469,0.9992055957063417,2,42,0,2.81
PT_042,21,0.0,21.0,0.0,0.0,0.0,1.0,47.0,F,IV,ER+/PR+,1.0,3.05,100.0,3.14,54.8,66.2,51.7,7921.0,375.0,0.9857078039927405,1.110275038920602,1.0577582317399332,0.9497687881676021,1,21,1,0.8
PT_042,21,3.0,24.0,0.0,0.0,0.0,1.0,47.0,F,IV,ER+/PR+,1.0,3.05,100.0,3.14,54.8,66.2,51.7,7921.0,375.0,0.9857078039927405,1.110275038920602,1.0577582317399332,0.9497687881676021,1,21,1,0.83
PT_042,21,7.0,28.0,0.0,0.0,0.0,1.0,47.0,F,IV,ER+/PR+,1.0,3.05,100.0,3.14,54.8,66.2,51.7,7921.0,375.0,0.9857078039927405,1.110275038920602,1.0577582317399332,0.9497687881676021,1,21,0,1.04
PT_042,21,14.0,35.0,0.0,0.0,0.0,1.0,47.0,F,IV,ER+/PR+,1.0,3.05,100.0,3.14,54.8,66.2,51.7,7921.0,375.0,0.9857078039927405,1.110275038920602,1.0577582317399332,0.9497687881676021,1,21,0,1.59
PT_042,42,0.0,19.0,0.0,0.0,0.0,1.0,47.0,F,IV,ER+/PR+,1.0,3.05,100.0,1.76,64.56,76.2,35.6,6113.0,359.0,1.0345463486599458,0.8555528915921106,0.9102766412707932,1.0117668859445939,2,42,1,0.15
PT_042,42,3.0,22.0,0.0,0.0,0.0,1.0,47.0,F,IV,ER+/PR+,1.0,3.05,100.0,1.76,64.56,76.2,35.6,6113.0,359.0,1.0345463486599458,0.8555528915921106,0.9102766412707932,1.0117668859445939,2,42,1,0.17
PT_042,42,7.0,26.0,0.0,0.0,0.0,1.0,47.0,F,IV,ER+/PR+,1.0,3.05,100.0,1.76,64.56,76.2,35.6,6113.0,359.0,1.0345463486599458,0.8555528915921106,0.9102766412707932,1.0117668859445939,2,42,1,0.15
PT_042,42,14.0,33.0,0.0,0.0,0.0,1.0,47.0,F,IV,ER+/PR+,1.0,3.05,100.0,1.76,64.56,76.2,35.6,6113.0,359.0,1.0345463486599458,0.8555528915921106,0.9102766412707932,1.0117668859445939,2,42,1,0.89
PT_043,21,0.0,21.0,0.0,0.0,0.0,1.0,33.0,F,III,ER+/PR+,0.0,3.65,100.0,3.66,45.02,68.5,41.6,5757.0,395.0,0.9768802707819401,1.0850067630839664,1.0965054037477795,0.9888751545117429,1,21,0,2.59
PT_043,21,3.0,24.0,0.0,0.0,0.0,1.0,33.0,F,III,ER+/PR+,0.0,3.65,100.0,3.66,45.02,68.5,41.6,5757.0,395.0,0.9768802707819401,1.0850067630839664,1.0965054037477795,0.9888751545117429,1,21,0,2.75
PT_043,21,7.0,28.0,0.0,0.0,0.0,1.0,33.0,F,III,ER+/PR+,0.0,3.65,100.0,3.66,45.02,68.5,41.6,5757.0,395.0,0.9768802707819401,1.0850067630839664,1.0965054037477795,0.9888751545117429,1,21,0,2.93
PT_043,21,14.0,35.0,0.0,0.0,0.0,1.0,33.0,F,III,ER+/PR+,0.0,3.65,100.0,3.66,45.02,68.5,41.6,5757.0,395.0,0.9768802707819401,1.0850067630839664,1.0965054037477795,0.9888751545117429,1,21,0,2.76
PT_043,42,0.0,19.0,0.0,0.0,0.0,1.0,33.0,F,III,ER+/PR+,0.0,3.65,100.0,2.49,59.27,76.4,30.9,4786.0,441.0,1.0247525664891166,0.8887043189368772,0.8561583348811452,1.0068679087681849,2,42,1,0.42
PT_043,42,3.0,22.0,0.0,0.0,0.0,1.0,33.0,F,III,ER+/PR+,0.0,3.65,100.0,2.49,59.27,76.4,30.9,4786.0,441.0,1.0247525664891166,0.8887043189368772,0.8561583348811452,1.0068679087681849,2,42,1,0.99
PT_043,42,7.0,26.0,0.0,0.0,0.0,1.0,33.0,F,III,ER+/PR+,0.0,3.65,100.0,2.49,59.27,76.4,30.9,4786.0,441.0,1.0247525664891166,0.8887043189368772,0.8561583348811452,1.0068679087681849,2,42,0,1.52
PT_043,42,14.0,33.0,0.0,0.0,0.0,1.0,33.0,F,III,ER+/PR+,0.0,3.65,100.0,2.49,59.27,76.4,30.9,4786.0,441.0,1.0247525664891166,0.8887043189368772,0.8561583348811452,1.0068679087681849,2,42,0,1.36
PT_044,21,0.0,21.0,0.0,0.0,0.0,1.0,54.0,F,III,ER+/PR+,1.0,4.81,100.0,4.87,45.02,68.3,45.6,5821.0,367.0,0.9858064516129031,1.0322514694607716,1.0714343178284518,1.0147660558619462,1,21,0,2.42
PT_044,21,3.0,24.0,0.0,0.0,0.0,1.0,54.0,F,III,ER+/PR+,1.0,4.81,100.0,4.87,45.02,68.3,45.6,5821.0,367.0,0.9858064516129031,1.0322514694607716,1.0714343178284518,1.0147660558619462,1,21,0,2.95
PT_044,21,7.0,28.0,0.0,0.0,0.0,1.0,54.0,F,III,ER+/PR+,1.0,4.81,100.0,4.87,45.02,68.3,45.6,5821.0,367.0,0.9858064516129031,1.0322514694607716,1.0714343178284518,1.0147660558619462,1,21,0,3.2
PT_044,21,14.0,35.0,0.0,0.0,0.0,1.0,54.0,F,III,ER+/PR+,1.0,4.81,100.0,4.87,45.02,68.3,45.6,5821.0,367.0,0.9858064516129031,1.0322514694607716,1.0714343178284518,1.0147660558619462,1,21,0,3.58
PT_044,42,0.0,20.0,0.0,0.0,0.0,1.0,54.0,F,III,ER+/PR+,1.0,4.81,100.0,3.07,59.68,82.0,40.9,3688.0,406.0,0.9980606520369272,0.9913653669096971,1.0100156955523132,1.0498693925261513,2,42,0,3.31
PT_044,42,3.0,23.0,0.0,0.0,0.0,1.0,54.0,F,III,ER+/PR+,1.0,4.81,100.0,3.07,59.68,82.0,40.9,3688.0,406.0,0.9980606520369272,0.9913653669096971,1.0100156955523132,1.0498693925261513,2,42,0,3.52
PT_044,42,7.0,27.0,0.0,0.0,0.0,1.0,54.0,F,III,ER+/PR+,1.0,4.81,100.0,3.07,59.68,82.0,40.9,3688.0,406.0,0.9980606520369272,0.9913653669096971,1.0100156955523132,1.0498693925261513,2,42,0,3.71
PT_044,42,14.0,34.0,0.0,0.0,0.0,1.0,54.0,F,III,ER+/PR+,1.0,4.81,100.0,3.07,59.68,82.0,40.9,3688.0,406.0,0.9980606520369272,0.9913653669096971,1.0100156955523132,1.0498693925261513,2,42,0,3.42
PT_045,21,0.0,21.0,0.0,0.0,0.0,1.0,43.0,F,II,ER+/PR+,0.0,4.4,100.0,4.64,34.71,64.9,45.0,7407.0,491.0,0.9689728958630528,1.0164244357792744,1.0475090704393124,0.9988545246277205,1,21,0,2.2
PT_045,21,3.0,24.0,0.0,0.0,0.0,1.0,43.0,F,II,ER+/PR+,0.0,4.4,100.0,4.64,34.71,64.9,45.0,7407.0,491.0,0.9689728958630528,1.0164244357792744,1.0475090704393124,0.9988545246277205,1,21,0,2.38
PT_045,21,7.0,28.0,0.0,0.0,0.0,1.0,43.0,F,II,ER+/PR+,0.0,4.4,100.0,4.64,34.71,64.9,45.0,7407.0,491.0,0.9689728958630528,1.0164244357792744,1.0475090704393124,0.9988545246277205,1,21,0,2.94
PT_045,21,14.0,35.0,0.0,0.0,0.0,1.0,43.0,F,II,ER+/PR+,0.0,4.4,100.0,4.64,34.71,64.9,45.0,7407.0,491.0,0.9689728958630528,1.0164244357792744,1.0475090704393124,0.9988545246277205,1,21,0,3.13
PT_045,42,0.0,13.0,0.0,0.0,1.0,0.0,43.0,F,II,ER+/PR+,0.0,4.4,100.0,3.23,50.4,75.0,35.4,5425.0,397.0,1.027203127545203,0.9446470003314552,0.9311225785111497,1.0185852981969488,2,42,0,2.51
PT_045,42,3.0,16.0,0.0,0.0,0.0,1.0,43.0,F,II,ER+/PR+,0.0,4.4,100.0,3.23,50.4,75.0,35.4,5425.0,397.0,1.027203127545203,0.9446470003314552,0.9311225785111497,1.0185852981969488,2,42,0,3.07
PT_045,42,7.0,20.0,0.0,0.0,0.0,1.0,43.0,F,II,ER+/PR+,0.0,4.4,100.0,3.23,50.4,75.0,35.4,5425.0,397.0,1.027203127545203,0.9446470003314552,0.9311225785111497,1.0185852981969488,2,42,0,3.19
PT_045,42,14.0,27.0,0.0,0.0,0.0,1.0,43.0,F,II,ER+/PR+,0.0,4.4,100.0,3.23,50.4,75.0,35.4,5425.0,397.0,1.027203127545203,0.9446470003314552,0.9311225785111497,1.0185852981969488,2,42,0,3.07
PT_046,21,0.0,21.0,0.0,0.0,0.0,1.0,38.0,F,III,ER+/PR+,0.0,4.03,100.0,3.93,45.02,68.0,37.6,7082.0,514.0,1.0236855690398898,0.9196893947452399,0.9368699510979923,1.0062555619536198,1,21,0,1.91
PT_046,21,3.0,24.0,0.0,0.0,0.0,1.0,38.0,F,III,ER+/PR+,0.0,4.03,100.0,3.93,45.02,68.0,37.6,7082.0,514.0,1.0236855690398898,0.9196893947452399,0.9368699510979923,1.0062555619536198,1,21,0,1.93
PT_046,21,7.0,28.0,0.0,0.0,0.0,1.0,38.0,F,III,ER+/PR+,0.0,4.03,100.0,3.93,45.02,68.0,37.6,7082.0,514.0,1.0236855690398898,0.9196893947452399,0.9368699510979923,1.0062555619536198,1,21,0,2.29
PT_046,21,14.0,35.0,0.0,0.0,0.0,1.0,38.0,F,III,ER+/PR+,0.0,4.03,100.0,3.93,45.02,68.0,37.6,7082.0,514.0,1.0236855690398898,0.9196893947452399,0.9368699510979923,1.0062555619536198,1,21,0,2.7
PT_046,42,0.0,10.0,0.0,0.0,1.0,0.0,38.0,F,III,ER+/PR+,0.0,4.03,100.0,2.67,54.84,78.2,25.3,5612.0,473.0,1.09967058943465,0.7297700614560102,0.8688226138821307,0.970083200566472,2,42,0,1.35
PT_046,42,3.0,13.0,0.0,0.0,1.0,0.0,38.0,F,III,ER+/PR+,0.0,4.03,100.0,2.67,54.84,78.2,25.3,5612.0,473.0,1.09967058943465,0.7297700614560102,0.8688226138821307,0.970083200566472,2,42,0,1.76
PT_046,42,7.0,17.0,0.0,0.0,0.0,1.0,38.0,F,III,ER+/PR+,0.0,4.03,100.0,2.67,54.84,78.2,25.3,5612.0,473.0,1.09967058943465,0.7297700614560102,0.8688226138821307,0.970083200566472,2,42,0,1.59
PT_046,42,14.0,24.0,0.0,0.0,0.0,1.0,38.0,F,III,ER+/PR+,0.0,4.03,100.0,2.67,54.84,78.2,25.3,5612.0,473.0,1.09967058943465,0.7297700614560102,0.8688226138821307,0.970083200566472,2,42,0,2.35
PT_047,21,0.0,21.0,0.0,0.0,0.0,1.0,55.0,F,III,HER2+,0.0,5.5,100.0,5.49,45.02,77.1,60.6,4696.0,525.0,0.9891819960861056,1.0019408711351838,1.0227620808027462,0.9817751117563901,1,21,0,4.17
PT_047,21,3.0,24.0,0.0,0.0,0.0,1.0,55.0,F,III,HER2+,0.0,5.5,100.0,5.49,45.02,77.1,60.6,4696.0,525.0,0.9891819960861056,1.0019408711351838,1.0227620808027462,0.9817751117563901,1,21,0,4.45
PT_047,21,7.0,28.0,0.0,0.0,0.0,1.0,55.0,F,III,HER2+,0.0,5.5,100.0,5.49,45.02,77.1,60.6,4696.0,525.0,0.9891819960861056,1.0019408711351838,1.0227620808027462,0.9817751117563901,1,21,0,4.62
PT_047,21,14.0,35.0,0.0,0.0,0.0,1.0,55.0,F,III,HER2+,0.0,5.5,100.0,5.49,45.02,77.1,60.6,4696.0,525.0,0.9891819960861056,1.0019408711351838,1.0227620808027462,0.9817751117563901,1,21,0,5.17
PT_047,42,0.0,19.0,0.0,0.0,0.0,1.0,55.0,F,III,HER2+,0.0,5.5,100.0,4.61,59.27,81.5,62.1,4712.0,551.0,0.9735835940215504,1.0228714012152762,1.0219948740659777,1.0534917864760798,2,42,0,4.29
PT_047,42,3.0,22.0,0.0,0.0,0.0,1.0,55.0,F,III,HER2+,0.0,5.5,100.0,4.61,59.27,81.5,62.1,4712.0,551.0,0.9735835940215504,1.0228714012152762,1.0219948740659777,1.0534917864760798,2,42,0,4.35
PT_047,42,7.0,26.0,0.0,0.0,0.0,1.0,55.0,F,III,HER2+,0.0,5.5,100.0,4.61,59.27,81.5,62.1,4712.0,551.0,0.9735835940215504,1.0228714012152762,1.0219948740659777,1.0534917864760798,2,42,0,4.75
PT_047,42,14.0,33.0,0.0,0.0,0.0,1.0,55.0,F,III,HER2+,0.0,5.5,100.0,4.61,59.27,81.5,62.1,4712.0,551.0,0.9735835940215504,1.0228714012152762,1.0219948740659777,1.0534917864760798,2,42,0,4.9
PT_048,21,0.0,21.0,0.0,0.0,0.0,1.0,31.0,F,II,ER+/PR+,1.0,5.37,100.0,5.27,23.6,76.2,47.5,7276.0,378.0,1.002863881401617,0.9877029633162598,0.9646353582742255,0.9682442302074203,1,21,0,1.7
PT_048,21,3.0,24.0,0.0,0.0,0.0,1.0,31.0,F,II,ER+/PR+,1.0,5.37,100.0,5.27,23.6,76.2,47.5,7276.0,378.0,1.002863881401617,0.9877029633162598,0.9646353582742255,0.9682442302074203,1,21,0,1.78
PT_048,21,7.0,28.0,0.0,0.0,0.0,1.0,31.0,F,II,ER+/PR+,1.0,5.37,100.0,5.27,23.6,76.2,47.5,7276.0,378.0,1.002863881401617,0.9877029633162598,0.9646353582742255,0.9682442302074203,1,21,0,2.51
PT_048,21,14.0,35.0,0.0,0.0,0.0,1.0,31.0,F,II,ER+/PR+,1.0,5.37,100.0,5.27,23.6,76.2,47.5,7276.0,378.0,1.002863881401617,0.9877029633162598,0.9646353582742255,0.9682442302074203,1,21,0,2.41
PT_048,42,0.0,21.0,0.0,0.0,0.0,1.0,31.0,F,II,ER+/PR+,1.0,5.37,100.0,5.31,53.63,71.9,44.6,7181.0,442.0,0.9738184482710031,1.1041700351300103,1.060054948005684,1.0163499779054352,2,42,0,3.12
PT_048,42,3.0,24.0,0.0,0.0,0.0,1.0,31.0,F,II,ER+/PR+,1.0,5.37,100.0,5.31,53.63,71.9,44.6,7181.0,442.0,0.9738184482710031,1.1041700351300103,1.060054948005684,1.0163499779054352,2,42,0,3.52
PT_048,42,7.0,28.0,0.0,0.0,0.0,1.0,31.0,F,II,ER+/PR+,1.0,5.37,100.0,5.31,53.63,71.9,44.6,7181.0,442.0,0.9738184482710031,1.1041700351300103,1.060054948005684,1.0163499779054352,2,42,0,3.49
PT_048,42,14.0,35.0,0.0,0.0,0.0,1.0,31.0,F,II,ER+/PR+,1.0,5.37,100.0,5.31,53.63,71.9,44.6,7181.0,442.0,0.9738184482710031,1.1041700351300103,1.060054948005684,1.0163499779054352,2,42,0,4.09
PT_049,21,0.0,21.0,0.0,0.0,0.0,1.0,49.0,F,II,ER+/PR+,1.0,3.42,100.0,3.47,34.71,69.7,44.1,5729.0,381.0,1.0007445426607102,1.0700502246894001,0.9975066227687829,0.9490907958649895,1,21,1,0.56
PT_049,21,3.0,24.0,0.0,0.0,0.0,1.0,49.0,F,II,ER+/PR+,1.0,3.42,100.0,3.47,34.71,69.7,44.1,5729.0,381.0,1.0007445426607102,1.0700502246894001,0.9975066227687829,0.9490907958649895,1,21,1,0.63
PT_049,21,7.0,28.0,0.0,0.0,0.0,1.0,49.0,F,II,ER+/PR+,1.0,3.42,100.0,3.47,34.71,69.7,44.1,5729.0,381.0,1.0007445426607102,1.0700502246894001,0.9975066227687829,0.9490907958649895,1,21,1,0.94
PT_049,21,14.0,35.0,0.0,0.0,0.0,1.0,49.0,F,II,ER+/PR+,1.0,3.42,100.0,3.47,34.71,69.7,44.1,5729.0,381.0,1.0007445426607102,1.0700502246894001,0.9975066227687829,0.9490907958649895,1,21,0,1.28
PT_049,42,0.0,20.0,0.0,0.0,0.0,1.0,49.0,F,II,ER+/PR+,1.0,3.42,100.0,2.16,53.27,81.5,34.7,4930.0,426.0,0.9669206665717135,1.0115422019757385,1.0890842320410774,1.0404187330347836,2,42,0,1.72
PT_049,42,3.0,23.0,0.0,0.0,0.0,1.0,49.0,F,II,ER+/PR+,1.0,3.42,100.0,2.16,53.27,81.5,34.7,4930.0,426.0,0.9669206665717135,1.0115422019757385,1.0890842320410774,1.0404187330347836,2,42,0,1.3
PT_049,42,7.0,27.0,0.0,0.0,0.0,1.0,49.0,F,II,ER+/PR+,1.0,3.42,100.0,2.16,53.27,81.5,34.7,4930.0,426.0,0.9669206665717135,1.0115422019757385,1.0890842320410774,1.0404187330347836,2,42,0,1.69
PT_049,42,14.0,34.0,0.0,0.0,0.0,1.0,49.0,F,II,ER+/PR+,1.0,3.42,100.0,2.16,53.27,81.5,34.7,4930.0,426.0,0.9669206665717135,1.0115422019757385,1.0890842320410774,1.0404187330347836,2,42,0,2.21
PT_050,21,0.0,21.0,0.0,0.0,0.0,1.0,57.0,F,IV,ER+/PR+,0.0,6.05,100.0,6.03,54.8,72.7,45.5,7975.0,437.0,0.9950309847163897,1.0563288833990532,1.0036225437038577,0.9736346516007534,1,21,0,4.8
PT_050,21,3.0,24.0,0.0,0.0,0.0,1.0,57.0,F,IV,ER+/PR+,0.0,6.05,100.0,6.03,54.8,72.7,45.5,7975.0,437.0,0.9950309847163897,1.0563288833990532,1.0036225437038577,0.9736346516007534,1,21,0,4.93
PT_050,21,7.0,28.0,0.0,0.0,0.0,1.0,57.0,F,IV,ER+/PR+,0.0,6.05,100.0,6.03,54.8,72.7,45.5,7975.0,437.0,0.9950309847163897,1.0563288833990532,1.0036225437038577,0.9736346516007534,1,21,0,5.25
PT_050,21,14.0,35.0,0.0,0.0,0.0,1.0,57.0,F,IV,ER+/PR+,0.0,6.05,100.0,6.03,54.8,72.7,45.5,7975.0,437.0,0.9950309847163897,1.0563288833990532,1.0036225437038577,0.9736346516007534,1,21,0,5.52
PT_050,42,0.0,7.0,0.0,1.0,0.0,0.0,57.0,F,IV,ER+/PR+,0.0,6.05,100.0,4.25,57.79,78.5,44.8,7168.0,454.0,1.1006163886874547,0.7146777174217394,0.7733280322819169,1.0394761214683417,2,42,0,2.54
PT_050,42,3.0,10.0,0.0,0.0,1.0,0.0,57.0,F,IV,ER+/PR+,0.0,6.05,100.0,4.25,57.79,78.5,44.8,7168.0,454.0,1.1006163886874547,0.7146777174217394,0.7733280322819169,1.0394761214683417,2,42,0,2.63
PT_050,42,7.0,14.0,0.0,0.0,1.0,0.0,57.0,F,IV,ER+/PR+,0.0,6.05,100.0,4.25,57.79,78.5,44.8,7168.0,454.0,1.1006163886874547,0.7146777174217394,0.7733280322819169,1.0394761214683417,2,42,0,3.09
PT_050,42,14.0,21.0,0.0,0.0,0.0,1.0,57.0,F,IV,ER+/PR+,0.0,6.05,100.0,4.25,57.79,78.5,44.8,7168.0,454.0,1.1006163886874547,0.7146777174217394,0.7733280322819169,1.0394761214683417,2,42,0,3.44
PT_051,21,0.0,21.0,0.0,0.0,0.0,1.0,36.0,F,III,ER+/PR+,1.0,4.63,100.0,4.65,30.61,64.6,42.9,7658.0,385.0,0.989612641786555,1.0519114688128772,1.0131812523652548,0.9892641973817325,1,21,0,2.92
PT_051,21,3.0,24.0,0.0,0.0,0.0,1.0,36.0,F,III,ER+/PR+,1.0,4.63,100.0,4.65,30.61,64.6,42.9,7658.0,385.0,0.989612641786555,1.0519114688128772,1.0131812523652548,0.9892641973817325,1,21,0,3.09
PT_051,21,7.0,28.0,0.0,0.0,0.0,1.0,36.0,F,III,ER+/PR+,1.0,4.63,100.0,4.65,30.61,64.6,42.9,7658.0,385.0,0.989612641786555,1.0519114688128772,1.0131812523652548,0.9892641973817325,1,21,0,3.46
PT_051,21,14.0,35.0,0.0,0.0,0.0,1.0,36.0,F,III,ER+/PR+,1.0,4.63,100.0,4.65,30.61,64.6,42.9,7658.0,385.0,0.989612641786555,1.0519114688128772,1.0131812523652548,0.9892641973817325,1,21,0,3.58
PT_051,42,0.0,21.0,0.0,0.0,0.0,1.0,36.0,F,III,ER+/PR+,1.0,4.63,100.0,4.7,60.09,71.6,41.0,8246.0,439.0,1.0019164480956526,1.070445429043337,1.0071459628415644,1.0103461058875072,2,42,0,2.49
PT_051,42,3.0,24.0,0.0,0.0,0.0,1.0,36.0,F,III,ER+/PR+,1.0,4.63,100.0,4.7,60.09,71.6,41.0,8246.0,439.0,1.0019164480956526,1.070445429043337,1.0071459628415644,1.0103461058875072,2,42,0,2.53
PT_051,42,7.0,28.0,0.0,0.0,0.0,1.0,36.0,F,III,ER+/PR+,1.0,4.63,100.0,4.7,60.09,71.6,41.0,8246.0,439.0,1.0019164480956526,1.070445429043337,1.0071459628415644,1.0103461058875072,2,42,0,2.89
PT_051,42,14.0,35.0,0.0,0.0,0.0,1.0,36.0,F,III,ER+/PR+,1.0,4.63,100.0,4.7,60.09,71.6,41.0,8246.0,439.0,1.0019164480956526,1.070445429043337,1.0071459628415644,1.0103461058875072,2,42,0,2.97
PT_052,21,0.0,21.0,0.0,0.0,0.0,1.0,73.0,F,II,ER+/PR+,0.0,5.54,100.0,5.64,34.71,60.6,46.4,7843.0,390.0,0.9709822881316535,1.0618917866874271,1.0095862827095026,1.005700234715547,1,21,0,3.9
PT_052,21,3.0,24.0,0.0,0.0,0.0,1.0,73.0,F,II,ER+/PR+,0.0,5.54,100.0,5.64,34.71,60.6,46.4,7843.0,390.0,0.9709822881316535,1.0618917866874271,1.0095862827095026,1.005700234715547,1,21,0,4.01
PT_052,21,7.0,28.0,0.0,0.0,0.0,1.0,73.0,F,II,ER+/PR+,0.0,5.54,100.0,5.64,34.71,60.6,46.4,7843.0,390.0,0.9709822881316535,1.0618917866874271,1.0095862827095026,1.005700234715547,1,21,0,4.19
PT_052,21,14.0,35.0,0.0,0.0,0.0,1.0,73.0,F,II,ER+/PR+,0.0,5.54,100.0,5.64,34.71,60.6,46.4,7843.0,390.0,0.9709822881316535,1.0618917866874271,1.0095862827095026,1.005700234715547,1,21,0,4.62
PT_052,42,0.0,9.0,0.0,0.0,1.0,0.0,73.0,F,II,ER+/PR+,0.0,5.54,100.0,3.61,48.45,71.4,39.9,6863.0,413.0,1.0622420153073868,0.9199915780608485,0.9601583412169943,0.954729610709882,2,42,0,3.88
PT_052,42,3.0,12.0,0.0,0.0,1.0,0.0,73.0,F,II,ER+/PR+,0.0,5.54,100.0,3.61,48.45,71.4,39.9,6863.0,413.0,1.0622420153073868,0.9199915780608485,0.9601583412169943,0.954729610709882,2,42,0,3.86
PT_052,42,7.0,16.0,0.0,0.0,0.0,1.0,73.0,F,II,ER+/PR+,0.0,5.54,100.0,3.61,48.45,71.4,39.9,6863.0,413.0,1.0622420153073868,0.9199915780608485,0.9601583412169943,0.954729610709882,2,42,0,4.12
PT_052,42,14.0,23.0,0.0,0.0,0.0,1.0,73.0,F,II,ER+/PR+,0.0,5.54,100.0,3.61,48.45,71.4,39.9,6863.0,413.0,1.0622420153073868,0.9199915780608485,0.9601583412169943,0.954729610709882,2,42,0,4.57
PT_053,21,0.0,21.0,0.0,0.0,0.0,1.0,37.0,F,II,ER+/PR+,0.0,4.92,100.0,4.89,34.71,56.7,44.9,6918.0,439.0,0.9690012642225032,1.0880534670008355,1.081895931119878,1.0412890231621348,1,21,0,3.39
PT_053,21,3.0,24.0,0.0,0.0,0.0,1.0,37.0,F,II,ER+/PR+,0.0,4.92,100.0,4.89,34.71,56.7,44.9,6918.0,439.0,0.9690012642225032,1.0880534670008355,1.081895931119878,1.0412890231621348,1,21,0,3.78
PT_053,21,7.0,28.0,0.0,0.0,0.0,1.0,37.0,F,II,ER+/PR+,0.0,4.92,100.0,4.89,34.71,56.7,44.9,6918.0,439.0,0.9690012642225032,1.0880534670008355,1.081895931119878,1.0412890231621348,1,21,0,3.86
PT_053,21,14.0,35.0,0.0,0.0,0.0,1.0,37.0,F,II,ER+/PR+,0.0,4.92,100.0,4.89,34.71,56.7,44.9,6918.0,439.0,0.9690012642225032,1.0880534670008355,1.081895931119878,1.0412890231621348,1,21,0,4.53
PT_053,42,0.0,12.0,0.0,0.0,1.0,0.0,37.0,F,II,ER+/PR+,0.0,4.92,100.0,4.06,49.94,61.0,40.6,5606.0,411.0,1.0119389749232262,0.9902196313290597,0.9926045145965194,1.0120641101415013,2,42,0,3.32
PT_053,42,3.0,15.0,0.0,0.0,0.0,1.0,37.0,F,II,ER+/PR+,0.0,4.92,100.0,4.06,49.94,61.0,40.6,5606.0,411.0,1.0119389749232262,0.9902196313290597,0.9926045145965194,1.0120641101415013,2,42,0,3.58
PT_053,42,7.0,19.0,0.0,0.0,0.0,1.0,37.0,F,II,ER+/PR+,0.0,4.92,100.0,4.06,49.94,61.0,40.6,5606.0,411.0,1.0119389749232262,0.9902196313290597,0.9926045145965194,1.0120641101415013,2,42,0,3.74
PT_053,42,14.0,26.0,0.0,0.0,0.0,1.0,37.0,F,II,ER+/PR+,0.0,4.92,100.0,4.06,49.94,61.0,40.6,5606.0,411.0,1.0119389749232262,0.9902196313290597,0.9926045145965194,1.0120641101415013,2,42,0,4.0
PT_054,21,0.0,21.0,0.0,0.0,0.0,1.0,64.0,M,III,ER+/PR+,0.0,6.49,100.0,6.49,45.02,71.3,57.7,5147.0,403.0,0.9984989805214524,1.0354342106919425,1.0278033823059123,1.0361921896836996,1,21,0,4.48
PT_054,21,3.0,24.0,0.0,0.0,0.0,1.0,64.0,M,III,ER+/PR+,0.0,6.49,100.0,6.49,45.02,71.3,57.7,5147.0,403.0,0.9984989805214524,1.0354342106919425,1.0278033823059123,1.0361921896836996,1,21,0,4.74
PT_054,21,7.0,28.0,0.0,0.0,0.0,1.0,64.0,M,III,ER+/PR+,0.0,6.49,100.0,6.49,45.02,71.3,57.7,5147.0,403.0,0.9984989805214524,1.0354342106919425,1.0278033823059123,1.0361921896836996,1,21,0,4.59
PT_054,21,14.0,35.0,0.0,0.0,0.0,1.0,64.0,M,III,ER+/PR+,0.0,6.49,100.0,6.49,45.02,71.3,57.7,5147.0,403.0,0.9984989805214524,1.0354342106919425,1.0278033823059123,1.0361921896836996,1,21,0,4.76
PT_054,42,0.0,8.0,0.0,0.0,1.0,0.0,64.0,M,III,ER+/PR+,0.0,6.49,100.0,4.33,53.67,77.4,47.4,3960.0,390.0,1.0780928685673665,0.8150195119218776,0.7550759175583686,0.9712518744986806,2,42,0,2.7
PT_054,42,3.0,11.0,0.0,0.0,1.0,0.0,64.0,M,III,ER+/PR+,0.0,6.49,100.0,4.33,53.67,77.4,47.4,3960.0,390.0,1.0780928685673665,0.8150195119218776,0.7550759175583686,0.9712518744986806,2,42,0,2.18
PT_054,42,7.0,15.0,0.0,0.0,0.0,1.0,64.0,M,III,ER+/PR+,0.0,6.49,100.0,4.33,53.67,77.4,47.4,3960.0,390.0,1.0780928685673665,0.8150195119218776,0.7550759175583686,0.9712518744986806,2,42,0,2.45
PT_054,42,14.0,22.0,0.0,0.0,0.0,1.0,64.0,M,III,ER+/PR+,0.0,6.49,100.0,4.33,53.67,77.4,47.4,3960.0,390.0,1.0780928685673665,0.8150195119218776,0.7550759175583686,0.9712518744986806,2,42,0,2.59
PT_055,21,0.0,21.0,0.0,0.0,0.0,1.0,43.0,F,III,Triple Negative,0.0,5.58,100.0,5.66,45.02,70.2,33.6,5902.0,464.0,1.0052119885092967,0.9532682638272701,1.020468759725485,0.9912704573900093,1,21,0,4.12
PT_055,21,3.0,24.0,0.0,0.0,0.0,1.0,43.0,F,III,Triple Negative,0.0,5.58,100.0,5.66,45.02,70.2,33.6,5902.0,464.0,1.0052119885092967,0.9532682638272701,1.020468759725485,0.9912704573900093,1,21,0,4.12
PT_055,21,7.0,28.0,0.0,0.0,0.0,1.0,43.0,F,III,Triple Negative,0.0,5.58,100.0,5.66,45.02,70.2,33.6,5902.0,464.0,1.0052119885092967,0.9532682638272701,1.020468759725485,0.9912704573900093,1,21,0,4.25
PT_055,21,14.0,35.0,0.0,0.0,0.0,1.0,43.0,F,III,Triple Negative,0.0,5.58,100.0,5.66,45.02,70.2,33.6,5902.0,464.0,1.0052119885092967,0.9532682638272701,1.020468759725485,0.9912704573900093,1,21,0,4.61
PT_055,42,0.0,20.0,0.0,0.0,0.0,1.0,43.0,F,III,Triple Negative,0.0,5.58,100.0,5.25,59.68,65.8,36.3,6361.0,345.0,0.9495963495963496,1.0415389331698344,1.0381472588122986,0.9430878677177467,2,42,0,4.65
PT_055,42,3.0,23.0,0.0,0.0,0.0,1.0,43.0,F,III,Triple Negative,0.0,5.58,100.0,5.25,59.68,65.8,36.3,6361.0,345.0,0.9495963495963496,1.0415389331698344,1.0381472588122986,0.9430878677177467,2,42,0,4.74
PT_055,42,7.0,27.0,0.0,0.0,0.0,1.0,43.0,F,III,Triple Negative,0.0,5.58,100.0,5.25,59.68,65.8,36.3,6361.0,345.0,0.9495963495963496,1.0415389331698344,1.0381472588122986,0.9430878677177467,2,42,0,5.11
PT_055,42,14.0,34.0,0.0,0.0,0.0,1.0,43.0,F,III,Triple Negative,0.0,5.58,100.0,5.25,59.68,65.8,36.3,6361.0,345.0,0.9495963495963496,1.0415389331698344,1.0381472588122986,0.9430878677177467,2,42,0,5.29
PT_056,21,0.0,21.0,0.0,0.0,0.0,1.0,46.0,M,II,ER+/PR+,1.0,5.42,100.0,5.55,23.6,72.8,51.1,4856.0,418.0,0.975978588156574,1.0316666148730538,1.0451287439984964,0.985360292794144,1,21,0,3.97
PT_056,21,3.0,24.0,0.0,0.0,0.0,1.0,46.0,M,II,ER+/PR+,1.0,5.42,100.0,5.55,23.6,72.8,51.1,4856.0,418.0,0.975978588156574,1.0316666148730538,1.0451287439984964,0.985360292794144,1,21,0,4.17
PT_056,21,7.0,28.0,0.0,0.0,0.0,1.0,46.0,M,II,ER+/PR+,1.0,5.42,100.0,5.55,23.6,72.8,51.1,4856.0,418.0,0.975978588156574,1.0316666148730538,1.0451287439984964,0.985360292794144,1,21,0,3.97
PT_056,21,14.0,35.0,0.0,0.0,0.0,1.0,46.0,M,II,ER+/PR+,1.0,5.42,100.0,5.55,23.6,72.8,51.1,4856.0,418.0,0.975978588156574,1.0316666148730538,1.0451287439984964,0.985360292794144,1,21,0,4.19
PT_056,42,0.0,21.0,0.0,0.0,0.0,1.0,46.0,M,II,ER+/PR+,1.0,5.42,100.0,5.47,53.63,74.2,52.6,4259.0,444.0,0.969929825675547,1.0403975299914756,1.0761254009102088,0.9694463588329887,2,42,0,3.24
PT_056,42,3.0,24.0,0.0,0.0,0.0,1.0,46.0,M,II,ER+/PR+,1.0,5.42,100.0,5.47,53.63,74.2,52.6,4259.0,444.0,0.969929825675547,1.0403975299914756,1.0761254009102088,0.9694463588329887,2,42,0,3.02
PT_056,42,7.0,28.0,0.0,0.0,0.0,1.0,46.0,M,II,ER+/PR+,1.0,5.42,100.0,5.47,53.63,74.2,52.6,4259.0,444.0,0.969929825675547,1.0403975299914756,1.0761254009102088,0.9694463588329887,2,42,0,3.53
PT_056,42,14.0,35.0,0.0,0.0,0.0,1.0,46.0,M,II,ER+/PR+,1.0,5.42,100.0,5.47,53.63,74.2,52.6,4259.0,444.0,0.969929825675547,1.0403975299914756,1.0761254009102088,0.9694463588329887,2,42,0,3.86
PT_057,21,0.0,21.0,0.0,0.0,0.0,1.0,65.0,F,II,ER+/PR+,1.0,5.68,100.0,5.83,34.71,65.5,56.1,6303.0,497.0,1.0026118335440641,0.9789479577839365,1.0100689813905943,0.9992221023311837,1,21,0,2.43
PT_057,21,3.0,24.0,0.0,0.0,0.0,1.0,65.0,F,II,ER+/PR+,1.0,5.68,100.0,5.83,34.71,65.5,56.1,6303.0,497.0,1.0026118335440641,0.9789479577839365,1.0100689813905943,0.9992221023311837,1,21,0,2.63
PT_057,21,7.0,28.0,0.0,0.0,0.0,1.0,65.0,F,II,ER+/PR+,1.0,5.68,100.0,5.83,34.71,65.5,56.1,6303.0,497.0,1.0026118335440641,0.9789479577839365,1.0100689813905943,0.9992221023311837,1,21,0,2.98
PT_057,21,14.0,35.0,0.0,0.0,0.0,1.0,65.0,F,II,ER+/PR+,1.0,5.68,100.0,5.83,34.71,65.5,56.1,6303.0,497.0,1.0026118335440641,0.9789479577839365,1.0100689813905943,0.9992221023311837,1,21,0,3.22
PT_057,42,0.0,16.0,0.0,0.0,0.0,1.0,65.0,F,II,ER+/PR+,1.0,5.68,100.0,3.53,51.71,70.8,45.0,4637.0,476.0,1.0344195643763279,0.9359322903308541,0.9733615974147259,0.9909792978129665,2,42,0,4.17
PT_057,42,3.0,19.0,0.0,0.0,0.0,1.0,65.0,F,II,ER+/PR+,1.0,5.68,100.0,3.53,51.71,70.8,45.0,4637.0,476.0,1.0344195643763279,0.9359322903308541,0.9733615974147259,0.9909792978129665,2,42,0,4.23
PT_057,42,7.0,23.0,0.0,0.0,0.0,1.0,65.0,F,II,ER+/PR+,1.0,5.68,100.0,3.53,51.71,70.8,45.0,4637.0,476.0,1.0344195643763279,0.9359322903308541,0.9733615974147259,0.9909792978129665,2,42,0,4.12
PT_057,42,14.0,30.0,0.0,0.0,0.0,1.0,65.0,F,II,ER+/PR+,1.0,5.68,100.0,3.53,51.71,70.8,45.0,4637.0,476.0,1.0344195643763279,0.9359322903308541,0.9733615974147259,0.9909792978129665,2,42,0,4.31
PT_058,21,0.0,21.0,0.0,0.0,0.0,1.0,69.0,M,II,HER2+,1.0,3.33,100.0,3.49,34.71,74.6,52.0,6783.0,413.0,0.991068091500576,1.0232558139534884,1.0466701774861582,1.0459048008649154,1,21,1,0.83
PT_058,21,3.0,24.0,0.0,0.0,0.0,1.0,69.0,M,II,HER2+,1.0,3.33,100.0,3.49,34.71,74.6,52.0,6783.0,413.0,0.991068091500576,1.0232558139534884,1.0466701774861582,1.0459048008649154,1,21,1,0.93
PT_058,21,7.0,28.0,0.0,0.0,0.0,1.0,69.0,M,II,HER2+,1.0,3.33,100.0,3.49,34.71,74.6,52.0,6783.0,413.0,0.991068091500576,1.0232558139534884,1.0466701774861582,1.0459048008649154,1,21,0,1.12
PT_058,21,14.0,35.0,0.0,0.0,0.0,1.0,69.0,M,II,HER2+,1.0,3.33,100.0,3.49,34.71,74.6,52.0,6783.0,413.0,0.991068091500576,1.0232558139534884,1.0466701774861582,1.0459048008649154,1,21,0,1.38
PT_058,42,0.0,11.0,0.0,0.0,1.0,0.0,69.0,M,II,HER2+,1.0,3.33,100.0,1.49,49.46,87.5,37.6,4788.0,449.0,1.0528255528255528,0.8667698126181883,0.8673290433698492,0.9859405774630181,2,42,0,1.52
PT_058,42,3.0,14.0,0.0,0.0,1.0,0.0,69.0,M,II,HER2+,1.0,3.33,100.0,1.49,49.46,87.5,37.6,4788.0,449.0,1.0528255528255528,0.8667698126181883,0.8673290433698492,0.9859405774630181,2,42,0,1.57
PT_058,42,7.0,18.0,0.0,0.0,0.0,1.0,69.0,M,II,HER2+,1.0,3.33,100.0,1.49,49.46,87.5,37.6,4788.0,449.0,1.0528255528255528,0.8667698126181883,0.8673290433698492,0.9859405774630181,2,42,0,1.93
PT_058,42,14.0,25.0,0.0,0.0,0.0,1.0,69.0,M,II,HER2+,1.0,3.33,100.0,1.49,49.46,87.5,37.6,4788.0,449.0,1.0528255528255528,0.8667698126181883,0.8673290433698492,0.9859405774630181,2,42,0,1.81
PT_059,21,0.0,21.0,0.0,0.0,0.0,1.0,33.0,M,III,ER+/PR+,0.0,3.56,100.0,3.48,45.02,71.0,54.3,6406.0,420.0,1.0197848585085534,1.007564589022887,0.9856895016568601,0.9399534338805593,1,21,0,2.58
PT_059,21,3.0,24.0,0.0,0.0,0.0,1.0,33.0,M,III,ER+/PR+,0.0,3.56,100.0,3.48,45.02,71.0,54.3,6406.0,420.0,1.0197848585085534,1.007564589022887,0.9856895016568601,0.9399534338805593,1,21,0,2.86
PT_059,21,7.0,28.0,0.0,0.0,0.0,1.0,33.0,M,III,ER+/PR+,0.0,3.56,100.0,3.48,45.02,71.0,54.3,6406.0,420.0,1.0197848585085534,1.007564589022887,0.9856895016568601,0.9399534338805593,1,21,0,2.9
PT_059,21,14.0,35.0,0.0,0.0,0.0,1.0,33.0,M,III,ER+/PR+,0.0,3.56,100.0,3.48,45.02,71.0,54.3,6406.0,420.0,1.0197848585085534,1.007564589022887,0.9856895016568601,0.9399534338805593,1,21,0,2.7
PT_059,42,0.0,7.0,0.0,1.0,0.0,0.0,33.0,M,III,ER+/PR+,0.0,3.56,100.0,3.12,53.07,70.9,56.2,7248.0,457.0,0.9989053092501369,0.9929901480820386,0.9659274668426129,1.0030185707723605,2,42,0,1.81
PT_059,42,3.0,10.0,0.0,0.0,1.0,0.0,33.0,M,III,ER+/PR+,0.0,3.56,100.0,3.12,53.07,70.9,56.2,7248.0,457.0,0.9989053092501369,0.9929901480820386,0.9659274668426129,1.0030185707723605,2,42,0,1.92
PT_059,42,7.0,14.0,0.0,0.0,1.0,0.0,33.0,M,III,ER+/PR+,0.0,3.56,100.0,3.12,53.07,70.9,56.2,7248.0,457.0,0.9989053092501369,0.9929901480820386,0.9659274668426129,1.0030185707723605,2,42,0,2.47
PT_059,42,14.0,21.0,0.0,0.0,0.0,1.0,33.0,M,III,ER+/PR+,0.0,3.56,100.0,3.12,53.07,70.9,56.2,7248.0,457.0,0.9989053092501369,0.9929901480820386,0.9659274668426129,1.0030185707723605,2,42,0,2.59
PT_060,21,0.0,21.0,0.0,0.0,0.0,1.0,31.0,F,III,ER+/PR+,0.0,5.44,100.0,5.56,45.02,64.6,33.5,6669.0,423.0,1.0792282430213467,0.8049918514053536,0.8686640974085293,1.0423185941043083,1,21,0,1.93
PT_060,21,3.0,24.0,0.0,0.0,0.0,1.0,31.0,F,III,ER+/PR+,0.0,5.44,100.0,5.56,45.02,64.6,33.5,6669.0,423.0,1.0792282430213467,0.8049918514053536,0.8686640974085293,1.0423185941043083,1,21,0,2.32
PT_060,21,7.0,28.0,0.0,0.0,0.0,1.0,31.0,F,III,ER+/PR+,0.0,5.44,100.0,5.56,45.02,64.6,33.5,6669.0,423.0,1.0792282430213467,0.8049918514053536,0.8686640974085293,1.0423185941043083,1,21,0,2.3
PT_060,21,14.0,35.0,0.0,0.0,0.0,1.0,31.0,F,III,ER+/PR+,0.0,5.44,100.0,5.56,45.02,64.6,33.5,6669.0,423.0,1.0792282430213467,0.8049918514053536,0.8686640974085293,1.0423185941043083,1,21,0,2.89
PT_060,42,0.0,10.0,0.0,0.0,1.0,0.0,31.0,F,III,ER+/PR+,0.0,5.44,100.0,3.81,54.84,71.7,28.9,6701.0,471.0,1.0048648539534508,0.9563126129714163,1.0102755591794377,0.9818447744109885,2,42,0,4.23
PT_060,42,3.0,13.0,0.0,0.0,1.0,0.0,31.0,F,III,ER+/PR+,0.0,5.44,100.0,3.81,54.84,71.7,28.9,6701.0,471.0,1.0048648539534508,0.9563126129714163,1.0102755591794377,0.9818447744109885,2,42,0,4.8
PT_060,42,7.0,17.0,0.0,0.0,0.0,1.0,31.0,F,III,ER+/PR+,0.0,5.44,100.0,3.81,54.84,71.7,28.9,6701.0,471.0,1.0048648539534508,0.9563126129714163,1.0102755591794377,0.9818447744109885,2,42,0,4.63
PT_060,42,14.0,24.0,0.0,0.0,0.0,1.0,31.0,F,III,ER+/PR+,0.0,5.44,100.0,3.81,54.84,71.7,28.9,6701.0,471.0,1.0048648539534508,0.9563126129714163,1.0102755591794377,0.9818447744109885,2,42,0,4.69
PT_061,21,0.0,21.0,0.0,0.0,0.0,1.0,35.0,F,II,HER2+,0.0,4.63,100.0,4.67,34.71,84.5,41.1,5530.0,445.0,0.9913890156701658,0.9818265470439386,1.0534778545873194,0.9757307060755337,1,21,0,3.96
PT_061,21,3.0,24.0,0.0,0.0,0.0,1.0,35.0,F,II,HER2+,0.0,4.63,100.0,4.67,34.71,84.5,41.1,5530.0,445.0,0.9913890156701658,0.9818265470439386,1.0534778545873194,0.9757307060755337,1,21,0,3.93
PT_061,21,7.0,28.0,0.0,0.0,0.0,1.0,35.0,F,II,HER2+,0.0,4.63,100.0,4.67,34.71,84.5,41.1,5530.0,445.0,0.9913890156701658,0.9818265470439386,1.0534778545873194,0.9757307060755337,1,21,0,4.28
PT_061,21,14.0,35.0,0.0,0.0,0.0,1.0,35.0,F,II,HER2+,0.0,4.63,100.0,4.67,34.71,84.5,41.1,5530.0,445.0,0.9913890156701658,0.9818265470439386,1.0534778545873194,0.9757307060755337,1,21,0,4.16
PT_061,42,0.0,13.0,0.0,0.0,1.0,0.0,35.0,F,II,HER2+,0.0,4.63,100.0,2.5,50.4,88.0,36.3,4867.0,415.0,1.040191345272159,0.9241619567335799,0.8551981825242243,0.9969423309393443,2,42,0,3.25
PT_061,42,3.0,16.0,0.0,0.0,0.0,1.0,35.0,F,II,HER2+,0.0,4.63,100.0,2.5,50.4,88.0,36.3,4867.0,415.0,1.040191345272159,0.9241619567335799,0.8551981825242243,0.9969423309393443,2,42,0,3.63
PT_061,42,7.0,20.0,0.0,0.0,0.0,1.0,35.0,F,II,HER2+,0.0,4.63,100.0,2.5,50.4,88.0,36.3,4867.0,415.0,1.040191345272159,0.9241619567335799,0.8551981825242243,0.9969423309393443,2,42,0,3.59
PT_061,42,14.0,27.0,0.0,0.0,0.0,1.0,35.0,F,II,HER2+,0.0,4.63,100.0,2.5,50.4,88.0,36.3,4867.0,415.0,1.040191345272159,0.9241619567335799,0.8551981825242243,0.9969423309393443,2,42,0,3.9
PT_062,21,0.0,21.0,0.0,0.0,0.0,1.0,71.0,F,IV,ER+/PR+,1.0,5.59,100.0,5.68,54.8,74.5,47.5,8127.0,517.0,0.9776531863721071,1.0674415461548858,1.046375735536997,1.0546805144782996,1,21,0,2.37
PT_062,21,3.0,24.0,0.0,0.0,0.0,1.0,71.0,F,IV,ER+/PR+,1.0,5.59,100.0,5.68,54.8,74.5,47.5,8127.0,517.0,0.9776531863721071,1.0674415461548858,1.046375735536997,1.0546805144782996,1,21,0,2.78
PT_062,21,7.0,28.0,0.0,0.0,0.0,1.0,71.0,F,IV,ER+/PR+,1.0,5.59,100.0,5.68,54.8,74.5,47.5,8127.0,517.0,0.9776531863721071,1.0674415461548858,1.046375735536997,1.0546805144782996,1,21,0,2.74
PT_062,21,14.0,35.0,0.0,0.0,0.0,1.0,71.0,F,IV,ER+/PR+,1.0,5.59,100.0,5.68,54.8,74.5,47.5,8127.0,517.0,0.9776531863721071,1.0674415461548858,1.046375735536997,1.0546805144782996,1,21,0,3.16
PT_062,42,0.0,13.0,0.0,0.0,1.0,0.0,71.0,F,IV,ER+/PR+,1.0,5.59,100.0,2.35,61.49,88.2,42.7,6135.0,495.0,1.0390542104755474,0.8876681544367802,0.893241733329015,1.0241541021632796,2,42,0,3.43
PT_062,42,3.0,16.0,0.0,0.0,0.0,1.0,71.0,F,IV,ER+/PR+,1.0,5.59,100.0,2.35,61.49,88.2,42.7,6135.0,495.0,1.0390542104755474,0.8876681544367802,0.893241733329015,1.0241541021632796,2,42,0,3.85
PT_062,42,7.0,20.0,0.0,0.0,0.0,1.0,71.0,F,IV,ER+/PR+,1.0,5.59,100.0,2.35,61.49,88.2,42.7,6135.0,495.0,1.0390542104755474,0.8876681544367802,0.893241733329015,1.0241541021632796,2,42,0,3.55
PT_062,42,14.0,27.0,0.0,0.0,0.0,1.0,71.0,F,IV,ER+/PR+,1.0,5.59,100.0,2.35,61.49,88.2,42.7,6135.0,495.0,1.0390542104755474,0.8876681544367802,0.893241733329015,1.0241541021632796,2,42,0,3.7
PT_063,21,0.0,21.0,0.0,0.0,0.0,1.0,33.0,M,III,ER+/PR+,0.0,3.18,100.0,3.18,45.02,69.1,44.1,8284.0,477.0,1.004719414853258,1.054875113654597,1.0086273092732283,1.0084001264830829,1,21,1,0.68
PT_063,21,3.0,24.0,0.0,0.0,0.0,1.0,33.0,M,III,ER+/PR+,0.0,3.18,100.0,3.18,45.02,69.1,44.1,8284.0,477.0,1.004719414853258,1.054875113654597,1.0086273092732283,1.0084001264830829,1,21,1,0.98
PT_063,21,7.0,28.0,0.0,0.0,0.0,1.0,33.0,M,III,ER+/PR+,0.0,3.18,100.0,3.18,45.02,69.1,44.1,8284.0,477.0,1.004719414853258,1.054875113654597,1.0086273092732283,1.0084001264830829,1,21,0,1.05
PT_063,21,14.0,35.0,0.0,0.0,0.0,1.0,33.0,M,III,ER+/PR+,0.0,3.18,100.0,3.18,45.02,69.1,44.1,8284.0,477.0,1.004719414853258,1.054875113654597,1.0086273092732283,1.0084001264830829,1,21,0,1.49
PT_063,42,0.0,17.0,0.0,0.0,0.0,1.0,33.0,M,III,ER+/PR+,0.0,3.18,100.0,3.03,58.39,82.3,30.0,6423.0,463.0,0.9817559447944357,1.0354691075514872,0.9957082767837717,0.9830387004300049,2,42,0,1.59
PT_063,42,3.0,20.0,0.0,0.0,0.0,1.0,33.0,M,III,ER+/PR+,0.0,3.18,100.0,3.03,58.39,82.3,30.0,6423.0,463.0,0.9817559447944357,1.0354691075514872,0.9957082767837717,0.9830387004300049,2,42,0,1.8
PT_063,42,7.0,24.0,0.0,0.0,0.0,1.0,33.0,M,III,ER+/PR+,0.0,3.18,100.0,3.03,58.39,82.3,30.0,6423.0,463.0,0.9817559447944357,1.0354691075514872,0.9957082767837717,0.9830387004300049,2,42,0,1.92
PT_063,42,14.0,31.0,0.0,0.0,0.0,1.0,33.0,M,III,ER+/PR+,0.0,3.18,100.0,3.03,58.39,82.3,30.0,6423.0,463.0,0.9817559447944357,1.0354691075514872,0.9957082767837717,0.9830387004300049,2,42,0,2.26
PT_064,21,0.0,21.0,0.0,0.0,0.0,1.0,58.0,F,II,Triple Negative,1.0,4.78,100.0,4.81,34.71,73.8,45.0,7042.0,415.0,0.9985201539039937,1.0228814164346398,1.0475733371896314,1.0152689152233363,1,21,0,2.51
PT_064,21,3.0,24.0,0.0,0.0,0.0,1.0,58.0,F,II,Triple Negative,1.0,4.78,100.0,4.81,34.71,73.8,45.0,7042.0,415.0,0.9985201539039937,1.0228814164346398,1.0475733371896314,1.0152689152233363,1,21,0,2.84
PT_064,21,7.0,28.0,0.0,0.0,0.0,1.0,58.0,F,II,Triple Negative,1.0,4.78,100.0,4.81,34.71,73.8,45.0,7042.0,415.0,0.9985201539039937,1.0228814164346398,1.0475733371896314,1.0152689152233363,1,21,0,2.72
PT_064,21,14.0,35.0,0.0,0.0,0.0,1.0,58.0,F,II,Triple Negative,1.0,4.78,100.0,4.81,34.71,73.8,45.0,7042.0,415.0,0.9985201539039937,1.0228814164346398,1.0475733371896314,1.0152689152233363,1,21,0,3.34
PT_064,42,0.0,19.0,0.0,0.0,0.0,1.0,58.0,F,II,Triple Negative,1.0,4.78,100.0,4.35,52.9,72.0,40.4,7598.0,426.0,0.9817933797459799,1.0134358303839133,1.05369660013245,1.0159693619481178,2,42,0,2.84
PT_064,42,3.0,22.0,0.0,0.0,0.0,1.0,58.0,F,II,Triple Negative,1.0,4.78,100.0,4.35,52.9,72.0,40.4,7598.0,426.0,0.9817933797459799,1.0134358303839133,1.05369660013245,1.0159693619481178,2,42,0,2.83
PT_064,42,7.0,26.0,0.0,0.0,0.0,1.0,58.0,F,II,Triple Negative,1.0,4.78,100.0,4.35,52.9,72.0,40.4,7598.0,426.0,0.9817933797459799,1.0134358303839133,1.05369660013245,1.0159693619481178,2,42,0,3.08
PT_064,42,14.0,33.0,0.0,0.0,0.0,1.0,58.0,F,II,Triple Negative,1.0,4.78,100.0,4.35,52.9,72.0,40.4,7598.0,426.0,0.9817933797459799,1.0134358303839133,1.05369660013245,1.0159693619481178,2,42,0,3.55
PT_065,21,0.0,21.0,0.0,0.0,0.0,1.0,47.0,F,II,Triple Negative,2.0,4.2,100.0,4.09,34.71,79.4,45.8,6961.0,411.0,0.9808505639097744,1.011948820979169,1.004908203852107,1.0162821335675438,1,21,0,1.74
PT_065,21,3.0,24.0,0.0,0.0,0.0,1.0,47.0,F,II,Triple Negative,2.0,4.2,100.0,4.09,34.71,79.4,45.8,6961.0,411.0,0.9808505639097744,1.011948820979169,1.004908203852107,1.0162821335675438,1,21,0,2.09
PT_065,21,7.0,28.0,0.0,0.0,0.0,1.0,47.0,F,II,Triple Negative,2.0,4.2,100.0,4.09,34.71,79.4,45.8,6961.0,411.0,0.9808505639097744,1.011948820979169,1.004908203852107,1.0162821335675438,1,21,0,2.37
PT_065,21,14.0,35.0,0.0,0.0,0.0,1.0,47.0,F,II,Triple Negative,2.0,4.2,100.0,4.09,34.71,79.4,45.8,6961.0,411.0,0.9808505639097744,1.011948820979169,1.004908203852107,1.0162821335675438,1,21,0,2.48
PT_065,42,0.0,8.0,0.0,0.0,1.0,0.0,47.0,F,II,Triple Negative,2.0,4.2,100.0,0.1,47.93,93.6,24.8,3942.0,294.0,1.1037221859961306,0.6889955838553969,0.7224751313980091,0.9628996366653676,2,42,1,0.45
PT_065,42,3.0,11.0,0.0,0.0,1.0,0.0,47.0,F,II,Triple Negative,2.0,4.2,100.0,0.1,47.93,93.6,24.8,3942.0,294.0,1.1037221859961306,0.6889955838553969,0.7224751313980091,0.9628996366653676,2,42,1,0.68
PT_065,42,7.0,15.0,0.0,0.0,0.0,1.0,47.0,F,II,Triple Negative,2.0,4.2,100.0,0.1,47.93,93.6,24.8,3942.0,294.0,1.1037221859961306,0.6889955838553969,0.7224751313980091,0.9628996366653676,2,42,1,0.82
PT_065,42,14.0,22.0,0.0,0.0,0.0,1.0,47.0,F,II,Triple Negative,2.0,4.2,100.0,0.1,47.93,93.6,24.8,3942.0,294.0,1.1037221859961306,0.6889955838553969,0.7224751313980091,0.9628996366653676,2,42,0,1.46
PT_066,21,0.0,21.0,0.0,0.0,0.0,1.0,55.0,M,II,ER+/PR+,1.0,4.49,100.0,4.3,23.6,68.6,61.6,6042.0,435.0,0.9834575777832307,1.0103708026099412,1.0418215661169985,0.9890403489640132,1,21,0,2.56
PT_066,21,3.0,24.0,0.0,0.0,0.0,1.0,55.0,M,II,ER+/PR+,1.0,4.49,100.0,4.3,23.6,68.6,61.6,6042.0,435.0,0.9834575777832307,1.0103708026099412,1.0418215661169985,0.9890403489640132,1,21,0,2.79
PT_066,21,7.0,28.0,0.0,0.0,0.0,1.0,55.0,M,II,ER+/PR+,1.0,4.49,100.0,4.3,23.6,68.6,61.6,6042.0,435.0,0.9834575777832307,1.0103708026099412,1.0418215661169985,0.9890403489640132,1,21,0,2.68
PT_066,21,14.0,35.0,0.0,0.0,0.0,1.0,55.0,M,II,ER+/PR+,1.0,4.49,100.0,4.3,23.6,68.6,61.6,6042.0,435.0,0.9834575777832307,1.0103708026099412,1.0418215661169985,0.9890403489640132,1,21,0,3.0
PT_066,42,0.0,21.0,0.0,0.0,0.0,1.0,55.0,M,II,ER+/PR+,1.0,4.49,100.0,4.61,53.63,66.4,62.7,6465.0,506.0,0.9671276354568125,1.0476375980855919,1.106311445121602,1.007066094555761,2,42,0,2.88
PT_066,42,3.0,24.0,0.0,0.0,0.0,1.0,55.0,M,II,ER+/PR+,1.0,4.49,100.0,4.61,53.63,66.4,62.7,6465.0,506.0,0.9671276354568125,1.0476375980855919,1.106311445121602,1.007066094555761,2,42,0,2.75
PT_066,42,7.0,28.0,0.0,0.0,0.0,1.0,55.0,M,II,ER+/PR+,1.0,4.49,100.0,4.61,53.63,66.4,62.7,6465.0,506.0,0.9671276354568125,1.0476375980855919,1.106311445121602,1.007066094555761,2,42,0,2.97
PT_066,42,14.0,35.0,0.0,0.0,0.0,1.0,55.0,M,II,ER+/PR+,1.0,4.49,100.0,4.61,53.63,66.4,62.7,6465.0,506.0,0.9671276354568125,1.0476375980855919,1.106311445121602,1.007066094555761,2,42,0,3.05
PT_067,21,0.0,21.0,0.0,0.0,0.0,1.0,73.0,M,IV,ER+/PR+,2.0,5.03,100.0,4.92,54.8,70.2,54.0,7692.0,397.0,1.0236874553832176,0.9758145477776764,0.9829973402271993,1.005552396561528,1,21,0,1.92
PT_067,21,3.0,24.0,0.0,0.0,0.0,1.0,73.0,M,IV,ER+/PR+,2.0,5.03,100.0,4.92,54.8,70.2,54.0,7692.0,397.0,1.0236874553832176,0.9758145477776764,0.9829973402271993,1.005552396561528,1,21,0,2.03
PT_067,21,7.0,28.0,0.0,0.0,0.0,1.0,73.0,M,IV,ER+/PR+,2.0,5.03,100.0,4.92,54.8,70.2,54.0,7692.0,397.0,1.0236874553832176,0.9758145477776764,0.9829973402271993,1.005552396561528,1,21,0,2.24
PT_067,21,14.0,35.0,0.0,0.0,0.0,1.0,73.0,M,IV,ER+/PR+,2.0,5.03,100.0,4.92,54.8,70.2,54.0,7692.0,397.0,1.0236874553832176,0.9758145477776764,0.9829973402271993,1.005552396561528,1,21,0,2.63
PT_067,42,0.0,14.0,0.0,0.0,1.0,0.0,73.0,M,IV,ER+/PR+,2.0,5.03,100.0,3.8,62.04,64.4,49.4,6572.0,411.0,0.9982439830596014,0.9459670959960964,0.9480543525873475,1.001262251262251,2,42,0,2.22
PT_067,42,3.0,17.0,0.0,0.0,0.0,1.0,73.0,M,IV,ER+/PR+,2.0,5.03,100.0,3.8,62.04,64.4,49.4,6572.0,411.0,0.9982439830596014,0.9459670959960964,0.9480543525873475,1.001262251262251,2,42,0,2.39
PT_067,42,7.0,21.0,0.0,0.0,0.0,1.0,73.0,M,IV,ER+/PR+,2.0,5.03,100.0,3.8,62.04,64.4,49.4,6572.0,411.0,0.9982439830596014,0.9459670959960964,0.9480543525873475,1.001262251262251,2,42,0,2.62
PT_067,42,14.0,28.0,0.0,0.0,0.0,1.0,73.0,M,IV,ER+/PR+,2.0,5.03,100.0,3.8,62.04,64.4,49.4,6572.0,411.0,0.9982439830596014,0.9459670959960964,0.9480543525873475,1.001262251262251,2,42,0,3.19
PT_068,21,0.0,21.0,0.0,0.0,0.0,1.0,63.0,F,III,HER2+,0.0,4.66,100.0,4.71,45.02,67.8,52.9,5158.0,461.0,1.0475581819992699,0.869029683956095,0.8588206403594214,0.9634654705108494,1,21,1,0.8
PT_068,21,3.0,24.0,0.0,0.0,0.0,1.0,63.0,F,III,HER2+,0.0,4.66,100.0,4.71,45.02,67.8,52.9,5158.0,461.0,1.0475581819992699,0.869029683956095,0.8588206403594214,0.9634654705108494,1,21,0,1.01
PT_068,21,7.0,28.0,0.0,0.0,0.0,1.0,63.0,F,III,HER2+,0.0,4.66,100.0,4.71,45.02,67.8,52.9,5158.0,461.0,1.0475581819992699,0.869029683956095,0.8588206403594214,0.9634654705108494,1,21,0,1.27
PT_068,21,14.0,35.0,0.0,0.0,0.0,1.0,63.0,F,III,HER2+,0.0,4.66,100.0,4.71,45.02,67.8,52.9,5158.0,461.0,1.0475581819992699,0.869029683956095,0.8588206403594214,0.9634654705108494,1,21,0,1.74
PT_068,42,0.0,16.0,0.0,0.0,0.0,1.0,63.0,F,III,HER2+,0.0,4.66,100.0,3.25,57.93,72.2,47.6,5664.0,479.0,0.9976599509160438,1.0192470251641848,1.0884865070502043,1.0317327865725732,2,42,0,3.3
PT_068,42,3.0,19.0,0.0,0.0,0.0,1.0,63.0,F,III,HER2+,0.0,4.66,100.0,3.25,57.93,72.2,47.6,5664.0,479.0,0.9976599509160438,1.0192470251641848,1.0884865070502043,1.0317327865725732,2,42,0,3.52
PT_068,42,7.0,23.0,0.0,0.0,0.0,1.0,63.0,F,III,HER2+,0.0,4.66,100.0,3.25,57.93,72.2,47.6,5664.0,479.0,0.9976599509160438,1.0192470251641848,1.0884865070502043,1.0317327865725732,2,42,0,3.76
PT_068,42,14.0,30.0,0.0,0.0,0.0,1.0,63.0,F,III,HER2+,0.0,4.66,100.0,3.25,57.93,72.2,47.6,5664.0,479.0,0.9976599509160438,1.0192470251641848,1.0884865070502043,1.0317327865725732,2,42,0,3.66
PT_069,21,0.0,21.0,0.0,0.0,0.0,1.0,39.0,F,III,Triple Negative,1.0,4.8,100.0,4.73,45.02,72.8,54.7,6479.0,410.0,1.0114353217238967,1.0338550119247543,1.0788369428517912,1.0211751997585425,1,21,0,3.01
PT_069,21,3.0,24.0,0.0,0.0,0.0,1.0,39.0,F,III,Triple Negative,1.0,4.8,100.0,4.73,45.02,72.8,54.7,6479.0,410.0,1.0114353217238967,1.0338550119247543,1.0788369428517912,1.0211751997585425,1,21,0,3.31
PT_069,21,7.0,28.0,0.0,0.0,0.0,1.0,39.0,F,III,Triple Negative,1.0,4.8,100.0,4.73,45.02,72.8,54.7,6479.0,410.0,1.0114353217238967,1.0338550119247543,1.0788369428517912,1.0211751997585425,1,21,0,3.22
PT_069,21,14.0,35.0,0.0,0.0,0.0,1.0,39.0,F,III,Triple Negative,1.0,4.8,100.0,4.73,45.02,72.8,54.7,6479.0,410.0,1.0114353217238967,1.0338550119247543,1.0788369428517912,1.0211751997585425,1,21,0,3.74
PT_069,42,0.0,20.0,0.0,0.0,0.0,1.0,39.0,F,III,Triple Negative,1.0,4.8,100.0,3.96,59.68,79.3,52.4,5232.0,415.0,1.016087912087912,0.9790506551845487,0.8837260975252079,1.0067830458285991,2,42,0,3.39
PT_069,42,3.0,23.0,0.0,0.0,0.0,1.0,39.0,F,III,Triple Negative,1.0,4.8,100.0,3.96,59.68,79.3,52.4,5232.0,415.0,1.016087912087912,0.9790506551845487,0.8837260975252079,1.0067830458285991,2,42,0,3.6
PT_069,42,7.0,27.0,0.0,0.0,0.0,1.0,39.0,F,III,Triple Negative,1.0,4.8,100.0,3.96,59.68,79.3,52.4,5232.0,415.0,1.016087912087912,0.9790506551845487,0.8837260975252079,1.0067830458285991,2,42,0,4.05
PT_069,42,14.0,34.0,0.0,0.0,0.0,1.0,39.0,F,III,Triple Negative,1.0,4.8,100.0,3.96,59.68,79.3,52.4,5232.0,415.0,1.016087912087912,0.9790506551845487,0.8837260975252079,1.0067830458285991,2,42,0,3.73
PT_070,21,0.0,21.0,0.0,0.0,0.0,1.0,65.0,M,III,Triple Negative,1.0,4.6,100.0,4.52,45.02,80.7,51.6,7427.0,445.0,0.9864949218262332,1.0219269102990034,1.0561642138103464,0.98268350607886,1,21,0,2.66
PT_070,21,3.0,24.0,0.0,0.0,0.0,1.0,65.0,M,III,Triple Negative,1.0,4.6,100.0,4.52,45.02,80.7,51.6,7427.0,445.0,0.9864949218262332,1.0219269102990034,1.0561642138103464,0.98268350607886,1,21,0,2.95
PT_070,21,7.0,28.0,0.0,0.0,0.0,1.0,65.0,M,III,Triple Negative,1.0,4.6,100.0,4.52,45.02,80.7,51.6,7427.0,445.0,0.9864949218262332,1.0219269102990034,1.0561642138103464,0.98268350607886,1,21,0,3.28
PT_070,21,14.0,35.0,0.0,0.0,0.0,1.0,65.0,M,III,Triple Negative,1.0,4.6,100.0,4.52,45.02,80.7,51.6,7427.0,445.0,0.9864949218262332,1.0219269102990034,1.0561642138103464,0.98268350607886,1,21,0,3.18
PT_070,42,0.0,11.0,0.0,0.0,1.0,0.0,65.0,M,III,Triple Negative,1.0,4.6,100.0,4.27,55.39,86.7,52.2,7419.0,410.0,1.0049060202980165,1.0287438919229663,1.003117489324337,0.974471461240491,2,42,0,2.1
PT_070,42,3.0,14.0,0.0,0.0,1.0,0.0,65.0,M,III,Triple Negative,1.0,4.6,100.0,4.27,55.39,86.7,52.2,7419.0,410.0,1.0049060202980165,1.0287438919229663,1.003117489324337,0.974471461240491,2,42,0,1.96
PT_070,42,7.0,18.0,0.0,0.0,0.0,1.0,65.0,M,III,Triple Negative,1.0,4.6,100.0,4.27,55.39,86.7,52.2,7419.0,410.0,1.0049060202980165,1.0287438919229663,1.003117489324337,0.974471461240491,2,42,0,2.12
PT_070,42,14.0,25.0,0.0,0.0,0.0,1.0,65.0,M,III,Triple Negative,1.0,4.6,100.0,4.27,55.39,86.7,52.2,7419.0,410.0,1.0049060202980165,1.0287438919229663,1.003117489324337,0.974471461240491,2,42,0,3.05
PT_071,21,0.0,21.0,0.0,0.0,0.0,1.0,43.0,F,III,ER+/PR+,1.0,4.31,100.0,4.25,45.02,62.5,46.6,6743.0,407.0,0.9758318480278529,1.0380011621150496,1.0535828563241525,0.9921235521235522,1,21,0,1.98
PT_071,21,3.0,24.0,0.0,0.0,0.0,1.0,43.0,F,III,ER+/PR+,1.0,4.31,100.0,4.25,45.02,62.5,46.6,6743.0,407.0,0.9758318480278529,1.0380011621150496,1.0535828563241525,0.9921235521235522,1,21,0,2.27
PT_071,21,7.0,28.0,0.0,0.0,0.0,1.0,43.0,F,III,ER+/PR+,1.0,4.31,100.0,4.25,45.02,62.5,46.6,6743.0,407.0,0.9758318480278529,1.0380011621150496,1.0535828563241525,0.9921235521235522,1,21,0,2.35
PT_071,21,14.0,35.0,0.0,0.0,0.0,1.0,43.0,F,III,ER+/PR+,1.0,4.31,100.0,4.25,45.02,62.5,46.6,6743.0,407.0,0.9758318480278529,1.0380011621150496,1.0535828563241525,0.9921235521235522,1,21,0,2.67
PT_071,42,0.0,13.0,0.0,0.0,1.0,0.0,43.0,F,III,ER+/PR+,1.0,4.31,100.0,2.66,56.46,65.0,39.7,5464.0,447.0,1.0208145182509263,0.9322168805119551,0.9287288131071976,1.0112472721168373,2,42,0,1.86
PT_071,42,3.0,16.0,0.0,0.0,0.0,1.0,43.0,F,III,ER+/PR+,1.0,4.31,100.0,2.66,56.46,65.0,39.7,5464.0,447.0,1.0208145182509263,0.9322168805119551,0.9287288131071976,1.0112472721168373,2,42,0,1.84
PT_071,42,7.0,20.0,0.0,0.0,0.0,1.0,43.0,F,III,ER+/PR+,1.0,4.31,100.0,2.66,56.46,65.0,39.7,5464.0,447.0,1.0208145182509263,0.9322168805119551,0.9287288131071976,1.0112472721168373,2,42,0,1.94
PT_071,42,14.0,27.0,0.0,0.0,0.0,1.0,43.0,F,III,ER+/PR+,1.0,4.31,100.0,2.66,56.46,65.0,39.7,5464.0,447.0,1.0208145182509263,0.9322168805119551,0.9287288131071976,1.0112472721168373,2,42,0,2.2
PT_072,21,0.0,21.0,0.0,0.0,0.0,1.0,60.0,F,III,ER+/PR+,0.0,5.66,100.0,5.86,45.02,60.7,36.1,7482.0,425.0,0.9714481141293726,1.0519606101868846,1.042254291203702,0.9994136345400118,1,21,0,4.18
PT_072,21,3.0,24.0,0.0,0.0,0.0,1.0,60.0,F,III,ER+/PR+,0.0,5.66,100.0,5.86,45.02,60.7,36.1,7482.0,425.0,0.9714481141293726,1.0519606101868846,1.042254291203702,0.9994136345400118,1,21,0,3.93
PT_072,21,7.0,28.0,0.0,0.0,0.0,1.0,60.0,F,III,ER+/PR+,0.0,5.66,100.0,5.86,45.02,60.7,36.1,7482.0,425.0,0.9714481141293726,1.0519606101868846,1.042254291203702,0.9994136345400118,1,21,0,4.38
PT_072,21,14.0,35.0,0.0,0.0,0.0,1.0,60.0,F,III,ER+/PR+,0.0,5.66,100.0,5.86,45.02,60.7,36.1,7482.0,425.0,0.9714481141293726,1.0519606101868846,1.042254291203702,0.9994136345400118,1,21,0,4.44
PT_072,42,0.0,13.0,0.0,0.0,1.0,0.0,60.0,F,III,ER+/PR+,0.0,5.66,100.0,2.34,56.46,68.2,25.4,4610.0,403.0,1.0714810332887992,0.8423335826477187,0.823842336391874,0.9813803404672587,2,42,0,3.91
PT_072,42,3.0,16.0,0.0,0.0,0.0,1.0,60.0,F,III,ER+/PR+,0.0,5.66,100.0,2.34,56.46,68.2,25.4,4610.0,403.0,1.0714810332887992,0.8423335826477187,0.823842336391874,0.9813803404672587,2,42,0,4.35
PT_072,42,7.0,20.0,0.0,0.0,0.0,1.0,60.0,F,III,ER+/PR+,0.0,5.66,100.0,2.34,56.46,68.2,25.4,4610.0,403.0,1.0714810332887992,0.8423335826477187,0.823842336391874,0.9813803404672587,2,42,0,3.94
PT_072,42,14.0,27.0,0.0,0.0,0.0,1.0,60.0,F,III,ER+/PR+,0.0,5.66,100.0,2.34,56.46,68.2,25.4,4610.0,403.0,1.0714810332887992,0.8423335826477187,0.823842336391874,0.9813803404672587,2,42,0,4.52
PT_073,21,0.0,21.0,0.0,0.0,0.0,1.0,44.0,M,II,HER2+,0.0,2.85,100.0,2.83,34.71,66.8,47.6,7798.0,428.0,0.9915825071377753,1.0092625578909868,1.006620504148718,0.9958436553812275,1,21,0,2.28
PT_073,21,3.0,24.0,0.0,0.0,0.0,1.0,44.0,M,II,HER2+,0.0,2.85,100.0,2.83,34.71,66.8,47.6,7798.0,428.0,0.9915825071377753,1.0092625578909868,1.006620504148718,0.9958436553812275,1,21,0,2.45
PT_073,21,7.0,28.0,0.0,0.0,0.0,1.0,44.0,M,II,HER2+,0.0,2.85,100.0,2.83,34.71,66.8,47.6,7798.0,428.0,0.9915825071377753,1.0092625578909868,1.006620504148718,0.9958436553812275,1,21,0,2.28
PT_073,21,14.0,35.0,0.0,0.0,0.0,1.0,44.0,M,II,HER2+,0.0,2.85,100.0,2.83,34.71,66.8,47.6,7798.0,428.0,0.9915825071377753,1.0092625578909868,1.006620504148718,0.9958436553812275,1,21,0,2.26
PT_073,42,0.0,17.0,0.0,0.0,0.0,1.0,44.0,M,II,HER2+,0.0,2.85,100.0,2.28,52.12,66.0,38.8,7054.0,459.0,1.064218826677064,0.8097126111261608,0.8890163563750466,1.0084033613445378,2,42,1,0.15
PT_073,42,3.0,20.0,0.0,0.0,0.0,1.0,44.0,M,II,HER2+,0.0,2.85,100.0,2.28,52.12,66.0,38.8,7054.0,459.0,1.064218826677064,0.8097126111261608,0.8890163563750466,1.0084033613445378,2,42,1,0.15
PT_073,42,7.0,24.0,0.0,0.0,0.0,1.0,44.0,M,II,HER2+,0.0,2.85,100.0,2.28,52.12,66.0,38.8,7054.0,459.0,1.064218826677064,0.8097126111261608,0.8890163563750466,1.0084033613445378,2,42,1,0.15
PT_073,42,14.0,31.0,0.0,0.0,0.0,1.0,44.0,M,II,HER2+,0.0,2.85,100.0,2.28,52.12,66.0,38.8,7054.0,459.0,1.064218826677064,0.8097126111261608,0.8890163563750466,1.0084033613445378,2,42,1,0.72
PT_074,21,0.0,21.0,0.0,0.0,0.0,1.0,37.0,F,III,HER2+,0.0,5.01,100.0,5.01,45.02,67.3,47.5,8060.0,329.0,1.000271282079106,0.9556077997510718,0.9723559697811949,1.0399218212747476,1,21,0,3.03
PT_074,21,3.0,24.0,0.0,0.0,0.0,1.0,37.0,F,III,HER2+,0.0,5.01,100.0,5.01,45.02,67.3,47.5,8060.0,329.0,1.000271282079106,0.9556077997510718,0.9723559697811949,1.0399218212747476,1,21,0,3.26
PT_074,21,7.0,28.0,0.0,0.0,0.0,1.0,37.0,F,III,HER2+,0.0,5.01,100.0,5.01,45.02,67.3,47.5,8060.0,329.0,1.000271282079106,0.9556077997510718,0.9723559697811949,1.0399218212747476,1,21,0,3.31
PT_074,21,14.0,35.0,0.0,0.0,0.0,1.0,37.0,F,III,HER2+,0.0,5.01,100.0,5.01,45.02,67.3,47.5,8060.0,329.0,1.000271282079106,0.9556077997510718,0.9723559697811949,1.0399218212747476,1,21,0,3.69
PT_074,42,0.0,17.0,0.0,0.0,0.0,1.0,37.0,F,III,HER2+,0.0,5.01,100.0,3.29,58.39,71.1,48.7,7419.0,340.0,1.0777099383051498,0.8243481377497686,0.8883628355882953,0.9976504608711368,2,42,0,1.86
PT_074,42,3.0,20.0,0.0,0.0,0.0,1.0,37.0,F,III,HER2+,0.0,5.01,100.0,3.29,58.39,71.1,48.7,7419.0,340.0,1.0777099383051498,0.8243481377497686,0.8883628355882953,0.9976504608711368,2,42,0,2.19
PT_074,42,7.0,24.0,0.0,0.0,0.0,1.0,37.0,F,III,HER2+,0.0,5.01,100.0,3.29,58.39,71.1,48.7,7419.0,340.0,1.0777099383051498,0.8243481377497686,0.8883628355882953,0.9976504608711368,2,42,0,2.43
PT_074,42,14.0,31.0,0.0,0.0,0.0,1.0,37.0,F,III,HER2+,0.0,5.01,100.0,3.29,58.39,71.1,48.7,7419.0,340.0,1.0777099383051498,0.8243481377497686,0.8883628355882953,0.9976504608711368,2,42,0,2.68
PT_075,21,0.0,21.0,0.0,0.0,0.0,1.0,43.0,M,II,HER2+,1.0,4.89,100.0,4.78,34.71,61.9,58.3,8051.0,439.0,0.9849799522457992,1.0241937723952113,1.0053835922095617,0.9837202950013658,1,21,0,2.56
PT_075,21,3.0,24.0,0.0,0.0,0.0,1.0,43.0,M,II,HER2+,1.0,4.89,100.0,4.78,34.71,61.9,58.3,8051.0,439.0,0.9849799522457992,1.0241937723952113,1.0053835922095617,0.9837202950013658,1,21,0,2.62
PT_075,21,7.0,28.0,0.0,0.0,0.0,1.0,43.0,M,II,HER2+,1.0,4.89,100.0,4.78,34.71,61.9,58.3,8051.0,439.0,0.9849799522457992,1.0241937723952113,1.0053835922095617,0.9837202950013658,1,21,0,2.83
PT_075,21,14.0,35.0,0.0,0.0,0.0,1.0,43.0,M,II,HER2+,1.0,4.89,100.0,4.78,34.71,61.9,58.3,8051.0,439.0,0.9849799522457992,1.0241937723952113,1.0053835922095617,0.9837202950013658,1,21,0,3.02
PT_075,42,0.0,14.0,0.0,0.0,1.0,0.0,43.0,M,II,HER2+,1.0,4.89,100.0,3.11,50.85,72.8,47.6,6978.0,452.0,1.047194542855788,0.9352974414385837,0.9692329463600459,0.9810559677303177,2,42,0,3.11
PT_075,42,3.0,17.0,0.0,0.0,0.0,1.0,43.0,M,II,HER2+,1.0,4.89,100.0,3.11,50.85,72.8,47.6,6978.0,452.0,1.047194542855788,0.9352974414385837,0.9692329463600459,0.9810559677303177,2,42,0,3.24
PT_075,42,7.0,21.0,0.0,0.0,0.0,1.0,43.0,M,II,HER2+,1.0,4.89,100.0,3.11,50.85,72.8,47.6,6978.0,452.0,1.047194542855788,0.9352974414385837,0.9692329463600459,0.9810559677303177,2,42,0,3.44
PT_075,42,14.0,28.0,0.0,0.0,0.0,1.0,43.0,M,II,HER2+,1.0,4.89,100.0,3.11,50.85,72.8,47.6,6978.0,452.0,1.047194542855788,0.9352974414385837,0.9692329463600459,0.9810559677303177,2,42,0,4.06
PT_076,21,0.0,21.0,0.0,0.0,0.0,1.0,52.0,F,II,ER+/PR+,1.0,5.45,100.0,5.3,34.71,75.2,42.2,6115.0,347.0,0.9676215771833302,1.1156393027558673,1.040057128574999,0.9739147684067841,1,21,0,3.89
PT_076,21,3.0,24.0,0.0,0.0,0.0,1.0,52.0,F,II,ER+/PR+,1.0,5.45,100.0,5.3,34.71,75.2,42.2,6115.0,347.0,0.9676215771833302,1.1156393027558673,1.040057128574999,0.9739147684067841,1,21,0,3.95
PT_076,21,7.0,28.0,0.0,0.0,0.0,1.0,52.0,F,II,ER+/PR+,1.0,5.45,100.0,5.3,34.71,75.2,42.2,6115.0,347.0,0.9676215771833302,1.1156393027558673,1.040057128574999,0.9739147684067841,1,21,0,4.11
PT_076,21,14.0,35.0,0.0,0.0,0.0,1.0,52.0,F,II,ER+/PR+,1.0,5.45,100.0,5.3,34.71,75.2,42.2,6115.0,347.0,0.9676215771833302,1.1156393027558673,1.040057128574999,0.9739147684067841,1,21,0,3.96
PT_076,42,0.0,12.0,0.0,0.0,1.0,0.0,52.0,F,II,ER+/PR+,1.0,5.45,100.0,4.15,49.94,74.4,35.3,5195.0,379.0,1.0001823199904438,0.9895132003101156,0.9719619756537846,1.0110296323855932,2,42,0,4.03
PT_076,42,3.0,15.0,0.0,0.0,0.0,1.0,52.0,F,II,ER+/PR+,1.0,5.45,100.0,4.15,49.94,74.4,35.3,5195.0,379.0,1.0001823199904438,0.9895132003101156,0.9719619756537846,1.0110296323855932,2,42,0,4.32
PT_076,42,7.0,19.0,0.0,0.0,0.0,1.0,52.0,F,II,ER+/PR+,1.0,5.45,100.0,4.15,49.94,74.4,35.3,5195.0,379.0,1.0001823199904438,0.9895132003101156,0.9719619756537846,1.0110296323855932,2,42,0,3.92
PT_076,42,14.0,26.0,0.0,0.0,0.0,1.0,52.0,F,II,ER+/PR+,1.0,5.45,100.0,4.15,49.94,74.4,35.3,5195.0,379.0,1.0001823199904438,0.9895132003101156,0.9719619756537846,1.0110296323855932,2,42,0,4.25
PT_077,21,0.0,21.0,0.0,0.0,0.0,1.0,69.0,F,II,Triple Negative,1.0,5.02,100.0,5.06,34.71,76.0,57.7,7434.0,391.0,1.027237354085603,0.9704776762499071,0.9331442794640235,1.0082782222633306,1,21,1,0.17
PT_077,21,3.0,24.0,0.0,0.0,0.0,1.0,69.0,F,II,Triple Negative,1.0,5.02,100.0,5.06,34.71,76.0,57.7,7434.0,391.0,1.027237354085603,0.9704776762499071,0.9331442794640235,1.0082782222633306,1,21,1,0.28
PT_077,21,7.0,28.0,0.0,0.0,0.0,1.0,69.0,F,II,Triple Negative,1.0,5.02,100.0,5.06,34.71,76.0,57.7,7434.0,391.0,1.027237354085603,0.9704776762499071,0.9331442794640235,1.0082782222633306,1,21,1,0.15
PT_077,21,14.0,35.0,0.0,0.0,0.0,1.0,69.0,F,II,Triple Negative,1.0,5.02,100.0,5.06,34.71,76.0,57.7,7434.0,391.0,1.027237354085603,0.9704776762499071,0.9331442794640235,1.0082782222633306,1,21,1,0.79
PT_077,42,0.0,15.0,0.0,0.0,0.0,1.0,69.0,F,II,Triple Negative,1.0,5.02,100.0,1.72,51.29,80.3,44.3,5382.0,440.0,1.0599755896795435,0.8291700762306732,0.8410691135234543,1.0155250738764168,2,42,1,0.15
PT_077,42,3.0,18.0,0.0,0.0,0.0,1.0,69.0,F,II,Triple Negative,1.0,5.02,100.0,1.72,51.29,80.3,44.3,5382.0,440.0,1.0599755896795435,0.8291700762306732,0.8410691135234543,1.0155250738764168,2,42,1,0.49
PT_077,42,7.0,22.0,0.0,0.0,0.0,1.0,69.0,F,II,Triple Negative,1.0,5.02,100.0,1.72,51.29,80.3,44.3,5382.0,440.0,1.0599755896795435,0.8291700762306732,0.8410691135234543,1.0155250738764168,2,42,1,0.43
PT_077,42,14.0,29.0,0.0,0.0,0.0,1.0,69.0,F,II,Triple Negative,1.0,5.02,100.0,1.72,51.29,80.3,44.3,5382.0,440.0,1.0599755896795435,0.8291700762306732,0.8410691135234543,1.0155250738764168,2,42,1,0.7
PT_078,21,0.0,21.0,0.0,0.0,0.0,1.0,50.0,F,II,ER+/PR+,0.0,5.86,100.0,6.02,34.71,76.8,47.8,9346.0,474.0,0.9728227697645282,1.0379829022833027,1.0269207952101316,1.0374277502289884,1,21,0,4.45
PT_078,21,3.0,24.0,0.0,0.0,0.0,1.0,50.0,F,II,ER+/PR+,0.0,5.86,100.0,6.02,34.71,76.8,47.8,9346.0,474.0,0.9728227697645282,1.0379829022833027,1.0269207952101316,1.0374277502289884,1,21,0,4.72
PT_078,21,7.0,28.0,0.0,0.0,0.0,1.0,50.0,F,II,ER+/PR+,0.0,5.86,100.0,6.02,34.71,76.8,47.8,9346.0,474.0,0.9728227697645282,1.0379829022833027,1.0269207952101316,1.0374277502289884,1,21,0,4.81
PT_078,21,14.0,35.0,0.0,0.0,0.0,1.0,50.0,F,II,ER+/PR+,0.0,5.86,100.0,6.02,34.71,76.8,47.8,9346.0,474.0,0.9728227697645282,1.0379829022833027,1.0269207952101316,1.0374277502289884,1,21,0,4.88
PT_078,42,0.0,10.0,0.0,0.0,1.0,0.0,50.0,F,II,ER+/PR+,0.0,5.86,100.0,4.71,48.96,83.2,42.0,7805.0,356.0,1.0093675819739312,1.0203779647402023,0.9893280987357289,0.9778085991678226,2,42,0,5.37
PT_078,42,3.0,13.0,0.0,0.0,1.0,0.0,50.0,F,II,ER+/PR+,0.0,5.86,100.0,4.71,48.96,83.2,42.0,7805.0,356.0,1.0093675819739312,1.0203779647402023,0.9893280987357289,0.9778085991678226,2,42,0,5.22
PT_078,42,7.0,17.0,0.0,0.0,0.0,1.0,50.0,F,II,ER+/PR+,0.0,5.86,100.0,4.71,48.96,83.2,42.0,7805.0,356.0,1.0093675819739312,1.0203779647402023,0.9893280987357289,0.9778085991678226,2,42,0,5.34
PT_078,42,14.0,24.0,0.0,0.0,0.0,1.0,50.0,F,II,ER+/PR+,0.0,5.86,100.0,4.71,48.96,83.2,42.0,7805.0,356.0,1.0093675819739312,1.0203779647402023,0.9893280987357289,0.9778085991678226,2,42,0,5.43
PT_079,21,0.0,21.0,0.0,0.0,0.0,1.0,45.0,F,II,ER+/PR+,1.0,6.35,100.0,6.31,34.71,72.1,51.3,7692.0,474.0,0.9813824884792628,1.0333442301405689,1.0505668390021174,1.0093026470384963,1,21,0,3.87
PT_079,21,3.0,24.0,0.0,0.0,0.0,1.0,45.0,F,II,ER+/PR+,1.0,6.35,100.0,6.31,34.71,72.1,51.3,7692.0,474.0,0.9813824884792628,1.0333442301405689,1.0505668390021174,1.0093026470384963,1,21,0,3.88
PT_079,21,7.0,28.0,0.0,0.0,0.0,1.0,45.0,F,II,ER+/PR+,1.0,6.35,100.0,6.31,34.71,72.1,51.3,7692.0,474.0,0.9813824884792628,1.0333442301405689,1.0505668390021174,1.0093026470384963,1,21,0,4.36
PT_079,21,14.0,35.0,0.0,0.0,0.0,1.0,45.0,F,II,ER+/PR+,1.0,6.35,100.0,6.31,34.71,72.1,51.3,7692.0,474.0,0.9813824884792628,1.0333442301405689,1.0505668390021174,1.0093026470384963,1,21,0,4.34
PT_079,42,0.0,10.0,0.0,0.0,1.0,0.0,45.0,F,II,ER+/PR+,1.0,6.35,100.0,3.63,48.96,80.7,39.4,5222.0,459.0,1.03430209449938,0.8999246136449303,0.886215873857249,1.0296462528789938,2,42,0,3.81
PT_079,42,3.0,13.0,0.0,0.0,1.0,0.0,45.0,F,II,ER+/PR+,1.0,6.35,100.0,3.63,48.96,80.7,39.4,5222.0,459.0,1.03430209449938,0.8999246136449303,0.886215873857249,1.0296462528789938,2,42,0,4.21
PT_079,42,7.0,17.0,0.0,0.0,0.0,1.0,45.0,F,II,ER+/PR+,1.0,6.35,100.0,3.63,48.96,80.7,39.4,5222.0,459.0,1.03430209449938,0.8999246136449303,0.886215873857249,1.0296462528789938,2,42,0,4.31
PT_079,42,14.0,24.0,0.0,0.0,0.0,1.0,45.0,F,II,ER+/PR+,1.0,6.35,100.0,3.63,48.96,80.7,39.4,5222.0,459.0,1.03430209449938,0.8999246136449303,0.886215873857249,1.0296462528789938,2,42,0,4.64
PT_080,21,0.0,21.0,0.0,0.0,0.0,1.0,74.0,F,II,ER+/PR+,0.0,4.07,100.0,4.12,34.71,61.0,43.7,7170.0,429.0,1.0045378900175512,0.97686823951662,1.0124875167303116,0.9945790179463038,1,21,0,1.92
PT_080,21,3.0,24.0,0.0,0.0,0.0,1.0,74.0,F,II,ER+/PR+,0.0,4.07,100.0,4.12,34.71,61.0,43.7,7170.0,429.0,1.0045378900175512,0.97686823951662,1.0124875167303116,0.9945790179463038,1,21,0,2.16
PT_080,21,7.0,28.0,0.0,0.0,0.0,1.0,74.0,F,II,ER+/PR+,0.0,4.07,100.0,4.12,34.71,61.0,43.7,7170.0,429.0,1.0045378900175512,0.97686823951662,1.0124875167303116,0.9945790179463038,1,21,0,2.22
PT_080,21,14.0,35.0,0.0,0.0,0.0,1.0,74.0,F,II,ER+/PR+,0.0,4.07,100.0,4.12,34.71,61.0,43.7,7170.0,429.0,1.0045378900175512,0.97686823951662,1.0124875167303116,0.9945790179463038,1,21,0,2.62
PT_080,42,0.0,8.0,0.0,0.0,1.0,0.0,74.0,F,II,ER+/PR+,0.0,4.07,100.0,2.47,47.93,75.2,38.8,5103.0,439.0,1.0280251350214173,0.9680526569272756,0.9259905857706129,1.0264039840887023,2,42,0,2.88
PT_080,42,3.0,11.0,0.0,0.0,1.0,0.0,74.0,F,II,ER+/PR+,0.0,4.07,100.0,2.47,47.93,75.2,38.8,5103.0,439.0,1.0280251350214173,0.9680526569272756,0.9259905857706129,1.0264039840887023,2,42,0,3.05
PT_080,42,7.0,15.0,0.0,0.0,0.0,1.0,74.0,F,II,ER+/PR+,0.0,4.07,100.0,2.47,47.93,75.2,38.8,5103.0,439.0,1.0280251350214173,0.9680526569272756,0.9259905857706129,1.0264039840887023,2,42,0,3.19
PT_080,42,14.0,22.0,0.0,0.0,0.0,1.0,74.0,F,II,ER+/PR+,0.0,4.07,100.0,2.47,47.93,75.2,38.8,5103.0,439.0,1.0280251350214173,0.9680526569272756,0.9259905857706129,1.0264039840887023,2,42,0,3.29
PT_081,21,0.0,21.0,0.0,0.0,0.0,1.0,47.0,M,IV,Triple Negative,0.0,3.64,100.0,3.71,54.8,64.9,54.3,4326.0,501.0,1.0227424095764992,1.0001352102519416,0.934868046414802,1.0383775625338862,1,21,1,0.55
PT_081,21,3.0,24.0,0.0,0.0,0.0,1.0,47.0,M,IV,Triple Negative,0.0,3.64,100.0,3.71,54.8,64.9,54.3,4326.0,501.0,1.0227424095764992,1.0001352102519416,0.934868046414802,1.0383775625338862,1,21,0,1.02
PT_081,21,7.0,28.0,0.0,0.0,0.0,1.0,47.0,M,IV,Triple Negative,0.0,3.64,100.0,3.71,54.8,64.9,54.3,4326.0,501.0,1.0227424095764992,1.0001352102519416,0.934868046414802,1.0383775625338862,1,21,0,1.12
PT_081,21,14.0,35.0,0.0,0.0,0.0,1.0,47.0,M,IV,Triple Negative,0.0,3.64,100.0,3.71,54.8,64.9,54.3,4326.0,501.0,1.0227424095764992,1.0001352102519416,0.934868046414802,1.0383775625338862,1,21,0,1.61
PT_081,42,0.0,10.0,0.0,0.0,1.0,0.0,47.0,M,IV,Triple Negative,0.0,3.64,100.0,0.57,59.72,78.0,40.8,3077.0,423.0,1.0818591834877889,0.8149915345544098,0.6518555541024702,1.0022257751026677,2,42,0,2.17
PT_081,42,3.0,13.0,0.0,0.0,1.0,0.0,47.0,M,IV,Triple Negative,0.0,3.64,100.0,0.57,59.72,78.0,40.8,3077.0,423.0,1.0818591834877889,0.8149915345544098,0.6518555541024702,1.0022257751026677,2,42,0,2.42
PT_081,42,7.0,17.0,0.0,0.0,0.0,1.0,47.0,M,IV,Triple Negative,0.0,3.64,100.0,0.57,59.72,78.0,40.8,3077.0,423.0,1.0818591834877889,0.8149915345544098,0.6518555541024702,1.0022257751026677,2,42,0,2.54
PT_081,42,14.0,24.0,0.0,0.0,0.0,1.0,47.0,M,IV,Triple Negative,0.0,3.64,100.0,0.57,59.72,78.0,40.8,3077.0,423.0,1.0818591834877889,0.8149915345544098,0.6518555541024702,1.0022257751026677,2,42,0,2.82
PT_082,21,0.0,21.0,0.0,0.0,0.0,1.0,53.0,F,II,Triple Negative,0.0,4.37,100.0,4.27,34.71,72.0,53.0,5816.0,545.0,1.0421033699046747,0.9533713999319813,0.8754434079141034,1.0055442148111464,1,21,1,0.79
PT_082,21,3.0,24.0,0.0,0.0,0.0,1.0,53.0,F,II,Triple Negative,0.0,4.37,100.0,4.27,34.71,72.0,53.0,5816.0,545.0,1.0421033699046747,0.9533713999319813,0.8754434079141034,1.0055442148111464,1,21,0,1.26
PT_082,21,7.0,28.0,0.0,0.0,0.0,1.0,53.0,F,II,Triple Negative,0.0,4.37,100.0,4.27,34.71,72.0,53.0,5816.0,545.0,1.0421033699046747,0.9533713999319813,0.8754434079141034,1.0055442148111464,1,21,1,0.86
PT_082,21,14.0,35.0,0.0,0.0,0.0,1.0,53.0,F,II,Triple Negative,0.0,4.37,100.0,4.27,34.71,72.0,53.0,5816.0,545.0,1.0421033699046747,0.9533713999319813,0.8754434079141034,1.0055442148111464,1,21,0,1.8
PT_082,42,0.0,7.0,0.0,1.0,0.0,0.0,53.0,F,II,Triple Negative,0.0,4.37,100.0,0.74,47.39,84.2,32.8,3409.0,516.0,1.1009073680233512,0.7079600320156981,0.5924651289999088,0.9917158720366617,2,42,1,0.35
PT_082,42,3.0,10.0,0.0,0.0,1.0,0.0,53.0,F,II,Triple Negative,0.0,4.37,100.0,0.74,47.39,84.2,32.8,3409.0,516.0,1.1009073680233512,0.7079600320156981,0.5924651289999088,0.9917158720366617,2,42,1,0.8
PT_082,42,7.0,14.0,0.0,0.0,1.0,0.0,53.0,F,II,Triple Negative,0.0,4.37,100.0,0.74,47.39,84.2,32.8,3409.0,516.0,1.1009073680233512,0.7079600320156981,0.5924651289999088,0.9917158720366617,2,42,0,1.3
PT_082,42,14.0,21.0,0.0,0.0,0.0,1.0,53.0,F,II,Triple Negative,0.0,4.37,100.0,0.74,47.39,84.2,32.8,3409.0,516.0,1.1009073680233512,0.7079600320156981,0.5924651289999088,0.9917158720366617,2,42,0,1.74
PT_083,21,0.0,21.0,0.0,0.0,0.0,1.0,55.0,F,II,HER2+,1.0,3.87,100.0,4.04,34.71,59.5,43.9,6401.0,325.0,0.9947473026689382,1.0517516671362823,1.0370973446602914,0.9677761288954845,1,21,0,1.52
PT_083,21,3.0,24.0,0.0,0.0,0.0,1.0,55.0,F,II,HER2+,1.0,3.87,100.0,4.04,34.71,59.5,43.9,6401.0,325.0,0.9947473026689382,1.0517516671362823,1.0370973446602914,0.9677761288954845,1,21,0,2.09
PT_083,21,7.0,28.0,0.0,0.0,0.0,1.0,55.0,F,II,HER2+,1.0,3.87,100.0,4.04,34.71,59.5,43.9,6401.0,325.0,0.9947473026689382,1.0517516671362823,1.0370973446602914,0.9677761288954845,1,21,0,2.03
PT_083,21,14.0,35.0,0.0,0.0,0.0,1.0,55.0,F,II,HER2+,1.0,3.87,100.0,4.04,34.71,59.5,43.9,6401.0,325.0,0.9947473026689382,1.0517516671362823,1.0370973446602914,0.9677761288954845,1,21,0,2.48
PT_083,42,0.0,7.0,0.0,1.0,0.0,0.0,55.0,F,II,HER2+,1.0,3.87,100.0,0.28,47.39,78.5,18.3,3379.0,408.0,1.1687736419501358,0.6056326978896995,0.62408207106688,0.9652630054906504,2,42,1,0.82
PT_083,42,3.0,10.0,0.0,0.0,1.0,0.0,55.0,F,II,HER2+,1.0,3.87,100.0,0.28,47.39,78.5,18.3,3379.0,408.0,1.1687736419501358,0.6056326978896995,0.62408207106688,0.9652630054906504,2,42,1,0.91
PT_083,42,7.0,14.0,0.0,0.0,1.0,0.0,55.0,F,II,HER2+,1.0,3.87,100.0,0.28,47.39,78.5,18.3,3379.0,408.0,1.1687736419501358,0.6056326978896995,0.62408207106688,0.9652630054906504,2,42,0,1.08
PT_083,42,14.0,21.0,0.0,0.0,0.0,1.0,55.0,F,II,HER2+,1.0,3.87,100.0,0.28,47.39,78.5,18.3,3379.0,408.0,1.1687736419501358,0.6056326978896995,0.62408207106688,0.9652630054906504,2,42,0,1.39
PT_084,21,0.0,21.0,0.0,0.0,0.0,1.0,54.0,M,III,ER+/PR+,0.0,5.08,100.0,5.06,45.02,55.4,36.9,8951.0,426.0,0.9670171233838577,1.0376303645123908,1.0416256124903416,0.9773289557626775,1,21,0,3.68
PT_084,21,3.0,24.0,0.0,0.0,0.0,1.0,54.0,M,III,ER+/PR+,0.0,5.08,100.0,5.06,45.02,55.4,36.9,8951.0,426.0,0.9670171233838577,1.0376303645123908,1.0416256124903416,0.9773289557626775,1,21,0,3.93
PT_084,21,7.0,28.0,0.0,0.0,0.0,1.0,54.0,M,III,ER+/PR+,0.0,5.08,100.0,5.06,45.02,55.4,36.9,8951.0,426.0,0.9670171233838577,1.0376303645123908,1.0416256124903416,0.9773289557626775,1,21,0,4.08
PT_084,21,14.0,35.0,0.0,0.0,0.0,1.0,54.0,M,III,ER+/PR+,0.0,5.08,100.0,5.06,45.02,55.4,36.9,8951.0,426.0,0.9670171233838577,1.0376303645123908,1.0416256124903416,0.9773289557626775,1,21,0,4.09
PT_084,42,0.0,12.0,0.0,0.0,1.0,0.0,54.0,M,III,ER+/PR+,0.0,5.08,100.0,3.94,55.93,67.4,31.9,7789.0,433.0,1.078863956881746,0.7446639631708832,0.8122892548702959,1.0264032173456898,2,42,0,1.11
PT_084,42,3.0,15.0,0.0,0.0,0.0,1.0,54.0,M,III,ER+/PR+,0.0,5.08,100.0,3.94,55.93,67.4,31.9,7789.0,433.0,1.078863956881746,0.7446639631708832,0.8122892548702959,1.0264032173456898,2,42,0,1.53
PT_084,42,7.0,19.0,0.0,0.0,0.0,1.0,54.0,M,III,ER+/PR+,0.0,5.08,100.0,3.94,55.93,67.4,31.9,7789.0,433.0,1.078863956881746,0.7446639631708832,0.8122892548702959,1.0264032173456898,2,42,0,1.61
PT_084,42,14.0,26.0,0.0,0.0,0.0,1.0,54.0,M,III,ER+/PR+,0.0,5.08,100.0,3.94,55.93,67.4,31.9,7789.0,433.0,1.078863956881746,0.7446639631708832,0.8122892548702959,1.0264032173456898,2,42,0,2.17
PT_085,21,0.0,21.0,0.0,0.0,0.0,1.0,74.0,M,III,HER2+,1.0,6.17,100.0,6.16,45.02,68.1,59.9,5540.0,438.0,0.9773035887487876,0.9991541575973564,1.0117131600798543,0.9952599570713093,1,21,0,3.6
PT_085,21,3.0,24.0,0.0,0.0,0.0,1.0,74.0,M,III,HER2+,1.0,6.17,100.0,6.16,45.02,68.1,59.9,5540.0,438.0,0.9773035887487876,0.9991541575973564,1.0117131600798543,0.9952599570713093,1,21,0,3.83
PT_085,21,7.0,28.0,0.0,0.0,0.0,1.0,74.0,M,III,HER2+,1.0,6.17,100.0,6.16,45.02,68.1,59.9,5540.0,438.0,0.9773035887487876,0.9991541575973564,1.0117131600798543,0.9952599570713093,1,21,0,3.9
PT_085,21,14.0,35.0,0.0,0.0,0.0,1.0,74.0,M,III,HER2+,1.0,6.17,100.0,6.16,45.02,68.1,59.9,5540.0,438.0,0.9773035887487876,0.9991541575973564,1.0117131600798543,0.9952599570713093,1,21,0,4.6
PT_085,42,0.0,19.0,0.0,0.0,0.0,1.0,74.0,M,III,HER2+,1.0,6.17,100.0,4.61,59.27,74.0,57.1,4611.0,441.0,1.0312124849939974,0.9666500146422973,0.9040243702608457,1.0510809665112335,2,42,0,3.48
PT_085,42,3.0,22.0,0.0,0.0,0.0,1.0,74.0,M,III,HER2+,1.0,6.17,100.0,4.61,59.27,74.0,57.1,4611.0,441.0,1.0312124849939974,0.9666500146422973,0.9040243702608457,1.0510809665112335,2,42,0,3.88
PT_085,42,7.0,26.0,0.0,0.0,0.0,1.0,74.0,M,III,HER2+,1.0,6.17,100.0,4.61,59.27,74.0,57.1,4611.0,441.0,1.0312124849939974,0.9666500146422973,0.9040243702608457,1.0510809665112335,2,42,0,4.05
PT_085,42,14.0,33.0,0.0,0.0,0.0,1.0,74.0,M,III,HER2+,1.0,6.17,100.0,4.61,59.27,74.0,57.1,4611.0,441.0,1.0312124849939974,0.9666500146422973,0.9040243702608457,1.0510809665112335,2,42,0,4.24
PT_086,21,0.0,21.0,0.0,0.0,0.0,1.0,70.0,F,II,ER+/PR+,1.0,3.31,100.0,3.34,34.71,68.4,52.5,6082.0,415.0,1.0016627711807244,1.0537003701381447,0.9848895559662509,1.00251607492312,1,21,1,0.15
PT_086,21,3.0,24.0,0.0,0.0,0.0,1.0,70.0,F,II,ER+/PR+,1.0,3.31,100.0,3.34,34.71,68.4,52.5,6082.0,415.0,1.0016627711807244,1.0537003701381447,0.9848895559662509,1.00251607492312,1,21,1,0.37
PT_086,21,7.0,28.0,0.0,0.0,0.0,1.0,70.0,F,II,ER+/PR+,1.0,3.31,100.0,3.34,34.71,68.4,52.5,6082.0,415.0,1.0016627711807244,1.0537003701381447,0.9848895559662509,1.00251607492312,1,21,1,0.57
PT_086,21,14.0,35.0,0.0,0.0,0.0,1.0,70.0,F,II,ER+/PR+,1.0,3.31,100.0,3.34,34.71,68.4,52.5,6082.0,415.0,1.0016627711807244,1.0537003701381447,0.9848895559662509,1.00251607492312,1,21,0,1.34
PT_086,42,0.0,14.0,0.0,0.0,1.0,0.0,70.0,F,II,ER+/PR+,1.0,3.31,100.0,2.34,50.85,75.0,44.3,5988.0,482.0,1.007470257308863,1.0201161518390707,0.9844732278343811,0.9887097826796318,2,42,1,0.51
PT_086,42,3.0,17.0,0.0,0.0,0.0,1.0,70.0,F,II,ER+/PR+,1.0,3.31,100.0,2.34,50.85,75.0,44.3,5988.0,482.0,1.007470257308863,1.0201161518390707,0.9844732278343811,0.9887097826796318,2,42,1,0.67
PT_086,42,7.0,21.0,0.0,0.0,0.0,1.0,70.0,F,II,ER+/PR+,1.0,3.31,100.0,2.34,50.85,75.0,44.3,5988.0,482.0,1.007470257308863,1.0201161518390707,0.9844732278343811,0.9887097826796318,2,42,1,0.78
PT_086,42,14.0,28.0,0.0,0.0,0.0,1.0,70.0,F,II,ER+/PR+,1.0,3.31,100.0,2.34,50.85,75.0,44.3,5988.0,482.0,1.007470257308863,1.0201161518390707,0.9844732278343811,0.9887097826796318,2,42,0,1.33
PT_087,21,0.0,21.0,0.0,0.0,0.0,1.0,58.0,M,III,HER2+,0.0,3.17,100.0,3.27,45.02,62.3,47.6,5464.0,419.0,1.0059189950631964,1.023702074405552,1.0303038515414464,1.0126447240438017,1,21,1,0.15
PT_087,21,3.0,24.0,0.0,0.0,0.0,1.0,58.0,M,III,HER2+,0.0,3.17,100.0,3.27,45.02,62.3,47.6,5464.0,419.0,1.0059189950631964,1.023702074405552,1.0303038515414464,1.0126447240438017,1,21,1,0.15
PT_087,21,7.0,28.0,0.0,0.0,0.0,1.0,58.0,M,III,HER2+,0.0,3.17,100.0,3.27,45.02,62.3,47.6,5464.0,419.0,1.0059189950631964,1.023702074405552,1.0303038515414464,1.0126447240438017,1,21,1,0.15
PT_087,21,14.0,35.0,0.0,0.0,0.0,1.0,58.0,M,III,HER2+,0.0,3.17,100.0,3.27,45.02,62.3,47.6,5464.0,419.0,1.0059189950631964,1.023702074405552,1.0303038515414464,1.0126447240438017,1,21,1,0.37
PT_087,42,0.0,18.0,0.0,0.0,0.0,1.0,58.0,M,III,HER2+,0.0,3.17,100.0,2.07,58.84,72.1,43.1,4584.0,413.0,1.0160139954245728,0.9396842849289251,0.9396004844615795,0.9535943261078884,2,42,1,0.15
PT_087,42,3.0,21.0,0.0,0.0,0.0,1.0,58.0,M,III,HER2+,0.0,3.17,100.0,2.07,58.84,72.1,43.1,4584.0,413.0,1.0160139954245728,0.9396842849289251,0.9396004844615795,0.9535943261078884,2,42,1,0.15
PT_087,42,7.0,25.0,0.0,0.0,0.0,1.0,58.0,M,III,HER2+,0.0,3.17,100.0,2.07,58.84,72.1,43.1,4584.0,413.0,1.0160139954245728,0.9396842849289251,0.9396004844615795,0.9535943261078884,2,42,1,0.59
PT_087,42,14.0,32.0,0.0,0.0,0.0,1.0,58.0,M,III,HER2+,0.0,3.17,100.0,2.07,58.84,72.1,43.1,4584.0,413.0,1.0160139954245728,0.9396842849289251,0.9396004844615795,0.9535943261078884,2,42,0,1.08
PT_088,21,0.0,21.0,0.0,0.0,0.0,1.0,44.0,F,III,ER+/PR+,1.0,3.75,100.0,3.71,45.02,76.3,43.6,6366.0,462.0,0.9689397310215154,1.123155975468258,1.1067736668034347,1.0199175824175823,1,21,0,1.87
PT_088,21,3.0,24.0,0.0,0.0,0.0,1.0,44.0,F,III,ER+/PR+,1.0,3.75,100.0,3.71,45.02,76.3,43.6,6366.0,462.0,0.9689397310215154,1.123155975468258,1.1067736668034347,1.0199175824175823,1,21,0,1.7
PT_088,21,7.0,28.0,0.0,0.0,0.0,1.0,44.0,F,III,ER+/PR+,1.0,3.75,100.0,3.71,45.02,76.3,43.6,6366.0,462.0,0.9689397310215154,1.123155975468258,1.1067736668034347,1.0199175824175823,1,21,0,2.0
PT_088,21,14.0,35.0,0.0,0.0,0.0,1.0,44.0,F,III,ER+/PR+,1.0,3.75,100.0,3.71,45.02,76.3,43.6,6366.0,462.0,0.9689397310215154,1.123155975468258,1.1067736668034347,1.0199175824175823,1,21,0,2.39
PT_088,42,0.0,12.0,0.0,0.0,1.0,0.0,44.0,F,III,ER+/PR+,1.0,3.75,100.0,0.78,55.93,94.7,23.3,2882.0,542.0,1.0913604608602936,0.6178790534618757,0.5866273519915263,0.9791394042029097,2,42,1,0.68
PT_088,42,3.0,15.0,0.0,0.0,0.0,1.0,44.0,F,III,ER+/PR+,1.0,3.75,100.0,0.78,55.93,94.7,23.3,2882.0,542.0,1.0913604608602936,0.6178790534618757,0.5866273519915263,0.9791394042029097,2,42,1,0.58
PT_088,42,7.0,19.0,0.0,0.0,0.0,1.0,44.0,F,III,ER+/PR+,1.0,3.75,100.0,0.78,55.93,94.7,23.3,2882.0,542.0,1.0913604608602936,0.6178790534618757,0.5866273519915263,0.9791394042029097,2,42,1,0.97
PT_088,42,14.0,26.0,0.0,0.0,0.0,1.0,44.0,F,III,ER+/PR+,1.0,3.75,100.0,0.78,55.93,94.7,23.3,2882.0,542.0,1.0913604608602936,0.6178790534618757,0.5866273519915263,0.9791394042029097,2,42,0,1.5
PT_089,21,0.0,21.0,0.0,0.0,0.0,1.0,74.0,F,II,ER+/PR+,0.0,5.49,100.0,5.48,34.71,77.7,49.5,6781.0,487.0,1.022963573525371,0.9071337347199415,0.9199576773166697,0.9867370909143967,1,21,0,2.07
PT_089,21,3.0,24.0,0.0,0.0,0.0,1.0,74.0,F,II,ER+/PR+,0.0,5.49,100.0,5.48,34.71,77.7,49.5,6781.0,487.0,1.022963573525371,0.9071337347199415,0.9199576773166697,0.9867370909143967,1,21,0,2.48
PT_089,21,7.0,28.0,0.0,0.0,0.0,1.0,74.0,F,II,ER+/PR+,0.0,5.49,100.0,5.48,34.71,77.7,49.5,6781.0,487.0,1.022963573525371,0.9071337347199415,0.9199576773166697,0.9867370909143967,1,21,0,2.42
PT_089,21,14.0,35.0,0.0,0.0,0.0,1.0,74.0,F,II,ER+/PR+,0.0,5.49,100.0,5.48,34.71,77.7,49.5,6781.0,487.0,1.022963573525371,0.9071337347199415,0.9199576773166697,0.9867370909143967,1,21,0,3.23
PT_089,42,0.0,17.0,0.0,0.0,0.0,1.0,74.0,F,II,ER+/PR+,0.0,5.49,100.0,3.55,52.12,81.8,37.0,5995.0,441.0,0.9826986503371344,1.0914472935193738,1.0573826123934877,0.9723647088997178,2,42,0,3.64
PT_089,42,3.0,20.0,0.0,0.0,0.0,1.0,74.0,F,II,ER+/PR+,0.0,5.49,100.0,3.55,52.12,81.8,37.0,5995.0,441.0,0.9826986503371344,1.0914472935193738,1.0573826123934877,0.9723647088997178,2,42,0,3.62
PT_089,42,7.0,24.0,0.0,0.0,0.0,1.0,74.0,F,II,ER+/PR+,0.0,5.49,100.0,3.55,52.12,81.8,37.0,5995.0,441.0,0.9826986503371344,1.0914472935193738,1.0573826123934877,0.9723647088997178,2,42,0,3.97
PT_089,42,14.0,31.0,0.0,0.0,0.0,1.0,74.0,F,II,ER+/PR+,0.0,5.49,100.0,3.55,52.12,81.8,37.0,5995.0,441.0,0.9826986503371344,1.0914472935193738,1.0573826123934877,0.9723647088997178,2,42,0,4.51
PT_090,21,0.0,21.0,0.0,0.0,0.0,1.0,30.0,M,IV,HER2+,0.0,4.99,100.0,4.92,54.8,74.3,52.9,8559.0,333.0,1.01208081470048,0.9942450914014894,0.9756589862781387,0.9771880171360522,1,21,0,3.2
PT_090,21,3.0,24.0,0.0,0.0,0.0,1.0,30.0,M,IV,HER2+,0.0,4.99,100.0,4.92,54.8,74.3,52.9,8559.0,333.0,1.01208081470048,0.9942450914014894,0.9756589862781387,0.9771880171360522,1,21,0,3.27
PT_090,21,7.0,28.0,0.0,0.0,0.0,1.0,30.0,M,IV,HER2+,0.0,4.99,100.0,4.92,54.8,74.3,52.9,8559.0,333.0,1.01208081470048,0.9942450914014894,0.9756589862781387,0.9771880171360522,1,21,0,3.42
PT_090,21,14.0,35.0,0.0,0.0,0.0,1.0,30.0,M,IV,HER2+,0.0,4.99,100.0,4.92,54.8,74.3,52.9,8559.0,333.0,1.01208081470048,0.9942450914014894,0.9756589862781387,0.9771880171360522,1,21,0,3.84
PT_090,42,0.0,13.0,0.0,0.0,1.0,0.0,30.0,M,IV,HER2+,0.0,4.99,100.0,4.11,61.49,71.0,50.7,8846.0,432.0,1.0310017967455414,0.91211830445335,0.9405562505615724,0.9862404218505397,2,42,0,2.96
PT_090,42,3.0,16.0,0.0,0.0,0.0,1.0,30.0,M,IV,HER2+,0.0,4.99,100.0,4.11,61.49,71.0,50.7,8846.0,432.0,1.0310017967455414,0.91211830445335,0.9405562505615724,0.9862404218505397,2,42,0,2.97
PT_090,42,7.0,20.0,0.0,0.0,0.0,1.0,30.0,M,IV,HER2+,0.0,4.99,100.0,4.11,61.49,71.0,50.7,8846.0,432.0,1.0310017967455414,0.91211830445335,0.9405562505615724,0.9862404218505397,2,42,0,3.29
PT_090,42,14.0,27.0,0.0,0.0,0.0,1.0,30.0,M,IV,HER2+,0.0,4.99,100.0,4.11,61.49,71.0,50.7,8846.0,432.0,1.0310017967455414,0.91211830445335,0.9405562505615724,0.9862404218505397,2,42,0,3.61
PT_091,21,0.0,21.0,0.0,0.0,0.0,1.0,54.0,M,IV,ER+/PR+,1.0,3.18,100.0,3.17,54.8,65.2,55.9,7919.0,449.0,0.9693137051627617,1.0662219935782582,1.0029273711587194,0.9937071279451238,1,21,1,0.99
PT_091,21,3.0,24.0,0.0,0.0,0.0,1.0,54.0,M,IV,ER+/PR+,1.0,3.18,100.0,3.17,54.8,65.2,55.9,7919.0,449.0,0.9693137051627617,1.0662219935782582,1.0029273711587194,0.9937071279451238,1,21,0,1.17
PT_091,21,7.0,28.0,0.0,0.0,0.0,1.0,54.0,M,IV,ER+/PR+,1.0,3.18,100.0,3.17,54.8,65.2,55.9,7919.0,449.0,0.9693137051627617,1.0662219935782582,1.0029273711587194,0.9937071279451238,1,21,0,1.04
PT_091,21,14.0,35.0,0.0,0.0,0.0,1.0,54.0,M,IV,ER+/PR+,1.0,3.18,100.0,3.17,54.8,65.2,55.9,7919.0,449.0,0.9693137051627617,1.0662219935782582,1.0029273711587194,0.9937071279451238,1,21,0,1.48
PT_091,42,0.0,20.0,0.0,0.0,0.0,1.0,54.0,M,IV,ER+/PR+,1.0,3.18,100.0,2.96,65.02,65.8,53.1,7985.0,411.0,0.9596354765959402,1.0912032598274208,1.1319661409798514,0.9905723158828749,2,42,0,1.86
PT_091,42,3.0,23.0,0.0,0.0,0.0,1.0,54.0,M,IV,ER+/PR+,1.0,3.18,100.0,2.96,65.02,65.8,53.1,7985.0,411.0,0.9596354765959402,1.0912032598274208,1.1319661409798514,0.9905723158828749,2,42,0,1.67
PT_091,42,7.0,27.0,0.0,0.0,0.0,1.0,54.0,M,IV,ER+/PR+,1.0,3.18,100.0,2.96,65.02,65.8,53.1,7985.0,411.0,0.9596354765959402,1.0912032598274208,1.1319661409798514,0.9905723158828749,2,42,0,1.94
PT_091,42,14.0,34.0,0.0,0.0,0.0,1.0,54.0,M,IV,ER+/PR+,1.0,3.18,100.0,2.96,65.02,65.8,53.1,7985.0,411.0,0.9596354765959402,1.0912032598274208,1.1319661409798514,0.9905723158828749,2,42,0,2.36
PT_092,21,0.0,21.0,0.0,0.0,0.0,1.0,36.0,M,II,ER+/PR+,0.0,6.2,100.0,6.34,34.71,75.6,54.3,6690.0,555.0,1.0000569638279693,1.0219127651060422,1.0088490571372026,0.9758540511536398,1,21,0,3.28
PT_092,21,3.0,24.0,0.0,0.0,0.0,1.0,36.0,M,II,ER+/PR+,0.0,6.2,100.0,6.34,34.71,75.6,54.3,6690.0,555.0,1.0000569638279693,1.0219127651060422,1.0088490571372026,0.9758540511536398,1,21,0,3.69
PT_092,21,7.0,28.0,0.0,0.0,0.0,1.0,36.0,M,II,ER+/PR+,0.0,6.2,100.0,6.34,34.71,75.6,54.3,6690.0,555.0,1.0000569638279693,1.0219127651060422,1.0088490571372026,0.9758540511536398,1,21,0,3.95
PT_092,21,14.0,35.0,0.0,0.0,0.0,1.0,36.0,M,II,ER+/PR+,0.0,6.2,100.0,6.34,34.71,75.6,54.3,6690.0,555.0,1.0000569638279693,1.0219127651060422,1.0088490571372026,0.9758540511536398,1,21,0,4.25
PT_092,42,0.0,10.0,0.0,0.0,1.0,0.0,36.0,M,II,ER+/PR+,0.0,6.2,100.0,2.98,48.96,85.4,31.7,5515.0,531.0,1.0457608580601911,0.8720329624660104,0.8794460013783728,1.0072314049586777,2,42,0,4.67
PT_092,42,3.0,13.0,0.0,0.0,1.0,0.0,36.0,M,II,ER+/PR+,0.0,6.2,100.0,2.98,48.96,85.4,31.7,5515.0,531.0,1.0457608580601911,0.8720329624660104,0.8794460013783728,1.0072314049586777,2,42,0,4.93
PT_092,42,7.0,17.0,0.0,0.0,0.0,1.0,36.0,M,II,ER+/PR+,0.0,6.2,100.0,2.98,48.96,85.4,31.7,5515.0,531.0,1.0457608580601911,0.8720329624660104,0.8794460013783728,1.0072314049586777,2,42,0,4.58
PT_092,42,14.0,24.0,0.0,0.0,0.0,1.0,36.0,M,II,ER+/PR+,0.0,6.2,100.0,2.98,48.96,85.4,31.7,5515.0,531.0,1.0457608580601911,0.8720329624660104,0.8794460013783728,1.0072314049586777,2,42,0,4.83
PT_093,21,0.0,21.0,0.0,0.0,0.0,1.0,38.0,F,II,ER+/PR+,1.0,5.72,100.0,5.8,34.71,77.1,49.3,5399.0,393.0,1.0120386163042934,1.0309256735506866,1.0030332835993723,0.971834298650516,1,21,0,3.53
PT_093,21,3.0,24.0,0.0,0.0,0.0,1.0,38.0,F,II,ER+/PR+,1.0,5.72,100.0,5.8,34.71,77.1,49.3,5399.0,393.0,1.0120386163042934,1.0309256735506866,1.0030332835993723,0.971834298650516,1,21,0,3.78
PT_093,21,7.0,28.0,0.0,0.0,0.0,1.0,38.0,F,II,ER+/PR+,1.0,5.72,100.0,5.8,34.71,77.1,49.3,5399.0,393.0,1.0120386163042934,1.0309256735506866,1.0030332835993723,0.971834298650516,1,21,0,3.81
PT_093,21,14.0,35.0,0.0,0.0,0.0,1.0,38.0,F,II,ER+/PR+,1.0,5.72,100.0,5.8,34.71,77.1,49.3,5399.0,393.0,1.0120386163042934,1.0309256735506866,1.0030332835993723,0.971834298650516,1,21,0,4.36
PT_093,42,0.0,12.0,0.0,0.0,1.0,0.0,38.0,F,II,ER+/PR+,1.0,5.72,100.0,3.53,49.94,79.3,40.1,4237.0,406.0,1.0268359312228827,0.9114094966619156,0.922671930955516,0.9637542922548646,2,42,0,4.92
PT_093,42,3.0,15.0,0.0,0.0,0.0,1.0,38.0,F,II,ER+/PR+,1.0,5.72,100.0,3.53,49.94,79.3,40.1,4237.0,406.0,1.0268359312228827,0.9114094966619156,0.922671930955516,0.9637542922548646,2,42,0,4.85
PT_093,42,7.0,19.0,0.0,0.0,0.0,1.0,38.0,F,II,ER+/PR+,1.0,5.72,100.0,3.53,49.94,79.3,40.1,4237.0,406.0,1.0268359312228827,0.9114094966619156,0.922671930955516,0.9637542922548646,2,42,0,4.91
PT_093,42,14.0,26.0,0.0,0.0,0.0,1.0,38.0,F,II,ER+/PR+,1.0,5.72,100.0,3.53,49.94,79.3,40.1,4237.0,406.0,1.0268359312228827,0.9114094966619156,0.922671930955516,0.9637542922548646,2,42,0,4.96
PT_094,21,0.0,21.0,0.0,0.0,0.0,1.0,53.0,M,IV,ER+/PR+,1.0,2.89,100.0,2.89,54.8,73.8,29.4,5711.0,373.0,1.0304664571011426,0.7616459627329192,0.7731402680219596,0.9840221282134722,1,21,1,0.15
PT_094,21,3.0,24.0,0.0,0.0,0.0,1.0,53.0,M,IV,ER+/PR+,1.0,2.89,100.0,2.89,54.8,73.8,29.4,5711.0,373.0,1.0304664571011426,0.7616459627329192,0.7731402680219596,0.9840221282134722,1,21,1,0.15
PT_094,21,7.0,28.0,0.0,0.0,0.0,1.0,53.0,M,IV,ER+/PR+,1.0,2.89,100.0,2.89,54.8,73.8,29.4,5711.0,373.0,1.0304664571011426,0.7616459627329192,0.7731402680219596,0.9840221282134722,1,21,1,0.15
PT_094,21,14.0,35.0,0.0,0.0,0.0,1.0,53.0,M,IV,ER+/PR+,1.0,2.89,100.0,2.89,54.8,73.8,29.4,5711.0,373.0,1.0304664571011426,0.7616459627329192,0.7731402680219596,0.9840221282134722,1,21,1,0.15
PT_094,42,0.0,15.0,0.0,0.0,0.0,1.0,53.0,M,IV,ER+/PR+,1.0,2.89,100.0,0.15,62.58,86.5,22.6,2807.0,441.0,1.0331843713767912,0.9233101206036773,0.8744060307628663,1.0569437280328204,2,42,0,1.06
PT_094,42,3.0,18.0,0.0,0.0,0.0,1.0,53.0,M,IV,ER+/PR+,1.0,2.89,100.0,0.15,62.58,86.5,22.6,2807.0,441.0,1.0331843713767912,0.9233101206036773,0.8744060307628663,1.0569437280328204,2,42,0,1.37
PT_094,42,7.0,22.0,0.0,0.0,0.0,1.0,53.0,M,IV,ER+/PR+,1.0,2.89,100.0,0.15,62.58,86.5,22.6,2807.0,441.0,1.0331843713767912,0.9233101206036773,0.8744060307628663,1.0569437280328204,2,42,0,1.23
PT_094,42,14.0,29.0,0.0,0.0,0.0,1.0,53.0,M,IV,ER+/PR+,1.0,2.89,100.0,0.15,62.58,86.5,22.6,2807.0,441.0,1.0331843713767912,0.9233101206036773,0.8744060307628663,1.0569437280328204,2,42,0,1.11
PT_095,21,0.0,21.0,0.0,0.0,0.0,1.0,30.0,M,III,HER2+,1.0,5.21,100.0,5.2,45.02,65.9,56.5,7550.0,503.0,0.9769535562382866,1.0121493657316418,1.0310181912724141,1.0149640138766634,1,21,0,4.49
PT_095,21,3.0,24.0,0.0,0.0,0.0,1.0,30.0,M,III,HER2+,1.0,5.21,100.0,5.2,45.02,65.9,56.5,7550.0,503.0,0.9769535562382866,1.0121493657316418,1.0310181912724141,1.0149640138766634,1,21,0,4.42
PT_095,21,7.0,28.0,0.0,0.0,0.0,1.0,30.0,M,III,HER2+,1.0,5.21,100.0,5.2,45.02,65.9,56.5,7550.0,503.0,0.9769535562382866,1.0121493657316418,1.0310181912724141,1.0149640138766634,1,21,0,4.45
PT_095,21,14.0,35.0,0.0,0.0,0.0,1.0,30.0,M,III,HER2+,1.0,5.21,100.0,5.2,45.02,65.9,56.5,7550.0,503.0,0.9769535562382866,1.0121493657316418,1.0310181912724141,1.0149640138766634,1,21,0,4.54
PT_095,42,0.0,8.0,0.0,0.0,1.0,0.0,30.0,M,III,HER2+,1.0,5.21,100.0,3.38,53.67,78.6,50.3,5835.0,511.0,1.0512455015564774,0.9503188653669453,0.9442615122907195,0.9921919993957533,2,42,0,3.11
PT_095,42,3.0,11.0,0.0,0.0,1.0,0.0,30.0,M,III,HER2+,1.0,5.21,100.0,3.38,53.67,78.6,50.3,5835.0,511.0,1.0512455015564774,0.9503188653669453,0.9442615122907195,0.9921919993957533,2,42,0,3.15
PT_095,42,7.0,15.0,0.0,0.0,0.0,1.0,30.0,M,III,HER2+,1.0,5.21,100.0,3.38,53.67,78.6,50.3,5835.0,511.0,1.0512455015564774,0.9503188653669453,0.9442615122907195,0.9921919993957533,2,42,0,3.43
PT_095,42,14.0,22.0,0.0,0.0,0.0,1.0,30.0,M,III,HER2+,1.0,5.21,100.0,3.38,53.67,78.6,50.3,5835.0,511.0,1.0512455015564774,0.9503188653669453,0.9442615122907195,0.9921919993957533,2,42,0,3.72
PT_096,21,0.0,21.0,0.0,0.0,0.0,1.0,73.0,M,III,ER+/PR+,1.0,5.65,100.0,5.67,45.02,78.4,54.2,6046.0,494.0,1.0543233588138132,0.905218743744129,0.8902185008633821,0.9716926794318869,1,21,0,1.4
PT_096,21,3.0,24.0,0.0,0.0,0.0,1.0,73.0,M,III,ER+/PR+,1.0,5.65,100.0,5.67,45.02,78.4,54.2,6046.0,494.0,1.0543233588138132,0.905218743744129,0.8902185008633821,0.9716926794318869,1,21,0,1.02
PT_096,21,7.0,28.0,0.0,0.0,0.0,1.0,73.0,M,III,ER+/PR+,1.0,5.65,100.0,5.67,45.02,78.4,54.2,6046.0,494.0,1.0543233588138132,0.905218743744129,0.8902185008633821,0.9716926794318869,1,21,0,1.24
PT_096,21,14.0,35.0,0.0,0.0,0.0,1.0,73.0,M,III,ER+/PR+,1.0,5.65,100.0,5.67,45.02,78.4,54.2,6046.0,494.0,1.0543233588138132,0.905218743744129,0.8902185008633821,0.9716926794318869,1,21,0,2.07
PT_096,42,0.0,20.0,0.0,0.0,0.0,1.0,73.0,M,III,ER+/PR+,1.0,5.65,100.0,3.2,59.68,80.7,48.1,5497.0,429.0,0.9632847772382659,1.0455332700150846,1.1460982913510658,0.9718934911242603,2,42,0,3.02
PT_096,42,3.0,23.0,0.0,0.0,0.0,1.0,73.0,M,III,ER+/PR+,1.0,5.65,100.0,3.2,59.68,80.7,48.1,5497.0,429.0,0.9632847772382659,1.0455332700150846,1.1460982913510658,0.9718934911242603,2,42,0,3.4
PT_096,42,7.0,27.0,0.0,0.0,0.0,1.0,73.0,M,III,ER+/PR+,1.0,5.65,100.0,3.2,59.68,80.7,48.1,5497.0,429.0,0.9632847772382659,1.0455332700150846,1.1460982913510658,0.9718934911242603,2,42,0,3.16
PT_096,42,14.0,34.0,0.0,0.0,0.0,1.0,73.0,M,III,ER+/PR+,1.0,5.65,100.0,3.2,59.68,80.7,48.1,5497.0,429.0,0.9632847772382659,1.0455332700150846,1.1460982913510658,0.9718934911242603,2,42,0,3.47
PT_097,21,0.0,21.0,0.0,0.0,0.0,1.0,37.0,M,III,ER+/PR+,1.0,4.19,100.0,4.29,45.02,79.1,60.9,5798.0,418.0,0.9902654130959314,1.033666296707362,1.092205045875519,0.9812822270573156,1,21,0,2.54
PT_097,21,3.0,24.0,0.0,0.0,0.0,1.0,37.0,M,III,ER+/PR+,1.0,4.19,100.0,4.29,45.02,79.1,60.9,5798.0,418.0,0.9902654130959314,1.033666296707362,1.092205045875519,0.9812822270573156,1,21,0,2.52
PT_097,21,7.0,28.0,0.0,0.0,0.0,1.0,37.0,M,III,ER+/PR+,1.0,4.19,100.0,4.29,45.02,79.1,60.9,5798.0,418.0,0.9902654130959314,1.033666296707362,1.092205045875519,0.9812822270573156,1,21,0,2.64
PT_097,21,14.0,35.0,0.0,0.0,0.0,1.0,37.0,M,III,ER+/PR+,1.0,4.19,100.0,4.29,45.02,79.1,60.9,5798.0,418.0,0.9902654130959314,1.033666296707362,1.092205045875519,0.9812822270573156,1,21,0,2.75
PT_097,42,0.0,11.0,0.0,0.0,1.0,0.0,37.0,M,III,ER+/PR+,1.0,4.19,100.0,3.38,55.39,77.3,55.5,4785.0,461.0,0.9903780562237462,1.0060770869777893,0.965331497306711,1.031034787215257,2,42,0,2.31
PT_097,42,3.0,14.0,0.0,0.0,1.0,0.0,37.0,M,III,ER+/PR+,1.0,4.19,100.0,3.38,55.39,77.3,55.5,4785.0,461.0,0.9903780562237462,1.0060770869777893,0.965331497306711,1.031034787215257,2,42,0,2.21
PT_097,42,7.0,18.0,0.0,0.0,0.0,1.0,37.0,M,III,ER+/PR+,1.0,4.19,100.0,3.38,55.39,77.3,55.5,4785.0,461.0,0.9903780562237462,1.0060770869777893,0.965331497306711,1.031034787215257,2,42,0,2.67
PT_097,42,14.0,25.0,0.0,0.0,0.0,1.0,37.0,M,III,ER+/PR+,1.0,4.19,100.0,3.38,55.39,77.3,55.5,4785.0,461.0,0.9903780562237462,1.0060770869777893,0.965331497306711,1.031034787215257,2,42,0,2.94
PT_098,21,0.0,21.0,0.0,0.0,0.0,1.0,53.0,F,III,ER+/PR+,1.0,3.06,100.0,2.83,45.02,57.1,46.9,6942.0,430.0,0.9969045233323791,1.0541666666666667,1.028657930838734,1.0135309278350515,1,21,1,0.91
PT_098,21,3.0,24.0,0.0,0.0,0.0,1.0,53.0,F,III,ER+/PR+,1.0,3.06,100.0,2.83,45.02,57.1,46.9,6942.0,430.0,0.9969045233323791,1.0541666666666667,1.028657930838734,1.0135309278350515,1,21,0,1.28
PT_098,21,7.0,28.0,0.0,0.0,0.0,1.0,53.0,F,III,ER+/PR+,1.0,3.06,100.0,2.83,45.02,57.1,46.9,6942.0,430.0,0.9969045233323791,1.0541666666666667,1.028657930838734,1.0135309278350515,1,21,0,1.37
PT_098,21,14.0,35.0,0.0,0.0,0.0,1.0,53.0,F,III,ER+/PR+,1.0,3.06,100.0,2.83,45.02,57.1,46.9,6942.0,430.0,0.9969045233323791,1.0541666666666667,1.028657930838734,1.0135309278350515,1,21,0,1.58
PT_098,42,0.0,11.0,0.0,0.0,1.0,0.0,53.0,F,III,ER+/PR+,1.0,3.06,100.0,1.05,55.39,69.4,36.7,5518.0,360.0,1.0244813187926507,0.9091251034378994,0.9100095647003805,0.9602562500709912,2,42,0,1.27
PT_098,42,3.0,14.0,0.0,0.0,1.0,0.0,53.0,F,III,ER+/PR+,1.0,3.06,100.0,1.05,55.39,69.4,36.7,5518.0,360.0,1.0244813187926507,0.9091251034378994,0.9100095647003805,0.9602562500709912,2,42,0,1.53
PT_098,42,7.0,18.0,0.0,0.0,0.0,1.0,53.0,F,III,ER+/PR+,1.0,3.06,100.0,1.05,55.39,69.4,36.7,5518.0,360.0,1.0244813187926507,0.9091251034378994,0.9100095647003805,0.9602562500709912,2,42,0,1.65
PT_098,42,14.0,25.0,0.0,0.0,0.0,1.0,53.0,F,III,ER+/PR+,1.0,3.06,100.0,1.05,55.39,69.4,36.7,5518.0,360.0,1.0244813187926507,0.9091251034378994,0.9100095647003805,0.9602562500709912,2,42,0,2.11
PT_099,21,0.0,21.0,0.0,0.0,0.0,1.0,40.0,F,IV,ER+/PR+,1.0,3.09,100.0,3.05,54.8,67.3,45.2,6423.0,442.0,1.0029368690626297,1.0283675289919714,0.9967083607636603,1.0007359028608223,1,21,0,1.22
PT_099,21,3.0,24.0,0.0,0.0,0.0,1.0,40.0,F,IV,ER+/PR+,1.0,3.09,100.0,3.05,54.8,67.3,45.2,6423.0,442.0,1.0029368690626297,1.0283675289919714,0.9967083607636603,1.0007359028608223,1,21,0,1.57
PT_099,21,7.0,28.0,0.0,0.0,0.0,1.0,40.0,F,IV,ER+/PR+,1.0,3.09,100.0,3.05,54.8,67.3,45.2,6423.0,442.0,1.0029368690626297,1.0283675289919714,0.9967083607636603,1.0007359028608223,1,21,0,1.68
PT_099,21,14.0,35.0,0.0,0.0,0.0,1.0,40.0,F,IV,ER+/PR+,1.0,3.09,100.0,3.05,54.8,67.3,45.2,6423.0,442.0,1.0029368690626297,1.0283675289919714,0.9967083607636603,1.0007359028608223,1,21,0,1.2
PT_099,42,0.0,11.0,0.0,0.0,1.0,0.0,40.0,F,IV,ER+/PR+,1.0,3.09,100.0,0.25,60.33,80.0,15.1,3330.0,442.0,1.0446915503930874,0.7642778621158981,0.8153707176583019,1.0003880126902975,2,42,1,0.81
PT_099,42,3.0,14.0,0.0,0.0,1.0,0.0,40.0,F,IV,ER+/PR+,1.0,3.09,100.0,0.25,60.33,80.0,15.1,3330.0,442.0,1.0446915503930874,0.7642778621158981,0.8153707176583019,1.0003880126902975,2,42,1,0.85
PT_099,42,7.0,18.0,0.0,0.0,0.0,1.0,40.0,F,IV,ER+/PR+,1.0,3.09,100.0,0.25,60.33,80.0,15.1,3330.0,442.0,1.0446915503930874,0.7642778621158981,0.8153707176583019,1.0003880126902975,2,42,1,0.86
PT_099,42,14.0,25.0,0.0,0.0,0.0,1.0,40.0,F,IV,ER+/PR+,1.0,3.09,100.0,0.25,60.33,80.0,15.1,3330.0,442.0,1.0446915503930874,0.7642778621158981,0.8153707176583019,1.0003880126902975,2,42,0,1.39
PT_100,21,0.0,21.0,0.0,0.0,0.0,1.0,46.0,F,IV,HER2+,0.0,3.19,100.0,3.29,54.8,73.6,38.5,5315.0,409.0,1.0452195536941298,0.8678853531934101,0.821000765975478,0.976716171878715,1,21,1,0.15
PT_100,21,3.0,24.0,0.0,0.0,0.0,1.0,46.0,F,IV,HER2+,0.0,3.19,100.0,3.29,54.8,73.6,38.5,5315.0,409.0,1.0452195536941298,0.8678853531934101,0.821000765975478,0.976716171878715,1,21,1,0.15
PT_100,21,7.0,28.0,0.0,0.0,0.0,1.0,46.0,F,IV,HER2+,0.0,3.19,100.0,3.29,54.8,73.6,38.5,5315.0,409.0,1.0452195536941298,0.8678853531934101,0.821000765975478,0.976716171878715,1,21,1,0.58
PT_100,21,14.0,35.0,0.0,0.0,0.0,1.0,46.0,F,IV,HER2+,0.0,3.19,100.0,3.29,54.8,73.6,38.5,5315.0,409.0,1.0452195536941298,0.8678853531934101,0.821000765975478,0.976716171878715,1,21,1,0.66
PT_100,42,0.0,16.0,0.0,0.0,0.0,1.0,46.0,F,IV,HER2+,0.0,3.19,100.0,1.21,63.1,83.8,28.1,4334.0,431.0,1.0729030542031432,0.8138009694895921,0.8238878923415555,0.9991844839201504,2,42,1,0.15
PT_100,42,3.0,19.0,0.0,0.0,0.0,1.0,46.0,F,IV,HER2+,0.0,3.19,100.0,1.21,63.1,83.8,28.1,4334.0,431.0,1.0729030542031432,0.8138009694895921,0.8238878923415555,0.9991844839201504,2,42,1,0.8
PT_100,42,7.0,23.0,0.0,0.0,0.0,1.0,46.0,F,IV,HER2+,0.0,3.19,100.0,1.21,63.1,83.8,28.1,4334.0,431.0,1.0729030542031432,0.8138009694895921,0.8238878923415555,0.9991844839201504,2,42,1,0.61
PT_100,42,14.0,30.0,0.0,0.0,0.0,1.0,46.0,F,IV,HER2+,0.0,3.19,100.0,1.21,63.1,83.8,28.1,4334.0,431.0,1.0729030542031432,0.8138009694895921,0.8238878923415555,0.9991844839201504,2,42,0,1.56
PT_101,21,0.0,21.0,0.0,0.0,0.0,1.0,37.0,M,IV,HER2+,0.0,5.91,100.0,5.84,54.8,74.1,47.2,6913.0,395.0,1.0268647472236319,0.9231284541952772,0.9259075215942824,1.0199029126213592,1,21,0,3.31
PT_101,21,3.0,24.0,0.0,0.0,0.0,1.0,37.0,M,IV,HER2+,0.0,5.91,100.0,5.84,54.8,74.1,47.2,6913.0,395.0,1.0268647472236319,0.9231284541952772,0.9259075215942824,1.0199029126213592,1,21,0,3.68
PT_101,21,7.0,28.0,0.0,0.0,0.0,1.0,37.0,M,IV,HER2+,0.0,5.91,100.0,5.84,54.8,74.1,47.2,6913.0,395.0,1.0268647472236319,0.9231284541952772,0.9259075215942824,1.0199029126213592,1,21,0,3.88
PT_101,21,14.0,35.0,0.0,0.0,0.0,1.0,37.0,M,IV,HER2+,0.0,5.91,100.0,5.84,54.8,74.1,47.2,6913.0,395.0,1.0268647472236319,0.9231284541952772,0.9259075215942824,1.0199029126213592,1,21,0,4.05
PT_101,42,0.0,10.0,0.0,0.0,1.0,0.0,37.0,M,IV,HER2+,0.0,5.91,100.0,4.3,59.72,78.2,43.4,5780.0,344.0,1.071104387291982,0.8539951187244814,0.7774112731778576,0.9729119931534381,2,42,0,3.16
PT_101,42,3.0,13.0,0.0,0.0,1.0,0.0,37.0,M,IV,HER2+,0.0,5.91,100.0,4.3,59.72,78.2,43.4,5780.0,344.0,1.071104387291982,0.8539951187244814,0.7774112731778576,0.9729119931534381,2,42,0,3.58
PT_101,42,7.0,17.0,0.0,0.0,0.0,1.0,37.0,M,IV,HER2+,0.0,5.91,100.0,4.3,59.72,78.2,43.4,5780.0,344.0,1.071104387291982,0.8539951187244814,0.7774112731778576,0.9729119931534381,2,42,0,3.3
PT_101,42,14.0,24.0,0.0,0.0,0.0,1.0,37.0,M,IV,HER2+,0.0,5.91,100.0,4.3,59.72,78.2,43.4,5780.0,344.0,1.071104387291982,0.8539951187244814,0.7774112731778576,0.9729119931534381,2,42,0,3.97
PT_102,21,0.0,21.0,0.0,0.0,0.0,1.0,64.0,M,III,Triple Negative,1.0,6.17,100.0,6.25,45.02,71.3,44.6,7851.0,459.0,0.9852777434120993,1.001206236690444,1.0711201065015747,1.0166922878093243,1,21,0,5.32
PT_102,21,3.0,24.0,0.0,0.0,0.0,1.0,64.0,M,III,Triple Negative,1.0,6.17,100.0,6.25,45.02,71.3,44.6,7851.0,459.0,0.9852777434120993,1.001206236690444,1.0711201065015747,1.0166922878093243,1,21,0,5.25
PT_102,21,7.0,28.0,0.0,0.0,0.0,1.0,64.0,M,III,Triple Negative,1.0,6.17,100.0,6.25,45.02,71.3,44.6,7851.0,459.0,0.9852777434120993,1.001206236690444,1.0711201065015747,1.0166922878093243,1,21,0,5.13
PT_102,21,14.0,35.0,0.0,0.0,0.0,1.0,64.0,M,III,Triple Negative,1.0,6.17,100.0,6.25,45.02,71.3,44.6,7851.0,459.0,0.9852777434120993,1.001206236690444,1.0711201065015747,1.0166922878093243,1,21,0,5.39
PT_102,42,0.0,17.0,0.0,0.0,0.0,1.0,64.0,M,III,Triple Negative,1.0,6.17,100.0,5.31,58.39,71.4,45.4,6739.0,464.0,0.9946216753849554,1.0073736141318763,0.9914590598701108,0.9765609213982623,2,42,0,4.39
PT_102,42,3.0,20.0,0.0,0.0,0.0,1.0,64.0,M,III,Triple Negative,1.0,6.17,100.0,5.31,58.39,71.4,45.4,6739.0,464.0,0.9946216753849554,1.0073736141318763,0.9914590598701108,0.9765609213982623,2,42,0,4.61
PT_102,42,7.0,24.0,0.0,0.0,0.0,1.0,64.0,M,III,Triple Negative,1.0,6.17,100.0,5.31,58.39,71.4,45.4,6739.0,464.0,0.9946216753849554,1.0073736141318763,0.9914590598701108,0.9765609213982623,2,42,0,4.98
PT_102,42,14.0,31.0,0.0,0.0,0.0,1.0,64.0,M,III,Triple Negative,1.0,6.17,100.0,5.31,58.39,71.4,45.4,6739.0,464.0,0.9946216753849554,1.0073736141318763,0.9914590598701108,0.9765609213982623,2,42,0,5.14
PT_103,21,0.0,21.0,0.0,0.0,0.0,1.0,64.0,F,III,ER+/PR+,1.0,3.25,100.0,3.34,45.02,69.8,40.0,6631.0,457.0,0.9767340012043577,1.0445981397567374,1.1821057344495371,0.9950080471371288,1,21,0,2.15
PT_103,21,3.0,24.0,0.0,0.0,0.0,1.0,64.0,F,III,ER+/PR+,1.0,3.25,100.0,3.34,45.02,69.8,40.0,6631.0,457.0,0.9767340012043577,1.0445981397567374,1.1821057344495371,0.9950080471371288,1,21,0,2.41
PT_103,21,7.0,28.0,0.0,0.0,0.0,1.0,64.0,F,III,ER+/PR+,1.0,3.25,100.0,3.34,45.02,69.8,40.0,6631.0,457.0,0.9767340012043577,1.0445981397567374,1.1821057344495371,0.9950080471371288,1,21,0,2.47
PT_103,21,14.0,35.0,0.0,0.0,0.0,1.0,64.0,F,III,ER+/PR+,1.0,3.25,100.0,3.34,45.02,69.8,40.0,6631.0,457.0,0.9767340012043577,1.0445981397567374,1.1821057344495371,0.9950080471371288,1,21,0,2.49
PT_103,42,0.0,10.0,0.0,0.0,1.0,0.0,64.0,F,III,ER+/PR+,1.0,3.25,100.0,1.92,54.84,78.6,33.0,4734.0,462.0,1.0309152500991852,0.8957762449211,0.9641311781794051,0.9882992060175512,2,42,0,1.65
PT_103,42,3.0,13.0,0.0,0.0,1.0,0.0,64.0,F,III,ER+/PR+,1.0,3.25,100.0,1.92,54.84,78.6,33.0,4734.0,462.0,1.0309152500991852,0.8957762449211,0.9641311781794051,0.9882992060175512,2,42,0,1.89
PT_103,42,7.0,17.0,0.0,0.0,0.0,1.0,64.0,F,III,ER+/PR+,1.0,3.25,100.0,1.92,54.84,78.6,33.0,4734.0,462.0,1.0309152500991852,0.8957762449211,0.9641311781794051,0.9882992060175512,2,42,0,2.29
PT_103,42,14.0,24.0,0.0,0.0,0.0,1.0,64.0,F,III,ER+/PR+,1.0,3.25,100.0,1.92,54.84,78.6,33.0,4734.0,462.0,1.0309152500991852,0.8957762449211,0.9641311781794051,0.9882992060175512,2,42,0,2.51
PT_104,21,0.0,21.0,0.0,0.0,0.0,1.0,62.0,F,III,ER+/PR+,0.0,3.67,100.0,3.63,45.02,66.1,57.4,5375.0,412.0,0.9896954015161834,1.0308594678855452,1.020015062930439,0.9648171539480576,1,21,0,2.62
PT_104,21,3.0,24.0,0.0,0.0,0.0,1.0,62.0,F,III,ER+/PR+,0.0,3.67,100.0,3.63,45.02,66.1,57.4,5375.0,412.0,0.9896954015161834,1.0308594678855452,1.020015062930439,0.9648171539480576,1,21,0,2.72
PT_104,21,7.0,28.0,0.0,0.0,0.0,1.0,62.0,F,III,ER+/PR+,0.0,3.67,100.0,3.63,45.02,66.1,57.4,5375.0,412.0,0.9896954015161834,1.0308594678855452,1.020015062930439,0.9648171539480576,1,21,0,2.95
PT_104,21,14.0,35.0,0.0,0.0,0.0,1.0,62.0,F,III,ER+/PR+,0.0,3.67,100.0,3.63,45.02,66.1,57.4,5375.0,412.0,0.9896954015161834,1.0308594678855452,1.020015062930439,0.9648171539480576,1,21,0,3.1
PT_104,42,0.0,8.0,0.0,0.0,1.0,0.0,62.0,F,III,ER+/PR+,0.0,3.67,100.0,2.43,53.67,70.7,47.6,4398.0,376.0,1.0239693192713328,0.938610158928015,0.9114983158972163,0.958720766413074,2,42,0,2.51
PT_104,42,3.0,11.0,0.0,0.0,1.0,0.0,62.0,F,III,ER+/PR+,0.0,3.67,100.0,2.43,53.67,70.7,47.6,4398.0,376.0,1.0239693192713328,0.938610158928015,0.9114983158972163,0.958720766413074,2,42,0,2.8
PT_104,42,7.0,15.0,0.0,0.0,0.0,1.0,62.0,F,III,ER+/PR+,0.0,3.67,100.0,2.43,53.67,70.7,47.6,4398.0,376.0,1.0239693192713328,0.938610158928015,0.9114983158972163,0.958720766413074,2,42,0,3.03
PT_104,42,14.0,22.0,0.0,0.0,0.0,1.0,62.0,F,III,ER+/PR+,0.0,3.67,100.0,2.43,53.67,70.7,47.6,4398.0,376.0,1.0239693192713328,0.938610158928015,0.9114983158972163,0.958720766413074,2,42,0,3.08
PT_105,21,0.0,21.0,0.0,0.0,0.0,1.0,34.0,F,III,Triple Negative,1.0,3.41,100.0,3.35,45.02,68.3,42.8,6106.0,431.0,1.0536709009991454,0.8156203657933763,0.6275847322830128,0.977035144652351,1,21,1,0.15
PT_105,21,3.0,24.0,0.0,0.0,0.0,1.0,34.0,F,III,Triple Negative,1.0,3.41,100.0,3.35,45.02,68.3,42.8,6106.0,431.0,1.0536709009991454,0.8156203657933763,0.6275847322830128,0.977035144652351,1,21,1,0.15
PT_105,21,7.0,28.0,0.0,0.0,0.0,1.0,34.0,F,III,Triple Negative,1.0,3.41,100.0,3.35,45.02,68.3,42.8,6106.0,431.0,1.0536709009991454,0.8156203657933763,0.6275847322830128,0.977035144652351,1,21,1,0.15
PT_105,21,14.0,35.0,0.0,0.0,0.0,1.0,34.0,F,III,Triple Negative,1.0,3.41,100.0,3.35,45.02,68.3,42.8,6106.0,431.0,1.0536709009991454,0.8156203657933763,0.6275847322830128,0.977035144652351,1,21,1,0.15
PT_105,42,0.0,7.0,0.0,1.0,0.0,0.0,34.0,F,III,Triple Negative,1.0,3.41,100.0,0.93,53.07,86.8,19.0,3152.0,440.0,1.0433485433485432,0.8115373325711814,0.7776358626649131,0.9968591396954821,2,42,1,0.15
PT_105,42,3.0,10.0,0.0,0.0,1.0,0.0,34.0,F,III,Triple Negative,1.0,3.41,100.0,0.93,53.07,86.8,19.0,3152.0,440.0,1.0433485433485432,0.8115373325711814,0.7776358626649131,0.9968591396954821,2,42,1,0.43
PT_105,42,7.0,14.0,0.0,0.0,1.0,0.0,34.0,F,III,Triple Negative,1.0,3.41,100.0,0.93,53.07,86.8,19.0,3152.0,440.0,1.0433485433485432,0.8115373325711814,0.7776358626649131,0.9968591396954821,2,42,1,0.53
PT_105,42,14.0,21.0,0.0,0.0,0.0,1.0,34.0,F,III,Triple Negative,1.0,3.41,100.0,0.93,53.07,86.8,19.0,3152.0,440.0,1.0433485433485432,0.8115373325711814,0.7776358626649131,0.9968591396954821,2,42,0,1.06
PT_106,21,0.0,21.0,0.0,0.0,0.0,1.0,71.0,F,II,HER2+,0.0,3.49,100.0,3.37,34.71,72.9,38.4,6084.0,427.0,1.0347537762495398,0.9367598891408416,0.9474042324880957,0.9913225660188558,1,21,0,1.98
PT_106,21,3.0,24.0,0.0,0.0,0.0,1.0,71.0,F,II,HER2+,0.0,3.49,100.0,3.37,34.71,72.9,38.4,6084.0,427.0,1.0347537762495398,0.9367598891408416,0.9474042324880957,0.9913225660188558,1,21,0,2.19
PT_106,21,7.0,28.0,0.0,0.0,0.0,1.0,71.0,F,II,HER2+,0.0,3.49,100.0,3.37,34.71,72.9,38.4,6084.0,427.0,1.0347537762495398,0.9367598891408416,0.9474042324880957,0.9913225660188558,1,21,0,2.48
PT_106,21,14.0,35.0,0.0,0.0,0.0,1.0,71.0,F,II,HER2+,0.0,3.49,100.0,3.37,34.71,72.9,38.4,6084.0,427.0,1.0347537762495398,0.9367598891408416,0.9474042324880957,0.9913225660188558,1,21,0,2.83
PT_106,42,0.0,20.0,0.0,0.0,0.0,1.0,71.0,F,II,HER2+,0.0,3.49,100.0,2.11,53.27,73.8,38.1,5130.0,463.0,1.0593592275619927,0.7855565434364874,0.7940182954653339,0.9939122731299549,2,42,1,0.36
PT_106,42,3.0,23.0,0.0,0.0,0.0,1.0,71.0,F,II,HER2+,0.0,3.49,100.0,2.11,53.27,73.8,38.1,5130.0,463.0,1.0593592275619927,0.7855565434364874,0.7940182954653339,0.9939122731299549,2,42,1,0.7
PT_106,42,7.0,27.0,0.0,0.0,0.0,1.0,71.0,F,II,HER2+,0.0,3.49,100.0,2.11,53.27,73.8,38.1,5130.0,463.0,1.0593592275619927,0.7855565434364874,0.7940182954653339,0.9939122731299549,2,42,1,0.95
PT_106,42,14.0,34.0,0.0,0.0,0.0,1.0,71.0,F,II,HER2+,0.0,3.49,100.0,2.11,53.27,73.8,38.1,5130.0,463.0,1.0593592275619927,0.7855565434364874,0.7940182954653339,0.9939122731299549,2,42,0,1.25
PT_107,21,0.0,21.0,0.0,0.0,0.0,1.0,68.0,M,III,Triple Negative,2.0,5.9,100.0,6.02,45.02,64.4,46.5,6514.0,483.0,0.994100486223663,1.0457216780632048,0.9688092460977117,0.999410709374959,1,21,0,2.21
PT_107,21,3.0,24.0,0.0,0.0,0.0,1.0,68.0,M,III,Triple Negative,2.0,5.9,100.0,6.02,45.02,64.4,46.5,6514.0,483.0,0.994100486223663,1.0457216780632048,0.9688092460977117,0.999410709374959,1,21,0,2.05
PT_107,21,7.0,28.0,0.0,0.0,0.0,1.0,68.0,M,III,Triple Negative,2.0,5.9,100.0,6.02,45.02,64.4,46.5,6514.0,483.0,0.994100486223663,1.0457216780632048,0.9688092460977117,0.999410709374959,1,21,0,2.63
PT_107,21,14.0,35.0,0.0,0.0,0.0,1.0,68.0,M,III,Triple Negative,2.0,5.9,100.0,6.02,45.02,64.4,46.5,6514.0,483.0,0.994100486223663,1.0457216780632048,0.9688092460977117,0.999410709374959,1,21,0,2.93
PT_107,42,0.0,18.0,0.0,0.0,0.0,1.0,68.0,M,III,Triple Negative,2.0,5.9,100.0,3.97,58.84,67.0,37.7,5039.0,456.0,1.0087701068207322,0.9945652173913044,1.0111541386413474,1.0476190476190474,2,42,0,2.87
PT_107,42,3.0,21.0,0.0,0.0,0.0,1.0,68.0,M,III,Triple Negative,2.0,5.9,100.0,3.97,58.84,67.0,37.7,5039.0,456.0,1.0087701068207322,0.9945652173913044,1.0111541386413474,1.0476190476190474,2,42,0,2.7
PT_107,42,7.0,25.0,0.0,0.0,0.0,1.0,68.0,M,III,Triple Negative,2.0,5.9,100.0,3.97,58.84,67.0,37.7,5039.0,456.0,1.0087701068207322,0.9945652173913044,1.0111541386413474,1.0476190476190474,2,42,0,3.34
PT_107,42,14.0,32.0,0.0,0.0,0.0,1.0,68.0,M,III,Triple Negative,2.0,5.9,100.0,3.97,58.84,67.0,37.7,5039.0,456.0,1.0087701068207322,0.9945652173913044,1.0111541386413474,1.0476190476190474,2,42,0,3.63
PT_108,21,0.0,21.0,0.0,0.0,0.0,1.0,70.0,F,III,ER+/PR+,0.0,4.03,100.0,3.94,45.02,72.1,53.3,7290.0,390.0,1.0016821801054168,0.9842308141572246,1.0005197748778314,1.0195367436501346,1,21,0,1.97
PT_108,21,3.0,24.0,0.0,0.0,0.0,1.0,70.0,F,III,ER+/PR+,0.0,4.03,100.0,3.94,45.02,72.1,53.3,7290.0,390.0,1.0016821801054168,0.9842308141572246,1.0005197748778314,1.0195367436501346,1,21,0,1.84
PT_108,21,7.0,28.0,0.0,0.0,0.0,1.0,70.0,F,III,ER+/PR+,0.0,4.03,100.0,3.94,45.02,72.1,53.3,7290.0,390.0,1.0016821801054168,0.9842308141572246,1.0005197748778314,1.0195367436501346,1,21,0,2.11
PT_108,21,14.0,35.0,0.0,0.0,0.0,1.0,70.0,F,III,ER+/PR+,0.0,4.03,100.0,3.94,45.02,72.1,53.3,7290.0,390.0,1.0016821801054168,0.9842308141572246,1.0005197748778314,1.0195367436501346,1,21,0,2.64
PT_108,42,0.0,18.0,0.0,0.0,0.0,1.0,70.0,F,III,ER+/PR+,0.0,4.03,100.0,2.76,58.84,74.5,48.5,6721.0,412.0,0.9848749238422545,0.9906437441919407,1.0045270094524439,0.9845508967005936,2,42,0,2.52
PT_108,42,3.0,21.0,0.0,0.0,0.0,1.0,70.0,F,III,ER+/PR+,0.0,4.03,100.0,2.76,58.84,74.5,48.5,6721.0,412.0,0.9848749238422545,0.9906437441919407,1.0045270094524439,0.9845508967005936,2,42,0,2.5
PT_108,42,7.0,25.0,0.0,0.0,0.0,1.0,70.0,F,III,ER+/PR+,0.0,4.03,100.0,2.76,58.84,74.5,48.5,6721.0,412.0,0.9848749238422545,0.9906437441919407,1.0045270094524439,0.9845508967005936,2,42,0,2.89
PT_108,42,14.0,32.0,0.0,0.0,0.0,1.0,70.0,F,III,ER+/PR+,0.0,4.03,100.0,2.76,58.84,74.5,48.5,6721.0,412.0,0.9848749238422545,0.9906437441919407,1.0045270094524439,0.9845508967005936,2,42,0,3.15
PT_109,21,0.0,21.0,0.0,0.0,0.0,1.0,57.0,F,III,HER2+,0.0,3.95,100.0,3.92,45.02,70.6,61.2,5443.0,391.0,0.9654745365776206,1.0559931484629457,1.0767352386693199,0.9984270910436714,1,21,0,3.13
PT_109,21,3.0,24.0,0.0,0.0,0.0,1.0,57.0,F,III,HER2+,0.0,3.95,100.0,3.92,45.02,70.6,61.2,5443.0,391.0,0.9654745365776206,1.0559931484629457,1.0767352386693199,0.9984270910436714,1,21,0,3.21
PT_109,21,7.0,28.0,0.0,0.0,0.0,1.0,57.0,F,III,HER2+,0.0,3.95,100.0,3.92,45.02,70.6,61.2,5443.0,391.0,0.9654745365776206,1.0559931484629457,1.0767352386693199,0.9984270910436714,1,21,0,3.49
PT_109,21,14.0,35.0,0.0,0.0,0.0,1.0,57.0,F,III,HER2+,0.0,3.95,100.0,3.92,45.02,70.6,61.2,5443.0,391.0,0.9654745365776206,1.0559931484629457,1.0767352386693199,0.9984270910436714,1,21,0,3.52
PT_109,42,0.0,15.0,0.0,0.0,0.0,1.0,57.0,F,III,HER2+,0.0,3.95,100.0,2.98,57.45,80.6,51.7,4744.0,496.0,1.0431472081218274,0.9631054380136387,0.9841579041523386,1.013402812542666,2,42,0,2.45
PT_109,42,3.0,18.0,0.0,0.0,0.0,1.0,57.0,F,III,HER2+,0.0,3.95,100.0,2.98,57.45,80.6,51.7,4744.0,496.0,1.0431472081218274,0.9631054380136387,0.9841579041523386,1.013402812542666,2,42,0,2.48
PT_109,42,7.0,22.0,0.0,0.0,0.0,1.0,57.0,F,III,HER2+,0.0,3.95,100.0,2.98,57.45,80.6,51.7,4744.0,496.0,1.0431472081218274,0.9631054380136387,0.9841579041523386,1.013402812542666,2,42,0,2.92
PT_109,42,14.0,29.0,0.0,0.0,0.0,1.0,57.0,F,III,HER2+,0.0,3.95,100.0,2.98,57.45,80.6,51.7,4744.0,496.0,1.0431472081218274,0.9631054380136387,0.9841579041523386,1.013402812542666,2,42,0,3.13
PT_110,21,0.0,21.0,0.0,0.0,0.0,1.0,36.0,F,III,ER+/PR+,0.0,3.64,100.0,3.62,45.02,68.0,42.3,7256.0,447.0,0.9897804922295457,1.0447326471572238,1.0723048873728165,0.9808512175735241,1,21,0,1.7
PT_110,21,3.0,24.0,0.0,0.0,0.0,1.0,36.0,F,III,ER+/PR+,0.0,3.64,100.0,3.62,45.02,68.0,42.3,7256.0,447.0,0.9897804922295457,1.0447326471572238,1.0723048873728165,0.9808512175735241,1,21,0,2.17
PT_110,21,7.0,28.0,0.0,0.0,0.0,1.0,36.0,F,III,ER+/PR+,0.0,3.64,100.0,3.62,45.02,68.0,42.3,7256.0,447.0,0.9897804922295457,1.0447326471572238,1.0723048873728165,0.9808512175735241,1,21,0,2.31
PT_110,21,14.0,35.0,0.0,0.0,0.0,1.0,36.0,F,III,ER+/PR+,0.0,3.64,100.0,3.62,45.02,68.0,42.3,7256.0,447.0,0.9897804922295457,1.0447326471572238,1.0723048873728165,0.9808512175735241,1,21,0,2.51
PT_110,42,0.0,11.0,0.0,0.0,1.0,0.0,36.0,F,III,ER+/PR+,0.0,3.64,100.0,2.6,55.39,77.4,34.9,6585.0,387.0,1.0245507330233936,0.9536265460931953,0.9253584815850538,0.9828009828009828,2,42,0,3.07
PT_110,42,3.0,14.0,0.0,0.0,1.0,0.0,36.0,F,III,ER+/PR+,0.0,3.64,100.0,2.6,55.39,77.4,34.9,6585.0,387.0,1.0245507330233936,0.9536265460931953,0.9253584815850538,0.9828009828009828,2,42,0,3.17
PT_110,42,7.0,18.0,0.0,0.0,0.0,1.0,36.0,F,III,ER+/PR+,0.0,3.64,100.0,2.6,55.39,77.4,34.9,6585.0,387.0,1.0245507330233936,0.9536265460931953,0.9253584815850538,0.9828009828009828,2,42,0,3.01
PT_110,42,14.0,25.0,0.0,0.0,0.0,1.0,36.0,F,III,ER+/PR+,0.0,3.64,100.0,2.6,55.39,77.4,34.9,6585.0,387.0,1.0245507330233936,0.9536265460931953,0.9253584815850538,0.9828009828009828,2,42,0,3.17
PT_111,21,0.0,21.0,0.0,0.0,0.0,1.0,38.0,F,III,ER+/PR+,1.0,5.05,100.0,5.0,45.02,71.5,59.0,4568.0,415.0,0.9900887812752219,1.0313879289144305,1.030750793538627,1.0574989173844007,1,21,0,2.04
PT_111,21,3.0,24.0,0.0,0.0,0.0,1.0,38.0,F,III,ER+/PR+,1.0,5.05,100.0,5.0,45.02,71.5,59.0,4568.0,415.0,0.9900887812752219,1.0313879289144305,1.030750793538627,1.0574989173844007,1,21,0,2.38
PT_111,21,7.0,28.0,0.0,0.0,0.0,1.0,38.0,F,III,ER+/PR+,1.0,5.05,100.0,5.0,45.02,71.5,59.0,4568.0,415.0,0.9900887812752219,1.0313879289144305,1.030750793538627,1.0574989173844007,1,21,0,2.51
PT_111,21,14.0,35.0,0.0,0.0,0.0,1.0,38.0,F,III,ER+/PR+,1.0,5.05,100.0,5.0,45.02,71.5,59.0,4568.0,415.0,0.9900887812752219,1.0313879289144305,1.030750793538627,1.0574989173844007,1,21,0,2.7
PT_111,42,0.0,9.0,0.0,0.0,1.0,0.0,38.0,F,III,ER+/PR+,1.0,5.05,100.0,2.4,54.27,83.6,45.7,4645.0,383.0,1.043195874407828,0.8679123711340204,0.7930341238187738,0.9682865349668796,2,42,0,2.69
PT_111,42,3.0,12.0,0.0,0.0,1.0,0.0,38.0,F,III,ER+/PR+,1.0,5.05,100.0,2.4,54.27,83.6,45.7,4645.0,383.0,1.043195874407828,0.8679123711340204,0.7930341238187738,0.9682865349668796,2,42,0,3.16
PT_111,42,7.0,16.0,0.0,0.0,0.0,1.0,38.0,F,III,ER+/PR+,1.0,5.05,100.0,2.4,54.27,83.6,45.7,4645.0,383.0,1.043195874407828,0.8679123711340204,0.7930341238187738,0.9682865349668796,2,42,0,3.53
PT_111,42,14.0,23.0,0.0,0.0,0.0,1.0,38.0,F,III,ER+/PR+,1.0,5.05,100.0,2.4,54.27,83.6,45.7,4645.0,383.0,1.043195874407828,0.8679123711340204,0.7930341238187738,0.9682865349668796,2,42,0,3.19
PT_112,21,0.0,21.0,0.0,0.0,0.0,1.0,37.0,F,II,ER+/PR+,1.0,4.2,100.0,4.13,34.71,81.1,25.2,6317.0,484.0,0.9842735558928472,0.9867034547535884,1.0219750917760198,0.9984239240250555,1,21,0,2.61
PT_112,21,3.0,24.0,0.0,0.0,0.0,1.0,37.0,F,II,ER+/PR+,1.0,4.2,100.0,4.13,34.71,81.1,25.2,6317.0,484.0,0.9842735558928472,0.9867034547535884,1.0219750917760198,0.9984239240250555,1,21,0,3.02
PT_112,21,7.0,28.0,0.0,0.0,0.0,1.0,37.0,F,II,ER+/PR+,1.0,4.2,100.0,4.13,34.71,81.1,25.2,6317.0,484.0,0.9842735558928472,0.9867034547535884,1.0219750917760198,0.9984239240250555,1,21,0,3.19
PT_112,21,14.0,35.0,0.0,0.0,0.0,1.0,37.0,F,II,ER+/PR+,1.0,4.2,100.0,4.13,34.71,81.1,25.2,6317.0,484.0,0.9842735558928472,0.9867034547535884,1.0219750917760198,0.9984239240250555,1,21,0,3.3
PT_112,42,0.0,14.0,0.0,0.0,1.0,0.0,37.0,F,II,ER+/PR+,1.0,4.2,100.0,2.1,50.85,89.9,8.4,4975.0,457.0,1.0701478774632014,0.6328185967318561,0.8404959435458402,0.9875254805957339,2,42,0,3.35
PT_112,42,3.0,17.0,0.0,0.0,0.0,1.0,37.0,F,II,ER+/PR+,1.0,4.2,100.0,2.1,50.85,89.9,8.4,4975.0,457.0,1.0701478774632014,0.6328185967318561,0.8404959435458402,0.9875254805957339,2,42,0,3.24
PT_112,42,7.0,21.0,0.0,0.0,0.0,1.0,37.0,F,II,ER+/PR+,1.0,4.2,100.0,2.1,50.85,89.9,8.4,4975.0,457.0,1.0701478774632014,0.6328185967318561,0.8404959435458402,0.9875254805957339,2,42,0,3.0
PT_112,42,14.0,28.0,0.0,0.0,0.0,1.0,37.0,F,II,ER+/PR+,1.0,4.2,100.0,2.1,50.85,89.9,8.4,4975.0,457.0,1.0701478774632014,0.6328185967318561,0.8404959435458402,0.9875254805957339,2,42,0,3.35
PT_113,21,0.0,21.0,0.0,0.0,0.0,1.0,41.0,M,II,Triple Negative,0.0,5.55,100.0,5.47,34.71,78.0,51.9,8143.0,429.0,1.0078431372549022,1.0057995229619943,1.0223463638111272,1.0431063659579705,1,21,0,4.25
PT_113,21,3.0,24.0,0.0,0.0,0.0,1.0,41.0,M,II,Triple Negative,0.0,5.55,100.0,5.47,34.71,78.0,51.9,8143.0,429.0,1.0078431372549022,1.0057995229619943,1.0223463638111272,1.0431063659579705,1,21,0,4.49
PT_113,21,7.0,28.0,0.0,0.0,0.0,1.0,41.0,M,II,Triple Negative,0.0,5.55,100.0,5.47,34.71,78.0,51.9,8143.0,429.0,1.0078431372549022,1.0057995229619943,1.0223463638111272,1.0431063659579705,1,21,0,4.58
PT_113,21,14.0,35.0,0.0,0.0,0.0,1.0,41.0,M,II,Triple Negative,0.0,5.55,100.0,5.47,34.71,78.0,51.9,8143.0,429.0,1.0078431372549022,1.0057995229619943,1.0223463638111272,1.0431063659579705,1,21,0,5.08
PT_113,42,0.0,12.0,0.0,0.0,1.0,0.0,41.0,M,II,Triple Negative,0.0,5.55,100.0,4.51,49.94,82.9,49.6,7113.0,441.0,1.0466669139741067,0.94505629729896,0.9143726920377209,0.9800534003455317,2,42,0,5.13
PT_113,42,3.0,15.0,0.0,0.0,0.0,1.0,41.0,M,II,Triple Negative,0.0,5.55,100.0,4.51,49.94,82.9,49.6,7113.0,441.0,1.0466669139741067,0.94505629729896,0.9143726920377209,0.9800534003455317,2,42,0,5.14
PT_113,42,7.0,19.0,0.0,0.0,0.0,1.0,41.0,M,II,Triple Negative,0.0,5.55,100.0,4.51,49.94,82.9,49.6,7113.0,441.0,1.0466669139741067,0.94505629729896,0.9143726920377209,0.9800534003455317,2,42,0,5.31
PT_113,42,14.0,26.0,0.0,0.0,0.0,1.0,41.0,M,II,Triple Negative,0.0,5.55,100.0,4.51,49.94,82.9,49.6,7113.0,441.0,1.0466669139741067,0.94505629729896,0.9143726920377209,0.9800534003455317,2,42,0,5.19
PT_114,21,0.0,21.0,0.0,0.0,0.0,1.0,63.0,M,II,ER+/PR+,1.0,3.56,100.0,3.45,34.71,70.6,43.1,4603.0,504.0,0.9982886287002052,1.0267785618920466,1.0223308616050921,0.9330849691932942,1,21,0,2.28
PT_114,21,3.0,24.0,0.0,0.0,0.0,1.0,63.0,M,II,ER+/PR+,1.0,3.56,100.0,3.45,34.71,70.6,43.1,4603.0,504.0,0.9982886287002052,1.0267785618920466,1.0223308616050921,0.9330849691932942,1,21,0,2.09
PT_114,21,7.0,28.0,0.0,0.0,0.0,1.0,63.0,M,II,ER+/PR+,1.0,3.56,100.0,3.45,34.71,70.6,43.1,4603.0,504.0,0.9982886287002052,1.0267785618920466,1.0223308616050921,0.9330849691932942,1,21,0,2.05
PT_114,21,14.0,35.0,0.0,0.0,0.0,1.0,63.0,M,II,ER+/PR+,1.0,3.56,100.0,3.45,34.71,70.6,43.1,4603.0,504.0,0.9982886287002052,1.0267785618920466,1.0223308616050921,0.9330849691932942,1,21,0,2.43
PT_114,42,0.0,16.0,0.0,0.0,0.0,1.0,63.0,M,II,ER+/PR+,1.0,3.56,100.0,0.94,51.71,78.6,37.6,3912.0,526.0,1.0693810185644792,0.8293489008384238,0.7519792233904411,1.071355070120248,2,42,1,0.15
PT_114,42,3.0,19.0,0.0,0.0,0.0,1.0,63.0,M,II,ER+/PR+,1.0,3.56,100.0,0.94,51.71,78.6,37.6,3912.0,526.0,1.0693810185644792,0.8293489008384238,0.7519792233904411,1.071355070120248,2,42,1,0.15
PT_114,42,7.0,23.0,0.0,0.0,0.0,1.0,63.0,M,II,ER+/PR+,1.0,3.56,100.0,0.94,51.71,78.6,37.6,3912.0,526.0,1.0693810185644792,0.8293489008384238,0.7519792233904411,1.071355070120248,2,42,1,0.17
PT_114,42,14.0,30.0,0.0,0.0,0.0,1.0,63.0,M,II,ER+/PR+,1.0,3.56,100.0,0.94,51.71,78.6,37.6,3912.0,526.0,1.0693810185644792,0.8293489008384238,0.7519792233904411,1.071355070120248,2,42,0,1.01
PT_115,21,0.0,21.0,0.0,0.0,0.0,1.0,62.0,F,II,ER+/PR+,0.0,5.71,100.0,5.61,34.71,71.9,41.5,6172.0,479.0,1.003908667746284,1.0121686947824637,1.0043442529291295,1.0793815042573323,1,21,0,3.47
PT_115,21,3.0,24.0,0.0,0.0,0.0,1.0,62.0,F,II,ER+/PR+,0.0,5.71,100.0,5.61,34.71,71.9,41.5,6172.0,479.0,1.003908667746284,1.0121686947824637,1.0043442529291295,1.0793815042573323,1,21,0,3.91
PT_115,21,7.0,28.0,0.0,0.0,0.0,1.0,62.0,F,II,ER+/PR+,0.0,5.71,100.0,5.61,34.71,71.9,41.5,6172.0,479.0,1.003908667746284,1.0121686947824637,1.0043442529291295,1.0793815042573323,1,21,0,4.0
PT_115,21,14.0,35.0,0.0,0.0,0.0,1.0,62.0,F,II,ER+/PR+,0.0,5.71,100.0,5.61,34.71,71.9,41.5,6172.0,479.0,1.003908667746284,1.0121686947824637,1.0043442529291295,1.0793815042573323,1,21,0,4.39
PT_115,42,0.0,16.0,0.0,0.0,0.0,1.0,62.0,F,II,ER+/PR+,0.0,5.71,100.0,4.79,51.71,74.1,42.2,5470.0,499.0,1.0688039881387252,0.8178503212363257,0.8439490179481045,1.0378528342335904,2,42,0,2.2
PT_115,42,3.0,19.0,0.0,0.0,0.0,1.0,62.0,F,II,ER+/PR+,0.0,5.71,100.0,4.79,51.71,74.1,42.2,5470.0,499.0,1.0688039881387252,0.8178503212363257,0.8439490179481045,1.0378528342335904,2,42,0,2.35
PT_115,42,7.0,23.0,0.0,0.0,0.0,1.0,62.0,F,II,ER+/PR+,0.0,5.71,100.0,4.79,51.71,74.1,42.2,5470.0,499.0,1.0688039881387252,0.8178503212363257,0.8439490179481045,1.0378528342335904,2,42,0,2.7
PT_115,42,14.0,30.0,0.0,0.0,0.0,1.0,62.0,F,II,ER+/PR+,0.0,5.71,100.0,4.79,51.71,74.1,42.2,5470.0,499.0,1.0688039881387252,0.8178503212363257,0.8439490179481045,1.0378528342335904,2,42,0,3.26
PT_116,21,0.0,21.0,0.0,0.0,0.0,1.0,52.0,F,II,ER+/PR+,1.0,5.03,100.0,5.13,34.71,68.9,48.2,6863.0,487.0,1.007963939282927,1.0106131603187953,0.9758986587514661,0.9924116064854468,1,21,1,0.56
PT_116,21,3.0,24.0,0.0,0.0,0.0,1.0,52.0,F,II,ER+/PR+,1.0,5.03,100.0,5.13,34.71,68.9,48.2,6863.0,487.0,1.007963939282927,1.0106131603187953,0.9758986587514661,0.9924116064854468,1,21,1,0.33
PT_116,21,7.0,28.0,0.0,0.0,0.0,1.0,52.0,F,II,ER+/PR+,1.0,5.03,100.0,5.13,34.71,68.9,48.2,6863.0,487.0,1.007963939282927,1.0106131603187953,0.9758986587514661,0.9924116064854468,1,21,1,0.7
PT_116,21,14.0,35.0,0.0,0.0,0.0,1.0,52.0,F,II,ER+/PR+,1.0,5.03,100.0,5.13,34.71,68.9,48.2,6863.0,487.0,1.007963939282927,1.0106131603187953,0.9758986587514661,0.9924116064854468,1,21,0,1.39
PT_116,42,0.0,15.0,0.0,0.0,0.0,1.0,52.0,F,II,ER+/PR+,1.0,5.03,100.0,2.6,51.29,73.3,42.9,5448.0,447.0,1.0168439660738577,0.9174988024614023,0.9432493905651154,0.9891434080058759,2,42,0,1.38
PT_116,42,3.0,18.0,0.0,0.0,0.0,1.0,52.0,F,II,ER+/PR+,1.0,5.03,100.0,2.6,51.29,73.3,42.9,5448.0,447.0,1.0168439660738577,0.9174988024614023,0.9432493905651154,0.9891434080058759,2,42,0,1.27
PT_116,42,7.0,22.0,0.0,0.0,0.0,1.0,52.0,F,II,ER+/PR+,1.0,5.03,100.0,2.6,51.29,73.3,42.9,5448.0,447.0,1.0168439660738577,0.9174988024614023,0.9432493905651154,0.9891434080058759,2,42,0,1.82
PT_116,42,14.0,29.0,0.0,0.0,0.0,1.0,52.0,F,II,ER+/PR+,1.0,5.03,100.0,2.6,51.29,73.3,42.9,5448.0,447.0,1.0168439660738577,0.9174988024614023,0.9432493905651154,0.9891434080058759,2,42,0,2.07
PT_117,21,0.0,21.0,0.0,0.0,0.0,1.0,53.0,F,III,Triple Negative,0.0,3.22,100.0,2.99,45.02,71.6,44.6,5149.0,390.0,1.0160978750804894,0.972389501193046,1.017209458093216,1.0282677848467323,1,21,0,1.04
PT_117,21,3.0,24.0,0.0,0.0,0.0,1.0,53.0,F,III,Triple Negative,0.0,3.22,100.0,2.99,45.02,71.6,44.6,5149.0,390.0,1.0160978750804894,0.972389501193046,1.017209458093216,1.0282677848467323,1,21,0,1.32
PT_117,21,7.0,28.0,0.0,0.0,0.0,1.0,53.0,F,III,Triple Negative,0.0,3.22,100.0,2.99,45.02,71.6,44.6,5149.0,390.0,1.0160978750804894,0.972389501193046,1.017209458093216,1.0282677848467323,1,21,0,1.3
PT_117,21,14.0,35.0,0.0,0.0,0.0,1.0,53.0,F,III,Triple Negative,0.0,3.22,100.0,2.99,45.02,71.6,44.6,5149.0,390.0,1.0160978750804894,0.972389501193046,1.017209458093216,1.0282677848467323,1,21,0,1.84
PT_117,42,0.0,8.0,0.0,0.0,1.0,0.0,53.0,F,III,Triple Negative,0.0,3.22,100.0,2.92,53.67,67.3,46.5,5668.0,410.0,0.9787163943068002,1.050328906540896,1.0603837721726421,0.9976542553880846,2,42,0,1.61
PT_117,42,3.0,11.0,0.0,0.0,1.0,0.0,53.0,F,III,Triple Negative,0.0,3.22,100.0,2.92,53.67,67.3,46.5,5668.0,410.0,0.9787163943068002,1.050328906540896,1.0603837721726421,0.9976542553880846,2,42,0,1.75
PT_117,42,7.0,15.0,0.0,0.0,0.0,1.0,53.0,F,III,Triple Negative,0.0,3.22,100.0,2.92,53.67,67.3,46.5,5668.0,410.0,0.9787163943068002,1.050328906540896,1.0603837721726421,0.9976542553880846,2,42,0,2.0
PT_117,42,14.0,22.0,0.0,0.0,0.0,1.0,53.0,F,III,Triple Negative,0.0,3.22,100.0,2.92,53.67,67.3,46.5,5668.0,410.0,0.9787163943068002,1.050328906540896,1.0603837721726421,0.9976542553880846,2,42,0,2.33
PT_118,21,0.0,21.0,0.0,0.0,0.0,1.0,66.0,F,II,ER+/PR+,0.0,4.33,100.0,4.33,34.71,77.8,50.3,5718.0,502.0,1.0329388213540753,0.9631115672918416,0.9284286616750033,0.954125138427464,1,21,0,1.68
PT_118,21,3.0,24.0,0.0,0.0,0.0,1.0,66.0,F,II,ER+/PR+,0.0,4.33,100.0,4.33,34.71,77.8,50.3,5718.0,502.0,1.0329388213540753,0.9631115672918416,0.9284286616750033,0.954125138427464,1,21,0,1.94
PT_118,21,7.0,28.0,0.0,0.0,0.0,1.0,66.0,F,II,ER+/PR+,0.0,4.33,100.0,4.33,34.71,77.8,50.3,5718.0,502.0,1.0329388213540753,0.9631115672918416,0.9284286616750033,0.954125138427464,1,21,0,2.27
PT_118,21,14.0,35.0,0.0,0.0,0.0,1.0,66.0,F,II,ER+/PR+,0.0,4.33,100.0,4.33,34.71,77.8,50.3,5718.0,502.0,1.0329388213540753,0.9631115672918416,0.9284286616750033,0.954125138427464,1,21,0,2.42
PT_118,42,0.0,11.0,0.0,0.0,1.0,0.0,66.0,F,II,ER+/PR+,0.0,4.33,100.0,2.44,49.46,82.4,41.6,4895.0,477.0,1.0262428612097163,0.900607364292041,0.9056286589232259,0.984755089154163,2,42,0,2.02
PT_118,42,3.0,14.0,0.0,0.0,1.0,0.0,66.0,F,II,ER+/PR+,0.0,4.33,100.0,2.44,49.46,82.4,41.6,4895.0,477.0,1.0262428612097163,0.900607364292041,0.9056286589232259,0.984755089154163,2,42,0,2.02
PT_118,42,7.0,18.0,0.0,0.0,0.0,1.0,66.0,F,II,ER+/PR+,0.0,4.33,100.0,2.44,49.46,82.4,41.6,4895.0,477.0,1.0262428612097163,0.900607364292041,0.9056286589232259,0.984755089154163,2,42,0,2.25
PT_118,42,14.0,25.0,0.0,0.0,0.0,1.0,66.0,F,II,ER+/PR+,0.0,4.33,100.0,2.44,49.46,82.4,41.6,4895.0,477.0,1.0262428612097163,0.900607364292041,0.9056286589232259,0.984755089154163,2,42,0,2.68
PT_119,21,0.0,21.0,0.0,0.0,0.0,1.0,64.0,F,III,HER2+,1.0,6.0,100.0,5.99,45.02,77.0,31.3,5506.0,406.0,1.0562013991833763,0.879624359704041,0.8971176738767033,0.9906872568666746,1,21,0,3.89
PT_119,21,3.0,24.0,0.0,0.0,0.0,1.0,64.0,F,III,HER2+,1.0,6.0,100.0,5.99,45.02,77.0,31.3,5506.0,406.0,1.0562013991833763,0.879624359704041,0.8971176738767033,0.9906872568666746,1,21,0,4.27
PT_119,21,7.0,28.0,0.0,0.0,0.0,1.0,64.0,F,III,HER2+,1.0,6.0,100.0,5.99,45.02,77.0,31.3,5506.0,406.0,1.0562013991833763,0.879624359704041,0.8971176738767033,0.9906872568666746,1,21,0,4.67
PT_119,21,14.0,35.0,0.0,0.0,0.0,1.0,64.0,F,III,HER2+,1.0,6.0,100.0,5.99,45.02,77.0,31.3,5506.0,406.0,1.0562013991833763,0.879624359704041,0.8971176738767033,0.9906872568666746,1,21,0,4.6
PT_119,42,0.0,19.0,0.0,0.0,0.0,1.0,64.0,F,III,HER2+,1.0,6.0,100.0,3.33,59.27,76.4,32.3,6641.0,357.0,1.0027183417501704,0.9796884053305864,0.99629660110279,1.0166840458811262,2,42,0,2.99
PT_119,42,3.0,22.0,0.0,0.0,0.0,1.0,64.0,F,III,HER2+,1.0,6.0,100.0,3.33,59.27,76.4,32.3,6641.0,357.0,1.0027183417501704,0.9796884053305864,0.99629660110279,1.0166840458811262,2,42,0,3.29
PT_119,42,7.0,26.0,0.0,0.0,0.0,1.0,64.0,F,III,HER2+,1.0,6.0,100.0,3.33,59.27,76.4,32.3,6641.0,357.0,1.0027183417501704,0.9796884053305864,0.99629660110279,1.0166840458811262,2,42,0,3.47
PT_119,42,14.0,33.0,0.0,0.0,0.0,1.0,64.0,F,III,HER2+,1.0,6.0,100.0,3.33,59.27,76.4,32.3,6641.0,357.0,1.0027183417501704,0.9796884053305864,0.99629660110279,1.0166840458811262,2,42,0,3.6
PT_120,21,0.0,21.0,0.0,0.0,0.0,1.0,73.0,F,II,HER2+,2.0,6.21,100.0,6.33,23.6,70.8,46.2,5373.0,439.0,0.9736511706820496,1.0243790166952886,1.0285512518570383,1.0163609747696547,1,21,0,3.86
PT_120,21,3.0,24.0,0.0,0.0,0.0,1.0,73.0,F,II,HER2+,2.0,6.21,100.0,6.33,23.6,70.8,46.2,5373.0,439.0,0.9736511706820496,1.0243790166952886,1.0285512518570383,1.0163609747696547,1,21,0,3.96
PT_120,21,7.0,28.0,0.0,0.0,0.0,1.0,73.0,F,II,HER2+,2.0,6.21,100.0,6.33,23.6,70.8,46.2,5373.0,439.0,0.9736511706820496,1.0243790166952886,1.0285512518570383,1.0163609747696547,1,21,0,4.1
PT_120,21,14.0,35.0,0.0,0.0,0.0,1.0,73.0,F,II,HER2+,2.0,6.21,100.0,6.33,23.6,70.8,46.2,5373.0,439.0,0.9736511706820496,1.0243790166952886,1.0285512518570383,1.0163609747696547,1,21,0,4.67
PT_120,42,0.0,21.0,0.0,0.0,0.0,1.0,73.0,F,II,HER2+,2.0,6.21,100.0,6.11,36.47,68.1,35.4,6615.0,429.0,0.9769825162924961,1.0371602884082087,1.052327231256057,1.0005923213612622,2,42,0,4.03
PT_120,42,3.0,24.0,0.0,0.0,0.0,1.0,73.0,F,II,HER2+,2.0,6.21,100.0,6.11,36.47,68.1,35.4,6615.0,429.0,0.9769825162924961,1.0371602884082087,1.052327231256057,1.0005923213612622,2,42,0,4.13
PT_120,42,7.0,28.0,0.0,0.0,0.0,1.0,73.0,F,II,HER2+,2.0,6.21,100.0,6.11,36.47,68.1,35.4,6615.0,429.0,0.9769825162924961,1.0371602884082087,1.052327231256057,1.0005923213612622,2,42,0,4.26
PT_120,42,14.0,35.0,0.0,0.0,0.0,1.0,73.0,F,II,HER2+,2.0,6.21,100.0,6.11,36.47,68.1,35.4,6615.0,429.0,0.9769825162924961,1.0371602884082087,1.052327231256057,1.0005923213612622,2,42,0,4.69
PT_121,21,0.0,21.0,0.0,0.0,0.0,1.0,69.0,M,III,HER2+,1.0,4.52,100.0,4.55,45.02,67.2,55.6,5732.0,481.0,1.0549462946101222,0.8685032661175801,0.8070087776278752,1.0313084376947923,1,21,1,0.24
PT_121,21,3.0,24.0,0.0,0.0,0.0,1.0,69.0,M,III,HER2+,1.0,4.52,100.0,4.55,45.02,67.2,55.6,5732.0,481.0,1.0549462946101222,0.8685032661175801,0.8070087776278752,1.0313084376947923,1,21,1,0.4
PT_121,21,7.0,28.0,0.0,0.0,0.0,1.0,69.0,M,III,HER2+,1.0,4.52,100.0,4.55,45.02,67.2,55.6,5732.0,481.0,1.0549462946101222,0.8685032661175801,0.8070087776278752,1.0313084376947923,1,21,1,0.86
PT_121,21,14.0,35.0,0.0,0.0,0.0,1.0,69.0,M,III,HER2+,1.0,4.52,100.0,4.55,45.02,67.2,55.6,5732.0,481.0,1.0549462946101222,0.8685032661175801,0.8070087776278752,1.0313084376947923,1,21,1,0.88
PT_121,42,0.0,10.0,0.0,0.0,1.0,0.0,69.0,M,III,HER2+,1.0,4.52,100.0,3.25,54.84,72.5,49.4,4627.0,499.0,1.003861003861004,1.0039117508997026,0.946681832973822,1.0118962157727411,2,42,0,1.43
PT_121,42,3.0,13.0,0.0,0.0,1.0,0.0,69.0,M,III,HER2+,1.0,4.52,100.0,3.25,54.84,72.5,49.4,4627.0,499.0,1.003861003861004,1.0039117508997026,0.946681832973822,1.0118962157727411,2,42,0,1.68
PT_121,42,7.0,17.0,0.0,0.0,0.0,1.0,69.0,M,III,HER2+,1.0,4.52,100.0,3.25,54.84,72.5,49.4,4627.0,499.0,1.003861003861004,1.0039117508997026,0.946681832973822,1.0118962157727411,2,42,0,2.28
PT_121,42,14.0,24.0,0.0,0.0,0.0,1.0,69.0,M,III,HER2+,1.0,4.52,100.0,3.25,54.84,72.5,49.4,4627.0,499.0,1.003861003861004,1.0039117508997026,0.946681832973822,1.0118962157727411,2,42,0,2.46
PT_122,21,0.0,21.0,0.0,0.0,0.0,1.0,51.0,F,II,HER2+,1.0,4.58,100.0,4.72,34.71,61.3,38.1,6151.0,470.0,0.9754681666683348,1.0427797751786285,1.0770635122047223,0.9924131035699583,1,21,0,2.37
PT_122,21,3.0,24.0,0.0,0.0,0.0,1.0,51.0,F,II,HER2+,1.0,4.58,100.0,4.72,34.71,61.3,38.1,6151.0,470.0,0.9754681666683348,1.0427797751786285,1.0770635122047223,0.9924131035699583,1,21,0,2.64
PT_122,21,7.0,28.0,0.0,0.0,0.0,1.0,51.0,F,II,HER2+,1.0,4.58,100.0,4.72,34.71,61.3,38.1,6151.0,470.0,0.9754681666683348,1.0427797751786285,1.0770635122047223,0.9924131035699583,1,21,0,2.75
PT_122,21,14.0,35.0,0.0,0.0,0.0,1.0,51.0,F,II,HER2+,1.0,4.58,100.0,4.72,34.71,61.3,38.1,6151.0,470.0,0.9754681666683348,1.0427797751786285,1.0770635122047223,0.9924131035699583,1,21,0,3.25
PT_122,42,0.0,14.0,0.0,0.0,1.0,0.0,51.0,F,II,HER2+,1.0,4.58,100.0,2.58,50.85,65.5,20.2,3861.0,418.0,1.0479544798703653,0.769362547753242,0.8152258275734579,0.9965156794425087,2,42,0,2.46
PT_122,42,3.0,17.0,0.0,0.0,0.0,1.0,51.0,F,II,HER2+,1.0,4.58,100.0,2.58,50.85,65.5,20.2,3861.0,418.0,1.0479544798703653,0.769362547753242,0.8152258275734579,0.9965156794425087,2,42,0,2.56
PT_122,42,7.0,21.0,0.0,0.0,0.0,1.0,51.0,F,II,HER2+,1.0,4.58,100.0,2.58,50.85,65.5,20.2,3861.0,418.0,1.0479544798703653,0.769362547753242,0.8152258275734579,0.9965156794425087,2,42,0,2.93
PT_122,42,14.0,28.0,0.0,0.0,0.0,1.0,51.0,F,II,HER2+,1.0,4.58,100.0,2.58,50.85,65.5,20.2,3861.0,418.0,1.0479544798703653,0.769362547753242,0.8152258275734579,0.9965156794425087,2,42,0,3.37
PT_123,21,0.0,21.0,0.0,0.0,0.0,1.0,56.0,M,II,HER2+,2.0,6.2,100.0,5.94,34.71,78.4,29.1,5903.0,450.0,1.055016391842313,0.7626751408348983,0.8713598717606199,0.9674982634869183,1,21,0,3.66
PT_123,21,3.0,24.0,0.0,0.0,0.0,1.0,56.0,M,II,HER2+,2.0,6.2,100.0,5.94,34.71,78.4,29.1,5903.0,450.0,1.055016391842313,0.7626751408348983,0.8713598717606199,0.9674982634869183,1,21,0,3.66
PT_123,21,7.0,28.0,0.0,0.0,0.0,1.0,56.0,M,II,HER2+,2.0,6.2,100.0,5.94,34.71,78.4,29.1,5903.0,450.0,1.055016391842313,0.7626751408348983,0.8713598717606199,0.9674982634869183,1,21,0,4.05
PT_123,21,14.0,35.0,0.0,0.0,0.0,1.0,56.0,M,II,HER2+,2.0,6.2,100.0,5.94,34.71,78.4,29.1,5903.0,450.0,1.055016391842313,0.7626751408348983,0.8713598717606199,0.9674982634869183,1,21,0,4.29
PT_123,42,0.0,20.0,0.0,0.0,0.0,1.0,56.0,M,II,HER2+,2.0,6.2,100.0,4.18,53.27,71.3,38.2,5608.0,449.0,0.9684446791655666,1.1195536742599879,1.0652554980817843,0.9987633743749664,2,42,0,3.98
PT_123,42,3.0,23.0,0.0,0.0,0.0,1.0,56.0,M,II,HER2+,2.0,6.2,100.0,4.18,53.27,71.3,38.2,5608.0,449.0,0.9684446791655666,1.1195536742599879,1.0652554980817843,0.9987633743749664,2,42,0,3.91
PT_123,42,7.0,27.0,0.0,0.0,0.0,1.0,56.0,M,II,HER2+,2.0,6.2,100.0,4.18,53.27,71.3,38.2,5608.0,449.0,0.9684446791655666,1.1195536742599879,1.0652554980817843,0.9987633743749664,2,42,0,4.14
PT_123,42,14.0,34.0,0.0,0.0,0.0,1.0,56.0,M,II,HER2+,2.0,6.2,100.0,4.18,53.27,71.3,38.2,5608.0,449.0,0.9684446791655666,1.1195536742599879,1.0652554980817843,0.9987633743749664,2,42,0,4.66
PT_124,21,0.0,21.0,0.0,0.0,0.0,1.0,64.0,F,III,ER+/PR+,0.0,4.97,100.0,5.13,30.61,67.5,57.8,6544.0,495.0,1.000697836706211,1.0010972518256,1.0240581115285246,1.0299089726918076,1,21,0,3.86
PT_124,21,3.0,24.0,0.0,0.0,0.0,1.0,64.0,F,III,ER+/PR+,0.0,4.97,100.0,5.13,30.61,67.5,57.8,6544.0,495.0,1.000697836706211,1.0010972518256,1.0240581115285246,1.0299089726918076,1,21,0,4.12
PT_124,21,7.0,28.0,0.0,0.0,0.0,1.0,64.0,F,III,ER+/PR+,0.0,4.97,100.0,5.13,30.61,67.5,57.8,6544.0,495.0,1.000697836706211,1.0010972518256,1.0240581115285246,1.0299089726918076,1,21,0,4.19
PT_124,21,14.0,35.0,0.0,0.0,0.0,1.0,64.0,F,III,ER+/PR+,0.0,4.97,100.0,5.13,30.61,67.5,57.8,6544.0,495.0,1.000697836706211,1.0010972518256,1.0240581115285246,1.0299089726918076,1,21,0,4.26
PT_124,42,0.0,21.0,0.0,0.0,0.0,1.0,64.0,F,III,ER+/PR+,0.0,4.97,100.0,5.12,60.09,71.0,55.2,6340.0,432.0,0.9976444506027435,1.024992899744391,1.0049541763807381,0.9615424355768635,2,42,0,2.73
PT_124,42,3.0,24.0,0.0,0.0,0.0,1.0,64.0,F,III,ER+/PR+,0.0,4.97,100.0,5.12,60.09,71.0,55.2,6340.0,432.0,0.9976444506027435,1.024992899744391,1.0049541763807381,0.9615424355768635,2,42,0,2.98
PT_124,42,7.0,28.0,0.0,0.0,0.0,1.0,64.0,F,III,ER+/PR+,0.0,4.97,100.0,5.12,60.09,71.0,55.2,6340.0,432.0,0.9976444506027435,1.024992899744391,1.0049541763807381,0.9615424355768635,2,42,0,3.02
PT_124,42,14.0,35.0,0.0,0.0,0.0,1.0,64.0,F,III,ER+/PR+,0.0,4.97,100.0,5.12,60.09,71.0,55.2,6340.0,432.0,0.9976444506027435,1.024992899744391,1.0049541763807381,0.9615424355768635,2,42,0,3.5
PT_125,21,0.0,21.0,0.0,0.0,0.0,1.0,30.0,F,III,ER+/PR+,2.0,2.92,100.0,2.94,45.02,57.7,52.4,6176.0,411.0,0.9721685561185435,1.055058330742674,1.1465145506129544,0.9942629668657066,1,21,0,1.73
PT_125,21,3.0,24.0,0.0,0.0,0.0,1.0,30.0,F,III,ER+/PR+,2.0,2.92,100.0,2.94,45.02,57.7,52.4,6176.0,411.0,0.9721685561185435,1.055058330742674,1.1465145506129544,0.9942629668657066,1,21,0,1.72
PT_125,21,7.0,28.0,0.0,0.0,0.0,1.0,30.0,F,III,ER+/PR+,2.0,2.92,100.0,2.94,45.02,57.7,52.4,6176.0,411.0,0.9721685561185435,1.055058330742674,1.1465145506129544,0.9942629668657066,1,21,0,1.75
PT_125,21,14.0,35.0,0.0,0.0,0.0,1.0,30.0,F,III,ER+/PR+,2.0,2.92,100.0,2.94,45.02,57.7,52.4,6176.0,411.0,0.9721685561185435,1.055058330742674,1.1465145506129544,0.9942629668657066,1,21,0,1.8
PT_125,42,0.0,10.0,0.0,0.0,1.0,0.0,30.0,F,III,ER+/PR+,2.0,2.92,100.0,0.46,54.84,74.1,28.4,3992.0,370.0,1.1006643037544834,0.7660300063272812,0.747026902205288,0.9943493295099941,2,42,1,0.48
PT_125,42,3.0,13.0,0.0,0.0,1.0,0.0,30.0,F,III,ER+/PR+,2.0,2.92,100.0,0.46,54.84,74.1,28.4,3992.0,370.0,1.1006643037544834,0.7660300063272812,0.747026902205288,0.9943493295099941,2,42,1,0.67
PT_125,42,7.0,17.0,0.0,0.0,0.0,1.0,30.0,F,III,ER+/PR+,2.0,2.92,100.0,0.46,54.84,74.1,28.4,3992.0,370.0,1.1006643037544834,0.7660300063272812,0.747026902205288,0.9943493295099941,2,42,1,0.88
PT_125,42,14.0,24.0,0.0,0.0,0.0,1.0,30.0,F,III,ER+/PR+,2.0,2.92,100.0,0.46,54.84,74.1,28.4,3992.0,370.0,1.1006643037544834,0.7660300063272812,0.747026902205288,0.9943493295099941,2,42,1,0.92
PT_126,21,0.0,21.0,0.0,0.0,0.0,1.0,64.0,F,II,ER+/PR+,1.0,6.18,100.0,5.99,34.71,62.5,45.2,5622.0,437.0,1.0770487436739766,0.7853797968740499,0.6616432072875397,0.9982119612639289,1,21,0,1.54
PT_126,21,3.0,24.0,0.0,0.0,0.0,1.0,64.0,F,II,ER+/PR+,1.0,6.18,100.0,5.99,34.71,62.5,45.2,5622.0,437.0,1.0770487436739766,0.7853797968740499,0.6616432072875397,0.9982119612639289,1,21,0,1.83
PT_126,21,7.0,28.0,0.0,0.0,0.0,1.0,64.0,F,II,ER+/PR+,1.0,6.18,100.0,5.99,34.71,62.5,45.2,5622.0,437.0,1.0770487436739766,0.7853797968740499,0.6616432072875397,0.9982119612639289,1,21,0,1.74
PT_126,21,14.0,35.0,0.0,0.0,0.0,1.0,64.0,F,II,ER+/PR+,1.0,6.18,100.0,5.99,34.71,62.5,45.2,5622.0,437.0,1.0770487436739766,0.7853797968740499,0.6616432072875397,0.9982119612639289,1,21,0,2.38
PT_126,42,0.0,20.0,0.0,0.0,0.0,1.0,64.0,F,II,ER+/PR+,1.0,6.18,100.0,5.1,53.27,66.2,42.3,5815.0,463.0,0.9349699660485766,1.1236562774660266,1.1856273654250131,0.9899610475979351,2,42,0,3.5
PT_126,42,3.0,23.0,0.0,0.0,0.0,1.0,64.0,F,II,ER+/PR+,1.0,6.18,100.0,5.1,53.27,66.2,42.3,5815.0,463.0,0.9349699660485766,1.1236562774660266,1.1856273654250131,0.9899610475979351,2,42,0,3.83
PT_126,42,7.0,27.0,0.0,0.0,0.0,1.0,64.0,F,II,ER+/PR+,1.0,6.18,100.0,5.1,53.27,66.2,42.3,5815.0,463.0,0.9349699660485766,1.1236562774660266,1.1856273654250131,0.9899610475979351,2,42,0,3.92
PT_126,42,14.0,34.0,0.0,0.0,0.0,1.0,64.0,F,II,ER+/PR+,1.0,6.18,100.0,5.1,53.27,66.2,42.3,5815.0,463.0,0.9349699660485766,1.1236562774660266,1.1856273654250131,0.9899610475979351,2,42,0,4.24
PT_127,21,0.0,21.0,0.0,0.0,0.0,1.0,66.0,F,IV,Triple Negative,1.0,3.72,100.0,3.64,54.8,77.8,30.9,6510.0,530.0,1.0010981213677526,0.9429104748975784,0.9760508638760084,1.0056154537286615,1,21,1,0.5
PT_127,21,3.0,24.0,0.0,0.0,0.0,1.0,66.0,F,IV,Triple Negative,1.0,3.72,100.0,3.64,54.8,77.8,30.9,6510.0,530.0,1.0010981213677526,0.9429104748975784,0.9760508638760084,1.0056154537286615,1,21,1,0.71
PT_127,21,7.0,28.0,0.0,0.0,0.0,1.0,66.0,F,IV,Triple Negative,1.0,3.72,100.0,3.64,54.8,77.8,30.9,6510.0,530.0,1.0010981213677526,0.9429104748975784,0.9760508638760084,1.0056154537286615,1,21,1,0.83
PT_127,21,14.0,35.0,0.0,0.0,0.0,1.0,66.0,F,IV,Triple Negative,1.0,3.72,100.0,3.64,54.8,77.8,30.9,6510.0,530.0,1.0010981213677526,0.9429104748975784,0.9760508638760084,1.0056154537286615,1,21,0,1.21
PT_127,42,0.0,15.0,0.0,0.0,0.0,1.0,66.0,F,IV,Triple Negative,1.0,3.72,100.0,0.21,62.58,85.8,12.6,3894.0,479.0,1.0614772224679345,0.8504080817304946,0.8102401974848827,0.9803204665319963,2,42,0,2.0
PT_127,42,3.0,18.0,0.0,0.0,0.0,1.0,66.0,F,IV,Triple Negative,1.0,3.72,100.0,0.21,62.58,85.8,12.6,3894.0,479.0,1.0614772224679345,0.8504080817304946,0.8102401974848827,0.9803204665319963,2,42,0,1.97
PT_127,42,7.0,22.0,0.0,0.0,0.0,1.0,66.0,F,IV,Triple Negative,1.0,3.72,100.0,0.21,62.58,85.8,12.6,3894.0,479.0,1.0614772224679345,0.8504080817304946,0.8102401974848827,0.9803204665319963,2,42,0,2.24
PT_127,42,14.0,29.0,0.0,0.0,0.0,1.0,66.0,F,IV,Triple Negative,1.0,3.72,100.0,0.21,62.58,85.8,12.6,3894.0,479.0,1.0614772224679345,0.8504080817304946,0.8102401974848827,0.9803204665319963,2,42,0,2.28
PT_128,21,0.0,21.0,0.0,0.0,0.0,1.0,43.0,M,II,ER+/PR+,1.0,4.94,100.0,4.81,34.71,70.5,39.1,5809.0,415.0,0.9808905042373984,1.0372480918411913,1.0473196509034297,0.9964370023899942,1,21,0,3.67
PT_128,21,3.0,24.0,0.0,0.0,0.0,1.0,43.0,M,II,ER+/PR+,1.0,4.94,100.0,4.81,34.71,70.5,39.1,5809.0,415.0,0.9808905042373984,1.0372480918411913,1.0473196509034297,0.9964370023899942,1,21,0,3.86
PT_128,21,7.0,28.0,0.0,0.0,0.0,1.0,43.0,M,II,ER+/PR+,1.0,4.94,100.0,4.81,34.71,70.5,39.1,5809.0,415.0,0.9808905042373984,1.0372480918411913,1.0473196509034297,0.9964370023899942,1,21,0,4.01
PT_128,21,14.0,35.0,0.0,0.0,0.0,1.0,43.0,M,II,ER+/PR+,1.0,4.94,100.0,4.81,34.71,70.5,39.1,5809.0,415.0,0.9808905042373984,1.0372480918411913,1.0473196509034297,0.9964370023899942,1,21,0,4.07
PT_128,42,0.0,11.0,0.0,0.0,1.0,0.0,43.0,M,II,ER+/PR+,1.0,4.94,100.0,2.62,49.46,80.0,28.8,4758.0,472.0,1.09558608221829,0.7653218581562368,0.7940062635509515,0.9834808448094067,2,42,0,2.1
PT_128,42,3.0,14.0,0.0,0.0,1.0,0.0,43.0,M,II,ER+/PR+,1.0,4.94,100.0,2.62,49.46,80.0,28.8,4758.0,472.0,1.09558608221829,0.7653218581562368,0.7940062635509515,0.9834808448094067,2,42,0,2.5
PT_128,42,7.0,18.0,0.0,0.0,0.0,1.0,43.0,M,II,ER+/PR+,1.0,4.94,100.0,2.62,49.46,80.0,28.8,4758.0,472.0,1.09558608221829,0.7653218581562368,0.7940062635509515,0.9834808448094067,2,42,0,2.69
PT_128,42,14.0,25.0,0.0,0.0,0.0,1.0,43.0,M,II,ER+/PR+,1.0,4.94,100.0,2.62,49.46,80.0,28.8,4758.0,472.0,1.09558608221829,0.7653218581562368,0.7940062635509515,0.9834808448094067,2,42,0,3.13
PT_129,21,0.0,21.0,0.0,0.0,0.0,1.0,32.0,F,III,ER+/PR+,1.0,3.41,100.0,3.36,45.02,77.6,25.9,4069.0,450.0,1.072016154393631,0.7780124842759831,0.6802521106433754,0.9838614418943235,1,21,0,2.15
PT_129,21,3.0,24.0,0.0,0.0,0.0,1.0,32.0,F,III,ER+/PR+,1.0,3.41,100.0,3.36,45.02,77.6,25.9,4069.0,450.0,1.072016154393631,0.7780124842759831,0.6802521106433754,0.9838614418943235,1,21,0,2.18
PT_129,21,7.0,28.0,0.0,0.0,0.0,1.0,32.0,F,III,ER+/PR+,1.0,3.41,100.0,3.36,45.02,77.6,25.9,4069.0,450.0,1.072016154393631,0.7780124842759831,0.6802521106433754,0.9838614418943235,1,21,0,2.2
PT_129,21,14.0,35.0,0.0,0.0,0.0,1.0,32.0,F,III,ER+/PR+,1.0,3.41,100.0,3.36,45.02,77.6,25.9,4069.0,450.0,1.072016154393631,0.7780124842759831,0.6802521106433754,0.9838614418943235,1,21,0,2.2
PT_129,42,0.0,18.0,0.0,0.0,0.0,1.0,32.0,F,III,ER+/PR+,1.0,3.41,100.0,0.17,58.84,82.1,24.7,3431.0,492.0,1.0142163661581138,0.9884151274680252,1.0505956946032375,1.020480261630548,2,42,0,1.55
PT_129,42,3.0,21.0,0.0,0.0,0.0,1.0,32.0,F,III,ER+/PR+,1.0,3.41,100.0,0.17,58.84,82.1,24.7,3431.0,492.0,1.0142163661581138,0.9884151274680252,1.0505956946032375,1.020480261630548,2,42,0,1.65
PT_129,42,7.0,25.0,0.0,0.0,0.0,1.0,32.0,F,III,ER+/PR+,1.0,3.41,100.0,0.17,58.84,82.1,24.7,3431.0,492.0,1.0142163661581138,0.9884151274680252,1.0505956946032375,1.020480261630548,2,42,0,2.02
PT_129,42,14.0,32.0,0.0,0.0,0.0,1.0,32.0,F,III,ER+/PR+,1.0,3.41,100.0,0.17,58.84,82.1,24.7,3431.0,492.0,1.0142163661581138,0.9884151274680252,1.0505956946032375,1.020480261630548,2,42,0,2.43
PT_130,21,0.0,21.0,0.0,0.0,0.0,1.0,30.0,F,IV,ER+/PR+,1.0,2.93,100.0,3.03,54.8,68.3,46.7,6279.0,408.0,0.9752032488517125,1.0737125546953887,1.0197393159122445,1.022590963614554,1,21,0,1.17
PT_130,21,3.0,24.0,0.0,0.0,0.0,1.0,30.0,F,IV,ER+/PR+,1.0,2.93,100.0,3.03,54.8,68.3,46.7,6279.0,408.0,0.9752032488517125,1.0737125546953887,1.0197393159122445,1.022590963614554,1,21,0,1.24
PT_130,21,7.0,28.0,0.0,0.0,0.0,1.0,30.0,F,IV,ER+/PR+,1.0,2.93,100.0,3.03,54.8,68.3,46.7,6279.0,408.0,0.9752032488517125,1.0737125546953887,1.0197393159122445,1.022590963614554,1,21,0,1.72
PT_130,21,14.0,35.0,0.0,0.0,0.0,1.0,30.0,F,IV,ER+/PR+,1.0,2.93,100.0,3.03,54.8,68.3,46.7,6279.0,408.0,0.9752032488517125,1.0737125546953887,1.0197393159122445,1.022590963614554,1,21,0,1.91
PT_130,42,0.0,12.0,0.0,0.0,1.0,0.0,30.0,F,IV,ER+/PR+,1.0,2.93,100.0,1.2,60.92,75.4,30.1,5249.0,391.0,1.0285492016843039,0.9054501614400732,0.9085778137577961,0.9741723560479196,2,42,1,0.83
PT_130,42,3.0,15.0,0.0,0.0,0.0,1.0,30.0,F,IV,ER+/PR+,1.0,2.93,100.0,1.2,60.92,75.4,30.1,5249.0,391.0,1.0285492016843039,0.9054501614400732,0.9085778137577961,0.9741723560479196,2,42,0,1.17
PT_130,42,7.0,19.0,0.0,0.0,0.0,1.0,30.0,F,IV,ER+/PR+,1.0,2.93,100.0,1.2,60.92,75.4,30.1,5249.0,391.0,1.0285492016843039,0.9054501614400732,0.9085778137577961,0.9741723560479196,2,42,0,1.09
PT_130,42,14.0,26.0,0.0,0.0,0.0,1.0,30.0,F,IV,ER+/PR+,1.0,2.93,100.0,1.2,60.92,75.4,30.1,5249.0,391.0,1.0285492016843039,0.9054501614400732,0.9085778137577961,0.9741723560479196,2,42,0,1.62
PT_131,21,0.0,21.0,0.0,0.0,0.0,1.0,34.0,F,III,ER+/PR+,1.0,3.95,100.0,4.02,45.02,71.4,51.5,7079.0,416.0,1.0630619711695057,0.824245216022725,0.7854796478298661,0.9686721647202081,1,21,1,0.15
PT_131,21,3.0,24.0,0.0,0.0,0.0,1.0,34.0,F,III,ER+/PR+,1.0,3.95,100.0,4.02,45.02,71.4,51.5,7079.0,416.0,1.0630619711695057,0.824245216022725,0.7854796478298661,0.9686721647202081,1,21,1,0.15
PT_131,21,7.0,28.0,0.0,0.0,0.0,1.0,34.0,F,III,ER+/PR+,1.0,3.95,100.0,4.02,45.02,71.4,51.5,7079.0,416.0,1.0630619711695057,0.824245216022725,0.7854796478298661,0.9686721647202081,1,21,1,0.15
PT_131,21,14.0,35.0,0.0,0.0,0.0,1.0,34.0,F,III,ER+/PR+,1.0,3.95,100.0,4.02,45.02,71.4,51.5,7079.0,416.0,1.0630619711695057,0.824245216022725,0.7854796478298661,0.9686721647202081,1,21,1,0.15
PT_131,42,0.0,18.0,0.0,0.0,0.0,1.0,34.0,F,III,ER+/PR+,1.0,3.95,100.0,3.63,58.84,76.3,47.1,6455.0,440.0,0.9828088953427097,1.0543256211696517,1.0842842025873998,0.9528350326413849,2,42,1,0.8
PT_131,42,3.0,21.0,0.0,0.0,0.0,1.0,34.0,F,III,ER+/PR+,1.0,3.95,100.0,3.63,58.84,76.3,47.1,6455.0,440.0,0.9828088953427097,1.0543256211696517,1.0842842025873998,0.9528350326413849,2,42,0,1.36
PT_131,42,7.0,25.0,0.0,0.0,0.0,1.0,34.0,F,III,ER+/PR+,1.0,3.95,100.0,3.63,58.84,76.3,47.1,6455.0,440.0,0.9828088953427097,1.0543256211696517,1.0842842025873998,0.9528350326413849,2,42,0,1.19
PT_131,42,14.0,32.0,0.0,0.0,0.0,1.0,34.0,F,III,ER+/PR+,1.0,3.95,100.0,3.63,58.84,76.3,47.1,6455.0,440.0,0.9828088953427097,1.0543256211696517,1.0842842025873998,0.9528350326413849,2,42,0,1.79
PT_132,21,0.0,21.0,0.0,0.0,0.0,1.0,55.0,M,III,HER2+,1.0,5.69,100.0,5.66,45.02,80.1,36.3,6371.0,466.0,1.0076110470716417,1.028434588372608,1.0331087645609869,1.0411547573136466,1,21,0,3.32
PT_132,21,3.0,24.0,0.0,0.0,0.0,1.0,55.0,M,III,HER2+,1.0,5.69,100.0,5.66,45.02,80.1,36.3,6371.0,466.0,1.0076110470716417,1.028434588372608,1.0331087645609869,1.0411547573136466,1,21,0,3.7
PT_132,21,7.0,28.0,0.0,0.0,0.0,1.0,55.0,M,III,HER2+,1.0,5.69,100.0,5.66,45.02,80.1,36.3,6371.0,466.0,1.0076110470716417,1.028434588372608,1.0331087645609869,1.0411547573136466,1,21,0,3.89
PT_132,21,14.0,35.0,0.0,0.0,0.0,1.0,55.0,M,III,HER2+,1.0,5.69,100.0,5.66,45.02,80.1,36.3,6371.0,466.0,1.0076110470716417,1.028434588372608,1.0331087645609869,1.0411547573136466,1,21,0,4.1
PT_132,42,0.0,15.0,0.0,0.0,0.0,1.0,55.0,M,III,HER2+,1.0,5.69,100.0,3.23,57.45,81.9,34.0,4783.0,506.0,1.0268326194132387,0.9088435374149659,0.9232439571044896,1.0267520907712622,2,42,0,3.43
PT_132,42,3.0,18.0,0.0,0.0,0.0,1.0,55.0,M,III,HER2+,1.0,5.69,100.0,3.23,57.45,81.9,34.0,4783.0,506.0,1.0268326194132387,0.9088435374149659,0.9232439571044896,1.0267520907712622,2,42,0,3.54
PT_132,42,7.0,22.0,0.0,0.0,0.0,1.0,55.0,M,III,HER2+,1.0,5.69,100.0,3.23,57.45,81.9,34.0,4783.0,506.0,1.0268326194132387,0.9088435374149659,0.9232439571044896,1.0267520907712622,2,42,0,3.83
PT_132,42,14.0,29.0,0.0,0.0,0.0,1.0,55.0,M,III,HER2+,1.0,5.69,100.0,3.23,57.45,81.9,34.0,4783.0,506.0,1.0268326194132387,0.9088435374149659,0.9232439571044896,1.0267520907712622,2,42,0,4.15
PT_133,21,0.0,21.0,0.0,0.0,0.0,1.0,43.0,F,III,HER2+,0.0,3.83,100.0,3.69,45.02,62.4,46.3,5216.0,445.0,1.0068027210884352,0.9934574396330771,1.013336191543125,0.9928450036417646,1,21,0,1.87
PT_133,21,3.0,24.0,0.0,0.0,0.0,1.0,43.0,F,III,HER2+,0.0,3.83,100.0,3.69,45.02,62.4,46.3,5216.0,445.0,1.0068027210884352,0.9934574396330771,1.013336191543125,0.9928450036417646,1,21,0,1.86
PT_133,21,7.0,28.0,0.0,0.0,0.0,1.0,43.0,F,III,HER2+,0.0,3.83,100.0,3.69,45.02,62.4,46.3,5216.0,445.0,1.0068027210884352,0.9934574396330771,1.013336191543125,0.9928450036417646,1,21,0,2.33
PT_133,21,14.0,35.0,0.0,0.0,0.0,1.0,43.0,F,III,HER2+,0.0,3.83,100.0,3.69,45.02,62.4,46.3,5216.0,445.0,1.0068027210884352,0.9934574396330771,1.013336191543125,0.9928450036417646,1,21,0,2.55
PT_133,42,0.0,20.0,0.0,0.0,0.0,1.0,43.0,F,III,HER2+,0.0,3.83,100.0,2.97,59.68,68.5,43.1,5083.0,465.0,1.021512605042017,0.9324852362827049,0.9621132111852686,0.9805296198336573,2,42,0,1.29
PT_133,42,3.0,23.0,0.0,0.0,0.0,1.0,43.0,F,III,HER2+,0.0,3.83,100.0,2.97,59.68,68.5,43.1,5083.0,465.0,1.021512605042017,0.9324852362827049,0.9621132111852686,0.9805296198336573,2,42,0,1.7
PT_133,42,7.0,27.0,0.0,0.0,0.0,1.0,43.0,F,III,HER2+,0.0,3.83,100.0,2.97,59.68,68.5,43.1,5083.0,465.0,1.021512605042017,0.9324852362827049,0.9621132111852686,0.9805296198336573,2,42,0,1.81
PT_133,42,14.0,34.0,0.0,0.0,0.0,1.0,43.0,F,III,HER2+,0.0,3.83,100.0,2.97,59.68,68.5,43.1,5083.0,465.0,1.021512605042017,0.9324852362827049,0.9621132111852686,0.9805296198336573,2,42,0,2.43
PT_134,21,0.0,21.0,0.0,0.0,0.0,1.0,68.0,M,III,ER+/PR+,2.0,3.61,100.0,3.42,45.02,95.1,42.7,4147.0,397.0,1.0394470645201945,0.8328413018433181,0.708311940013423,0.9604741294807799,1,21,1,0.76
PT_134,21,3.0,24.0,0.0,0.0,0.0,1.0,68.0,M,III,ER+/PR+,2.0,3.61,100.0,3.42,45.02,95.1,42.7,4147.0,397.0,1.0394470645201945,0.8328413018433181,0.708311940013423,0.9604741294807799,1,21,1,0.87
PT_134,21,7.0,28.0,0.0,0.0,0.0,1.0,68.0,M,III,ER+/PR+,2.0,3.61,100.0,3.42,45.02,95.1,42.7,4147.0,397.0,1.0394470645201945,0.8328413018433181,0.708311940013423,0.9604741294807799,1,21,0,1.21
PT_134,21,14.0,35.0,0.0,0.0,0.0,1.0,68.0,M,III,ER+/PR+,2.0,3.61,100.0,3.42,45.02,95.1,42.7,4147.0,397.0,1.0394470645201945,0.8328413018433181,0.708311940013423,0.9604741294807799,1,21,0,1.63
PT_134,42,0.0,18.0,0.0,0.0,0.0,1.0,68.0,M,III,ER+/PR+,2.0,3.61,100.0,1.26,58.84,100.5,31.4,3189.0,372.0,1.0118575956531581,0.990660887439117,0.9734796368707277,1.0002187705097354,2,42,0,2.38
PT_134,42,3.0,21.0,0.0,0.0,0.0,1.0,68.0,M,III,ER+/PR+,2.0,3.61,100.0,1.26,58.84,100.5,31.4,3189.0,372.0,1.0118575956531581,0.990660887439117,0.9734796368707277,1.0002187705097354,2,42,0,2.32
PT_134,42,7.0,25.0,0.0,0.0,0.0,1.0,68.0,M,III,ER+/PR+,2.0,3.61,100.0,1.26,58.84,100.5,31.4,3189.0,372.0,1.0118575956531581,0.990660887439117,0.9734796368707277,1.0002187705097354,2,42,0,2.38
PT_134,42,14.0,32.0,0.0,0.0,0.0,1.0,68.0,M,III,ER+/PR+,2.0,3.61,100.0,1.26,58.84,100.5,31.4,3189.0,372.0,1.0118575956531581,0.990660887439117,0.9734796368707277,1.0002187705097354,2,42,0,2.38
PT_135,21,0.0,21.0,0.0,0.0,0.0,1.0,56.0,F,III,ER+/PR+,1.0,3.59,100.0,3.68,45.02,73.9,63.9,4831.0,534.0,1.0001266926510808,1.0280340552264413,0.955988750670992,0.971922304812544,1,21,1,0.15
PT_135,21,3.0,24.0,0.0,0.0,0.0,1.0,56.0,F,III,ER+/PR+,1.0,3.59,100.0,3.68,45.02,73.9,63.9,4831.0,534.0,1.0001266926510808,1.0280340552264413,0.955988750670992,0.971922304812544,1,21,1,0.63
PT_135,21,7.0,28.0,0.0,0.0,0.0,1.0,56.0,F,III,ER+/PR+,1.0,3.59,100.0,3.68,45.02,73.9,63.9,4831.0,534.0,1.0001266926510808,1.0280340552264413,0.955988750670992,0.971922304812544,1,21,1,0.82
PT_135,21,14.0,35.0,0.0,0.0,0.0,1.0,56.0,F,III,ER+/PR+,1.0,3.59,100.0,3.68,45.02,73.9,63.9,4831.0,534.0,1.0001266926510808,1.0280340552264413,0.955988750670992,0.971922304812544,1,21,0,1.29
PT_135,42,0.0,15.0,0.0,0.0,0.0,1.0,56.0,F,III,ER+/PR+,1.0,3.59,100.0,2.32,57.45,77.2,52.4,4360.0,465.0,0.9943797218941585,1.02022833128371,1.0335914512222217,1.0006101912277254,2,42,0,2.25
PT_135,42,3.0,18.0,0.0,0.0,0.0,1.0,56.0,F,III,ER+/PR+,1.0,3.59,100.0,2.32,57.45,77.2,52.4,4360.0,465.0,0.9943797218941585,1.02022833128371,1.0335914512222217,1.0006101912277254,2,42,0,2.3
PT_135,42,7.0,22.0,0.0,0.0,0.0,1.0,56.0,F,III,ER+/PR+,1.0,3.59,100.0,2.32,57.45,77.2,52.4,4360.0,465.0,0.9943797218941585,1.02022833128371,1.0335914512222217,1.0006101912277254,2,42,0,2.38
PT_135,42,14.0,29.0,0.0,0.0,0.0,1.0,56.0,F,III,ER+/PR+,1.0,3.59,100.0,2.32,57.45,77.2,52.4,4360.0,465.0,0.9943797218941585,1.02022833128371,1.0335914512222217,1.0006101912277254,2,42,0,2.42
PT_136,21,0.0,21.0,0.0,0.0,0.0,1.0,38.0,F,II,HER2+,0.0,4.71,100.0,4.66,34.71,77.1,42.2,7258.0,458.0,0.9936437761637558,1.0356130164731299,1.0480743538771804,0.994435507265487,1,21,0,2.88
PT_136,21,3.0,24.0,0.0,0.0,0.0,1.0,38.0,F,II,HER2+,0.0,4.71,100.0,4.66,34.71,77.1,42.2,7258.0,458.0,0.9936437761637558,1.0356130164731299,1.0480743538771804,0.994435507265487,1,21,0,2.57
PT_136,21,7.0,28.0,0.0,0.0,0.0,1.0,38.0,F,II,HER2+,0.0,4.71,100.0,4.66,34.71,77.1,42.2,7258.0,458.0,0.9936437761637558,1.0356130164731299,1.0480743538771804,0.994435507265487,1,21,0,3.42
PT_136,21,14.0,35.0,0.0,0.0,0.0,1.0,38.0,F,II,HER2+,0.0,4.71,100.0,4.66,34.71,77.1,42.2,7258.0,458.0,0.9936437761637558,1.0356130164731299,1.0480743538771804,0.994435507265487,1,21,0,3.62
PT_136,42,0.0,12.0,0.0,0.0,1.0,0.0,38.0,F,II,HER2+,0.0,4.71,100.0,2.18,49.94,80.5,34.2,4359.0,504.0,1.1207886069597217,0.6815738836175436,0.6258734544523508,1.014612001702369,2,42,0,1.4
PT_136,42,3.0,15.0,0.0,0.0,0.0,1.0,38.0,F,II,HER2+,0.0,4.71,100.0,2.18,49.94,80.5,34.2,4359.0,504.0,1.1207886069597217,0.6815738836175436,0.6258734544523508,1.014612001702369,2,42,0,1.29
PT_136,42,7.0,19.0,0.0,0.0,0.0,1.0,38.0,F,II,HER2+,0.0,4.71,100.0,2.18,49.94,80.5,34.2,4359.0,504.0,1.1207886069597217,0.6815738836175436,0.6258734544523508,1.014612001702369,2,42,0,1.88
PT_136,42,14.0,26.0,0.0,0.0,0.0,1.0,38.0,F,II,HER2+,0.0,4.71,100.0,2.18,49.94,80.5,34.2,4359.0,504.0,1.1207886069597217,0.6815738836175436,0.6258734544523508,1.014612001702369,2,42,0,2.19
PT_137,21,0.0,21.0,0.0,0.0,0.0,1.0,44.0,M,II,Triple Negative,1.0,6.41,100.0,6.37,34.71,64.1,46.2,7600.0,470.0,0.9660083609629524,1.0698324022346368,1.0418679549114331,1.0310492176211996,1,21,0,3.98
PT_137,21,3.0,24.0,0.0,0.0,0.0,1.0,44.0,M,II,Triple Negative,1.0,6.41,100.0,6.37,34.71,64.1,46.2,7600.0,470.0,0.9660083609629524,1.0698324022346368,1.0418679549114331,1.0310492176211996,1,21,0,4.43
PT_137,21,7.0,28.0,0.0,0.0,0.0,1.0,44.0,M,II,Triple Negative,1.0,6.41,100.0,6.37,34.71,64.1,46.2,7600.0,470.0,0.9660083609629524,1.0698324022346368,1.0418679549114331,1.0310492176211996,1,21,0,4.76
PT_137,21,14.0,35.0,0.0,0.0,0.0,1.0,44.0,M,II,Triple Negative,1.0,6.41,100.0,6.37,34.71,64.1,46.2,7600.0,470.0,0.9660083609629524,1.0698324022346368,1.0418679549114331,1.0310492176211996,1,21,0,5.28
PT_137,42,0.0,7.0,0.0,1.0,0.0,0.0,44.0,M,II,Triple Negative,1.0,6.41,100.0,3.85,47.39,69.1,29.4,5562.0,389.0,1.0948292556968562,0.8093310198573358,0.8297321044997523,0.9600759342372008,2,42,0,3.24
PT_137,42,3.0,10.0,0.0,0.0,1.0,0.0,44.0,M,II,Triple Negative,1.0,6.41,100.0,3.85,47.39,69.1,29.4,5562.0,389.0,1.0948292556968562,0.8093310198573358,0.8297321044997523,0.9600759342372008,2,42,0,3.56
PT_137,42,7.0,14.0,0.0,0.0,1.0,0.0,44.0,M,II,Triple Negative,1.0,6.41,100.0,3.85,47.39,69.1,29.4,5562.0,389.0,1.0948292556968562,0.8093310198573358,0.8297321044997523,0.9600759342372008,2,42,0,3.91
PT_137,42,14.0,21.0,0.0,0.0,0.0,1.0,44.0,M,II,Triple Negative,1.0,6.41,100.0,3.85,47.39,69.1,29.4,5562.0,389.0,1.0948292556968562,0.8093310198573358,0.8297321044997523,0.9600759342372008,2,42,0,4.13
PT_138,21,0.0,21.0,0.0,0.0,0.0,1.0,44.0,M,III,ER+/PR+,1.0,4.5,100.0,4.52,45.02,84.2,37.1,5039.0,402.0,1.0023319020279509,1.0560157438053492,1.0347692058083882,1.0128325397808733,1,21,0,3.25
PT_138,21,3.0,24.0,0.0,0.0,0.0,1.0,44.0,M,III,ER+/PR+,1.0,4.5,100.0,4.52,45.02,84.2,37.1,5039.0,402.0,1.0023319020279509,1.0560157438053492,1.0347692058083882,1.0128325397808733,1,21,0,3.48
PT_138,21,7.0,28.0,0.0,0.0,0.0,1.0,44.0,M,III,ER+/PR+,1.0,4.5,100.0,4.52,45.02,84.2,37.1,5039.0,402.0,1.0023319020279509,1.0560157438053492,1.0347692058083882,1.0128325397808733,1,21,0,3.7
PT_138,21,14.0,35.0,0.0,0.0,0.0,1.0,44.0,M,III,ER+/PR+,1.0,4.5,100.0,4.52,45.02,84.2,37.1,5039.0,402.0,1.0023319020279509,1.0560157438053492,1.0347692058083882,1.0128325397808733,1,21,0,3.72
PT_138,42,0.0,14.0,0.0,0.0,1.0,0.0,44.0,M,III,ER+/PR+,1.0,4.5,100.0,2.2,56.96,79.0,38.6,4336.0,390.0,1.0034600022552331,0.933510536337265,0.8492852713492699,0.953976793116047,2,42,0,2.88
PT_138,42,3.0,17.0,0.0,0.0,0.0,1.0,44.0,M,III,ER+/PR+,1.0,4.5,100.0,2.2,56.96,79.0,38.6,4336.0,390.0,1.0034600022552331,0.933510536337265,0.8492852713492699,0.953976793116047,2,42,0,3.5
PT_138,42,7.0,21.0,0.0,0.0,0.0,1.0,44.0,M,III,ER+/PR+,1.0,4.5,100.0,2.2,56.96,79.0,38.6,4336.0,390.0,1.0034600022552331,0.933510536337265,0.8492852713492699,0.953976793116047,2,42,0,3.46
PT_138,42,14.0,28.0,0.0,0.0,0.0,1.0,44.0,M,III,ER+/PR+,1.0,4.5,100.0,2.2,56.96,79.0,38.6,4336.0,390.0,1.0034600022552331,0.933510536337265,0.8492852713492699,0.953976793116047,2,42,0,3.57
PT_139,21,0.0,21.0,0.0,0.0,0.0,1.0,55.0,M,IV,HER2+,1.0,4.86,100.0,4.89,54.8,80.5,32.5,6171.0,480.0,1.0171916892669772,0.9272237196765499,0.9624263753682706,0.9753285929756518,1,21,0,2.27
PT_139,21,3.0,24.0,0.0,0.0,0.0,1.0,55.0,M,IV,HER2+,1.0,4.86,100.0,4.89,54.8,80.5,32.5,6171.0,480.0,1.0171916892669772,0.9272237196765499,0.9624263753682706,0.9753285929756518,1,21,0,2.87
PT_139,21,7.0,28.0,0.0,0.0,0.0,1.0,55.0,M,IV,HER2+,1.0,4.86,100.0,4.89,54.8,80.5,32.5,6171.0,480.0,1.0171916892669772,0.9272237196765499,0.9624263753682706,0.9753285929756518,1,21,0,2.7
PT_139,21,14.0,35.0,0.0,0.0,0.0,1.0,55.0,M,IV,HER2+,1.0,4.86,100.0,4.89,54.8,80.5,32.5,6171.0,480.0,1.0171916892669772,0.9272237196765499,0.9624263753682706,0.9753285929756518,1,21,0,3.25
PT_139,42,0.0,19.0,0.0,0.0,0.0,1.0,55.0,M,IV,HER2+,1.0,4.86,100.0,2.65,64.56,85.1,32.3,5818.0,430.0,1.0262838790023925,0.8848307070417999,0.9292287140794163,1.0124941065535125,2,42,0,1.76
PT_139,42,3.0,22.0,0.0,0.0,0.0,1.0,55.0,M,IV,HER2+,1.0,4.86,100.0,2.65,64.56,85.1,32.3,5818.0,430.0,1.0262838790023925,0.8848307070417999,0.9292287140794163,1.0124941065535125,2,42,0,1.88
PT_139,42,7.0,26.0,0.0,0.0,0.0,1.0,55.0,M,IV,HER2+,1.0,4.86,100.0,2.65,64.56,85.1,32.3,5818.0,430.0,1.0262838790023925,0.8848307070417999,0.9292287140794163,1.0124941065535125,2,42,0,2.23
PT_139,42,14.0,33.0,0.0,0.0,0.0,1.0,55.0,M,IV,HER2+,1.0,4.86,100.0,2.65,64.56,85.1,32.3,5818.0,430.0,1.0262838790023925,0.8848307070417999,0.9292287140794163,1.0124941065535125,2,42,0,2.55
PT_140,21,0.0,21.0,0.0,0.0,0.0,1.0,71.0,F,III,ER+/PR+,1.0,5.98,100.0,6.14,45.02,77.6,39.5,8724.0,500.0,1.010643587432798,0.9751577066934627,0.9948681833890857,1.0500197787508012,1,21,0,2.18
PT_140,21,3.0,24.0,0.0,0.0,0.0,1.0,71.0,F,III,ER+/PR+,1.0,5.98,100.0,6.14,45.02,77.6,39.5,8724.0,500.0,1.010643587432798,0.9751577066934627,0.9948681833890857,1.0500197787508012,1,21,0,2.33
PT_140,21,7.0,28.0,0.0,0.0,0.0,1.0,71.0,F,III,ER+/PR+,1.0,5.98,100.0,6.14,45.02,77.6,39.5,8724.0,500.0,1.010643587432798,0.9751577066934627,0.9948681833890857,1.0500197787508012,1,21,0,2.85
PT_140,21,14.0,35.0,0.0,0.0,0.0,1.0,71.0,F,III,ER+/PR+,1.0,5.98,100.0,6.14,45.02,77.6,39.5,8724.0,500.0,1.010643587432798,0.9751577066934627,0.9948681833890857,1.0500197787508012,1,21,0,3.29
PT_140,42,0.0,10.0,0.0,0.0,1.0,0.0,71.0,F,III,ER+/PR+,1.0,5.98,100.0,4.09,54.84,83.7,34.0,6668.0,495.0,1.0100068443038872,0.947978821749727,0.9359369707420718,0.9804723341444929,2,42,0,4.04
PT_140,42,3.0,13.0,0.0,0.0,1.0,0.0,71.0,F,III,ER+/PR+,1.0,5.98,100.0,4.09,54.84,83.7,34.0,6668.0,495.0,1.0100068443038872,0.947978821749727,0.9359369707420718,0.9804723341444929,2,42,0,4.03
PT_140,42,7.0,17.0,0.0,0.0,0.0,1.0,71.0,F,III,ER+/PR+,1.0,5.98,100.0,4.09,54.84,83.7,34.0,6668.0,495.0,1.0100068443038872,0.947978821749727,0.9359369707420718,0.9804723341444929,2,42,0,4.51
PT_140,42,14.0,24.0,0.0,0.0,0.0,1.0,71.0,F,III,ER+/PR+,1.0,5.98,100.0,4.09,54.84,83.7,34.0,6668.0,495.0,1.0100068443038872,0.947978821749727,0.9359369707420718,0.9804723341444929,2,42,0,4.26
PT_141,21,0.0,21.0,0.0,0.0,0.0,1.0,42.0,F,II,HER2+,0.0,4.78,100.0,4.66,34.71,73.3,40.7,8099.0,501.0,1.0297964579245114,0.8918981922987264,0.9442384587422756,1.014749019930367,1,21,0,1.55
PT_141,21,3.0,24.0,0.0,0.0,0.0,1.0,42.0,F,II,HER2+,0.0,4.78,100.0,4.66,34.71,73.3,40.7,8099.0,501.0,1.0297964579245114,0.8918981922987264,0.9442384587422756,1.014749019930367,1,21,0,1.45
PT_141,21,7.0,28.0,0.0,0.0,0.0,1.0,42.0,F,II,HER2+,0.0,4.78,100.0,4.66,34.71,73.3,40.7,8099.0,501.0,1.0297964579245114,0.8918981922987264,0.9442384587422756,1.014749019930367,1,21,0,1.85
PT_141,21,14.0,35.0,0.0,0.0,0.0,1.0,42.0,F,II,HER2+,0.0,4.78,100.0,4.66,34.71,73.3,40.7,8099.0,501.0,1.0297964579245114,0.8918981922987264,0.9442384587422756,1.014749019930367,1,21,0,2.27
PT_141,42,0.0,16.0,0.0,0.0,0.0,1.0,42.0,F,II,HER2+,0.0,4.78,100.0,3.15,51.71,75.2,39.6,5308.0,445.0,1.0169398940270336,0.9879449850243633,0.9937799756804282,0.9662024160192132,2,42,0,2.47
PT_141,42,3.0,19.0,0.0,0.0,0.0,1.0,42.0,F,II,HER2+,0.0,4.78,100.0,3.15,51.71,75.2,39.6,5308.0,445.0,1.0169398940270336,0.9879449850243633,0.9937799756804282,0.9662024160192132,2,42,0,2.87
PT_141,42,7.0,23.0,0.0,0.0,0.0,1.0,42.0,F,II,HER2+,0.0,4.78,100.0,3.15,51.71,75.2,39.6,5308.0,445.0,1.0169398940270336,0.9879449850243633,0.9937799756804282,0.9662024160192132,2,42,0,2.66
PT_141,42,14.0,30.0,0.0,0.0,0.0,1.0,42.0,F,II,HER2+,0.0,4.78,100.0,3.15,51.71,75.2,39.6,5308.0,445.0,1.0169398940270336,0.9879449850243633,0.9937799756804282,0.9662024160192132,2,42,0,3.42
PT_142,21,0.0,21.0,0.0,0.0,0.0,1.0,61.0,F,III,ER+/PR+,1.0,3.48,100.0,3.61,45.02,68.1,48.2,5062.0,393.0,0.9964498158814088,1.01223544973545,0.9720410185149444,0.943016436174064,1,21,0,1.44
PT_142,21,3.0,24.0,0.0,0.0,0.0,1.0,61.0,F,III,ER+/PR+,1.0,3.48,100.0,3.61,45.02,68.1,48.2,5062.0,393.0,0.9964498158814088,1.01223544973545,0.9720410185149444,0.943016436174064,1,21,0,1.74
PT_142,21,7.0,28.0,0.0,0.0,0.0,1.0,61.0,F,III,ER+/PR+,1.0,3.48,100.0,3.61,45.02,68.1,48.2,5062.0,393.0,0.9964498158814088,1.01223544973545,0.9720410185149444,0.943016436174064,1,21,0,2.02
PT_142,21,14.0,35.0,0.0,0.0,0.0,1.0,61.0,F,III,ER+/PR+,1.0,3.48,100.0,3.61,45.02,68.1,48.2,5062.0,393.0,0.9964498158814088,1.01223544973545,0.9720410185149444,0.943016436174064,1,21,0,2.34
PT_142,42,0.0,20.0,0.0,0.0,0.0,1.0,61.0,F,III,ER+/PR+,1.0,3.48,100.0,2.85,59.68,69.5,47.5,5105.0,460.0,0.9997985089663509,1.0021924763443342,1.0180780010609547,0.983185822014744,2,42,0,1.17
PT_142,42,3.0,23.0,0.0,0.0,0.0,1.0,61.0,F,III,ER+/PR+,1.0,3.48,100.0,2.85,59.68,69.5,47.5,5105.0,460.0,0.9997985089663509,1.0021924763443342,1.0180780010609547,0.983185822014744,2,42,0,1.44
PT_142,42,7.0,27.0,0.0,0.0,0.0,1.0,61.0,F,III,ER+/PR+,1.0,3.48,100.0,2.85,59.68,69.5,47.5,5105.0,460.0,0.9997985089663509,1.0021924763443342,1.0180780010609547,0.983185822014744,2,42,0,1.78
PT_142,42,14.0,34.0,0.0,0.0,0.0,1.0,61.0,F,III,ER+/PR+,1.0,3.48,100.0,2.85,59.68,69.5,47.5,5105.0,460.0,0.9997985089663509,1.0021924763443342,1.0180780010609547,0.983185822014744,2,42,0,1.85
PT_143,21,0.0,21.0,0.0,0.0,0.0,1.0,68.0,M,III,ER+/PR+,2.0,3.91,100.0,3.86,45.02,65.3,49.9,6796.0,392.0,0.9713024282560707,1.0286055437100212,1.1438016673036153,1.0317539781870195,1,21,0,1.16
PT_143,21,3.0,24.0,0.0,0.0,0.0,1.0,68.0,M,III,ER+/PR+,2.0,3.91,100.0,3.86,45.02,65.3,49.9,6796.0,392.0,0.9713024282560707,1.0286055437100212,1.1438016673036153,1.0317539781870195,1,21,1,0.97
PT_143,21,7.0,28.0,0.0,0.0,0.0,1.0,68.0,M,III,ER+/PR+,2.0,3.91,100.0,3.86,45.02,65.3,49.9,6796.0,392.0,0.9713024282560707,1.0286055437100212,1.1438016673036153,1.0317539781870195,1,21,0,1.56
PT_143,21,14.0,35.0,0.0,0.0,0.0,1.0,68.0,M,III,ER+/PR+,2.0,3.91,100.0,3.86,45.02,65.3,49.9,6796.0,392.0,0.9713024282560707,1.0286055437100212,1.1438016673036153,1.0317539781870195,1,21,0,2.06
PT_143,42,0.0,8.0,0.0,0.0,1.0,0.0,68.0,M,III,ER+/PR+,2.0,3.91,100.0,2.47,53.67,72.3,44.3,5146.0,427.0,1.0316664278549934,1.005321985341015,0.9254973718673196,1.043097984535429,2,42,1,0.93
PT_143,42,3.0,11.0,0.0,0.0,1.0,0.0,68.0,M,III,ER+/PR+,2.0,3.91,100.0,2.47,53.67,72.3,44.3,5146.0,427.0,1.0316664278549934,1.005321985341015,0.9254973718673196,1.043097984535429,2,42,0,1.5
PT_143,42,7.0,15.0,0.0,0.0,0.0,1.0,68.0,M,III,ER+/PR+,2.0,3.91,100.0,2.47,53.67,72.3,44.3,5146.0,427.0,1.0316664278549934,1.005321985341015,0.9254973718673196,1.043097984535429,2,42,0,1.55
PT_143,42,14.0,22.0,0.0,0.0,0.0,1.0,68.0,M,III,ER+/PR+,2.0,3.91,100.0,2.47,53.67,72.3,44.3,5146.0,427.0,1.0316664278549934,1.005321985341015,0.9254973718673196,1.043097984535429,2,42,0,2.01
PT_144,21,0.0,21.0,0.0,0.0,0.0,1.0,61.0,F,II,Triple Negative,0.0,3.95,100.0,3.94,23.6,66.3,40.8,5859.0,508.0,0.9576898613407964,1.0563731039166855,1.0610986481248752,0.9949426181676716,1,21,0,2.21
PT_144,21,3.0,24.0,0.0,0.0,0.0,1.0,61.0,F,II,Triple Negative,0.0,3.95,100.0,3.94,23.6,66.3,40.8,5859.0,508.0,0.9576898613407964,1.0563731039166855,1.0610986481248752,0.9949426181676716,1,21,0,2.71
PT_144,21,7.0,28.0,0.0,0.0,0.0,1.0,61.0,F,II,Triple Negative,0.0,3.95,100.0,3.94,23.6,66.3,40.8,5859.0,508.0,0.9576898613407964,1.0563731039166855,1.0610986481248752,0.9949426181676716,1,21,0,2.72
PT_144,21,14.0,35.0,0.0,0.0,0.0,1.0,61.0,F,II,Triple Negative,0.0,3.95,100.0,3.94,23.6,66.3,40.8,5859.0,508.0,0.9576898613407964,1.0563731039166855,1.0610986481248752,0.9949426181676716,1,21,0,2.55
PT_144,42,0.0,21.0,0.0,0.0,0.0,1.0,61.0,F,II,Triple Negative,0.0,3.95,100.0,3.9,53.63,68.2,44.3,6608.0,459.0,0.9749655489205328,1.078913419175815,1.1183086069221142,1.0227884979945325,2,42,0,1.22
PT_144,42,3.0,24.0,0.0,0.0,0.0,1.0,61.0,F,II,Triple Negative,0.0,3.95,100.0,3.9,53.63,68.2,44.3,6608.0,459.0,0.9749655489205328,1.078913419175815,1.1183086069221142,1.0227884979945325,2,42,0,1.2
PT_144,42,7.0,28.0,0.0,0.0,0.0,1.0,61.0,F,II,Triple Negative,0.0,3.95,100.0,3.9,53.63,68.2,44.3,6608.0,459.0,0.9749655489205328,1.078913419175815,1.1183086069221142,1.0227884979945325,2,42,0,1.59
PT_144,42,14.0,35.0,0.0,0.0,0.0,1.0,61.0,F,II,Triple Negative,0.0,3.95,100.0,3.9,53.63,68.2,44.3,6608.0,459.0,0.9749655489205328,1.078913419175815,1.1183086069221142,1.0227884979945325,2,42,0,2.04
PT_145,21,0.0,21.0,0.0,0.0,0.0,1.0,33.0,F,II,ER+/PR+,1.0,4.27,100.0,4.33,34.71,59.6,48.0,4554.0,397.0,0.9742603733796441,1.0476190476190477,1.0402341993746274,0.9936388796313738,1,21,0,2.22
PT_145,21,3.0,24.0,0.0,0.0,0.0,1.0,33.0,F,II,ER+/PR+,1.0,4.27,100.0,4.33,34.71,59.6,48.0,4554.0,397.0,0.9742603733796441,1.0476190476190477,1.0402341993746274,0.9936388796313738,1,21,0,2.61
PT_145,21,7.0,28.0,0.0,0.0,0.0,1.0,33.0,F,II,ER+/PR+,1.0,4.27,100.0,4.33,34.71,59.6,48.0,4554.0,397.0,0.9742603733796441,1.0476190476190477,1.0402341993746274,0.9936388796313738,1,21,0,2.88
PT_145,21,14.0,35.0,0.0,0.0,0.0,1.0,33.0,F,II,ER+/PR+,1.0,4.27,100.0,4.33,34.71,59.6,48.0,4554.0,397.0,0.9742603733796441,1.0476190476190477,1.0402341993746274,0.9936388796313738,1,21,0,3.37
PT_145,42,0.0,7.0,0.0,1.0,0.0,0.0,33.0,F,II,ER+/PR+,1.0,4.27,100.0,1.98,47.39,77.6,42.7,3559.0,450.0,1.0274116510021991,0.9506350661254419,0.8779107115564284,1.000262701623496,2,42,0,2.52
PT_145,42,3.0,10.0,0.0,0.0,1.0,0.0,33.0,F,II,ER+/PR+,1.0,4.27,100.0,1.98,47.39,77.6,42.7,3559.0,450.0,1.0274116510021991,0.9506350661254419,0.8779107115564284,1.000262701623496,2,42,0,2.94
PT_145,42,7.0,14.0,0.0,0.0,1.0,0.0,33.0,F,II,ER+/PR+,1.0,4.27,100.0,1.98,47.39,77.6,42.7,3559.0,450.0,1.0274116510021991,0.9506350661254419,0.8779107115564284,1.000262701623496,2,42,0,2.97
PT_145,42,14.0,21.0,0.0,0.0,0.0,1.0,33.0,F,II,ER+/PR+,1.0,4.27,100.0,1.98,47.39,77.6,42.7,3559.0,450.0,1.0274116510021991,0.9506350661254419,0.8779107115564284,1.000262701623496,2,42,0,3.54
PT_146,21,0.0,21.0,0.0,0.0,0.0,1.0,59.0,F,III,Triple Negative,0.0,4.38,100.0,4.36,45.02,75.1,57.6,7264.0,469.0,0.9801885811349533,0.9941998977186264,1.0220511585172174,1.0117271814894757,1,21,0,3.34
PT_146,21,3.0,24.0,0.0,0.0,0.0,1.0,59.0,F,III,Triple Negative,0.0,4.38,100.0,4.36,45.02,75.1,57.6,7264.0,469.0,0.9801885811349533,0.9941998977186264,1.0220511585172174,1.0117271814894757,1,21,0,3.58
PT_146,21,7.0,28.0,0.0,0.0,0.0,1.0,59.0,F,III,Triple Negative,0.0,4.38,100.0,4.36,45.02,75.1,57.6,7264.0,469.0,0.9801885811349533,0.9941998977186264,1.0220511585172174,1.0117271814894757,1,21,0,3.39
PT_146,21,14.0,35.0,0.0,0.0,0.0,1.0,59.0,F,III,Triple Negative,0.0,4.38,100.0,4.36,45.02,75.1,57.6,7264.0,469.0,0.9801885811349533,0.9941998977186264,1.0220511585172174,1.0117271814894757,1,21,0,3.5
PT_146,42,0.0,11.0,0.0,0.0,1.0,0.0,59.0,F,III,Triple Negative,0.0,4.38,100.0,2.97,55.39,74.7,46.4,5502.0,499.0,1.0485410417234795,0.9226800351288058,0.9313891588718378,0.998059495468822,2,42,0,2.1
PT_146,42,3.0,14.0,0.0,0.0,1.0,0.0,59.0,F,III,Triple Negative,0.0,4.38,100.0,2.97,55.39,74.7,46.4,5502.0,499.0,1.0485410417234795,0.9226800351288058,0.9313891588718378,0.998059495468822,2,42,0,2.07
PT_146,42,7.0,18.0,0.0,0.0,0.0,1.0,59.0,F,III,Triple Negative,0.0,4.38,100.0,2.97,55.39,74.7,46.4,5502.0,499.0,1.0485410417234795,0.9226800351288058,0.9313891588718378,0.998059495468822,2,42,0,2.57
PT_146,42,14.0,25.0,0.0,0.0,0.0,1.0,59.0,F,III,Triple Negative,0.0,4.38,100.0,2.97,55.39,74.7,46.4,5502.0,499.0,1.0485410417234795,0.9226800351288058,0.9313891588718378,0.998059495468822,2,42,0,2.66
PT_147,21,0.0,21.0,0.0,0.0,0.0,1.0,66.0,F,III,Triple Negative,1.0,5.76,100.0,5.84,45.02,62.1,60.7,5422.0,396.0,0.9811668617889177,1.0482357605391834,1.0268087519493407,1.004217077710563,1,21,0,4.43
PT_147,21,3.0,24.0,0.0,0.0,0.0,1.0,66.0,F,III,Triple Negative,1.0,5.76,100.0,5.84,45.02,62.1,60.7,5422.0,396.0,0.9811668617889177,1.0482357605391834,1.0268087519493407,1.004217077710563,1,21,0,4.08
PT_147,21,7.0,28.0,0.0,0.0,0.0,1.0,66.0,F,III,Triple Negative,1.0,5.76,100.0,5.84,45.02,62.1,60.7,5422.0,396.0,0.9811668617889177,1.0482357605391834,1.0268087519493407,1.004217077710563,1,21,0,4.66
PT_147,21,14.0,35.0,0.0,0.0,0.0,1.0,66.0,F,III,Triple Negative,1.0,5.76,100.0,5.84,45.02,62.1,60.7,5422.0,396.0,0.9811668617889177,1.0482357605391834,1.0268087519493407,1.004217077710563,1,21,0,4.53
PT_147,42,0.0,15.0,0.0,0.0,0.0,1.0,66.0,F,III,Triple Negative,1.0,5.76,100.0,4.45,57.45,75.2,47.1,5093.0,452.0,1.0406363057411145,0.9422805544252727,0.943957888766545,0.9634147664991698,2,42,0,4.05
PT_147,42,3.0,18.0,0.0,0.0,0.0,1.0,66.0,F,III,Triple Negative,1.0,5.76,100.0,4.45,57.45,75.2,47.1,5093.0,452.0,1.0406363057411145,0.9422805544252727,0.943957888766545,0.9634147664991698,2,42,0,4.38
PT_147,42,7.0,22.0,0.0,0.0,0.0,1.0,66.0,F,III,Triple Negative,1.0,5.76,100.0,4.45,57.45,75.2,47.1,5093.0,452.0,1.0406363057411145,0.9422805544252727,0.943957888766545,0.9634147664991698,2,42,0,4.75
PT_147,42,14.0,29.0,0.0,0.0,0.0,1.0,66.0,F,III,Triple Negative,1.0,5.76,100.0,4.45,57.45,75.2,47.1,5093.0,452.0,1.0406363057411145,0.9422805544252727,0.943957888766545,0.9634147664991698,2,42,0,4.8
PT_148,21,0.0,21.0,0.0,0.0,0.0,1.0,52.0,F,II,HER2+,1.0,4.09,100.0,3.88,34.71,74.7,51.0,6762.0,526.0,1.0505730240346263,0.8414085085543673,0.8402015631372747,0.9955733588772296,1,21,1,0.74
PT_148,21,3.0,24.0,0.0,0.0,0.0,1.0,52.0,F,II,HER2+,1.0,4.09,100.0,3.88,34.71,74.7,51.0,6762.0,526.0,1.0505730240346263,0.8414085085543673,0.8402015631372747,0.9955733588772296,1,21,1,0.6
PT_148,21,7.0,28.0,0.0,0.0,0.0,1.0,52.0,F,II,HER2+,1.0,4.09,100.0,3.88,34.71,74.7,51.0,6762.0,526.0,1.0505730240346263,0.8414085085543673,0.8402015631372747,0.9955733588772296,1,21,0,1.05
PT_148,21,14.0,35.0,0.0,0.0,0.0,1.0,52.0,F,II,HER2+,1.0,4.09,100.0,3.88,34.71,74.7,51.0,6762.0,526.0,1.0505730240346263,0.8414085085543673,0.8402015631372747,0.9955733588772296,1,21,0,1.52
PT_148,42,0.0,17.0,0.0,0.0,0.0,1.0,52.0,F,II,HER2+,1.0,4.09,100.0,2.21,52.12,82.4,37.0,4401.0,435.0,1.0628745013603058,0.8198172020287403,0.8231390767264788,1.0044081632653061,2,42,1,0.78
PT_148,42,3.0,20.0,0.0,0.0,0.0,1.0,52.0,F,II,HER2+,1.0,4.09,100.0,2.21,52.12,82.4,37.0,4401.0,435.0,1.0628745013603058,0.8198172020287403,0.8231390767264788,1.0044081632653061,2,42,1,0.99
PT_148,42,7.0,24.0,0.0,0.0,0.0,1.0,52.0,F,II,HER2+,1.0,4.09,100.0,2.21,52.12,82.4,37.0,4401.0,435.0,1.0628745013603058,0.8198172020287403,0.8231390767264788,1.0044081632653061,2,42,0,1.24
PT_148,42,14.0,31.0,0.0,0.0,0.0,1.0,52.0,F,II,HER2+,1.0,4.09,100.0,2.21,52.12,82.4,37.0,4401.0,435.0,1.0628745013603058,0.8198172020287403,0.8231390767264788,1.0044081632653061,2,42,0,1.67
PT_149,21,0.0,21.0,0.0,0.0,0.0,1.0,68.0,F,II,ER+/PR+,1.0,4.53,100.0,4.56,34.71,79.2,33.2,7110.0,388.0,0.9854279069031534,1.0771522356770475,1.0224669496018866,0.9792190218441911,1,21,0,2.1
PT_149,21,3.0,24.0,0.0,0.0,0.0,1.0,68.0,F,II,ER+/PR+,1.0,4.53,100.0,4.56,34.71,79.2,33.2,7110.0,388.0,0.9854279069031534,1.0771522356770475,1.0224669496018866,0.9792190218441911,1,21,0,2.38
PT_149,21,7.0,28.0,0.0,0.0,0.0,1.0,68.0,F,II,ER+/PR+,1.0,4.53,100.0,4.56,34.71,79.2,33.2,7110.0,388.0,0.9854279069031534,1.0771522356770475,1.0224669496018866,0.9792190218441911,1,21,0,2.57
PT_149,21,14.0,35.0,0.0,0.0,0.0,1.0,68.0,F,II,ER+/PR+,1.0,4.53,100.0,4.56,34.71,79.2,33.2,7110.0,388.0,0.9854279069031534,1.0771522356770475,1.0224669496018866,0.9792190218441911,1,21,0,2.92
PT_149,42,0.0,11.0,0.0,0.0,1.0,0.0,68.0,F,II,ER+/PR+,1.0,4.53,100.0,1.85,49.46,82.8,20.8,5802.0,416.0,1.0516486270391543,0.7872518870561924,0.9090088140364426,0.9821645864478671,2,42,0,2.89
PT_149,42,3.0,14.0,0.0,0.0,1.0,0.0,68.0,F,II,ER+/PR+,1.0,4.53,100.0,1.85,49.46,82.8,20.8,5802.0,416.0,1.0516486270391543,0.7872518870561924,0.9090088140364426,0.9821645864478671,2,42,0,2.66
PT_149,42,7.0,18.0,0.0,0.0,0.0,1.0,68.0,F,II,ER+/PR+,1.0,4.53,100.0,1.85,49.46,82.8,20.8,5802.0,416.0,1.0516486270391543,0.7872518870561924,0.9090088140364426,0.9821645864478671,2,42,0,3.2
PT_149,42,14.0,25.0,0.0,0.0,0.0,1.0,68.0,F,II,ER+/PR+,1.0,4.53,100.0,1.85,49.46,82.8,20.8,5802.0,416.0,1.0516486270391543,0.7872518870561924,0.9090088140364426,0.9821645864478671,2,42,0,3.57
PT_150,21,0.0,21.0,0.0,0.0,0.0,1.0,74.0,F,II,ER+/PR+,0.0,5.11,100.0,4.73,34.71,64.9,47.7,6219.0,519.0,0.9806702366557263,1.0976569551247337,1.0347519048503995,1.0069521465090487,1,21,0,3.42
PT_150,21,3.0,24.0,0.0,0.0,0.0,1.0,74.0,F,II,ER+/PR+,0.0,5.11,100.0,4.73,34.71,64.9,47.7,6219.0,519.0,0.9806702366557263,1.0976569551247337,1.0347519048503995,1.0069521465090487,1,21,0,3.36
PT_150,21,7.0,28.0,0.0,0.0,0.0,1.0,74.0,F,II,ER+/PR+,0.0,5.11,100.0,4.73,34.71,64.9,47.7,6219.0,519.0,0.9806702366557263,1.0976569551247337,1.0347519048503995,1.0069521465090487,1,21,0,3.89
PT_150,21,14.0,35.0,0.0,0.0,0.0,1.0,74.0,F,II,ER+/PR+,0.0,5.11,100.0,4.73,34.71,64.9,47.7,6219.0,519.0,0.9806702366557263,1.0976569551247337,1.0347519048503995,1.0069521465090487,1,21,0,3.87
PT_150,42,0.0,17.0,0.0,0.0,0.0,1.0,74.0,F,II,ER+/PR+,0.0,5.11,100.0,3.69,52.12,72.0,38.0,6095.0,450.0,1.0143736900664995,0.9237758707723375,0.9393314799382505,0.9902482448863982,2,42,0,2.62
PT_150,42,3.0,20.0,0.0,0.0,0.0,1.0,74.0,F,II,ER+/PR+,0.0,5.11,100.0,3.69,52.12,72.0,38.0,6095.0,450.0,1.0143736900664995,0.9237758707723375,0.9393314799382505,0.9902482448863982,2,42,0,2.45
PT_150,42,7.0,24.0,0.0,0.0,0.0,1.0,74.0,F,II,ER+/PR+,0.0,5.11,100.0,3.69,52.12,72.0,38.0,6095.0,450.0,1.0143736900664995,0.9237758707723375,0.9393314799382505,0.9902482448863982,2,42,0,2.88
PT_150,42,14.0,31.0,0.0,0.0,0.0,1.0,74.0,F,II,ER+/PR+,0.0,5.11,100.0,3.69,52.12,72.0,38.0,6095.0,450.0,1.0143736900664995,0.9237758707723375,0.9393314799382505,0.9902482448863982,2,42,0,3.19
