patient_id,date,day_index,resting_heart_rate,hrv_rmssd,step_count,sleep_duration_mins
PT_001,2025-01-01,0,76.0,46.1,5092,469
PT_001,2025-01-02,1,79.9,36.7,2744,474
PT_001,2025-01-03,2,83.1,27.6,2007,402
PT_001,2025-01-04,3,92.7,22.1,1345,487
PT_001,2025-01-05,4,96.1,25.0,2019,512
PT_001,2025-01-06,5,92.0,23.3,1401,396
PT_001,2025-01-07,6,92.4,22.5,2252,451
PT_001,2025-01-08,7,96.2,25.7,736,500
PT_001,2025-01-09,8,96.5,17.3,1721,513
PT_001,2025-01-10,9,94.7,22.3,2090,473
PT_001,2025-01-11,10,92.9,21.3,919,484
PT_001,2025-01-12,11,87.7,17.4,1507,480
PT_001,2025-01-13,12,92.3,20.3,1350,492
PT_001,2025-01-14,13,95.2,22.7,1666,504
PT_001,2025-01-15,14,93.0,21.3,1673,506
PT_001,2025-01-16,15,100.1,21.9,673,470
PT_001,2025-01-17,16,97.5,23.7,1382,503
PT_001,2025-01-18,17,93.9,23.1,1351,432
PT_001,2025-01-19,18,94.0,23.5,1718,500
PT_001,2025-01-20,19,96.8,25.7,2142,503
PT_001,2025-01-21,20,89.2,23.4,2263,442
PT_001,2025-01-22,21,76.8,43.2,5136,519
PT_001,2025-01-23,22,74.8,43.1,4403,469
PT_001,2025-01-24,23,74.8,41.3,4669,491
PT_001,2025-01-25,24,77.3,47.8,4536,463
PT_001,2025-01-26,25,78.9,48.3,4643,460
PT_001,2025-01-27,26,74.1,47.5,5057,484
PT_001,2025-01-28,27,74.4,47.8,4353,437
PT_001,2025-01-29,28,72.9,52.0,4224,469
PT_001,2025-01-30,29,75.9,42.4,5193,458
PT_001,2025-01-31,30,72.1,45.3,4971,429
PT_001,2025-02-01,31,75.8,44.0,4241,431
PT_001,2025-02-02,32,78.2,46.9,4626,466
PT_001,2025-02-03,33,74.2,47.4,4812,416
PT_001,2025-02-04,34,75.7,44.0,4944,495
PT_001,2025-02-05,35,78.4,41.0,4458,482
PT_001,2025-02-06,36,87.2,40.3,3627,516
PT_001,2025-02-07,37,86.5,41.5,3123,452
PT_001,2025-02-08,38,83.8,32.3,2459,506
PT_001,2025-02-09,39,84.8,29.5,2148,481
PT_001,2025-02-10,40,90.8,32.3,2685,519
PT_001,2025-02-11,41,87.8,34.3,1925,510
PT_001,2025-02-12,42,86.1,22.5,2361,486
PT_001,2025-02-13,43,90.5,30.7,1626,439
PT_001,2025-02-14,44,91.5,24.8,3449,495
PT_001,2025-02-15,45,82.6,36.0,3483,415
PT_001,2025-02-16,46,81.9,28.8,3667,443
PT_001,2025-02-17,47,86.2,29.5,2334,513
PT_001,2025-02-18,48,87.3,35.2,3495,458
PT_001,2025-02-19,49,84.1,33.0,2832,442
PT_001,2025-02-20,50,83.2,26.2,2502,482
PT_001,2025-02-21,51,84.0,34.6,3372,450
PT_001,2025-02-22,52,85.3,31.3,3376,471
PT_001,2025-02-23,53,87.2,32.8,2881,482
PT_001,2025-02-24,54,86.0,29.3,3425,450
PT_001,2025-02-25,55,76.8,43.3,4169,451
PT_001,2025-02-26,56,81.2,36.6,4731,413
PT_001,2025-02-27,57,73.4,43.8,5242,453
PT_001,2025-02-28,58,82.0,42.7,5645,465
PT_001,2025-03-01,59,77.5,45.5,4378,470
PT_001,2025-03-02,60,76.0,45.7,4262,447
PT_001,2025-03-03,61,76.5,46.2,4266,466
PT_001,2025-03-04,62,81.1,40.2,3012,466
PT_001,2025-03-05,63,83.6,30.2,3186,459
PT_001,2025-03-06,64,88.1,36.5,3227,479
PT_001,2025-03-07,65,87.9,29.4,3128,434
PT_001,2025-03-08,66,91.7,29.4,2078,479
PT_001,2025-03-09,67,88.6,34.7,1423,445
PT_001,2025-03-10,68,86.2,29.5,2022,470
PT_001,2025-03-11,69,91.8,21.6,1379,501
PT_001,2025-03-12,70,89.4,28.6,2722,418
PT_001,2025-03-13,71,85.9,24.9,3308,481
PT_001,2025-03-14,72,90.3,23.6,1928,490
PT_001,2025-03-15,73,86.6,23.4,2280,435
PT_001,2025-03-16,74,85.6,31.6,1973,400
PT_001,2025-03-17,75,89.3,28.0,2790,492
PT_001,2025-03-18,76,83.0,31.5,2581,423
PT_001,2025-03-19,77,81.2,30.9,3418,480
PT_001,2025-03-20,78,84.8,25.7,3533,384
PT_001,2025-03-21,79,84.9,32.8,3036,445
PT_001,2025-03-22,80,81.4,43.0,3839,408
PT_001,2025-03-23,81,76.3,47.7,3324,460
PT_001,2025-03-24,82,80.6,40.9,4041,486
PT_001,2025-03-25,83,76.3,34.9,4099,461
PT_001,2025-03-26,84,81.3,30.4,3179,494
PT_001,2025-03-27,85,87.5,31.8,2922,443
PT_001,2025-03-28,86,86.8,35.4,3938,427
PT_001,2025-03-29,87,85.4,33.4,2940,444
PT_001,2025-03-30,88,89.8,34.8,3231,422
PT_001,2025-03-31,89,87.0,27.8,2612,464
PT_002,2025-01-01,0,70.1,50.4,5865,381
PT_002,2025-01-02,1,78.4,44.2,4097,364
PT_002,2025-01-03,2,85.8,35.4,3439,402
PT_002,2025-01-04,3,91.3,27.0,2607,389
PT_002,2025-01-05,4,87.7,30.8,3240,412
PT_002,2025-01-06,5,87.2,26.0,2813,393
PT_002,2025-01-07,6,93.4,32.2,1647,406
PT_002,2025-01-08,7,88.0,32.6,2857,367
PT_002,2025-01-09,8,91.4,26.6,3127,387
PT_002,2025-01-10,9,88.6,33.5,3054,385
PT_002,2025-01-11,10,86.5,27.7,2365,401
PT_002,2025-01-12,11,86.4,29.5,2098,365
PT_002,2025-01-13,12,83.3,26.7,2583,350
PT_002,2025-01-14,13,86.3,25.8,2162,416
PT_002,2025-01-15,14,85.7,28.2,1871,425
PT_002,2025-01-16,15,89.2,27.4,2984,370
PT_002,2025-01-17,16,93.1,27.1,2511,410
PT_002,2025-01-18,17,88.6,29.3,2589,395
PT_002,2025-01-19,18,100.2,13.7,516,402
PT_002,2025-01-20,19,95.6,23.5,1242,412
PT_002,2025-01-21,20,91.8,22.5,1628,381
PT_002,2025-01-22,21,82.3,35.5,3950,377
PT_002,2025-01-23,22,80.7,37.0,4701,410
PT_002,2025-01-24,23,83.3,39.6,3349,348
PT_002,2025-01-25,24,78.6,38.2,4687,396
PT_002,2025-01-26,25,73.6,52.1,5835,403
PT_002,2025-01-27,26,81.9,34.9,4042,338
PT_002,2025-01-28,27,87.0,29.6,2136,353
PT_002,2025-01-29,28,84.4,31.7,2367,463
PT_002,2025-01-30,29,92.9,28.9,2444,399
PT_002,2025-01-31,30,90.8,28.0,2277,385
PT_002,2025-02-01,31,90.1,32.8,2310,411
PT_002,2025-02-02,32,84.3,31.9,2578,426
PT_002,2025-02-03,33,85.1,21.4,2422,477
PT_002,2025-02-04,34,94.5,30.1,2805,387
PT_002,2025-02-05,35,94.9,19.4,1662,377
PT_002,2025-02-06,36,96.4,18.4,1320,387
PT_002,2025-02-07,37,95.3,16.3,1549,410
PT_002,2025-02-08,38,98.8,21.8,1477,384
PT_002,2025-02-09,39,94.5,20.5,1798,475
PT_002,2025-02-10,40,94.2,25.0,809,426
PT_002,2025-02-11,41,95.4,18.8,1888,424
PT_002,2025-02-12,42,93.4,26.7,2629,426
PT_002,2025-02-13,43,92.0,28.7,2599,375
PT_002,2025-02-14,44,86.6,29.9,3148,378
PT_002,2025-02-15,45,87.7,29.9,2553,395
PT_002,2025-02-16,46,71.6,49.4,5875,406
PT_002,2025-02-17,47,69.3,51.2,5865,440
PT_002,2025-02-18,48,71.9,47.2,5861,394
PT_002,2025-02-19,49,67.5,47.9,5799,356
PT_002,2025-02-20,50,67.9,42.7,5268,398
PT_002,2025-02-21,51,74.8,47.6,4636,402
PT_002,2025-02-22,52,73.7,43.8,5457,469
PT_002,2025-02-23,53,71.7,46.9,5352,385
PT_002,2025-02-24,54,77.5,49.6,4921,458
PT_002,2025-02-25,55,76.1,47.2,5322,362
PT_002,2025-02-26,56,74.7,47.4,5939,403
PT_002,2025-02-27,57,72.6,46.5,5183,455
PT_002,2025-02-28,58,73.9,56.8,5296,390
PT_002,2025-03-01,59,73.2,36.4,5174,457
PT_002,2025-03-02,60,81.3,32.5,3275,423
PT_002,2025-03-03,61,89.6,32.9,3551,367
PT_002,2025-03-04,62,85.0,29.7,2741,376
PT_002,2025-03-05,63,91.0,25.8,3625,425
PT_002,2025-03-06,64,90.6,28.7,1947,413
PT_002,2025-03-07,65,87.9,32.2,2320,381
PT_002,2025-03-08,66,89.3,33.6,2460,419
PT_002,2025-03-09,67,89.2,33.0,2867,475
PT_002,2025-03-10,68,86.1,26.1,2751,406
PT_002,2025-03-11,69,86.2,32.0,2284,390
PT_002,2025-03-12,70,92.6,29.7,3081,325
PT_002,2025-03-13,71,89.2,32.3,1830,356
PT_002,2025-03-14,72,88.9,30.5,3082,383
PT_002,2025-03-15,73,87.0,28.0,2854,403
PT_002,2025-03-16,74,85.2,33.4,2719,363
PT_002,2025-03-17,75,87.4,27.4,3727,376
PT_002,2025-03-18,76,89.8,33.7,3395,394
PT_002,2025-03-19,77,91.8,29.9,3668,416
PT_002,2025-03-20,78,82.5,35.7,3422,415
PT_002,2025-03-21,79,70.9,51.9,6095,410
PT_002,2025-03-22,80,79.5,42.8,4736,371
PT_002,2025-03-23,81,78.4,37.3,3888,353
PT_002,2025-03-24,82,86.1,44.0,4374,434
PT_002,2025-03-25,83,84.6,38.8,3159,374
PT_002,2025-03-26,84,89.8,35.8,3372,403
PT_002,2025-03-27,85,87.8,38.3,4091,409
PT_002,2025-03-28,86,86.1,31.7,3638,429
PT_002,2025-03-29,87,88.8,30.1,2890,400
PT_002,2025-03-30,88,87.8,27.5,2851,373
PT_002,2025-03-31,89,85.9,38.2,3228,352
PT_003,2025-01-01,0,71.7,45.9,3271,475
PT_003,2025-01-02,1,80.9,39.2,2918,492
PT_003,2025-01-03,2,85.0,31.1,1953,485
PT_003,2025-01-04,3,87.8,27.3,1472,497
PT_003,2025-01-05,4,94.2,27.8,1086,446
PT_003,2025-01-06,5,95.4,25.2,353,531
PT_003,2025-01-07,6,97.3,21.0,774,572
PT_003,2025-01-08,7,96.1,23.1,300,505
PT_003,2025-01-09,8,94.3,20.0,1065,508
PT_003,2025-01-10,9,92.4,24.9,300,492
PT_003,2025-01-11,10,97.1,24.7,300,506
PT_003,2025-01-12,11,91.7,22.2,775,434
PT_003,2025-01-13,12,88.1,20.1,419,514
PT_003,2025-01-14,13,93.9,20.0,817,469
PT_003,2025-01-15,14,93.4,23.1,1100,475
PT_003,2025-01-16,15,90.5,26.1,540,483
PT_003,2025-01-17,16,90.0,23.1,697,398
PT_003,2025-01-18,17,88.6,31.4,1094,511
PT_003,2025-01-19,18,91.8,23.4,1790,453
PT_003,2025-01-20,19,88.8,25.0,2025,452
PT_003,2025-01-21,20,87.7,23.2,1572,491
PT_003,2025-01-22,21,75.2,43.1,2748,539
PT_003,2025-01-23,22,79.3,42.8,3619,522
PT_003,2025-01-24,23,76.7,48.9,3313,522
PT_003,2025-01-25,24,73.0,42.6,3208,452
PT_003,2025-01-26,25,75.4,48.7,3348,497
PT_003,2025-01-27,26,73.7,41.0,4581,532
PT_003,2025-01-28,27,77.1,44.2,3754,493
PT_003,2025-01-29,28,77.9,45.1,3167,543
PT_003,2025-01-30,29,76.2,46.9,4058,475
PT_003,2025-01-31,30,74.3,42.1,4044,592
PT_003,2025-02-01,31,75.3,49.4,3091,436
PT_003,2025-02-02,32,76.2,44.3,3929,381
PT_003,2025-02-03,33,79.0,41.5,4230,467
PT_003,2025-02-04,34,80.3,40.1,2984,520
PT_003,2025-02-05,35,86.7,39.2,3556,530
PT_003,2025-02-06,36,88.0,29.8,1444,427
PT_003,2025-02-07,37,89.3,34.4,2100,539
PT_003,2025-02-08,38,82.9,36.6,1240,496
PT_003,2025-02-09,39,88.0,31.5,2275,447
PT_003,2025-02-10,40,85.9,32.3,2323,568
PT_003,2025-02-11,41,82.4,30.0,2150,515
PT_003,2025-02-12,42,84.3,33.9,2386,508
PT_003,2025-02-13,43,79.7,32.3,1378,517
PT_003,2025-02-14,44,83.3,30.1,1938,540
PT_003,2025-02-15,45,84.0,42.4,1716,445
PT_003,2025-02-16,46,80.4,37.9,2182,444
PT_003,2025-02-17,47,81.4,40.0,2739,454
PT_003,2025-02-18,48,80.5,39.6,3105,430
PT_003,2025-02-19,49,73.3,37.1,3095,483
PT_003,2025-02-20,50,80.6,36.3,2437,485
PT_003,2025-02-21,51,82.2,33.4,2407,486
PT_003,2025-02-22,52,81.5,35.7,1610,411
PT_003,2025-02-23,53,81.3,37.7,2970,499
PT_003,2025-02-24,54,75.8,41.6,3404,489
PT_003,2025-02-25,55,76.9,46.7,4314,499
PT_003,2025-02-26,56,75.9,44.7,3460,472
PT_003,2025-02-27,57,78.8,43.1,3186,413
PT_003,2025-02-28,58,76.5,38.6,3396,531
PT_003,2025-03-01,59,73.4,45.2,3584,502
PT_003,2025-03-02,60,71.9,41.1,3664,493
PT_003,2025-03-03,61,77.4,40.9,3739,536
PT_003,2025-03-04,62,75.1,47.0,3524,490
PT_003,2025-03-05,63,76.1,43.5,2285,489
PT_003,2025-03-06,64,84.2,38.5,3744,504
PT_003,2025-03-07,65,80.4,36.4,3510,516
PT_003,2025-03-08,66,84.0,36.9,2668,480
PT_003,2025-03-09,67,79.6,36.9,2710,482
PT_003,2025-03-10,68,85.5,41.3,1408,516
PT_003,2025-03-11,69,79.4,30.7,2788,488
PT_003,2025-03-12,70,85.2,38.0,1807,488
PT_003,2025-03-13,71,77.7,34.0,1954,488
PT_003,2025-03-14,72,85.8,37.1,3124,487
PT_003,2025-03-15,73,87.6,38.0,2509,488
PT_003,2025-03-16,74,85.5,35.7,2544,451
PT_003,2025-03-17,75,83.6,34.2,1896,537
PT_003,2025-03-18,76,77.9,38.4,2574,461
PT_003,2025-03-19,77,80.9,33.4,2147,468
PT_003,2025-03-20,78,77.1,34.8,1929,448
PT_003,2025-03-21,79,82.5,36.7,2332,532
PT_003,2025-03-22,80,79.3,40.3,3598,466
PT_003,2025-03-23,81,78.3,37.4,2693,513
PT_003,2025-03-24,82,79.2,41.1,2606,468
PT_003,2025-03-25,83,72.1,46.7,3527,437
PT_003,2025-03-26,84,76.5,46.5,3092,503
PT_003,2025-03-27,85,76.8,36.9,2490,478
PT_003,2025-03-28,86,82.0,39.8,2616,498
PT_003,2025-03-29,87,80.8,38.9,2325,523
PT_003,2025-03-30,88,80.8,36.7,3443,491
PT_003,2025-03-31,89,78.7,35.5,2510,433
PT_004,2025-01-01,0,68.4,42.7,5764,412
PT_004,2025-01-02,1,68.2,42.2,4477,360
PT_004,2025-01-03,2,74.6,32.1,4363,403
PT_004,2025-01-04,3,75.6,31.1,3484,399
PT_004,2025-01-05,4,82.3,28.3,4161,473
PT_004,2025-01-06,5,78.9,28.3,2558,380
PT_004,2025-01-07,6,75.9,22.9,3142,440
PT_004,2025-01-08,7,79.8,25.2,2633,389
PT_004,2025-01-09,8,80.6,24.7,3060,442
PT_004,2025-01-10,9,79.9,25.3,2715,411
PT_004,2025-01-11,10,82.1,25.8,3544,423
PT_004,2025-01-12,11,83.3,28.2,3652,384
PT_004,2025-01-13,12,78.6,32.0,3410,408
PT_004,2025-01-14,13,81.4,26.6,3889,463
PT_004,2025-01-15,14,78.4,26.3,3256,421
PT_004,2025-01-16,15,78.3,31.4,2528,398
PT_004,2025-01-17,16,73.6,33.6,2995,445
PT_004,2025-01-18,17,75.6,24.1,3408,392
PT_004,2025-01-19,18,76.0,34.9,3772,457
PT_004,2025-01-20,19,74.1,33.1,3170,415
PT_004,2025-01-21,20,77.6,31.4,4585,449
PT_004,2025-01-22,21,68.2,53.9,5458,362
PT_004,2025-01-23,22,66.2,45.8,6098,412
PT_004,2025-01-24,23,69.0,41.0,5465,414
PT_004,2025-01-25,24,68.0,46.0,6213,410
PT_004,2025-01-26,25,62.1,49.1,6268,325
PT_004,2025-01-27,26,67.4,45.4,6503,399
PT_004,2025-01-28,27,63.1,52.5,5463,320
PT_004,2025-01-29,28,64.2,44.1,5555,364
PT_004,2025-01-30,29,66.3,43.0,5949,384
PT_004,2025-01-31,30,64.1,43.3,5437,468
PT_004,2025-02-01,31,67.7,46.3,6518,345
PT_004,2025-02-02,32,56.7,44.0,5446,350
PT_004,2025-02-03,33,62.6,41.0,6471,414
PT_004,2025-02-04,34,68.3,48.3,5740,331
PT_004,2025-02-05,35,68.0,37.6,5456,407
PT_004,2025-02-06,36,71.0,37.6,3904,397
PT_004,2025-02-07,37,75.5,33.4,4116,357
PT_004,2025-02-08,38,76.6,35.5,3812,323
PT_004,2025-02-09,39,78.7,26.1,4113,387
PT_004,2025-02-10,40,76.1,32.2,3684,406
PT_004,2025-02-11,41,78.7,32.3,3713,431
PT_004,2025-02-12,42,82.8,32.9,3652,426
PT_004,2025-02-13,43,77.4,28.1,3089,416
PT_004,2025-02-14,44,80.2,34.3,4611,417
PT_004,2025-02-15,45,74.0,32.3,3268,406
PT_004,2025-02-16,46,74.5,34.0,3914,440
PT_004,2025-02-17,47,77.7,36.5,3629,428
PT_004,2025-02-18,48,75.6,33.8,4351,468
PT_004,2025-02-19,49,75.8,31.3,3227,465
PT_004,2025-02-20,50,72.2,36.5,4604,422
PT_004,2025-02-21,51,71.4,36.1,3747,374
PT_004,2025-02-22,52,73.4,38.7,3962,353
PT_004,2025-02-23,53,68.1,34.4,4068,419
PT_004,2025-02-24,54,73.6,35.4,4215,375
PT_004,2025-02-25,55,67.0,41.9,5880,336
PT_004,2025-02-26,56,61.4,47.2,6449,363
PT_004,2025-02-27,57,66.4,44.1,5395,328
PT_004,2025-02-28,58,63.1,48.1,6327,390
PT_004,2025-03-01,59,67.6,44.9,5399,363
PT_004,2025-03-02,60,66.3,49.0,6153,401
PT_004,2025-03-03,61,61.8,48.8,5037,362
PT_004,2025-03-04,62,68.4,39.0,4955,383
PT_004,2025-03-05,63,69.6,46.9,5252,386
PT_004,2025-03-06,64,72.1,42.3,5273,416
PT_004,2025-03-07,65,66.9,42.1,5666,401
PT_004,2025-03-08,66,65.1,44.5,5282,501
PT_004,2025-03-09,67,66.5,45.3,5506,385
PT_004,2025-03-10,68,66.7,40.8,5473,360
PT_004,2025-03-11,69,66.1,42.7,5927,451
PT_004,2025-03-12,70,67.1,44.6,5286,437
PT_004,2025-03-13,71,66.7,37.2,5147,315
PT_004,2025-03-14,72,65.6,43.7,4990,361
PT_004,2025-03-15,73,66.3,44.6,5929,449
PT_004,2025-03-16,74,63.1,42.0,5340,381
PT_004,2025-03-17,75,67.0,41.0,4291,350
PT_004,2025-03-18,76,65.0,44.5,5910,384
PT_004,2025-03-19,77,69.5,41.6,5980,331
PT_004,2025-03-20,78,63.7,39.1,5762,418
PT_004,2025-03-21,79,64.6,45.8,5098,437
PT_004,2025-03-22,80,69.5,45.8,5185,425
PT_004,2025-03-23,81,64.8,43.4,6291,438
PT_004,2025-03-24,82,72.1,40.7,4911,421
PT_004,2025-03-25,83,72.1,39.1,4317,421
PT_004,2025-03-26,84,74.5,34.0,3618,388
PT_004,2025-03-27,85,78.4,35.1,3372,432
PT_004,2025-03-28,86,82.2,27.3,2636,376
PT_004,2025-03-29,87,78.8,26.9,3233,443
PT_004,2025-03-30,88,80.6,32.9,2492,366
PT_004,2025-03-31,89,78.3,31.4,2653,411
PT_005,2025-01-01,0,64.8,50.4,6474,339
PT_005,2025-01-02,1,70.5,45.9,5429,390
PT_005,2025-01-03,2,72.4,41.2,5396,335
PT_005,2025-01-04,3,70.4,37.8,4982,398
PT_005,2025-01-05,4,75.0,31.9,5261,391
PT_005,2025-01-06,5,73.5,40.4,5142,355
PT_005,2025-01-07,6,76.5,34.9,4112,414
PT_005,2025-01-08,7,69.4,39.6,5173,412
PT_005,2025-01-09,8,75.8,39.8,4656,383
PT_005,2025-01-10,9,73.4,38.0,5520,362
PT_005,2025-01-11,10,79.7,33.0,5278,316
PT_005,2025-01-12,11,78.0,32.9,5008,412
PT_005,2025-01-13,12,73.5,36.1,4557,363
PT_005,2025-01-14,13,74.4,34.5,4814,383
PT_005,2025-01-15,14,77.3,39.6,4594,403
PT_005,2025-01-16,15,77.5,33.2,5042,401
PT_005,2025-01-17,16,71.4,35.9,4459,383
PT_005,2025-01-18,17,76.4,37.4,4875,357
PT_005,2025-01-19,18,75.3,39.2,4627,405
PT_005,2025-01-20,19,78.9,37.9,4381,418
PT_005,2025-01-21,20,71.7,40.7,5342,377
PT_005,2025-01-22,21,65.5,45.9,5722,393
PT_005,2025-01-23,22,67.6,53.9,5912,400
PT_005,2025-01-24,23,69.2,45.6,5729,343
PT_005,2025-01-25,24,71.1,47.5,6320,349
PT_005,2025-01-26,25,71.9,44.4,6471,341
PT_005,2025-01-27,26,65.1,42.8,6626,380
PT_005,2025-01-28,27,65.9,46.7,6308,337
PT_005,2025-01-29,28,69.2,47.1,5855,281
PT_005,2025-01-30,29,71.6,49.8,5873,410
PT_005,2025-01-31,30,66.0,48.4,5751,358
PT_005,2025-02-01,31,72.8,42.0,5606,366
PT_005,2025-02-02,32,76.6,38.7,4910,309
PT_005,2025-02-03,33,81.3,34.6,4014,368
PT_005,2025-02-04,34,81.1,25.3,3935,365
PT_005,2025-02-05,35,85.5,23.6,2274,341
PT_005,2025-02-06,36,81.0,24.8,3753,349
PT_005,2025-02-07,37,89.2,28.5,3307,437
PT_005,2025-02-08,38,85.7,25.8,3008,359
PT_005,2025-02-09,39,85.6,27.7,3396,368
PT_005,2025-02-10,40,87.8,23.7,3506,344
PT_005,2025-02-11,41,83.4,30.4,3262,378
PT_005,2025-02-12,42,83.1,22.9,3473,390
PT_005,2025-02-13,43,78.3,27.7,3842,409
PT_005,2025-02-14,44,81.5,31.9,3354,343
PT_005,2025-02-15,45,80.1,30.8,4515,374
PT_005,2025-02-16,46,79.8,34.7,3848,370
PT_005,2025-02-17,47,76.0,35.5,4369,310
PT_005,2025-02-18,48,75.7,32.9,4431,358
PT_005,2025-02-19,49,76.8,30.5,4311,320
PT_005,2025-02-20,50,73.8,33.6,4223,365
PT_005,2025-02-21,51,63.7,47.0,6256,364
PT_005,2025-02-22,52,61.2,46.1,7307,307
PT_005,2025-02-23,53,63.7,47.5,7277,368
PT_005,2025-02-24,54,67.7,46.3,6456,347
PT_005,2025-02-25,55,66.5,51.7,5817,391
PT_005,2025-02-26,56,66.9,47.2,6140,401
PT_005,2025-02-27,57,69.7,45.8,6085,360
PT_005,2025-02-28,58,72.0,49.8,6679,362
PT_005,2025-03-01,59,70.2,51.9,5812,360
PT_005,2025-03-02,60,66.8,50.3,7736,379
PT_005,2025-03-03,61,68.3,51.6,6654,354
PT_005,2025-03-04,62,70.3,47.9,5147,379
PT_005,2025-03-05,63,71.6,47.9,5968,366
PT_005,2025-03-06,64,71.1,44.6,6089,388
PT_005,2025-03-07,65,72.0,45.9,4937,385
PT_005,2025-03-08,66,72.9,46.5,4900,377
PT_005,2025-03-09,67,69.7,39.9,5340,362
PT_005,2025-03-10,68,76.8,45.5,6557,399
PT_005,2025-03-11,69,73.3,40.9,4932,365
PT_005,2025-03-12,70,72.7,40.4,5314,387
PT_005,2025-03-13,71,75.6,42.5,5708,404
PT_005,2025-03-14,72,69.6,43.9,4703,376
PT_005,2025-03-15,73,69.7,43.8,5404,390
PT_005,2025-03-16,74,70.4,42.8,5919,394
PT_005,2025-03-17,75,70.1,44.8,5260,386
PT_005,2025-03-18,76,71.3,47.1,4917,360
PT_005,2025-03-19,77,72.7,49.1,5894,373
PT_005,2025-03-20,78,69.9,46.5,5931,464
PT_005,2025-03-21,79,64.5,47.1,6133,340
PT_005,2025-03-22,80,69.2,42.3,5602,346
PT_005,2025-03-23,81,64.3,45.5,6227,369
PT_005,2025-03-24,82,68.0,42.4,5996,381
PT_005,2025-03-25,83,73.7,43.0,5284,353
PT_005,2025-03-26,84,72.1,35.0,5220,406
PT_005,2025-03-27,85,76.3,38.0,4605,365
PT_005,2025-03-28,86,77.7,35.2,4321,364
PT_005,2025-03-29,87,76.3,33.1,4101,363
PT_005,2025-03-30,88,79.5,35.7,5000,401
PT_005,2025-03-31,89,73.7,34.8,4075,370
PT_006,2025-01-01,0,72.5,45.3,7448,442
PT_006,2025-01-02,1,77.2,39.3,5564,450
PT_006,2025-01-03,2,84.1,31.9,5794,454
PT_006,2025-01-04,3,87.8,34.1,4987,470
PT_006,2025-01-05,4,84.3,32.6,4285,434
PT_006,2025-01-06,5,85.5,34.0,4822,481
PT_006,2025-01-07,6,92.1,29.9,4758,489
PT_006,2025-01-08,7,86.9,30.9,5508,483
PT_006,2025-01-09,8,86.3,33.8,5226,427
PT_006,2025-01-10,9,89.4,29.6,4453,462
PT_006,2025-01-11,10,87.8,26.4,4877,452
PT_006,2025-01-12,11,88.3,35.9,4935,462
PT_006,2025-01-13,12,83.6,27.4,5408,389
PT_006,2025-01-14,13,87.2,34.7,5550,418
PT_006,2025-01-15,14,86.6,27.0,4516,437
PT_006,2025-01-16,15,92.3,22.9,3602,468
PT_006,2025-01-17,16,92.7,25.8,4306,462
PT_006,2025-01-18,17,100.0,26.1,3284,390
PT_006,2025-01-19,18,87.7,23.1,3812,366
PT_006,2025-01-20,19,96.9,21.0,3586,427
PT_006,2025-01-21,20,90.7,26.3,3760,439
PT_006,2025-01-22,21,80.6,37.8,6050,471
PT_006,2025-01-23,22,71.7,45.2,7543,492
PT_006,2025-01-24,23,84.7,43.5,6085,492
PT_006,2025-01-25,24,83.8,30.2,5189,453
PT_006,2025-01-26,25,86.3,32.0,5135,486
PT_006,2025-01-27,26,92.1,27.0,5505,488
PT_006,2025-01-28,27,90.2,28.0,3466,431
PT_006,2025-01-29,28,91.1,21.8,4576,446
PT_006,2025-01-30,29,95.3,21.2,3796,468
PT_006,2025-01-31,30,88.5,29.0,3740,460
PT_006,2025-02-01,31,95.4,26.2,4045,457
PT_006,2025-02-02,32,91.2,18.8,3072,415
PT_006,2025-02-03,33,94.5,22.7,3983,531
PT_006,2025-02-04,34,94.9,30.0,4051,471
PT_006,2025-02-05,35,99.3,19.5,3105,511
PT_006,2025-02-06,36,98.3,17.2,3451,519
PT_006,2025-02-07,37,95.3,23.1,4017,458
PT_006,2025-02-08,38,100.3,21.2,3319,487
PT_006,2025-02-09,39,93.1,22.4,4046,438
PT_006,2025-02-10,40,95.0,26.9,3088,461
PT_006,2025-02-11,41,91.0,22.2,3209,480
PT_006,2025-02-12,42,91.5,30.7,4579,464
PT_006,2025-02-13,43,75.2,44.5,6126,519
PT_006,2025-02-14,44,76.6,40.9,6690,418
PT_006,2025-02-15,45,77.9,44.8,6980,466
PT_006,2025-02-16,46,74.2,43.5,7259,494
PT_006,2025-02-17,47,80.0,45.6,5976,497
PT_006,2025-02-18,48,73.7,50.1,7134,432
PT_006,2025-02-19,49,78.3,36.4,6717,446
PT_006,2025-02-20,50,83.3,36.7,5664,406
PT_006,2025-02-21,51,87.8,31.7,5258,441
PT_006,2025-02-22,52,89.6,35.4,4912,433
PT_006,2025-02-23,53,89.8,30.1,4407,457
PT_006,2025-02-24,54,89.3,24.3,4091,425
PT_006,2025-02-25,55,90.8,28.3,4400,377
PT_006,2025-02-26,56,92.6,26.5,3419,414
PT_006,2025-02-27,57,95.0,31.1,5020,418
PT_006,2025-02-28,58,88.6,30.7,3954,382
PT_006,2025-03-01,59,89.1,26.6,4500,478
PT_006,2025-03-02,60,91.7,23.2,4256,416
PT_006,2025-03-03,61,90.4,26.2,4437,534
PT_006,2025-03-04,62,90.8,31.6,4721,454
PT_006,2025-03-05,63,86.0,32.6,4952,423
PT_006,2025-03-06,64,87.5,27.4,5864,428
PT_006,2025-03-07,65,87.2,35.6,5157,430
PT_006,2025-03-08,66,88.4,33.6,4963,400
PT_006,2025-03-09,67,85.9,30.3,5143,460
PT_006,2025-03-10,68,85.2,35.1,5990,441
PT_006,2025-03-11,69,77.1,53.5,7262,509
PT_006,2025-03-12,70,77.6,40.3,6366,445
PT_006,2025-03-13,71,83.5,39.6,6870,495
PT_006,2025-03-14,72,83.3,37.7,5704,366
PT_006,2025-03-15,73,85.4,33.6,5363,496
PT_006,2025-03-16,74,84.9,37.3,4552,397
PT_006,2025-03-17,75,86.3,34.8,4858,422
PT_006,2025-03-18,76,86.0,31.2,4959,415
PT_006,2025-03-19,77,89.3,34.1,5201,438
PT_006,2025-03-20,78,85.3,36.4,5585,411
PT_006,2025-03-21,79,88.5,33.8,5387,462
PT_006,2025-03-22,80,82.8,30.0,5420,425
PT_006,2025-03-23,81,90.6,38.8,6395,466
PT_006,2025-03-24,82,84.7,34.9,5162,435
PT_006,2025-03-25,83,87.9,28.6,4793,474
PT_006,2025-03-26,84,87.2,33.2,5414,462
PT_006,2025-03-27,85,87.6,40.0,5963,374
PT_006,2025-03-28,86,82.5,41.0,6157,427
PT_006,2025-03-29,87,84.9,39.2,6253,479
PT_006,2025-03-30,88,84.3,39.6,5859,405
PT_006,2025-03-31,89,83.0,33.6,6717,474
PT_007,2025-01-01,0,72.8,59.1,7345,515
PT_007,2025-01-02,1,80.9,63.8,6662,459
PT_007,2025-01-03,2,77.3,58.9,7362,421
PT_007,2025-01-04,3,81.4,61.6,5952,442
PT_007,2025-01-05,4,81.4,58.2,6734,426
PT_007,2025-01-06,5,81.2,59.4,6014,473
PT_007,2025-01-07,6,88.3,54.7,5882,410
PT_007,2025-01-08,7,81.8,61.1,5270,399
PT_007,2025-01-09,8,76.6,58.5,5469,462
PT_007,2025-01-10,9,84.7,64.1,5339,394
PT_007,2025-01-11,10,84.9,55.9,5455,417
PT_007,2025-01-12,11,79.1,57.1,5544,327
PT_007,2025-01-13,12,80.5,56.3,6247,455
PT_007,2025-01-14,13,79.7,53.2,5794,455
PT_007,2025-01-15,14,82.4,47.0,4226,479
PT_007,2025-01-16,15,89.2,53.5,3484,432
PT_007,2025-01-17,16,86.7,49.8,4257,461
PT_007,2025-01-18,17,90.2,46.5,3651,429
PT_007,2025-01-19,18,92.6,42.3,3286,432
PT_007,2025-01-20,19,95.8,43.6,4519,415
PT_007,2025-01-21,20,86.9,39.6,3641,493
PT_007,2025-01-22,21,79.5,61.4,6605,437
PT_007,2025-01-23,22,82.0,66.5,6457,453
PT_007,2025-01-24,23,82.2,58.5,5672,408
PT_007,2025-01-25,24,68.7,65.1,7035,386
PT_007,2025-01-26,25,78.5,62.2,6289,414
PT_007,2025-01-27,26,81.7,58.3,6505,470
PT_007,2025-01-28,27,87.4,57.8,5288,411
PT_007,2025-01-29,28,83.8,53.6,6111,451
PT_007,2025-01-30,29,86.0,57.3,5797,400
PT_007,2025-01-31,30,86.8,51.2,5281,423
PT_007,2025-02-01,31,90.7,50.9,4336,390
PT_007,2025-02-02,32,87.2,50.5,5262,497
PT_007,2025-02-03,33,88.2,55.5,5111,426
PT_007,2025-02-04,34,85.7,50.4,6031,441
PT_007,2025-02-05,35,81.4,53.5,4718,520
PT_007,2025-02-06,36,83.5,53.5,5237,397
PT_007,2025-02-07,37,81.5,53.6,5729,420
PT_007,2025-02-08,38,85.1,52.3,5576,387
PT_007,2025-02-09,39,84.3,56.2,5133,440
PT_007,2025-02-10,40,82.5,57.9,6490,416
PT_007,2025-02-11,41,81.3,57.9,5743,496
PT_007,2025-02-12,42,81.3,59.0,5707,431
PT_007,2025-02-13,43,81.6,60.1,6338,393
PT_007,2025-02-14,44,80.0,59.6,5908,434
PT_007,2025-02-15,45,75.3,64.1,7385,397
PT_007,2025-02-16,46,75.2,59.1,6860,451
PT_007,2025-02-17,47,77.2,65.1,6862,447
PT_007,2025-02-18,48,78.9,57.5,7028,452
PT_007,2025-02-19,49,79.0,59.0,6848,419
PT_007,2025-02-20,50,79.8,60.4,5867,320
PT_007,2025-02-21,51,80.6,57.0,6557,372
PT_007,2025-02-22,52,81.9,55.6,6437,427
PT_007,2025-02-23,53,87.2,58.5,5091,376
PT_007,2025-02-24,54,85.2,55.4,6116,395
PT_007,2025-02-25,55,78.3,64.1,5640,400
PT_007,2025-02-26,56,82.8,62.1,5045,408
PT_007,2025-02-27,57,82.0,56.1,6319,454
PT_007,2025-02-28,58,80.6,60.5,5964,447
PT_007,2025-03-01,59,83.8,56.3,5843,410
PT_007,2025-03-02,60,82.7,56.3,6398,388
PT_007,2025-03-03,61,80.9,56.9,5967,462
PT_007,2025-03-04,62,80.6,57.8,6319,400
PT_007,2025-03-05,63,79.9,60.4,6560,445
PT_007,2025-03-06,64,78.1,61.7,6390,452
PT_007,2025-03-07,65,76.9,59.4,6720,404
PT_007,2025-03-08,66,79.5,63.2,5833,395
PT_007,2025-03-09,67,83.1,59.4,6164,478
PT_007,2025-03-10,68,72.3,67.4,7673,422
PT_007,2025-03-11,69,77.7,64.2,6527,461
PT_007,2025-03-12,70,77.1,61.1,5837,410
PT_007,2025-03-13,71,77.1,62.5,5922,423
PT_007,2025-03-14,72,79.0,59.2,6165,491
PT_007,2025-03-15,73,80.6,63.4,6125,452
PT_007,2025-03-16,74,81.9,56.6,6192,415
PT_007,2025-03-17,75,77.2,68.6,6578,436
PT_007,2025-03-18,76,82.1,60.2,6787,432
PT_007,2025-03-19,77,75.0,58.7,6495,452
PT_007,2025-03-20,78,80.7,61.7,6549,379
PT_007,2025-03-21,79,79.7,65.8,6109,376
PT_007,2025-03-22,80,77.5,62.0,6567,405
PT_007,2025-03-23,81,75.1,65.2,6393,410
PT_007,2025-03-24,82,74.3,58.8,7066,471
PT_007,2025-03-25,83,79.8,66.2,6431,467
PT_007,2025-03-26,84,76.3,61.0,7350,440
PT_007,2025-03-27,85,77.4,60.1,6629,458
PT_007,2025-03-28,86,79.2,59.7,6786,410
PT_007,2025-03-29,87,81.7,65.1,6696,370
PT_007,2025-03-30,88,73.4,59.2,6493,382
PT_007,2025-03-31,89,77.7,69.7,7279,426
PT_008,2025-01-01,0,69.2,55.3,4559,443
PT_008,2025-01-02,1,69.1,53.0,4600,496
PT_008,2025-01-03,2,75.0,52.2,4135,443
PT_008,2025-01-04,3,71.8,54.5,5089,505
PT_008,2025-01-05,4,77.7,51.0,4513,445
PT_008,2025-01-06,5,73.0,45.7,4143,489
PT_008,2025-01-07,6,72.3,48.8,3890,520
PT_008,2025-01-08,7,66.9,47.5,3910,450
PT_008,2025-01-09,8,77.7,42.1,3546,444
PT_008,2025-01-10,9,76.3,44.2,3263,468
PT_008,2025-01-11,10,78.4,44.3,4595,480
PT_008,2025-01-12,11,72.7,45.8,4536,452
PT_008,2025-01-13,12,75.1,49.1,3617,444
PT_008,2025-01-14,13,75.5,45.2,3410,464
PT_008,2025-01-15,14,76.0,42.4,2632,441
PT_008,2025-01-16,15,83.0,39.0,3812,444
PT_008,2025-01-17,16,80.1,45.1,2936,427
PT_008,2025-01-18,17,76.5,32.5,3145,485
PT_008,2025-01-19,18,76.9,48.5,3060,470
PT_008,2025-01-20,19,78.9,42.9,3561,464
PT_008,2025-01-21,20,80.2,43.8,3587,422
PT_008,2025-01-22,21,68.8,60.7,3756,437
PT_008,2025-01-23,22,68.9,59.8,5141,477
PT_008,2025-01-24,23,70.9,55.1,4305,472
PT_008,2025-01-25,24,72.3,47.7,3745,428
PT_008,2025-01-26,25,77.9,50.9,4370,449
PT_008,2025-01-27,26,73.0,50.9,3985,488
PT_008,2025-01-28,27,78.1,45.0,3867,522
PT_008,2025-01-29,28,71.0,45.3,3761,391
PT_008,2025-01-30,29,71.5,51.5,4025,417
PT_008,2025-01-31,30,73.9,47.6,3790,430
PT_008,2025-02-01,31,78.4,48.8,3572,440
PT_008,2025-02-02,32,73.8,45.8,3771,451
PT_008,2025-02-03,33,73.8,44.7,4475,533
PT_008,2025-02-04,34,73.1,49.6,3886,393
PT_008,2025-02-05,35,75.9,41.4,3394,396
PT_008,2025-02-06,36,76.1,40.1,3415,482
PT_008,2025-02-07,37,78.4,45.1,3239,477
PT_008,2025-02-08,38,82.0,46.5,3998,399
PT_008,2025-02-09,39,76.8,43.9,3102,419
PT_008,2025-02-10,40,76.6,45.3,3178,411
PT_008,2025-02-11,41,78.4,46.5,3971,489
PT_008,2025-02-12,42,71.7,53.6,4301,415
PT_008,2025-02-13,43,66.5,60.4,5198,428
PT_008,2025-02-14,44,61.7,58.0,5378,457
PT_008,2025-02-15,45,63.0,55.1,5072,484
PT_008,2025-02-16,46,68.3,59.2,5687,435
PT_008,2025-02-17,47,68.5,56.1,5293,406
PT_008,2025-02-18,48,68.8,55.8,5686,477
PT_008,2025-02-19,49,67.3,52.3,5124,432
PT_008,2025-02-20,50,65.2,54.0,5005,423
PT_008,2025-02-21,51,69.2,50.3,5393,469
PT_008,2025-02-22,52,68.7,52.4,5686,453
PT_008,2025-02-23,53,70.2,52.0,4264,440
PT_008,2025-02-24,54,73.4,52.0,4663,452
PT_008,2025-02-25,55,72.9,51.1,4887,469
PT_008,2025-02-26,56,69.7,42.3,4477,445
PT_008,2025-02-27,57,76.5,49.2,4506,443
PT_008,2025-02-28,58,78.2,55.0,3377,453
PT_008,2025-03-01,59,70.5,46.1,4207,420
PT_008,2025-03-02,60,72.8,51.3,4470,418
PT_008,2025-03-03,61,73.2,49.2,3635,416
PT_008,2025-03-04,62,72.3,52.2,3892,514
PT_008,2025-03-05,63,78.8,46.2,3221,498
PT_008,2025-03-06,64,73.2,50.9,4545,483
PT_008,2025-03-07,65,72.4,51.7,4678,494
PT_008,2025-03-08,66,73.0,53.9,3925,476
PT_008,2025-03-09,67,70.7,52.1,4461,448
PT_008,2025-03-10,68,67.1,49.7,4322,427
PT_008,2025-03-11,69,70.7,50.7,5216,460
PT_008,2025-03-12,70,72.3,53.5,4084,433
PT_008,2025-03-13,71,68.9,53.2,4656,424
PT_008,2025-03-14,72,70.0,56.1,5179,496
PT_008,2025-03-15,73,72.4,53.0,4658,431
PT_008,2025-03-16,74,70.1,48.6,4510,453
PT_008,2025-03-17,75,69.4,51.4,4770,403
PT_008,2025-03-18,76,74.3,47.3,3252,451
PT_008,2025-03-19,77,75.1,50.0,3604,470
PT_008,2025-03-20,78,73.7,47.6,3934,445
PT_008,2025-03-21,79,73.1,44.1,4529,445
PT_008,2025-03-22,80,74.4,51.9,4178,436
PT_008,2025-03-23,81,72.2,46.4,4615,473
PT_008,2025-03-24,82,74.2,48.7,3902,460
PT_008,2025-03-25,83,73.5,54.2,3529,450
PT_008,2025-03-26,84,74.4,50.9,4590,472
PT_008,2025-03-27,85,76.1,47.0,4633,413
PT_008,2025-03-28,86,72.8,52.4,4260,430
PT_008,2025-03-29,87,70.9,49.3,4801,456
PT_008,2025-03-30,88,71.0,47.6,4382,450
PT_008,2025-03-31,89,72.6,50.2,3950,445
PT_009,2025-01-01,0,63.7,53.9,6279,509
PT_009,2025-01-02,1,72.0,47.2,6003,450
PT_009,2025-01-03,2,79.6,43.5,4730,384
PT_009,2025-01-04,3,82.9,36.2,4233,422
PT_009,2025-01-05,4,82.3,25.8,3328,456
PT_009,2025-01-06,5,85.3,29.2,3684,398
PT_009,2025-01-07,6,83.9,32.0,3082,384
PT_009,2025-01-08,7,83.3,29.5,2397,485
PT_009,2025-01-09,8,83.5,29.1,2867,506
PT_009,2025-01-10,9,84.1,27.1,3201,442
PT_009,2025-01-11,10,87.2,29.4,1889,448
PT_009,2025-01-12,11,84.7,33.2,2647,481
PT_009,2025-01-13,12,84.2,31.2,3734,514
PT_009,2025-01-14,13,86.3,42.8,3452,380
PT_009,2025-01-15,14,88.0,24.1,2237,424
PT_009,2025-01-16,15,87.8,28.9,2789,390
PT_009,2025-01-17,16,84.4,32.9,3237,450
PT_009,2025-01-18,17,85.9,35.1,3075,371
PT_009,2025-01-19,18,85.0,35.0,3095,445
PT_009,2025-01-20,19,84.4,32.9,3485,438
PT_009,2025-01-21,20,85.0,38.3,4548,417
PT_009,2025-01-22,21,66.8,50.3,6045,407
PT_009,2025-01-23,22,68.3,55.3,5922,470
PT_009,2025-01-24,23,72.7,51.2,6408,489
PT_009,2025-01-25,24,70.0,46.3,6169,437
PT_009,2025-01-26,25,64.6,50.7,6442,425
PT_009,2025-01-27,26,72.5,52.8,6622,400
PT_009,2025-01-28,27,73.0,45.5,5005,403
PT_009,2025-01-29,28,76.2,41.1,5360,400
PT_009,2025-01-30,29,72.7,42.3,4841,500
PT_009,2025-01-31,30,76.2,38.5,5811,406
PT_009,2025-02-01,31,76.6,41.2,4947,443
PT_009,2025-02-02,32,75.0,40.5,4665,446
PT_009,2025-02-03,33,78.5,42.9,4401,395
PT_009,2025-02-04,34,68.7,48.8,6151,419
PT_009,2025-02-05,35,78.3,40.7,4416,384
PT_009,2025-02-06,36,82.3,33.7,4254,394
PT_009,2025-02-07,37,84.5,23.0,2590,424
PT_009,2025-02-08,38,87.2,28.4,2486,377
PT_009,2025-02-09,39,89.6,26.2,2115,367
PT_009,2025-02-10,40,90.8,28.5,2734,419
PT_009,2025-02-11,41,84.1,22.0,3120,430
PT_009,2025-02-12,42,84.4,29.9,2953,338
PT_009,2025-02-13,43,86.8,29.9,3438,389
PT_009,2025-02-14,44,83.5,29.8,3175,439
PT_009,2025-02-15,45,83.5,27.5,3159,462
PT_009,2025-02-16,46,85.3,24.1,2505,388
PT_009,2025-02-17,47,82.5,28.2,2705,494
PT_009,2025-02-18,48,86.3,29.0,2540,374
PT_009,2025-02-19,49,82.1,27.7,2763,390
PT_009,2025-02-20,50,78.4,34.7,4071,471
PT_009,2025-02-21,51,85.1,35.7,3354,422
PT_009,2025-02-22,52,78.7,36.6,3473,420
PT_009,2025-02-23,53,76.6,36.7,3659,491
PT_009,2025-02-24,54,80.7,34.7,3756,453
PT_009,2025-02-25,55,70.1,43.8,5967,415
PT_009,2025-02-26,56,65.5,44.0,5569,473
PT_009,2025-02-27,57,68.2,53.9,5121,426
PT_009,2025-02-28,58,67.8,51.8,6605,452
PT_009,2025-03-01,59,69.0,46.8,6049,478
PT_009,2025-03-02,60,68.3,52.4,6251,445
PT_009,2025-03-03,61,64.5,49.5,6442,404
PT_009,2025-03-04,62,63.7,54.6,6269,530
PT_009,2025-03-05,63,63.9,50.7,5520,413
PT_009,2025-03-06,64,62.4,47.5,5786,426
PT_009,2025-03-07,65,70.0,50.7,6459,429
PT_009,2025-03-08,66,74.9,49.1,5789,468
PT_009,2025-03-09,67,70.0,44.1,6350,434
PT_009,2025-03-10,68,71.3,46.5,5995,440
PT_009,2025-03-11,69,68.1,41.6,5279,377
PT_009,2025-03-12,70,72.5,48.1,5196,499
PT_009,2025-03-13,71,78.1,46.5,3646,454
PT_009,2025-03-14,72,75.4,44.2,5210,472
PT_009,2025-03-15,73,74.4,42.4,4887,444
PT_009,2025-03-16,74,72.5,46.7,4530,468
PT_009,2025-03-17,75,72.8,44.2,5828,378
PT_009,2025-03-18,76,73.8,41.9,5561,484
PT_009,2025-03-19,77,74.5,48.7,4905,407
PT_009,2025-03-20,78,73.2,45.8,4850,375
PT_009,2025-03-21,79,76.9,42.4,3932,461
PT_009,2025-03-22,80,79.8,43.0,4516,476
PT_009,2025-03-23,81,72.5,43.7,5399,451
PT_009,2025-03-24,82,78.9,40.1,5128,460
PT_009,2025-03-25,83,77.7,39.5,4624,378
PT_009,2025-03-26,84,72.2,45.0,4385,459
PT_009,2025-03-27,85,73.8,33.4,4647,462
PT_009,2025-03-28,86,70.9,49.1,6122,404
PT_009,2025-03-29,87,69.6,43.0,4935,464
PT_009,2025-03-30,88,78.7,38.0,4108,491
PT_009,2025-03-31,89,81.6,39.2,4704,434
PT_010,2025-01-01,0,87.6,48.2,6090,455
PT_010,2025-01-02,1,86.0,49.1,5709,477
PT_010,2025-01-03,2,88.7,43.9,6019,488
PT_010,2025-01-04,3,83.2,43.7,4853,422
PT_010,2025-01-05,4,89.8,42.9,3898,493
PT_010,2025-01-06,5,88.8,43.9,3813,462
PT_010,2025-01-07,6,94.1,35.2,4044,527
PT_010,2025-01-08,7,87.2,39.0,4326,480
PT_010,2025-01-09,8,90.8,44.4,4669,520
PT_010,2025-01-10,9,89.4,43.0,5415,521
PT_010,2025-01-11,10,91.8,36.3,4889,455
PT_010,2025-01-12,11,88.3,47.1,5367,548
PT_010,2025-01-13,12,84.7,38.7,5893,457
PT_010,2025-01-14,13,91.7,38.6,4566,492
PT_010,2025-01-15,14,87.9,38.0,5421,467
PT_010,2025-01-16,15,89.1,42.5,5658,474
PT_010,2025-01-17,16,92.3,42.7,4994,495
PT_010,2025-01-18,17,87.3,43.2,5664,533
PT_010,2025-01-19,18,88.8,36.5,5622,509
PT_010,2025-01-20,19,89.1,40.7,5077,521
PT_010,2025-01-21,20,91.4,45.1,5274,476
PT_010,2025-01-22,21,80.7,49.1,5987,539
PT_010,2025-01-23,22,81.7,47.0,6568,429
PT_010,2025-01-24,23,82.3,48.1,5779,436
PT_010,2025-01-25,24,80.9,46.5,5702,485
PT_010,2025-01-26,25,85.9,50.5,6322,467
PT_010,2025-01-27,26,86.2,46.6,5229,446
PT_010,2025-01-28,27,83.1,49.8,5992,484
PT_010,2025-01-29,28,85.2,42.6,5735,476
PT_010,2025-01-30,29,86.4,48.4,6397,490
PT_010,2025-01-31,30,78.1,44.3,6516,494
PT_010,2025-02-01,31,88.0,44.7,5491,494
PT_010,2025-02-02,32,86.7,43.4,5265,499
PT_010,2025-02-03,33,89.5,48.3,5077,429
PT_010,2025-02-04,34,85.6,43.0,5228,440
PT_010,2025-02-05,35,86.2,34.6,5074,481
PT_010,2025-02-06,36,88.7,37.1,4458,511
PT_010,2025-02-07,37,89.7,41.1,4243,459
PT_010,2025-02-08,38,87.3,38.0,4731,492
PT_010,2025-02-09,39,89.9,37.5,5264,505
PT_010,2025-02-10,40,89.7,39.6,3893,462
PT_010,2025-02-11,41,87.8,40.4,5001,506
PT_010,2025-02-12,42,91.6,40.2,3986,482
PT_010,2025-02-13,43,87.5,40.6,5291,524
PT_010,2025-02-14,44,89.0,39.2,5143,526
PT_010,2025-02-15,45,91.1,42.2,5208,498
PT_010,2025-02-16,46,88.4,37.5,4838,470
PT_010,2025-02-17,47,86.5,39.6,5720,446
PT_010,2025-02-18,48,84.5,37.2,6325,503
PT_010,2025-02-19,49,82.4,45.7,5372,516
PT_010,2025-02-20,50,89.0,40.4,5034,473
PT_010,2025-02-21,51,81.7,43.6,6570,505
PT_010,2025-02-22,52,82.0,45.0,6115,453
PT_010,2025-02-23,53,90.8,49.1,5567,570
PT_010,2025-02-24,54,84.1,41.2,5071,486
PT_010,2025-02-25,55,84.9,46.4,5668,515
PT_010,2025-02-26,56,87.6,43.8,5626,435
PT_010,2025-02-27,57,92.4,43.8,4980,551
PT_010,2025-02-28,58,87.8,45.5,5746,469
PT_010,2025-03-01,59,86.2,39.9,6056,452
PT_010,2025-03-02,60,83.2,44.5,5668,491
PT_010,2025-03-03,61,81.1,46.2,5987,509
PT_010,2025-03-04,62,87.5,48.6,4890,484
PT_010,2025-03-05,63,90.9,38.4,4866,547
PT_010,2025-03-06,64,91.4,38.8,4419,510
PT_010,2025-03-07,65,90.4,38.2,5137,476
PT_010,2025-03-08,66,89.7,41.2,4187,466
PT_010,2025-03-09,67,92.4,37.6,4290,481
PT_010,2025-03-10,68,95.7,38.0,4717,494
PT_010,2025-03-11,69,91.2,41.4,4345,505
PT_010,2025-03-12,70,91.4,37.6,4682,478
PT_010,2025-03-13,71,88.8,41.7,4174,526
PT_010,2025-03-14,72,93.0,40.9,4067,546
PT_010,2025-03-15,73,89.1,40.6,4633,389
PT_010,2025-03-16,74,86.8,42.6,5406,503
PT_010,2025-03-17,75,84.6,36.9,5344,534
PT_010,2025-03-18,76,91.9,43.6,3964,496
PT_010,2025-03-19,77,87.7,38.2,5670,499
PT_010,2025-03-20,78,86.3,42.0,5322,508
PT_010,2025-03-21,79,87.8,38.5,5144,567
PT_010,2025-03-22,80,89.0,36.6,5839,536
PT_010,2025-03-23,81,85.6,52.3,6674,490
PT_010,2025-03-24,82,83.2,47.3,6628,418
PT_010,2025-03-25,83,82.4,52.4,5641,509
PT_010,2025-03-26,84,88.9,42.1,5941,480
PT_010,2025-03-27,85,82.5,43.5,6236,510
PT_010,2025-03-28,86,88.4,45.9,5084,489
PT_010,2025-03-29,87,83.8,43.9,5651,562
PT_010,2025-03-30,88,85.2,45.9,5562,480
PT_010,2025-03-31,89,84.4,40.9,5678,570
PT_011,2025-01-01,0,70.0,48.6,5636,443
PT_011,2025-01-02,1,63.3,43.1,5082,439
PT_011,2025-01-03,2,67.9,38.5,4813,495
PT_011,2025-01-04,3,71.0,36.3,4485,403
PT_011,2025-01-05,4,71.6,37.1,4021,432
PT_011,2025-01-06,5,74.1,34.4,3984,440
PT_011,2025-01-07,6,78.7,41.0,4470,443
PT_011,2025-01-08,7,75.0,36.3,4667,420
PT_011,2025-01-09,8,73.8,30.7,4779,453
PT_011,2025-01-10,9,78.8,35.2,4132,426
PT_011,2025-01-11,10,77.1,34.4,4252,362
PT_011,2025-01-12,11,75.9,34.5,3889,379
PT_011,2025-01-13,12,75.6,29.8,5064,411
PT_011,2025-01-14,13,76.4,31.0,4303,387
PT_011,2025-01-15,14,74.8,38.6,5250,443
PT_011,2025-01-16,15,75.9,34.4,5073,435
PT_011,2025-01-17,16,72.3,37.5,4606,432
PT_011,2025-01-18,17,72.0,39.7,5330,406
PT_011,2025-01-19,18,72.2,33.9,5357,433
PT_011,2025-01-20,19,73.4,41.8,5030,419
PT_011,2025-01-21,20,74.3,41.2,4870,442
PT_011,2025-01-22,21,64.6,49.0,6468,432
PT_011,2025-01-23,22,65.6,51.3,6497,487
PT_011,2025-01-24,23,65.6,43.8,6385,463
PT_011,2025-01-25,24,67.1,47.7,6056,420
PT_011,2025-01-26,25,64.5,45.5,6419,374
PT_011,2025-01-27,26,64.5,47.1,6143,449
PT_011,2025-01-28,27,65.7,46.4,5821,469
PT_011,2025-01-29,28,66.0,50.3,5507,496
PT_011,2025-01-30,29,65.2,41.5,6752,414
PT_011,2025-01-31,30,64.5,44.7,6331,451
PT_011,2025-02-01,31,68.3,44.2,6052,367
PT_011,2025-02-02,32,70.3,43.4,6870,356
PT_011,2025-02-03,33,66.2,47.8,6161,457
PT_011,2025-02-04,34,73.6,41.6,6543,403
PT_011,2025-02-05,35,70.9,35.8,6290,392
PT_011,2025-02-06,36,68.3,40.5,4743,391
PT_011,2025-02-07,37,69.7,41.2,5489,438
PT_011,2025-02-08,38,73.1,32.2,4870,429
PT_011,2025-02-09,39,73.4,33.9,4670,419
PT_011,2025-02-10,40,76.4,38.1,4739,457
PT_011,2025-02-11,41,73.5,38.8,4803,389
PT_011,2025-02-12,42,76.1,39.5,3087,417
PT_011,2025-02-13,43,76.7,35.6,5546,398
PT_011,2025-02-14,44,77.2,33.5,4482,441
PT_011,2025-02-15,45,70.0,36.0,5555,377
PT_011,2025-02-16,46,67.7,32.7,4848,407
PT_011,2025-02-17,47,72.3,42.0,5088,480
PT_011,2025-02-18,48,71.5,35.8,4616,460
PT_011,2025-02-19,49,72.0,43.6,4801,472
PT_011,2025-02-20,50,61.7,39.2,5109,426
PT_011,2025-02-21,51,71.3,43.7,5554,425
PT_011,2025-02-22,52,72.4,38.8,5178,387
PT_011,2025-02-23,53,72.0,42.1,5672,430
PT_011,2025-02-24,54,71.1,38.2,5268,417
PT_011,2025-02-25,55,72.0,40.2,6153,491
PT_011,2025-02-26,56,65.6,37.0,5817,439
PT_011,2025-02-27,57,70.1,41.5,5995,424
PT_011,2025-02-28,58,72.3,39.9,4909,446
PT_011,2025-03-01,59,73.2,41.3,5862,345
PT_011,2025-03-02,60,65.4,36.3,6023,446
PT_011,2025-03-03,61,66.8,45.3,6189,392
PT_011,2025-03-04,62,68.3,38.0,6743,425
PT_011,2025-03-05,63,75.5,34.0,5085,418
PT_011,2025-03-06,64,70.8,35.7,5189,479
PT_011,2025-03-07,65,75.9,34.5,3919,439
PT_011,2025-03-08,66,73.3,37.0,4382,478
PT_011,2025-03-09,67,79.6,33.2,4746,428
PT_011,2025-03-10,68,75.8,35.4,4564,397
PT_011,2025-03-11,69,79.3,34.8,4291,386
PT_011,2025-03-12,70,77.0,36.5,4741,383
PT_011,2025-03-13,71,78.5,37.5,3935,501
PT_011,2025-03-14,72,72.1,35.8,4965,381
PT_011,2025-03-15,73,74.2,39.9,5146,432
PT_011,2025-03-16,74,78.2,35.6,4289,453
PT_011,2025-03-17,75,73.1,35.0,4985,412
PT_011,2025-03-18,76,75.7,37.8,5196,407
PT_011,2025-03-19,77,68.7,32.3,3879,439
PT_011,2025-03-20,78,74.2,40.0,5012,427
PT_011,2025-03-21,79,71.2,40.7,5470,439
PT_011,2025-03-22,80,72.2,43.0,5328,457
PT_011,2025-03-23,81,65.8,33.4,4846,409
PT_011,2025-03-24,82,65.6,52.6,5863,365
PT_011,2025-03-25,83,66.9,45.7,5156,326
PT_011,2025-03-26,84,73.8,38.1,5410,442
PT_011,2025-03-27,85,74.9,38.2,5375,436
PT_011,2025-03-28,86,74.1,40.4,5435,390
PT_011,2025-03-29,87,69.3,34.9,4875,461
PT_011,2025-03-30,88,76.9,30.0,4229,427
PT_011,2025-03-31,89,74.1,37.1,4374,397
PT_012,2025-01-01,0,71.0,66.2,4912,425
PT_012,2025-01-02,1,74.2,57.1,4058,380
PT_012,2025-01-03,2,76.6,59.6,4423,333
PT_012,2025-01-04,3,76.6,48.5,4008,378
PT_012,2025-01-05,4,75.4,47.1,2924,375
PT_012,2025-01-06,5,76.3,51.7,3472,386
PT_012,2025-01-07,6,76.4,53.3,3427,419
PT_012,2025-01-08,7,79.3,49.7,4066,402
PT_012,2025-01-09,8,82.6,50.7,3061,380
PT_012,2025-01-10,9,83.2,53.1,3269,398
PT_012,2025-01-11,10,79.6,50.3,3730,336
PT_012,2025-01-12,11,76.7,58.6,3026,376
PT_012,2025-01-13,12,75.3,49.2,3345,319
PT_012,2025-01-14,13,77.9,52.1,4009,372
PT_012,2025-01-15,14,76.8,52.9,4424,406
PT_012,2025-01-16,15,78.3,59.0,3327,417
PT_012,2025-01-17,16,76.3,55.0,4002,385
PT_012,2025-01-18,17,76.7,58.6,3645,328
PT_012,2025-01-19,18,72.8,55.4,3749,428
PT_012,2025-01-20,19,77.6,54.5,4023,395
PT_012,2025-01-21,20,75.3,56.5,4217,451
PT_012,2025-01-22,21,66.5,62.3,4023,459
PT_012,2025-01-23,22,69.7,59.9,5574,408
PT_012,2025-01-24,23,66.4,63.4,5203,399
PT_012,2025-01-25,24,69.6,61.9,3728,453
PT_012,2025-01-26,25,77.0,56.0,4077,346
PT_012,2025-01-27,26,73.8,51.8,3778,344
PT_012,2025-01-28,27,74.7,49.8,2513,377
PT_012,2025-01-29,28,73.4,54.7,3525,369
PT_012,2025-01-30,29,75.3,47.8,2833,373
PT_012,2025-01-31,30,80.3,53.6,2254,419
PT_012,2025-02-01,31,78.9,46.3,2574,382
PT_012,2025-02-02,32,81.7,52.0,2586,411
PT_012,2025-02-03,33,76.9,50.9,3562,422
PT_012,2025-02-04,34,75.4,49.2,4020,418
PT_012,2025-02-05,35,77.9,46.2,2822,349
PT_012,2025-02-06,36,78.4,44.6,3081,401
PT_012,2025-02-07,37,80.3,44.8,3831,339
PT_012,2025-02-08,38,82.0,55.8,2605,414
PT_012,2025-02-09,39,74.1,54.0,2196,417
PT_012,2025-02-10,40,80.3,50.5,2931,321
PT_012,2025-02-11,41,78.4,54.8,3432,396
PT_012,2025-02-12,42,76.1,49.3,3678,346
PT_012,2025-02-13,43,73.7,56.3,3653,395
PT_012,2025-02-14,44,64.5,61.2,4950,357
PT_012,2025-02-15,45,70.3,63.6,5354,469
PT_012,2025-02-16,46,72.4,54.6,5091,388
PT_012,2025-02-17,47,75.4,59.2,4588,393
PT_012,2025-02-18,48,76.4,63.3,3927,440
PT_012,2025-02-19,49,74.6,57.6,3093,365
PT_012,2025-02-20,50,75.8,56.2,3915,442
PT_012,2025-02-21,51,77.4,53.3,3961,389
PT_012,2025-02-22,52,77.4,47.2,3626,396
PT_012,2025-02-23,53,78.5,47.8,3407,424
PT_012,2025-02-24,54,81.7,54.7,3178,362
PT_012,2025-02-25,55,80.0,54.9,3189,431
PT_012,2025-02-26,56,83.2,53.6,3229,365
PT_012,2025-02-27,57,75.7,53.5,3286,406
PT_012,2025-02-28,58,74.6,57.5,3936,334
PT_012,2025-03-01,59,75.8,49.8,3759,444
PT_012,2025-03-02,60,81.8,42.5,2815,310
PT_012,2025-03-03,61,84.8,46.7,2379,360
PT_012,2025-03-04,62,82.9,43.8,2678,398
PT_012,2025-03-05,63,85.4,50.4,3178,304
PT_012,2025-03-06,64,77.3,50.9,2193,344
PT_012,2025-03-07,65,85.7,45.8,3182,364
PT_012,2025-03-08,66,80.5,47.1,2977,351
PT_012,2025-03-09,67,74.8,62.9,5766,375
PT_012,2025-03-10,68,72.9,52.3,3467,360
PT_012,2025-03-11,69,80.3,53.1,2911,440
PT_012,2025-03-12,70,81.5,41.4,2920,387
PT_012,2025-03-13,71,83.3,49.9,2556,396
PT_012,2025-03-14,72,80.9,51.2,1796,393
PT_012,2025-03-15,73,77.8,45.8,2186,403
PT_012,2025-03-16,74,82.9,53.8,2553,420
PT_012,2025-03-17,75,80.2,42.1,2068,416
PT_012,2025-03-18,76,84.3,47.1,2309,444
PT_012,2025-03-19,77,82.7,52.4,2898,391
PT_012,2025-03-20,78,87.3,44.6,2232,373
PT_012,2025-03-21,79,87.8,44.5,3164,321
PT_012,2025-03-22,80,79.7,43.0,2797,372
PT_012,2025-03-23,81,86.2,43.1,3160,323
PT_012,2025-03-24,82,83.6,46.2,3026,304
PT_012,2025-03-25,83,83.6,48.1,3012,332
PT_012,2025-03-26,84,81.4,50.2,2644,386
PT_012,2025-03-27,85,79.9,53.6,3250,416
PT_012,2025-03-28,86,80.8,56.5,3478,340
PT_012,2025-03-29,87,82.8,44.6,4130,400
PT_012,2025-03-30,88,71.5,62.4,5040,351
PT_012,2025-03-31,89,70.8,63.6,4791,423
PT_013,2025-01-01,0,74.7,43.8,7262,452
PT_013,2025-01-02,1,71.8,37.3,7501,424
PT_013,2025-01-03,2,75.5,34.9,6909,396
PT_013,2025-01-04,3,78.7,41.8,6760,419
PT_013,2025-01-05,4,80.4,39.5,5903,419
PT_013,2025-01-06,5,79.6,35.7,6499,399
PT_013,2025-01-07,6,77.4,37.0,6826,390
PT_013,2025-01-08,7,78.8,34.5,5523,451
PT_013,2025-01-09,8,78.2,35.2,6255,413
PT_013,2025-01-10,9,79.8,37.2,7405,415
PT_013,2025-01-11,10,80.7,35.7,6068,417
PT_013,2025-01-12,11,82.9,38.5,6848,445
PT_013,2025-01-13,12,77.5,36.7,6918,431
PT_013,2025-01-14,13,81.0,38.0,6167,417
PT_013,2025-01-15,14,78.3,39.2,6283,430
PT_013,2025-01-16,15,75.5,37.8,7462,432
PT_013,2025-01-17,16,78.4,34.6,6225,394
PT_013,2025-01-18,17,82.2,37.9,6697,451
PT_013,2025-01-19,18,73.8,33.9,7072,429
PT_013,2025-01-20,19,74.3,41.7,7086,495
PT_013,2025-01-21,20,75.9,44.1,7370,483
PT_013,2025-01-22,21,72.3,45.8,7353,465
PT_013,2025-01-23,22,73.9,37.4,7536,483
PT_013,2025-01-24,23,76.4,37.8,7631,456
PT_013,2025-01-25,24,71.4,39.4,7288,503
PT_013,2025-01-26,25,75.9,46.5,7451,475
PT_013,2025-01-27,26,75.8,44.5,8379,440
PT_013,2025-01-28,27,71.2,46.8,7181,500
PT_013,2025-01-29,28,71.0,39.8,7671,438
PT_013,2025-01-30,29,73.1,36.7,7992,421
PT_013,2025-01-31,30,70.4,47.4,7748,497
PT_013,2025-02-01,31,72.0,44.5,7718,512
PT_013,2025-02-02,32,73.7,44.3,7458,408
PT_013,2025-02-03,33,73.3,43.2,6441,515
PT_013,2025-02-04,34,72.8,40.3,7718,415
PT_013,2025-02-05,35,75.1,37.1,7206,471
PT_013,2025-02-06,36,76.0,36.3,7243,430
PT_013,2025-02-07,37,79.7,38.6,6153,489
PT_013,2025-02-08,38,77.6,37.7,5952,490
PT_013,2025-02-09,39,79.6,36.8,6285,483
PT_013,2025-02-10,40,80.5,34.2,6587,420
PT_013,2025-02-11,41,81.2,32.1,6097,451
PT_013,2025-02-12,42,83.5,39.1,6195,502
PT_013,2025-02-13,43,83.3,39.7,5967,455
PT_013,2025-02-14,44,79.0,35.7,6466,477
PT_013,2025-02-15,45,78.4,35.8,6852,515
PT_013,2025-02-16,46,81.5,34.6,6038,436
PT_013,2025-02-17,47,80.2,39.7,6572,461
PT_013,2025-02-18,48,73.9,37.5,6960,507
PT_013,2025-02-19,49,76.6,38.9,6451,341
PT_013,2025-02-20,50,75.6,43.8,6611,434
PT_013,2025-02-21,51,82.4,39.5,6004,413
PT_013,2025-02-22,52,74.5,33.3,6817,452
PT_013,2025-02-23,53,77.7,36.9,7786,442
PT_013,2025-02-24,54,75.2,35.2,5436,442
PT_013,2025-02-25,55,76.8,44.2,7079,392
PT_013,2025-02-26,56,76.0,48.7,7792,466
PT_013,2025-02-27,57,72.6,46.2,7104,422
PT_013,2025-02-28,58,75.9,44.3,7001,399
PT_013,2025-03-01,59,69.4,45.3,7398,436
PT_013,2025-03-02,60,72.7,47.7,7863,515
PT_013,2025-03-03,61,71.4,38.0,7937,385
PT_013,2025-03-04,62,72.3,44.2,7164,467
PT_013,2025-03-05,63,73.3,47.6,7873,366
PT_013,2025-03-06,64,71.2,42.0,7441,413
PT_013,2025-03-07,65,72.3,48.7,7816,468
PT_013,2025-03-08,66,71.3,47.5,7712,389
PT_013,2025-03-09,67,76.0,36.5,7784,439
PT_013,2025-03-10,68,75.8,43.3,7590,435
PT_013,2025-03-11,69,72.3,42.4,8507,476
PT_013,2025-03-12,70,77.6,41.0,7213,455
PT_013,2025-03-13,71,74.3,40.6,6588,416
PT_013,2025-03-14,72,79.2,36.7,6305,436
PT_013,2025-03-15,73,83.0,39.6,6092,453
PT_013,2025-03-16,74,77.6,44.5,6732,472
PT_013,2025-03-17,75,74.2,37.0,7207,480
PT_013,2025-03-18,76,77.2,35.7,5988,511
PT_013,2025-03-19,77,83.4,46.2,6547,451
PT_013,2025-03-20,78,76.0,35.6,7175,469
PT_013,2025-03-21,79,80.8,36.4,6234,511
PT_013,2025-03-22,80,75.3,40.9,6590,487
PT_013,2025-03-23,81,75.9,41.2,6724,464
PT_013,2025-03-24,82,78.5,37.5,6747,434
PT_013,2025-03-25,83,77.0,31.7,5354,451
PT_013,2025-03-26,84,76.4,40.1,6993,490
PT_013,2025-03-27,85,82.9,32.6,6452,418
PT_013,2025-03-28,86,80.6,37.8,6080,432
PT_013,2025-03-29,87,78.2,35.7,6613,432
PT_013,2025-03-30,88,80.9,39.6,5923,478
PT_013,2025-03-31,89,71.8,43.0,8339,508
PT_014,2025-01-01,0,74.5,28.0,6072,398
PT_014,2025-01-02,1,78.9,13.3,5917,375
PT_014,2025-01-03,2,77.7,14.9,4899,412
PT_014,2025-01-04,3,81.3,13.9,5259,365
PT_014,2025-01-05,4,84.3,17.4,4745,450
PT_014,2025-01-06,5,82.4,13.6,3981,391
PT_014,2025-01-07,6,86.9,13.9,3858,365
PT_014,2025-01-08,7,84.8,8.0,3449,416
PT_014,2025-01-09,8,86.1,13.9,4396,426
PT_014,2025-01-10,9,86.2,11.3,4091,418
PT_014,2025-01-11,10,87.3,19.2,4908,410
PT_014,2025-01-12,11,86.4,10.6,4337,415
PT_014,2025-01-13,12,86.4,18.2,4205,439
PT_014,2025-01-14,13,85.4,11.7,4923,331
PT_014,2025-01-15,14,84.9,14.4,4416,356
PT_014,2025-01-16,15,82.5,16.1,4548,358
PT_014,2025-01-17,16,79.4,14.8,5028,451
PT_014,2025-01-18,17,82.1,15.5,5136,411
PT_014,2025-01-19,18,81.9,16.7,5311,337
PT_014,2025-01-20,19,82.1,15.6,4334,351
PT_014,2025-01-21,20,77.9,23.9,5180,357
PT_014,2025-01-22,21,73.0,31.8,6162,373
PT_014,2025-01-23,22,73.3,18.9,6773,330
PT_014,2025-01-24,23,73.6,24.0,6432,376
PT_014,2025-01-25,24,80.4,25.1,6321,374
PT_014,2025-01-26,25,77.9,23.2,6139,394
PT_014,2025-01-27,26,73.8,25.3,6667,483
PT_014,2025-01-28,27,79.4,23.0,5416,310
PT_014,2025-01-29,28,77.2,21.0,5196,361
PT_014,2025-01-30,29,75.1,23.5,4979,387
PT_014,2025-01-31,30,78.4,19.6,5778,391
PT_014,2025-02-01,31,77.1,18.9,5728,349
PT_014,2025-02-02,32,80.0,12.0,5054,466
PT_014,2025-02-03,33,78.1,23.8,5797,421
PT_014,2025-02-04,34,76.3,24.1,5617,413
PT_014,2025-02-05,35,72.3,24.8,6067,390
PT_014,2025-02-06,36,76.7,19.7,4965,301
PT_014,2025-02-07,37,83.8,15.5,4583,341
PT_014,2025-02-08,38,83.1,16.6,4415,426
PT_014,2025-02-09,39,82.0,14.1,4625,373
PT_014,2025-02-10,40,85.2,14.4,4774,409
PT_014,2025-02-11,41,81.7,15.5,4310,395
PT_014,2025-02-12,42,83.5,13.1,4399,401
PT_014,2025-02-13,43,85.6,13.4,4112,367
PT_014,2025-02-14,44,84.9,10.9,3818,406
PT_014,2025-02-15,45,85.4,16.5,4251,412
PT_014,2025-02-16,46,88.1,14.9,4045,356
PT_014,2025-02-17,47,81.5,8.0,4425,379
PT_014,2025-02-18,48,81.3,16.9,4745,394
PT_014,2025-02-19,49,82.6,15.2,4481,384
PT_014,2025-02-20,50,81.2,17.5,5012,370
PT_014,2025-02-21,51,81.8,13.1,5453,358
PT_014,2025-02-22,52,77.2,13.4,4625,437
PT_014,2025-02-23,53,81.5,25.0,5507,380
PT_014,2025-02-24,54,83.1,14.0,5735,344
PT_014,2025-02-25,55,75.3,27.9,5936,334
PT_014,2025-02-26,56,77.8,21.0,6169,388
PT_014,2025-02-27,57,68.2,23.7,6544,376
PT_014,2025-02-28,58,70.3,24.8,6129,384
PT_014,2025-03-01,59,75.8,30.2,6413,327
PT_014,2025-03-02,60,79.0,22.3,6777,411
PT_014,2025-03-03,61,74.0,26.6,6150,383
PT_014,2025-03-04,62,79.2,23.8,5657,368
PT_014,2025-03-05,63,75.5,24.5,6305,397
PT_014,2025-03-06,64,72.3,25.8,6800,341
PT_014,2025-03-07,65,72.7,24.9,5534,397
PT_014,2025-03-08,66,74.5,20.5,6664,380
PT_014,2025-03-09,67,73.3,23.1,5514,385
PT_014,2025-03-10,68,77.5,25.0,6704,429
PT_014,2025-03-11,69,77.2,19.7,5615,357
PT_014,2025-03-12,70,79.4,20.6,6721,382
PT_014,2025-03-13,71,79.6,15.5,5104,365
PT_014,2025-03-14,72,74.8,20.1,5674,364
PT_014,2025-03-15,73,82.9,15.6,5001,351
PT_014,2025-03-16,74,77.3,17.0,5101,385
PT_014,2025-03-17,75,76.7,23.6,4586,375
PT_014,2025-03-18,76,80.9,15.6,4553,394
PT_014,2025-03-19,77,79.9,18.5,5631,357
PT_014,2025-03-20,78,84.3,19.7,6107,445
PT_014,2025-03-21,79,77.5,19.8,4630,411
PT_014,2025-03-22,80,80.8,20.2,5649,413
PT_014,2025-03-23,81,79.2,14.8,4716,379
PT_014,2025-03-24,82,77.6,22.7,5642,371
PT_014,2025-03-25,83,80.4,20.9,5848,382
PT_014,2025-03-26,84,77.3,22.1,5656,397
PT_014,2025-03-27,85,79.9,19.9,6095,367
PT_014,2025-03-28,86,84.9,23.6,5580,393
PT_014,2025-03-29,87,81.0,29.9,5196,389
PT_014,2025-03-30,88,76.9,22.3,5628,409
PT_014,2025-03-31,89,71.8,24.5,6182,397
PT_015,2025-01-01,0,61.8,50.5,7687,487
PT_015,2025-01-02,1,66.5,55.1,6932,435
PT_015,2025-01-03,2,69.3,53.0,6873,413
PT_015,2025-01-04,3,66.6,50.4,5900,456
PT_015,2025-01-05,4,66.6,45.0,6179,451
PT_015,2025-01-06,5,74.6,42.5,6372,465
PT_015,2025-01-07,6,71.2,47.1,6246,455
PT_015,2025-01-08,7,66.9,44.1,6188,403
PT_015,2025-01-09,8,68.4,43.1,5294,545
PT_015,2025-01-10,9,72.5,44.2,5243,442
PT_015,2025-01-11,10,71.1,40.0,5467,429
PT_015,2025-01-12,11,69.0,46.8,5674,487
PT_015,2025-01-13,12,76.8,41.8,7265,499
PT_015,2025-01-14,13,72.8,45.0,6007,432
PT_015,2025-01-15,14,72.4,44.3,5436,512
PT_015,2025-01-16,15,72.5,48.5,6435,502
PT_015,2025-01-17,16,74.8,46.9,6218,412
PT_015,2025-01-18,17,69.1,53.7,6225,464
PT_015,2025-01-19,18,71.0,52.6,6284,478
PT_015,2025-01-20,19,69.0,48.0,6300,469
PT_015,2025-01-21,20,74.1,38.6,6160,481
PT_015,2025-01-22,21,70.4,45.9,5785,508
PT_015,2025-01-23,22,71.1,51.2,6238,482
PT_015,2025-01-24,23,70.1,44.3,5916,473
PT_015,2025-01-25,24,71.2,48.1,6268,470
PT_015,2025-01-26,25,72.6,50.3,6014,452
PT_015,2025-01-27,26,73.8,50.8,5453,442
PT_015,2025-01-28,27,62.5,53.0,7745,476
PT_015,2025-01-29,28,67.0,47.6,7465,452
PT_015,2025-01-30,29,73.0,45.0,5650,448
PT_015,2025-01-31,30,78.5,44.1,5126,520
PT_015,2025-02-01,31,77.7,39.5,4423,478
PT_015,2025-02-02,32,77.0,34.6,4985,452
PT_015,2025-02-03,33,83.5,31.4,4107,562
PT_015,2025-02-04,34,81.8,32.0,4571,460
PT_015,2025-02-05,35,77.1,32.8,4453,496
PT_015,2025-02-06,36,81.7,34.1,4408,468
PT_015,2025-02-07,37,81.5,36.4,4229,477
PT_015,2025-02-08,38,80.2,34.6,3995,531
PT_015,2025-02-09,39,79.9,34.4,3576,540
PT_015,2025-02-10,40,82.3,39.7,4296,475
PT_015,2025-02-11,41,78.4,43.3,4911,539
PT_015,2025-02-12,42,75.9,31.8,4708,472
PT_015,2025-02-13,43,74.8,43.1,4926,555
PT_015,2025-02-14,44,73.8,41.5,4948,498
PT_015,2025-02-15,45,72.8,43.3,5748,391
PT_015,2025-02-16,46,76.9,40.9,5315,494
PT_015,2025-02-17,47,72.5,47.1,4725,467
PT_015,2025-02-18,48,63.5,52.5,7398,449
PT_015,2025-02-19,49,68.1,52.7,6347,490
PT_015,2025-02-20,50,64.6,55.9,7518,433
PT_015,2025-02-21,51,67.5,56.8,7756,428
PT_015,2025-02-22,52,64.5,55.2,7385,540
PT_015,2025-02-23,53,65.4,50.8,7212,562
PT_015,2025-02-24,54,68.2,55.1,6908,513
PT_015,2025-02-25,55,64.2,54.1,6491,460
PT_015,2025-02-26,56,64.1,52.2,7083,436
PT_015,2025-02-27,57,68.1,58.5,7141,465
PT_015,2025-02-28,58,63.6,58.4,7543,507
PT_015,2025-03-01,59,66.5,56.1,7325,484
PT_015,2025-03-02,60,68.6,55.4,7195,464
PT_015,2025-03-03,61,69.9,50.9,6124,474
PT_015,2025-03-04,62,69.8,49.6,5667,430
PT_015,2025-03-05,63,75.0,42.7,5019,498
PT_015,2025-03-06,64,77.9,44.6,5855,458
PT_015,2025-03-07,65,80.8,41.4,5571,430
PT_015,2025-03-08,66,82.0,37.3,4942,454
PT_015,2025-03-09,67,78.5,37.7,4967,517
PT_015,2025-03-10,68,77.9,32.9,4703,497
PT_015,2025-03-11,69,81.9,38.3,5860,444
PT_015,2025-03-12,70,73.7,37.2,6081,420
PT_015,2025-03-13,71,76.9,36.7,4761,495
PT_015,2025-03-14,72,78.5,35.5,4835,455
PT_015,2025-03-15,73,79.8,35.7,5124,482
PT_015,2025-03-16,74,72.8,32.7,5040,470
PT_015,2025-03-17,75,74.0,49.8,5743,504
PT_015,2025-03-18,76,75.5,47.5,4858,432
PT_015,2025-03-19,77,71.6,41.4,5560,494
PT_015,2025-03-20,78,75.3,44.2,5471,482
PT_015,2025-03-21,79,70.6,40.5,5012,489
PT_015,2025-03-22,80,71.9,44.7,5629,470
PT_015,2025-03-23,81,66.1,59.2,7006,462
PT_015,2025-03-24,82,65.1,53.0,7028,427
PT_015,2025-03-25,83,68.8,50.1,6507,416
PT_015,2025-03-26,84,72.2,47.6,5729,438
PT_015,2025-03-27,85,71.5,48.1,5989,529
PT_015,2025-03-28,86,78.5,41.1,5550,519
PT_015,2025-03-29,87,74.8,44.7,5841,441
PT_015,2025-03-30,88,77.6,43.1,5803,431
PT_015,2025-03-31,89,75.7,41.6,5306,477
PT_016,2025-01-01,0,62.3,42.4,5485,483
PT_016,2025-01-02,1,67.6,38.3,4712,429
PT_016,2025-01-03,2,69.4,37.0,3788,481
PT_016,2025-01-04,3,77.8,29.9,3011,478
PT_016,2025-01-05,4,74.6,35.6,3542,428
PT_016,2025-01-06,5,76.3,35.3,2312,452
PT_016,2025-01-07,6,77.1,31.5,3158,486
PT_016,2025-01-08,7,78.3,32.5,2985,485
PT_016,2025-01-09,8,81.4,22.3,3057,507
PT_016,2025-01-10,9,81.2,28.1,2429,478
PT_016,2025-01-11,10,78.0,32.7,3099,463
PT_016,2025-01-12,11,75.8,28.8,2169,482
PT_016,2025-01-13,12,77.0,29.1,2594,464
PT_016,2025-01-14,13,84.7,33.3,2895,437
PT_016,2025-01-15,14,76.6,28.0,1817,435
PT_016,2025-01-16,15,79.7,36.1,3255,469
PT_016,2025-01-17,16,75.3,35.3,3946,511
PT_016,2025-01-18,17,75.0,38.8,3822,523
PT_016,2025-01-19,18,75.3,40.3,3064,509
PT_016,2025-01-20,19,75.8,38.6,4012,447
PT_016,2025-01-21,20,75.6,40.5,3209,423
PT_016,2025-01-22,21,65.8,50.4,5228,449
PT_016,2025-01-23,22,64.3,48.0,4904,503
PT_016,2025-01-24,23,63.2,44.8,4820,418
PT_016,2025-01-25,24,63.1,41.6,4382,503
PT_016,2025-01-26,25,65.3,48.0,5364,465
PT_016,2025-01-27,26,64.7,39.3,4406,454
PT_016,2025-01-28,27,74.7,35.2,4101,521
PT_016,2025-01-29,28,79.5,32.5,4149,477
PT_016,2025-01-30,29,76.2,35.9,3699,553
PT_016,2025-01-31,30,74.7,33.8,2627,514
PT_016,2025-02-01,31,80.7,36.4,2476,533
PT_016,2025-02-02,32,77.7,32.0,3151,454
PT_016,2025-02-03,33,74.3,35.2,3104,505
PT_016,2025-02-04,34,77.7,34.1,2604,436
PT_016,2025-02-05,35,77.7,37.4,3304,462
PT_016,2025-02-06,36,73.1,28.3,3528,516
PT_016,2025-02-07,37,79.6,31.5,3930,511
PT_016,2025-02-08,38,70.3,34.8,2715,483
PT_016,2025-02-09,39,73.8,33.5,3470,481
PT_016,2025-02-10,40,74.0,38.5,3569,574
PT_016,2025-02-11,41,75.3,32.1,4401,470
PT_016,2025-02-12,42,75.8,31.1,3519,515
PT_016,2025-02-13,43,65.8,30.8,3224,476
PT_016,2025-02-14,44,72.4,35.9,3625,441
PT_016,2025-02-15,45,70.1,37.1,4261,544
PT_016,2025-02-16,46,69.6,43.0,4528,485
PT_016,2025-02-17,47,65.3,47.5,5873,541
PT_016,2025-02-18,48,66.6,45.0,5881,517
PT_016,2025-02-19,49,70.5,42.0,4750,537
PT_016,2025-02-20,50,72.2,38.5,3655,442
PT_016,2025-02-21,51,72.1,36.0,3798,564
PT_016,2025-02-22,52,77.1,34.5,3714,484
PT_016,2025-02-23,53,78.7,30.0,2967,521
PT_016,2025-02-24,54,80.5,27.8,2214,493
PT_016,2025-02-25,55,84.8,28.5,3055,452
PT_016,2025-02-26,56,80.8,23.4,2906,450
PT_016,2025-02-27,57,81.9,29.6,3412,532
PT_016,2025-02-28,58,77.3,24.0,2340,474
PT_016,2025-03-01,59,81.7,32.6,2962,481
PT_016,2025-03-02,60,78.6,33.2,3327,496
PT_016,2025-03-03,61,79.0,31.8,2818,499
PT_016,2025-03-04,62,78.8,27.8,2625,497
PT_016,2025-03-05,63,75.4,31.4,2654,555
PT_016,2025-03-06,64,78.4,34.3,3266,442
PT_016,2025-03-07,65,77.0,35.3,3919,513
PT_016,2025-03-08,66,77.8,33.0,3428,480
PT_016,2025-03-09,67,72.6,28.9,3073,518
PT_016,2025-03-10,68,77.1,39.5,3763,519
PT_016,2025-03-11,69,64.5,46.7,4542,498
PT_016,2025-03-12,70,69.8,42.3,3974,491
PT_016,2025-03-13,71,71.6,40.5,4551,459
PT_016,2025-03-14,72,72.4,38.7,3752,436
PT_016,2025-03-15,73,76.0,35.7,3584,375
PT_016,2025-03-16,74,76.9,36.9,3654,452
PT_016,2025-03-17,75,77.2,33.1,3653,446
PT_016,2025-03-18,76,78.4,31.1,3976,482
PT_016,2025-03-19,77,77.1,32.8,3072,486
PT_016,2025-03-20,78,78.3,30.7,3132,505
PT_016,2025-03-21,79,79.0,32.3,3916,505
PT_016,2025-03-22,80,78.6,34.9,2603,503
PT_016,2025-03-23,81,75.5,32.2,3745,498
PT_016,2025-03-24,82,74.8,31.8,3647,409
PT_016,2025-03-25,83,74.5,36.4,3642,511
PT_016,2025-03-26,84,76.4,34.4,3746,484
PT_016,2025-03-27,85,72.8,36.2,3411,446
PT_016,2025-03-28,86,75.7,35.0,4058,516
PT_016,2025-03-29,87,71.5,36.8,4422,488
PT_016,2025-03-30,88,70.8,39.2,4907,541
PT_016,2025-03-31,89,69.7,38.0,3802,475
PT_017,2025-01-01,0,64.6,42.8,4982,380
PT_017,2025-01-02,1,66.4,44.1,4286,501
PT_017,2025-01-03,2,62.8,40.3,5324,426
PT_017,2025-01-04,3,69.7,43.4,5243,489
PT_017,2025-01-05,4,73.8,45.1,4435,449
PT_017,2025-01-06,5,64.1,41.9,3972,504
PT_017,2025-01-07,6,74.1,40.7,5300,441
PT_017,2025-01-08,7,69.7,44.8,4221,383
PT_017,2025-01-09,8,71.3,44.9,4605,481
PT_017,2025-01-10,9,67.9,45.8,3939,413
PT_017,2025-01-11,10,67.1,41.9,3905,390
PT_017,2025-01-12,11,72.7,35.8,4317,401
PT_017,2025-01-13,12,71.2,39.2,4121,365
PT_017,2025-01-14,13,65.2,44.8,3996,427
PT_017,2025-01-15,14,79.9,30.6,2694,456
PT_017,2025-01-16,15,74.6,33.2,3042,467
PT_017,2025-01-17,16,77.8,27.1,2333,399
PT_017,2025-01-18,17,79.4,37.1,2998,435
PT_017,2025-01-19,18,77.6,27.9,3472,390
PT_017,2025-01-20,19,77.8,30.2,2729,444
PT_017,2025-01-21,20,74.6,31.6,2991,373
PT_017,2025-01-22,21,66.7,40.9,4187,420
PT_017,2025-01-23,22,67.5,41.9,4121,481
PT_017,2025-01-24,23,67.6,39.6,4629,474
PT_017,2025-01-25,24,67.3,44.3,5098,351
PT_017,2025-01-26,25,67.1,44.3,4414,414
PT_017,2025-01-27,26,73.2,42.3,4560,433
PT_017,2025-01-28,27,66.3,43.4,4507,452
PT_017,2025-01-29,28,68.8,51.8,5797,432
PT_017,2025-01-30,29,66.4,45.4,5367,400
PT_017,2025-01-31,30,67.2,44.5,5259,446
PT_017,2025-02-01,31,67.5,41.9,5071,448
PT_017,2025-02-02,32,73.3,38.4,4122,451
PT_017,2025-02-03,33,70.9,42.8,4667,412
PT_017,2025-02-04,34,72.9,39.5,4222,466
PT_017,2025-02-05,35,73.5,35.3,3268,361
PT_017,2025-02-06,36,71.5,31.9,3668,511
PT_017,2025-02-07,37,73.1,32.3,3039,467
PT_017,2025-02-08,38,74.8,37.2,3986,397
PT_017,2025-02-09,39,73.0,35.4,3110,390
PT_017,2025-02-10,40,71.6,39.8,3124,492
PT_017,2025-02-11,41,72.3,27.1,2869,470
PT_017,2025-02-12,42,69.6,45.5,5151,422
PT_017,2025-02-13,43,69.5,41.1,3393,416
PT_017,2025-02-14,44,66.4,38.9,4845,451
PT_017,2025-02-15,45,67.6,38.7,4475,557
PT_017,2025-02-16,46,66.4,43.5,5285,506
PT_017,2025-02-17,47,70.5,46.7,4433,419
PT_017,2025-02-18,48,67.9,42.7,5041,468
PT_017,2025-02-19,49,65.3,48.6,5029,452
PT_017,2025-02-20,50,62.7,48.8,5910,422
PT_017,2025-02-21,51,61.8,48.5,5817,410
PT_017,2025-02-22,52,65.0,43.9,5184,464
PT_017,2025-02-23,53,63.7,47.5,5223,521
PT_017,2025-02-24,54,63.3,44.2,4954,509
PT_017,2025-02-25,55,60.8,47.1,5290,475
PT_017,2025-02-26,56,62.7,45.4,4919,478
PT_017,2025-02-27,57,61.5,50.4,5987,482
PT_017,2025-02-28,58,62.2,45.4,5869,429
PT_017,2025-03-01,59,62.0,52.0,4969,447
PT_017,2025-03-02,60,61.5,45.3,5447,413
PT_017,2025-03-03,61,65.9,52.5,4971,518
PT_017,2025-03-04,62,62.0,45.0,5158,463
PT_017,2025-03-05,63,62.4,46.3,5001,409
PT_017,2025-03-06,64,63.9,47.9,4789,466
PT_017,2025-03-07,65,64.0,43.8,4705,490
PT_017,2025-03-08,66,66.0,44.1,4173,428
PT_017,2025-03-09,67,68.3,44.8,4962,367
PT_017,2025-03-10,68,63.8,52.3,5738,459
PT_017,2025-03-11,69,64.6,44.6,4675,353
PT_017,2025-03-12,70,63.9,42.6,3675,432
PT_017,2025-03-13,71,65.2,45.6,4272,452
PT_017,2025-03-14,72,69.2,42.2,4967,462
PT_017,2025-03-15,73,66.5,45.1,4676,469
PT_017,2025-03-16,74,63.0,52.4,5207,449
PT_017,2025-03-17,75,69.1,41.3,3897,510
PT_017,2025-03-18,76,72.6,39.2,4185,500
PT_017,2025-03-19,77,71.3,38.6,5059,397
PT_017,2025-03-20,78,66.0,37.5,4804,377
PT_017,2025-03-21,79,73.7,39.8,3895,453
PT_017,2025-03-22,80,64.0,38.6,4964,449
PT_017,2025-03-23,81,68.8,41.3,4048,446
PT_017,2025-03-24,82,60.4,48.3,5885,433
PT_017,2025-03-25,83,67.6,44.4,5596,483
PT_017,2025-03-26,84,67.7,41.9,4899,493
PT_017,2025-03-27,85,69.8,38.6,5179,506
PT_017,2025-03-28,86,71.0,39.9,3633,453
PT_017,2025-03-29,87,69.5,42.8,4119,426
PT_017,2025-03-30,88,72.3,40.3,4706,433
PT_017,2025-03-31,89,71.4,35.5,4308,508
PT_018,2025-01-01,0,71.5,46.3,5511,413
PT_018,2025-01-02,1,76.9,50.8,5935,435
PT_018,2025-01-03,2,81.9,41.5,4708,421
PT_018,2025-01-04,3,76.7,45.3,5360,415
PT_018,2025-01-05,4,74.8,42.3,4986,401
PT_018,2025-01-06,5,81.2,38.5,4145,382
PT_018,2025-01-07,6,84.4,37.3,4733,446
PT_018,2025-01-08,7,79.0,42.0,4625,397
PT_018,2025-01-09,8,77.8,44.4,5720,418
PT_018,2025-01-10,9,83.6,38.2,5432,428
PT_018,2025-01-11,10,80.4,38.7,5855,392
PT_018,2025-01-12,11,79.0,46.4,4906,437
PT_018,2025-01-13,12,81.4,38.9,4675,423
PT_018,2025-01-14,13,81.1,35.0,4974,412
PT_018,2025-01-15,14,86.6,31.6,3965,408
PT_018,2025-01-16,15,81.5,35.2,3936,473
PT_018,2025-01-17,16,87.0,39.8,4824,364
PT_018,2025-01-18,17,88.2,32.0,4014,416
PT_018,2025-01-19,18,83.2,34.0,4687,442
PT_018,2025-01-20,19,84.1,34.9,4668,416
PT_018,2025-01-21,20,85.0,31.5,3855,407
PT_018,2025-01-22,21,76.3,48.1,5415,426
PT_018,2025-01-23,22,76.6,48.2,6067,396
PT_018,2025-01-24,23,76.9,45.7,5857,402
PT_018,2025-01-25,24,77.6,45.1,5368,367
PT_018,2025-01-26,25,79.7,43.6,5969,404
PT_018,2025-01-27,26,81.2,44.5,5498,439
PT_018,2025-01-28,27,73.0,44.9,5472,412
PT_018,2025-01-29,28,77.1,48.8,5778,423
PT_018,2025-01-30,29,75.3,44.1,4854,405
PT_018,2025-01-31,30,78.4,38.9,5593,423
PT_018,2025-02-01,31,81.8,43.3,5232,397
PT_018,2025-02-02,32,82.5,39.1,5097,353
PT_018,2025-02-03,33,82.7,37.4,4536,392
PT_018,2025-02-04,34,78.4,39.1,4787,424
PT_018,2025-02-05,35,83.0,36.1,5069,439
PT_018,2025-02-06,36,86.0,42.7,5806,409
PT_018,2025-02-07,37,83.8,40.5,4012,406
PT_018,2025-02-08,38,80.9,37.8,4815,406
PT_018,2025-02-09,39,83.8,37.9,4662,382
PT_018,2025-02-10,40,86.5,40.2,4690,321
PT_018,2025-02-11,41,77.4,43.6,5019,365
PT_018,2025-02-12,42,80.7,39.6,4831,429
PT_018,2025-02-13,43,79.3,36.3,4963,422
PT_018,2025-02-14,44,79.0,34.7,4490,368
PT_018,2025-02-15,45,81.2,38.9,5034,401
PT_018,2025-02-16,46,80.0,39.9,5378,387
PT_018,2025-02-17,47,82.0,40.7,4619,397
PT_018,2025-02-18,48,82.8,41.8,4937,408
PT_018,2025-02-19,49,70.9,48.2,5720,443
PT_018,2025-02-20,50,76.2,45.4,6485,400
PT_018,2025-02-21,51,76.7,49.6,5582,422
PT_018,2025-02-22,52,74.5,51.7,6367,422
PT_018,2025-02-23,53,77.6,46.3,5744,392
PT_018,2025-02-24,54,74.7,51.3,6277,435
PT_018,2025-02-25,55,74.5,44.2,6321,374
PT_018,2025-02-26,56,78.6,48.5,6685,400
PT_018,2025-02-27,57,71.0,46.4,6342,394
PT_018,2025-02-28,58,79.4,47.1,6646,427
PT_018,2025-03-01,59,74.0,46.1,6522,394
PT_018,2025-03-02,60,75.2,43.6,6201,429
PT_018,2025-03-03,61,74.8,47.0,5570,405
PT_018,2025-03-04,62,79.8,40.0,5689,399
PT_018,2025-03-05,63,77.5,42.5,5095,439
PT_018,2025-03-06,64,77.2,40.2,5232,402
PT_018,2025-03-07,65,77.7,34.3,4794,400
PT_018,2025-03-08,66,83.8,42.4,5463,364
PT_018,2025-03-09,67,79.9,40.0,5516,439
PT_018,2025-03-10,68,84.8,40.6,4641,408
PT_018,2025-03-11,69,84.5,44.4,5440,331
PT_018,2025-03-12,70,77.0,38.3,4947,368
PT_018,2025-03-13,71,77.9,38.7,5227,430
PT_018,2025-03-14,72,80.7,37.8,4575,402
PT_018,2025-03-15,73,84.0,37.7,5810,430
PT_018,2025-03-16,74,80.8,44.5,4719,432
PT_018,2025-03-17,75,80.5,39.5,5570,374
PT_018,2025-03-18,76,83.5,37.8,5498,424
PT_018,2025-03-19,77,83.3,39.5,4651,403
PT_018,2025-03-20,78,84.2,36.7,4934,419
PT_018,2025-03-21,79,78.0,37.0,5172,399
PT_018,2025-03-22,80,87.5,33.6,5023,368
PT_018,2025-03-23,81,82.6,37.1,4689,395
PT_018,2025-03-24,82,76.0,45.0,5567,378
PT_018,2025-03-25,83,77.5,44.8,4792,360
PT_018,2025-03-26,84,76.9,43.4,4792,405
PT_018,2025-03-27,85,81.7,43.0,5177,443
PT_018,2025-03-28,86,81.2,39.7,4691,434
PT_018,2025-03-29,87,85.2,39.1,4495,350
PT_018,2025-03-30,88,83.0,36.4,3824,411
PT_018,2025-03-31,89,82.2,36.2,5568,363
PT_019,2025-01-01,0,78.9,48.9,6105,531
PT_019,2025-01-02,1,81.5,45.7,5344,563
PT_019,2025-01-03,2,91.9,40.6,4388,501
PT_019,2025-01-04,3,89.1,37.3,3583,457
PT_019,2025-01-05,4,90.0,29.5,3483,472
PT_019,2025-01-06,5,94.8,32.4,3391,516
PT_019,2025-01-07,6,95.4,33.5,3750,478
PT_019,2025-01-08,7,89.4,35.6,3153,574
PT_019,2025-01-09,8,92.0,33.7,2884,523
PT_019,2025-01-10,9,95.2,31.4,3766,490
PT_019,2025-01-11,10,90.8,34.9,3960,517
PT_019,2025-01-12,11,89.7,34.0,3411,476
PT_019,2025-01-13,12,94.1,28.3,3605,493
PT_019,2025-01-14,13,88.8,27.7,3088,497
PT_019,2025-01-15,14,87.9,33.1,2467,524
PT_019,2025-01-16,15,91.0,37.2,3616,480
PT_019,2025-01-17,16,91.3,37.6,3706,518
PT_019,2025-01-18,17,85.2,38.0,3320,508
PT_019,2025-01-19,18,90.2,39.3,3714,538
PT_019,2025-01-20,19,88.5,39.4,3994,529
PT_019,2025-01-21,20,81.1,34.3,4009,526
PT_019,2025-01-22,21,76.1,51.9,5955,516
PT_019,2025-01-23,22,74.5,51.9,6548,520
PT_019,2025-01-24,23,78.5,53.4,6328,541
PT_019,2025-01-25,24,79.0,50.4,6516,600
PT_019,2025-01-26,25,77.4,57.4,5807,513
PT_019,2025-01-27,26,79.4,54.4,6172,550
PT_019,2025-01-28,27,75.0,50.7,6602,554
PT_019,2025-01-29,28,76.2,56.3,6214,476
PT_019,2025-01-30,29,79.6,55.3,6398,513
PT_019,2025-01-31,30,74.8,51.8,6076,453
PT_019,2025-02-01,31,80.8,48.6,6060,482
PT_019,2025-02-02,32,87.0,45.3,4954,526
PT_019,2025-02-03,33,80.8,40.6,4716,503
PT_019,2025-02-04,34,89.9,35.7,4288,549
PT_019,2025-02-05,35,89.3,41.3,4386,513
PT_019,2025-02-06,36,93.8,36.7,4320,485
PT_019,2025-02-07,37,92.0,35.4,3842,531
PT_019,2025-02-08,38,87.1,40.2,4523,487
PT_019,2025-02-09,39,96.9,37.2,3498,475
PT_019,2025-02-10,40,89.4,43.5,4410,475
PT_019,2025-02-11,41,84.1,38.1,4359,510
PT_019,2025-02-12,42,88.0,35.4,4631,509
PT_019,2025-02-13,43,93.7,43.3,4434,436
PT_019,2025-02-14,44,86.6,41.5,4058,505
PT_019,2025-02-15,45,87.2,44.0,4315,577
PT_019,2025-02-16,46,82.7,38.8,5121,500
PT_019,2025-02-17,47,89.8,41.8,5060,530
PT_019,2025-02-18,48,84.0,40.2,4769,507
PT_019,2025-02-19,49,82.9,43.7,5978,552
PT_019,2025-02-20,50,83.8,44.1,5113,507
PT_019,2025-02-21,51,77.6,55.2,7393,474
PT_019,2025-02-22,52,80.0,58.2,5394,525
PT_019,2025-02-23,53,79.8,53.7,5076,501
PT_019,2025-02-24,54,78.5,53.0,6573,514
PT_019,2025-02-25,55,75.5,51.5,6735,531
PT_019,2025-02-26,56,82.3,52.7,6183,499
PT_019,2025-02-27,57,76.1,49.6,5971,522
PT_019,2025-02-28,58,73.4,49.5,6155,453
PT_019,2025-03-01,59,72.6,48.7,6463,490
PT_019,2025-03-02,60,74.8,55.6,7252,545
PT_019,2025-03-03,61,72.3,55.7,6039,524
PT_019,2025-03-04,62,79.6,53.0,6352,506
PT_019,2025-03-05,63,77.7,56.4,5824,496
PT_019,2025-03-06,64,71.9,53.9,5582,543
PT_019,2025-03-07,65,75.1,48.6,6247,488
PT_019,2025-03-08,66,81.7,46.5,6044,514
PT_019,2025-03-09,67,78.6,42.2,5562,532
PT_019,2025-03-10,68,87.1,45.1,4823,441
PT_019,2025-03-11,69,80.7,45.4,4941,560
PT_019,2025-03-12,70,83.8,40.0,5675,566
PT_019,2025-03-13,71,90.1,43.6,5109,507
PT_019,2025-03-14,72,84.2,41.1,4376,581
PT_019,2025-03-15,73,86.7,42.4,4273,477
PT_019,2025-03-16,74,87.3,42.4,4622,479
PT_019,2025-03-17,75,86.1,43.5,4912,513
PT_019,2025-03-18,76,84.0,39.1,4595,509
PT_019,2025-03-19,77,85.9,41.3,4653,467
PT_019,2025-03-20,78,84.4,45.2,4658,495
PT_019,2025-03-21,79,87.5,38.6,4462,507
PT_019,2025-03-22,80,82.3,45.3,5884,498
PT_019,2025-03-23,81,86.8,48.0,5108,498
PT_019,2025-03-24,82,81.4,43.7,5086,539
PT_019,2025-03-25,83,83.6,47.5,5183,491
PT_019,2025-03-26,84,84.4,43.9,5934,547
PT_019,2025-03-27,85,79.4,44.4,5574,517
PT_019,2025-03-28,86,75.3,53.2,7188,519
PT_019,2025-03-29,87,81.6,45.7,6503,523
PT_019,2025-03-30,88,84.4,44.1,4852,547
PT_019,2025-03-31,89,82.7,35.9,4748,480
PT_020,2025-01-01,0,70.3,45.8,5886,421
PT_020,2025-01-02,1,73.6,46.0,5594,469
PT_020,2025-01-03,2,78.7,44.5,4605,411
PT_020,2025-01-04,3,79.7,41.9,4850,480
PT_020,2025-01-05,4,82.0,41.9,4077,399
PT_020,2025-01-06,5,86.2,42.4,4260,399
PT_020,2025-01-07,6,84.5,44.0,4600,386
PT_020,2025-01-08,7,82.8,41.4,4396,403
PT_020,2025-01-09,8,78.3,38.6,4308,451
PT_020,2025-01-10,9,76.3,43.8,4293,373
PT_020,2025-01-11,10,80.3,41.9,4239,395
PT_020,2025-01-12,11,75.2,43.0,4448,460
PT_020,2025-01-13,12,77.4,36.1,3826,448
PT_020,2025-01-14,13,78.6,40.3,4219,420
PT_020,2025-01-15,14,87.1,32.5,2761,436
PT_020,2025-01-16,15,90.5,27.3,3565,453
PT_020,2025-01-17,16,85.0,31.5,2752,452
PT_020,2025-01-18,17,93.8,29.9,3222,407
PT_020,2025-01-19,18,90.5,30.4,3701,481
PT_020,2025-01-20,19,85.2,33.8,2506,451
PT_020,2025-01-21,20,90.2,34.8,3758,478
PT_020,2025-01-22,21,67.0,46.5,5841,408
PT_020,2025-01-23,22,69.4,49.6,5406,418
PT_020,2025-01-24,23,75.8,48.0,5311,426
PT_020,2025-01-25,24,75.2,47.5,5506,452
PT_020,2025-01-26,25,72.0,45.1,6155,411
PT_020,2025-01-27,26,76.4,48.0,5317,445
PT_020,2025-01-28,27,69.6,45.4,6587,448
PT_020,2025-01-29,28,74.7,47.3,5950,410
PT_020,2025-01-30,29,74.9,50.1,4969,380
PT_020,2025-01-31,30,73.5,45.8,5216,434
PT_020,2025-02-01,31,81.6,46.8,5076,477
PT_020,2025-02-02,32,79.3,46.0,5746,494
PT_020,2025-02-03,33,73.6,42.4,5305,429
PT_020,2025-02-04,34,77.8,48.1,5906,427
PT_020,2025-02-05,35,74.6,47.6,4998,385
PT_020,2025-02-06,36,79.3,44.8,5931,424
PT_020,2025-02-07,37,78.7,49.0,4632,444
PT_020,2025-02-08,38,76.8,47.0,4647,418
PT_020,2025-02-09,39,76.2,49.6,5463,415
PT_020,2025-02-10,40,76.6,48.6,5021,392
PT_020,2025-02-11,41,72.3,46.9,5001,422
PT_020,2025-02-12,42,72.2,44.3,5619,448
PT_020,2025-02-13,43,74.4,46.2,5928,403
PT_020,2025-02-14,44,71.5,50.5,5196,402
PT_020,2025-02-15,45,75.6,43.3,5112,410
PT_020,2025-02-16,46,82.0,42.0,5348,365
PT_020,2025-02-17,47,77.9,47.7,5269,394
PT_020,2025-02-18,48,74.3,47.7,5283,454
PT_020,2025-02-19,49,75.9,52.6,5843,370
PT_020,2025-02-20,50,72.8,48.5,5711,396
PT_020,2025-02-21,51,74.6,47.4,6152,427
PT_020,2025-02-22,52,67.1,43.8,5743,356
PT_020,2025-02-23,53,73.2,47.1,5751,394
PT_020,2025-02-24,54,75.8,48.5,5666,397
PT_020,2025-02-25,55,76.7,45.5,5574,401
PT_020,2025-02-26,56,73.9,41.7,4494,440
PT_020,2025-02-27,57,71.3,45.1,5062,445
PT_020,2025-02-28,58,81.0,43.6,5086,416
PT_020,2025-03-01,59,79.1,42.9,5144,459
PT_020,2025-03-02,60,74.2,43.6,4957,452
PT_020,2025-03-03,61,72.4,45.2,4595,361
PT_020,2025-03-04,62,77.0,47.3,4272,459
PT_020,2025-03-05,63,73.3,40.5,4407,444
PT_020,2025-03-06,64,72.9,44.6,5274,377
PT_020,2025-03-07,65,79.5,45.8,5398,413
PT_020,2025-03-08,66,76.0,48.3,5464,495
PT_020,2025-03-09,67,77.1,47.9,4431,428
PT_020,2025-03-10,68,77.3,47.8,4735,399
PT_020,2025-03-11,69,76.0,51.2,5415,449
PT_020,2025-03-12,70,81.7,45.2,5678,461
PT_020,2025-03-13,71,75.8,44.0,4793,411
PT_020,2025-03-14,72,75.7,52.4,5359,413
PT_020,2025-03-15,73,75.7,49.2,5952,396
PT_020,2025-03-16,74,76.1,50.1,5549,428
PT_020,2025-03-17,75,73.0,44.6,5118,428
PT_020,2025-03-18,76,76.1,49.9,5064,509
PT_020,2025-03-19,77,73.0,41.2,4596,441
PT_020,2025-03-20,78,77.5,49.1,4263,422
PT_020,2025-03-21,79,73.9,42.8,5525,435
PT_020,2025-03-22,80,75.4,41.0,5597,463
PT_020,2025-03-23,81,77.9,44.0,4979,479
PT_020,2025-03-24,82,79.6,41.7,4468,406
PT_020,2025-03-25,83,79.1,45.5,5656,440
PT_020,2025-03-26,84,73.4,44.2,4257,513
PT_020,2025-03-27,85,78.8,41.9,5254,385
PT_020,2025-03-28,86,80.1,49.9,4400,473
PT_020,2025-03-29,87,75.5,46.0,4379,424
PT_020,2025-03-30,88,75.0,44.0,5967,413
PT_020,2025-03-31,89,72.1,52.1,5014,414
PT_021,2025-01-01,0,72.4,54.3,7164,465
PT_021,2025-01-02,1,69.5,44.3,6567,456
PT_021,2025-01-03,2,71.1,48.5,6646,413
PT_021,2025-01-04,3,75.4,40.5,6842,467
PT_021,2025-01-05,4,76.2,45.0,6019,448
PT_021,2025-01-06,5,72.4,43.8,6153,416
PT_021,2025-01-07,6,71.3,38.8,6311,376
PT_021,2025-01-08,7,77.5,42.9,5575,442
PT_021,2025-01-09,8,76.5,46.2,6303,445
PT_021,2025-01-10,9,74.0,41.9,6295,463
PT_021,2025-01-11,10,75.0,39.9,6634,501
PT_021,2025-01-12,11,74.9,43.3,6531,464
PT_021,2025-01-13,12,77.9,43.3,6457,389
PT_021,2025-01-14,13,76.2,44.2,5942,465
PT_021,2025-01-15,14,70.7,39.4,6646,379
PT_021,2025-01-16,15,70.5,43.6,6359,414
PT_021,2025-01-17,16,76.3,42.0,6287,449
PT_021,2025-01-18,17,76.2,46.5,7101,480
PT_021,2025-01-19,18,76.8,41.4,6478,437
PT_021,2025-01-20,19,74.3,38.2,6754,425
PT_021,2025-01-21,20,73.7,45.8,6815,413
PT_021,2025-01-22,21,70.6,49.1,7831,444
PT_021,2025-01-23,22,71.1,53.7,7309,433
PT_021,2025-01-24,23,64.3,45.7,7517,445
PT_021,2025-01-25,24,67.3,53.8,7400,426
PT_021,2025-01-26,25,67.0,51.7,7921,479
PT_021,2025-01-27,26,68.9,53.9,7848,505
PT_021,2025-01-28,27,64.4,48.0,7388,469
PT_021,2025-01-29,28,67.7,46.2,8205,494
PT_021,2025-01-30,29,69.0,48.1,8613,503
PT_021,2025-01-31,30,65.8,50.5,7560,437
PT_021,2025-02-01,31,65.4,50.4,7292,508
PT_021,2025-02-02,32,68.5,53.6,7277,472
PT_021,2025-02-03,33,70.9,44.9,6670,407
PT_021,2025-02-04,34,76.2,49.4,7224,424
PT_021,2025-02-05,35,79.5,38.1,5716,389
PT_021,2025-02-06,36,76.3,39.5,6440,486
PT_021,2025-02-07,37,75.8,36.1,6028,405
PT_021,2025-02-08,38,77.4,30.9,6473,474
PT_021,2025-02-09,39,77.8,38.1,5604,457
PT_021,2025-02-10,40,79.1,37.9,5838,432
PT_021,2025-02-11,41,76.9,37.8,5988,429
PT_021,2025-02-12,42,74.6,44.2,6453,372
PT_021,2025-02-13,43,72.6,41.7,6219,334
PT_021,2025-02-14,44,70.5,42.7,6485,488
PT_021,2025-02-15,45,74.5,44.0,6818,440
PT_021,2025-02-16,46,69.8,46.7,6415,384
PT_021,2025-02-17,47,72.2,49.5,6963,421
PT_021,2025-02-18,48,73.0,39.0,7501,379
PT_021,2025-02-19,49,71.7,44.7,6898,451
PT_021,2025-02-20,50,72.1,45.2,7820,486
PT_021,2025-02-21,51,69.0,45.5,6793,421
PT_021,2025-02-22,52,75.5,42.0,6521,353
PT_021,2025-02-23,53,65.6,50.2,7381,408
PT_021,2025-02-24,54,68.0,48.9,7673,369
PT_021,2025-02-25,55,65.6,46.9,6920,379
PT_021,2025-02-26,56,75.0,45.2,6733,413
PT_021,2025-02-27,57,75.8,39.5,6306,442
PT_021,2025-02-28,58,75.6,46.7,6429,411
PT_021,2025-03-01,59,77.3,41.3,6412,436
PT_021,2025-03-02,60,74.6,47.1,6256,406
PT_021,2025-03-03,61,72.4,43.7,6345,404
PT_021,2025-03-04,62,77.2,42.6,6470,470
PT_021,2025-03-05,63,66.4,51.2,7372,503
PT_021,2025-03-06,64,69.9,42.1,7117,485
PT_021,2025-03-07,65,72.9,48.4,6402,442
PT_021,2025-03-08,66,75.2,45.1,6321,425
PT_021,2025-03-09,67,79.3,42.3,5550,476
PT_021,2025-03-10,68,77.9,37.7,6163,461
PT_021,2025-03-11,69,80.0,40.5,6711,450
PT_021,2025-03-12,70,81.4,40.5,5025,424
PT_021,2025-03-13,71,79.6,34.3,6101,452
PT_021,2025-03-14,72,77.7,36.6,6539,383
PT_021,2025-03-15,73,73.1,40.9,6343,393
PT_021,2025-03-16,74,82.9,36.5,6150,464
PT_021,2025-03-17,75,77.1,40.1,6415,515
PT_021,2025-03-18,76,79.0,43.8,5853,425
PT_021,2025-03-19,77,78.8,39.5,5228,423
PT_021,2025-03-20,78,78.2,35.1,6422,444
PT_021,2025-03-21,79,82.5,37.0,5324,495
PT_021,2025-03-22,80,81.7,37.0,5799,432
PT_021,2025-03-23,81,79.2,37.0,5543,434
PT_021,2025-03-24,82,73.6,37.8,6532,473
PT_021,2025-03-25,83,74.3,38.9,6252,409
PT_021,2025-03-26,84,71.0,48.2,7681,520
PT_021,2025-03-27,85,75.9,47.1,7544,346
PT_021,2025-03-28,86,74.1,43.7,7525,497
PT_021,2025-03-29,87,74.5,41.8,6641,418
PT_021,2025-03-30,88,73.8,38.6,6326,465
PT_021,2025-03-31,89,76.6,43.1,6562,436
PT_022,2025-01-01,0,59.1,49.3,6029,400
PT_022,2025-01-02,1,56.8,42.1,4927,359
PT_022,2025-01-03,2,58.9,42.2,3773,395
PT_022,2025-01-04,3,63.9,37.6,4349,426
PT_022,2025-01-05,4,65.0,42.1,4774,497
PT_022,2025-01-06,5,68.3,33.3,4475,453
PT_022,2025-01-07,6,62.7,45.0,4689,371
PT_022,2025-01-08,7,63.3,36.0,3551,437
PT_022,2025-01-09,8,66.0,37.7,4404,403
PT_022,2025-01-10,9,67.8,42.0,3763,454
PT_022,2025-01-11,10,63.8,41.2,4188,349
PT_022,2025-01-12,11,68.7,42.6,5057,405
PT_022,2025-01-13,12,65.6,40.7,5225,379
PT_022,2025-01-14,13,64.1,40.7,4342,446
PT_022,2025-01-15,14,65.3,33.7,3159,373
PT_022,2025-01-16,15,64.6,39.3,3868,367
PT_022,2025-01-17,16,65.3,38.0,4830,433
PT_022,2025-01-18,17,62.2,38.7,4614,452
PT_022,2025-01-19,18,64.2,39.9,4921,396
PT_022,2025-01-20,19,68.9,36.2,3567,401
PT_022,2025-01-21,20,64.7,38.7,3785,322
PT_022,2025-01-22,21,60.6,50.8,5640,396
PT_022,2025-01-23,22,58.9,39.8,5652,364
PT_022,2025-01-24,23,65.6,39.7,4431,467
PT_022,2025-01-25,24,65.6,38.4,3692,399
PT_022,2025-01-26,25,70.4,39.2,3764,414
PT_022,2025-01-27,26,71.9,35.9,3272,402
PT_022,2025-01-28,27,67.5,34.0,3770,401
PT_022,2025-01-29,28,67.2,35.1,3943,412
PT_022,2025-01-30,29,69.2,32.4,3650,475
PT_022,2025-01-31,30,68.0,32.6,4360,403
PT_022,2025-02-01,31,65.7,34.3,3359,401
PT_022,2025-02-02,32,66.6,36.9,4150,412
PT_022,2025-02-03,33,63.5,34.3,2741,354
PT_022,2025-02-04,34,65.8,38.1,4410,395
PT_022,2025-02-05,35,64.1,37.0,4132,416
PT_022,2025-02-06,36,67.2,35.3,3829,447
PT_022,2025-02-07,37,64.5,37.7,3477,372
PT_022,2025-02-08,38,70.2,42.5,3277,420
PT_022,2025-02-09,39,64.8,35.9,4138,358
PT_022,2025-02-10,40,62.3,38.7,4024,411
PT_022,2025-02-11,41,62.3,38.5,4726,343
PT_022,2025-02-12,42,59.8,47.7,5685,407
PT_022,2025-02-13,43,62.7,39.7,5047,393
PT_022,2025-02-14,44,60.8,49.3,5219,390
PT_022,2025-02-15,45,56.6,47.6,5592,418
PT_022,2025-02-16,46,54.5,43.8,5429,400
PT_022,2025-02-17,47,59.3,46.6,5915,335
PT_022,2025-02-18,48,55.8,45.8,5506,369
PT_022,2025-02-19,49,58.6,49.0,5541,418
PT_022,2025-02-20,50,61.9,46.9,5831,370
PT_022,2025-02-21,51,58.2,44.3,4932,376
PT_022,2025-02-22,52,61.4,43.7,4754,415
PT_022,2025-02-23,53,59.4,44.5,4434,358
PT_022,2025-02-24,54,60.5,39.8,4121,363
PT_022,2025-02-25,55,68.6,38.3,4479,471
PT_022,2025-02-26,56,67.1,42.5,4535,380
PT_022,2025-02-27,57,65.5,35.9,4410,434
PT_022,2025-02-28,58,62.1,41.1,3988,428
PT_022,2025-03-01,59,62.8,41.0,4186,427
PT_022,2025-03-02,60,64.3,42.3,4747,457
PT_022,2025-03-03,61,63.7,37.0,3627,400
PT_022,2025-03-04,62,63.3,39.8,4896,410
PT_022,2025-03-05,63,62.0,41.9,3731,435
PT_022,2025-03-06,64,64.6,37.1,4337,385
PT_022,2025-03-07,65,71.0,34.5,3055,376
PT_022,2025-03-08,66,67.2,36.2,4691,415
PT_022,2025-03-09,67,63.2,40.5,4207,406
PT_022,2025-03-10,68,69.1,39.0,4467,421
PT_022,2025-03-11,69,64.8,38.8,3912,378
PT_022,2025-03-12,70,62.8,37.5,4250,337
PT_022,2025-03-13,71,58.3,48.4,5484,401
PT_022,2025-03-14,72,60.8,40.3,4798,451
PT_022,2025-03-15,73,65.6,36.4,4146,448
PT_022,2025-03-16,74,64.6,34.1,4015,363
PT_022,2025-03-17,75,70.3,38.9,4301,332
PT_022,2025-03-18,76,70.0,34.0,3416,429
PT_022,2025-03-19,77,66.4,34.3,4106,387
PT_022,2025-03-20,78,72.2,28.9,3298,403
PT_022,2025-03-21,79,67.5,39.2,3696,491
PT_022,2025-03-22,80,72.4,34.9,3566,419
PT_022,2025-03-23,81,64.5,33.8,4247,433
PT_022,2025-03-24,82,63.7,27.8,3239,429
PT_022,2025-03-25,83,65.7,35.8,4015,371
PT_022,2025-03-26,84,73.1,36.7,4306,448
PT_022,2025-03-27,85,65.6,35.4,3765,429
PT_022,2025-03-28,86,66.1,35.5,4106,417
PT_022,2025-03-29,87,65.8,35.0,3495,435
PT_022,2025-03-30,88,64.7,33.4,4277,411
PT_022,2025-03-31,89,68.3,40.3,4508,284
PT_023,2025-01-01,0,59.1,48.7,6211,500
PT_023,2025-01-02,1,67.0,41.8,6668,408
PT_023,2025-01-03,2,68.9,44.7,6682,438
PT_023,2025-01-04,3,67.6,40.9,5576,451
PT_023,2025-01-05,4,70.1,28.7,5683,392
PT_023,2025-01-06,5,74.8,37.8,5116,413
PT_023,2025-01-07,6,73.4,34.6,5652,464
PT_023,2025-01-08,7,73.4,29.0,6214,431
PT_023,2025-01-09,8,69.3,35.5,5596,434
PT_023,2025-01-10,9,70.8,31.9,5624,419
PT_023,2025-01-11,10,72.2,35.6,5847,528
PT_023,2025-01-12,11,69.0,33.8,5926,459
PT_023,2025-01-13,12,71.7,35.1,6053,425
PT_023,2025-01-14,13,71.7,29.5,5937,421
PT_023,2025-01-15,14,75.0,41.4,5696,448
PT_023,2025-01-16,15,68.5,40.8,6131,445
PT_023,2025-01-17,16,73.1,38.2,6619,431
PT_023,2025-01-18,17,73.8,37.1,5983,435
PT_023,2025-01-19,18,75.6,39.5,6303,384
PT_023,2025-01-20,19,66.7,34.1,5854,408
PT_023,2025-01-21,20,65.5,43.9,7065,376
PT_023,2025-01-22,21,59.7,44.5,6888,440
PT_023,2025-01-23,22,62.5,49.0,7011,458
PT_023,2025-01-24,23,60.9,42.7,6714,447
PT_023,2025-01-25,24,62.9,46.8,7886,395
PT_023,2025-01-26,25,60.7,45.8,6728,449
PT_023,2025-01-27,26,63.4,43.6,7102,433
PT_023,2025-01-28,27,61.0,47.7,7120,486
PT_023,2025-01-29,28,66.6,50.1,7080,401
PT_023,2025-01-30,29,64.5,43.8,7708,428
PT_023,2025-01-31,30,63.2,47.4,7412,511
PT_023,2025-02-01,31,63.5,46.2,7109,380
PT_023,2025-02-02,32,62.4,45.7,7240,434
PT_023,2025-02-03,33,60.8,47.6,6981,429
PT_023,2025-02-04,34,62.5,47.2,7611,417
PT_023,2025-02-05,35,65.4,44.4,7412,432
PT_023,2025-02-06,36,66.7,42.7,5760,415
PT_023,2025-02-07,37,66.1,38.3,6299,406
PT_023,2025-02-08,38,72.3,39.3,6416,446
PT_023,2025-02-09,39,68.8,39.7,5979,425
PT_023,2025-02-10,40,74.2,39.6,5666,400
PT_023,2025-02-11,41,67.5,37.3,6347,366
PT_023,2025-02-12,42,71.7,37.6,5539,382
PT_023,2025-02-13,43,72.7,38.4,6620,402
PT_023,2025-02-14,44,72.2,39.3,5691,436
PT_023,2025-02-15,45,68.7,36.3,5713,464
PT_023,2025-02-16,46,66.5,36.8,6513,379
PT_023,2025-02-17,47,66.2,37.3,5202,500
PT_023,2025-02-18,48,66.0,41.9,5664,429
PT_023,2025-02-19,49,64.6,37.1,6501,417
PT_023,2025-02-20,50,64.1,43.2,5620,404
PT_023,2025-02-21,51,71.7,39.2,5974,417
PT_023,2025-02-22,52,65.5,42.7,6325,451
PT_023,2025-02-23,53,70.0,42.8,6608,453
PT_023,2025-02-24,54,66.5,42.8,6491,409
PT_023,2025-02-25,55,65.3,48.7,7367,466
PT_023,2025-02-26,56,64.8,37.5,6580,450
PT_023,2025-02-27,57,64.6,43.3,6979,453
PT_023,2025-02-28,58,65.3,40.3,6041,387
PT_023,2025-03-01,59,66.3,35.1,6746,468
PT_023,2025-03-02,60,65.0,45.4,6231,463
PT_023,2025-03-03,61,66.3,46.3,6035,400
PT_023,2025-03-04,62,69.7,46.3,6303,421
PT_023,2025-03-05,63,65.0,42.2,6760,441
PT_023,2025-03-06,64,69.0,44.7,6523,426
PT_023,2025-03-07,65,67.7,36.9,5864,433
PT_023,2025-03-08,66,67.4,33.7,6030,412
PT_023,2025-03-09,67,76.5,36.3,5874,431
PT_023,2025-03-10,68,79.8,33.1,5467,398
PT_023,2025-03-11,69,70.2,33.6,5046,381
PT_023,2025-03-12,70,69.7,33.0,4548,466
PT_023,2025-03-13,71,74.8,35.6,4690,397
PT_023,2025-03-14,72,70.2,35.8,4697,412
PT_023,2025-03-15,73,75.9,28.8,4929,485
PT_023,2025-03-16,74,79.3,28.5,4243,416
PT_023,2025-03-17,75,74.4,30.9,4955,409
PT_023,2025-03-18,76,75.2,33.2,4783,495
PT_023,2025-03-19,77,71.7,33.7,5350,415
PT_023,2025-03-20,78,71.9,33.0,5509,454
PT_023,2025-03-21,79,70.4,27.1,5874,409
PT_023,2025-03-22,80,71.2,38.1,5786,421
PT_023,2025-03-23,81,73.6,35.8,5934,412
PT_023,2025-03-24,82,71.3,37.5,5882,404
PT_023,2025-03-25,83,67.2,39.3,5925,445
PT_023,2025-03-26,84,61.1,47.8,6358,425
PT_023,2025-03-27,85,69.0,43.3,6936,456
PT_023,2025-03-28,86,62.6,45.9,6864,456
PT_023,2025-03-29,87,63.5,38.5,6057,457
PT_023,2025-03-30,88,71.7,44.0,5699,446
PT_023,2025-03-31,89,68.2,36.9,6211,453
PT_024,2025-01-01,0,67.7,64.7,8929,382
PT_024,2025-01-02,1,65.5,66.9,8344,434
PT_024,2025-01-03,2,65.3,62.5,8030,402
PT_024,2025-01-04,3,63.1,62.9,8330,402
PT_024,2025-01-05,4,69.0,62.7,8099,435
PT_024,2025-01-06,5,67.4,57.0,8225,396
PT_024,2025-01-07,6,70.6,60.5,8481,392
PT_024,2025-01-08,7,70.5,61.7,7167,436
PT_024,2025-01-09,8,70.1,56.7,8758,420
PT_024,2025-01-10,9,74.3,57.1,7767,397
PT_024,2025-01-11,10,67.6,59.0,7577,397
PT_024,2025-01-12,11,67.1,59.9,7213,472
PT_024,2025-01-13,12,62.6,64.9,7509,388
PT_024,2025-01-14,13,69.5,60.1,7861,428
PT_024,2025-01-15,14,69.0,53.1,8017,412
PT_024,2025-01-16,15,68.6,59.7,8223,392
PT_024,2025-01-17,16,66.4,63.9,8232,424
PT_024,2025-01-18,17,64.3,59.1,7397,413
PT_024,2025-01-19,18,69.6,62.0,8241,456
PT_024,2025-01-20,19,71.2,59.4,8428,393
PT_024,2025-01-21,20,64.6,65.1,7901,474
PT_024,2025-01-22,21,61.7,66.0,8602,370
PT_024,2025-01-23,22,63.8,69.4,8270,404
PT_024,2025-01-24,23,60.2,59.8,9115,424
PT_024,2025-01-25,24,63.2,68.6,8643,444
PT_024,2025-01-26,25,66.3,66.7,9533,368
PT_024,2025-01-27,26,61.2,71.1,8753,377
PT_024,2025-01-28,27,65.8,66.2,8696,449
PT_024,2025-01-29,28,63.3,62.1,9143,494
PT_024,2025-01-30,29,61.1,60.5,9042,407
PT_024,2025-01-31,30,62.8,63.7,8646,415
PT_024,2025-02-01,31,66.3,59.6,8946,401
PT_024,2025-02-02,32,66.1,61.1,8088,430
PT_024,2025-02-03,33,65.4,63.8,8487,418
PT_024,2025-02-04,34,62.1,67.7,8145,449
PT_024,2025-02-05,35,72.7,62.7,7895,358
PT_024,2025-02-06,36,69.1,60.0,8367,394
PT_024,2025-02-07,37,68.0,62.9,8393,361
PT_024,2025-02-08,38,67.6,65.5,8748,404
PT_024,2025-02-09,39,64.4,67.3,8549,449
PT_024,2025-02-10,40,65.6,57.7,8434,410
PT_024,2025-02-11,41,65.5,62.4,7378,406
PT_024,2025-02-12,42,67.7,60.1,8156,378
PT_024,2025-02-13,43,66.6,62.5,7709,387
PT_024,2025-02-14,44,69.3,64.4,8399,357
PT_024,2025-02-15,45,68.0,66.2,8097,401
PT_024,2025-02-16,46,61.5,65.2,8492,435
PT_024,2025-02-17,47,65.7,62.7,8190,475
PT_024,2025-02-18,48,69.6,60.2,8624,400
PT_024,2025-02-19,49,63.0,61.8,7947,391
PT_024,2025-02-20,50,69.2,66.3,8584,442
PT_024,2025-02-21,51,59.0,67.0,9100,405
PT_024,2025-02-22,52,59.3,61.5,9048,328
PT_024,2025-02-23,53,58.6,67.3,8174,455
PT_024,2025-02-24,54,64.0,65.9,8514,428
PT_024,2025-02-25,55,67.8,66.1,8863,422
PT_024,2025-02-26,56,67.9,71.5,8765,375
PT_024,2025-02-27,57,66.9,58.7,8794,433
PT_024,2025-02-28,58,67.0,64.0,8319,406
PT_024,2025-03-01,59,67.9,59.8,7418,438
PT_024,2025-03-02,60,68.8,60.0,8017,447
PT_024,2025-03-03,61,67.9,56.3,8518,485
PT_024,2025-03-04,62,69.5,54.6,7729,385
PT_024,2025-03-05,63,70.7,60.4,7666,474
PT_024,2025-03-06,64,67.1,60.1,6972,361
PT_024,2025-03-07,65,66.1,55.8,8233,396
PT_024,2025-03-08,66,68.1,61.2,7816,393
PT_024,2025-03-09,67,72.0,62.1,7939,390
PT_024,2025-03-10,68,67.7,55.2,7096,364
PT_024,2025-03-11,69,60.7,60.4,6681,436
PT_024,2025-03-12,70,69.1,55.1,8121,364
PT_024,2025-03-13,71,70.6,58.5,7756,420
PT_024,2025-03-14,72,69.5,56.0,7238,404
PT_024,2025-03-15,73,68.2,58.9,7659,394
PT_024,2025-03-16,74,69.7,56.6,8553,393
PT_024,2025-03-17,75,62.5,64.4,9589,428
PT_024,2025-03-18,76,68.7,62.8,7722,446
PT_024,2025-03-19,77,65.6,62.0,8087,395
PT_024,2025-03-20,78,69.4,55.8,7917,410
PT_024,2025-03-21,79,67.5,58.1,7514,448
PT_024,2025-03-22,80,67.6,60.0,8357,391
PT_024,2025-03-23,81,71.9,55.1,8205,444
PT_024,2025-03-24,82,72.0,60.7,8669,449
PT_024,2025-03-25,83,65.9,57.6,8011,415
PT_024,2025-03-26,84,68.9,60.6,7798,421
PT_024,2025-03-27,85,71.7,54.9,6689,418
PT_024,2025-03-28,86,69.1,58.4,8033,397
PT_024,2025-03-29,87,73.1,61.7,8086,414
PT_024,2025-03-30,88,66.1,62.7,7921,485
PT_024,2025-03-31,89,65.4,63.1,8014,434
PT_025,2025-01-01,0,77.6,51.2,5791,382
PT_025,2025-01-02,1,79.1,46.8,6458,459
PT_025,2025-01-03,2,77.7,51.2,6558,410
PT_025,2025-01-04,3,81.6,47.7,7157,415
PT_025,2025-01-05,4,73.7,48.5,6206,474
PT_025,2025-01-06,5,78.6,51.5,5779,426
PT_025,2025-01-07,6,77.7,47.3,6248,411
PT_025,2025-01-08,7,82.3,43.7,5817,372
PT_025,2025-01-09,8,76.6,45.4,6902,419
PT_025,2025-01-10,9,76.5,46.2,5578,383
PT_025,2025-01-11,10,75.3,48.8,5881,443
PT_025,2025-01-12,11,75.6,48.3,6117,449
PT_025,2025-01-13,12,77.3,53.4,6203,403
PT_025,2025-01-14,13,77.1,42.8,5747,448
PT_025,2025-01-15,14,80.5,41.4,5347,404
PT_025,2025-01-16,15,83.2,50.8,6532,398
PT_025,2025-01-17,16,78.0,50.7,5339,458
PT_025,2025-01-18,17,80.6,44.6,5705,442
PT_025,2025-01-19,18,80.9,47.8,5932,456
PT_025,2025-01-20,19,73.8,53.9,6231,389
PT_025,2025-01-21,20,83.6,56.2,6279,457
PT_025,2025-01-22,21,73.5,50.3,6675,427
PT_025,2025-01-23,22,78.7,56.3,6236,466
PT_025,2025-01-24,23,72.3,49.1,5799,421
PT_025,2025-01-25,24,78.9,49.3,6895,409
PT_025,2025-01-26,25,75.0,53.0,7143,468
PT_025,2025-01-27,26,74.8,54.9,7027,456
PT_025,2025-01-28,27,77.2,51.0,6712,474
PT_025,2025-01-29,28,81.8,43.3,5988,412
PT_025,2025-01-30,29,82.4,40.2,5587,438
PT_025,2025-01-31,30,82.0,43.9,4954,471
PT_025,2025-02-01,31,76.3,44.0,5674,339
PT_025,2025-02-02,32,90.1,41.9,4822,321
PT_025,2025-02-03,33,86.1,42.6,4383,421
PT_025,2025-02-04,34,86.3,32.9,4001,531
PT_025,2025-02-05,35,84.1,41.9,4768,414
PT_025,2025-02-06,36,83.6,37.8,4315,485
PT_025,2025-02-07,37,86.5,40.4,3995,421
PT_025,2025-02-08,38,86.4,43.8,5356,338
PT_025,2025-02-09,39,82.8,39.1,4557,373
PT_025,2025-02-10,40,83.7,37.7,4818,400
PT_025,2025-02-11,41,81.8,41.2,5217,471
PT_025,2025-02-12,42,83.3,46.9,4704,432
PT_025,2025-02-13,43,80.2,44.1,5617,423
PT_025,2025-02-14,44,85.3,46.3,5227,362
PT_025,2025-02-15,45,79.3,44.9,5481,447
PT_025,2025-02-16,46,81.6,48.2,5716,481
PT_025,2025-02-17,47,74.2,53.9,7151,406
PT_025,2025-02-18,48,75.1,49.0,7193,465
PT_025,2025-02-19,49,76.5,54.4,8154,409
PT_025,2025-02-20,50,72.5,53.8,6938,408
PT_025,2025-02-21,51,79.1,50.4,6818,399
PT_025,2025-02-22,52,75.1,48.3,6721,391
PT_025,2025-02-23,53,76.5,53.4,6486,384
PT_025,2025-02-24,54,74.1,54.8,6645,421
PT_025,2025-02-25,55,72.6,50.3,7946,385
PT_025,2025-02-26,56,69.1,55.1,6533,415
PT_025,2025-02-27,57,74.6,51.5,6741,466
PT_025,2025-02-28,58,79.5,51.6,5894,435
PT_025,2025-03-01,59,81.7,51.2,5814,394
PT_025,2025-03-02,60,79.4,47.0,5659,429
PT_025,2025-03-03,61,80.3,42.4,5912,405
PT_025,2025-03-04,62,86.3,45.3,4731,407
PT_025,2025-03-05,63,81.3,45.2,4512,466
PT_025,2025-03-06,64,81.0,42.4,4853,469
PT_025,2025-03-07,65,86.4,45.6,4522,416
PT_025,2025-03-08,66,79.5,44.6,5265,436
PT_025,2025-03-09,67,86.7,42.7,4714,431
PT_025,2025-03-10,68,79.1,47.5,5359,445
PT_025,2025-03-11,69,81.1,43.5,5011,469
PT_025,2025-03-12,70,83.4,47.4,4769,420
PT_025,2025-03-13,71,78.3,43.8,5120,456
PT_025,2025-03-14,72,80.3,49.1,5985,419
PT_025,2025-03-15,73,79.7,44.8,5657,426
PT_025,2025-03-16,74,76.5,46.3,6064,434
PT_025,2025-03-17,75,78.6,45.4,4842,393
PT_025,2025-03-18,76,81.7,47.8,5531,403
PT_025,2025-03-19,77,75.5,44.9,5679,400
PT_025,2025-03-20,78,80.9,47.7,6726,405
PT_025,2025-03-21,79,76.0,47.8,5961,346
PT_025,2025-03-22,80,76.8,47.4,6101,434
PT_025,2025-03-23,81,80.8,47.1,5663,440
PT_025,2025-03-24,82,80.5,44.4,6018,419
PT_025,2025-03-25,83,83.5,43.8,4710,381
PT_025,2025-03-26,84,78.9,43.8,4295,449
PT_025,2025-03-27,85,83.8,41.7,4286,411
PT_025,2025-03-28,86,78.7,38.5,4913,425
PT_025,2025-03-29,87,87.6,39.7,4719,410
PT_025,2025-03-30,88,85.7,41.7,4750,447
PT_025,2025-03-31,89,82.8,41.3,4980,396
PT_026,2025-01-01,0,65.5,45.0,7081,432
PT_026,2025-01-02,1,75.9,42.0,6572,447
PT_026,2025-01-03,2,76.2,34.2,5895,417
PT_026,2025-01-04,3,83.3,31.0,4383,444
PT_026,2025-01-05,4,82.3,36.3,4784,389
PT_026,2025-01-06,5,86.5,35.6,3503,384
PT_026,2025-01-07,6,85.6,32.7,4950,487
PT_026,2025-01-08,7,83.2,27.9,4604,424
PT_026,2025-01-09,8,83.2,30.5,3945,420
PT_026,2025-01-10,9,85.3,25.5,4191,420
PT_026,2025-01-11,10,88.7,33.4,4934,470
PT_026,2025-01-12,11,81.8,28.0,4970,477
PT_026,2025-01-13,12,82.1,28.8,4685,426
PT_026,2025-01-14,13,81.8,25.8,5034,459
PT_026,2025-01-15,14,89.5,27.6,4256,488
PT_026,2025-01-16,15,82.2,29.5,4384,445
PT_026,2025-01-17,16,86.0,29.8,4355,441
PT_026,2025-01-18,17,88.0,27.7,4806,335
PT_026,2025-01-19,18,79.6,31.7,4841,461
PT_026,2025-01-20,19,83.8,31.4,4854,444
PT_026,2025-01-21,20,81.6,34.1,4847,415
PT_026,2025-01-22,21,70.0,52.2,7326,427
PT_026,2025-01-23,22,65.4,52.7,8148,420
PT_026,2025-01-24,23,67.7,50.6,7597,476
PT_026,2025-01-25,24,69.6,49.1,7153,460
PT_026,2025-01-26,25,67.0,54.3,8602,428
PT_026,2025-01-27,26,69.6,49.4,8445,403
PT_026,2025-01-28,27,67.1,52.3,8155,447
PT_026,2025-01-29,28,70.4,42.1,7619,419
PT_026,2025-01-30,29,65.4,50.9,8147,376
PT_026,2025-01-31,30,66.0,49.6,7779,443
PT_026,2025-02-01,31,64.9,48.9,7911,451
PT_026,2025-02-02,32,71.3,50.4,6682,515
PT_026,2025-02-03,33,70.0,50.1,7996,395
PT_026,2025-02-04,34,69.6,44.9,7622,463
PT_026,2025-02-05,35,82.9,40.0,5436,338
PT_026,2025-02-06,36,78.9,35.8,5807,408
PT_026,2025-02-07,37,81.9,32.0,6213,462
PT_026,2025-02-08,38,80.8,34.2,5150,408
PT_026,2025-02-09,39,80.3,33.8,4988,387
PT_026,2025-02-10,40,81.0,26.1,6251,451
PT_026,2025-02-11,41,84.2,33.0,5387,402
PT_026,2025-02-12,42,71.0,46.4,7065,393
PT_026,2025-02-13,43,76.3,48.4,6995,439
PT_026,2025-02-14,44,71.2,50.1,7061,439
PT_026,2025-02-15,45,75.9,37.8,6387,402
PT_026,2025-02-16,46,73.1,43.7,7687,372
PT_026,2025-02-17,47,70.9,42.1,7903,455
PT_026,2025-02-18,48,73.3,46.0,6498,465
PT_026,2025-02-19,49,72.4,54.0,6779,433
PT_026,2025-02-20,50,68.4,50.0,7878,433
PT_026,2025-02-21,51,68.1,46.7,7544,444
PT_026,2025-02-22,52,67.4,47.4,7011,380
PT_026,2025-02-23,53,70.2,47.3,7783,364
PT_026,2025-02-24,54,71.4,49.4,7203,452
PT_026,2025-02-25,55,67.0,49.5,6890,421
PT_026,2025-02-26,56,65.1,52.0,8283,469
PT_026,2025-02-27,57,69.4,51.6,7529,435
PT_026,2025-02-28,58,67.0,53.8,7888,431
PT_026,2025-03-01,59,71.2,54.5,7580,410
PT_026,2025-03-02,60,79.0,41.8,5639,368
PT_026,2025-03-03,61,80.8,36.9,5740,404
PT_026,2025-03-04,62,72.2,42.9,5491,390
PT_026,2025-03-05,63,80.8,42.9,6932,437
PT_026,2025-03-06,64,77.8,38.8,6503,395
PT_026,2025-03-07,65,73.1,38.9,6690,391
PT_026,2025-03-08,66,74.8,42.6,6549,467
PT_026,2025-03-09,67,69.3,48.4,7402,412
PT_026,2025-03-10,68,75.7,43.7,6233,495
PT_026,2025-03-11,69,79.7,37.2,5531,392
PT_026,2025-03-12,70,79.8,29.7,5365,485
PT_026,2025-03-13,71,87.4,27.6,4645,413
PT_026,2025-03-14,72,86.4,28.1,4601,442
PT_026,2025-03-15,73,88.1,28.4,4386,418
PT_026,2025-03-16,74,85.4,29.3,4755,435
PT_026,2025-03-17,75,91.5,27.6,4493,451
PT_026,2025-03-18,76,82.3,33.3,4109,426
PT_026,2025-03-19,77,83.0,26.5,5479,442
PT_026,2025-03-20,78,84.3,29.3,4652,407
PT_026,2025-03-21,79,84.5,24.7,3518,394
PT_026,2025-03-22,80,80.0,25.5,3967,420
PT_026,2025-03-23,81,88.9,27.5,4751,423
PT_026,2025-03-24,82,88.9,30.4,3373,429
PT_026,2025-03-25,83,88.9,27.6,4349,448
PT_026,2025-03-26,84,85.5,26.2,4860,424
PT_026,2025-03-27,85,87.8,34.0,5488,431
PT_026,2025-03-28,86,86.8,25.4,4475,468
PT_026,2025-03-29,87,89.2,33.8,4872,445
PT_026,2025-03-30,88,70.2,53.0,8234,348
PT_026,2025-03-31,89,68.9,36.7,7653,449
PT_027,2025-01-01,0,67.2,44.4,7289,460
PT_027,2025-01-02,1,66.9,40.4,8178,460
PT_027,2025-01-03,2,69.5,47.5,7810,465
PT_027,2025-01-04,3,69.1,36.3,6520,469
PT_027,2025-01-05,4,69.6,38.7,7309,470
PT_027,2025-01-06,5,72.9,41.5,7132,449
PT_027,2025-01-07,6,69.8,33.2,6893,456
PT_027,2025-01-08,7,70.3,38.4,6518,436
PT_027,2025-01-09,8,71.3,39.6,7141,492
PT_027,2025-01-10,9,73.1,33.5,6564,459
PT_027,2025-01-11,10,72.7,42.7,7214,461
PT_027,2025-01-12,11,70.5,37.4,6387,442
PT_027,2025-01-13,12,64.8,36.8,6287,440
PT_027,2025-01-14,13,66.6,35.5,5986,400
PT_027,2025-01-15,14,71.2,37.6,7077,419
PT_027,2025-01-16,15,71.2,38.2,7292,445
PT_027,2025-01-17,16,73.7,31.6,6889,439
PT_027,2025-01-18,17,78.2,39.1,6719,490
PT_027,2025-01-19,18,72.2,25.6,6763,475
PT_027,2025-01-20,19,73.0,29.2,5848,521
PT_027,2025-01-21,20,71.3,35.7,5555,434
PT_027,2025-01-22,21,71.2,40.8,7250,462
PT_027,2025-01-23,22,70.8,36.7,7130,407
PT_027,2025-01-24,23,64.9,41.8,7393,489
PT_027,2025-01-25,24,71.0,37.7,7741,435
PT_027,2025-01-26,25,72.0,34.1,6673,463
PT_027,2025-01-27,26,66.7,34.2,6490,473
PT_027,2025-01-28,27,71.3,37.9,7103,433
PT_027,2025-01-29,28,69.6,33.6,6013,459
PT_027,2025-01-30,29,72.9,33.6,6162,436
PT_027,2025-01-31,30,77.8,31.4,5896,439
PT_027,2025-02-01,31,75.6,29.6,6395,485
PT_027,2025-02-02,32,71.1,28.4,5961,457
PT_027,2025-02-03,33,71.2,30.6,6741,423
PT_027,2025-02-04,34,70.4,33.1,6347,433
PT_027,2025-02-05,35,69.8,33.5,6500,520
PT_027,2025-02-06,36,74.1,36.7,5500,458
PT_027,2025-02-07,37,74.6,32.9,6387,445
PT_027,2025-02-08,38,70.4,36.8,6313,414
PT_027,2025-02-09,39,74.3,36.0,6360,443
PT_027,2025-02-10,40,70.9,37.5,6615,534
PT_027,2025-02-11,41,72.6,34.4,6287,505
PT_027,2025-02-12,42,72.0,37.1,7388,417
PT_027,2025-02-13,43,71.0,35.1,7408,445
PT_027,2025-02-14,44,65.5,52.2,7842,466
PT_027,2025-02-15,45,67.2,45.8,7645,465
PT_027,2025-02-16,46,61.1,41.0,7353,437
PT_027,2025-02-17,47,65.9,45.6,7736,499
PT_027,2025-02-18,48,63.6,47.8,8133,418
PT_027,2025-02-19,49,66.1,46.4,7683,448
PT_027,2025-02-20,50,61.8,45.2,7733,447
PT_027,2025-02-21,51,65.8,42.1,8292,504
PT_027,2025-02-22,52,65.2,46.4,8669,473
PT_027,2025-02-23,53,63.4,36.4,6858,467
PT_027,2025-02-24,54,67.4,43.5,7581,431
PT_027,2025-02-25,55,67.4,38.6,7983,456
PT_027,2025-02-26,56,67.5,41.1,6340,452
PT_027,2025-02-27,57,70.2,37.1,7058,391
PT_027,2025-02-28,58,72.0,38.0,7460,497
PT_027,2025-03-01,59,74.0,36.6,6674,454
PT_027,2025-03-02,60,70.9,35.2,5829,459
PT_027,2025-03-03,61,71.9,35.1,6237,437
PT_027,2025-03-04,62,71.0,36.8,6850,455
PT_027,2025-03-05,63,76.8,43.7,6885,432
PT_027,2025-03-06,64,67.2,37.7,6111,446
PT_027,2025-03-07,65,72.3,32.1,7407,420
PT_027,2025-03-08,66,72.6,32.1,6364,460
PT_027,2025-03-09,67,75.3,26.6,6530,508
PT_027,2025-03-10,68,79.2,25.0,5803,491
PT_027,2025-03-11,69,77.4,27.9,6036,411
PT_027,2025-03-12,70,74.6,29.4,5905,439
PT_027,2025-03-13,71,74.6,25.3,6004,462
PT_027,2025-03-14,72,77.6,33.3,5831,434
PT_027,2025-03-15,73,74.7,36.1,6695,410
PT_027,2025-03-16,74,68.6,47.4,8418,440
PT_027,2025-03-17,75,63.3,40.4,8105,477
PT_027,2025-03-18,76,73.5,37.4,6321,478
PT_027,2025-03-19,77,70.3,37.1,7149,456
PT_027,2025-03-20,78,73.3,28.6,6570,416
PT_027,2025-03-21,79,73.8,32.0,6171,443
PT_027,2025-03-22,80,72.2,27.5,5673,375
PT_027,2025-03-23,81,72.6,37.2,5289,438
PT_027,2025-03-24,82,77.6,25.6,5483,462
PT_027,2025-03-25,83,77.5,32.2,6064,401
PT_027,2025-03-26,84,76.2,24.3,5909,445
PT_027,2025-03-27,85,74.3,30.4,5106,395
PT_027,2025-03-28,86,75.1,26.2,5798,452
PT_027,2025-03-29,87,74.5,28.7,5788,486
PT_027,2025-03-30,88,71.4,32.1,5963,488
PT_027,2025-03-31,89,73.3,33.0,6154,443
PT_028,2025-01-01,0,71.5,58.2,5347,360
PT_028,2025-01-02,1,67.0,60.5,4715,370
PT_028,2025-01-03,2,69.3,62.3,4938,324
PT_028,2025-01-04,3,67.5,61.8,4527,380
PT_028,2025-01-05,4,73.8,56.7,4708,365
PT_028,2025-01-06,5,74.2,59.0,5239,393
PT_028,2025-01-07,6,70.6,54.4,4034,411
PT_028,2025-01-08,7,76.1,49.8,3869,392
PT_028,2025-01-09,8,78.4,54.8,4947,425
PT_028,2025-01-10,9,72.6,52.8,4587,381
PT_028,2025-01-11,10,73.3,51.1,3870,475
PT_028,2025-01-12,11,74.2,59.8,4309,414
PT_028,2025-01-13,12,71.8,55.2,4467,382
PT_028,2025-01-14,13,73.8,54.8,4390,398
PT_028,2025-01-15,14,78.5,54.6,3766,421
PT_028,2025-01-16,15,76.2,50.5,4723,398
PT_028,2025-01-17,16,66.3,51.4,3604,370
PT_028,2025-01-18,17,77.0,56.1,4679,405
PT_028,2025-01-19,18,69.7,57.3,4372,500
PT_028,2025-01-20,19,70.9,56.2,4568,387
PT_028,2025-01-21,20,77.3,53.0,4418,480
PT_028,2025-01-22,21,65.0,59.5,6499,359
PT_028,2025-01-23,22,63.0,67.2,6107,427
PT_028,2025-01-24,23,66.3,64.8,5669,407
PT_028,2025-01-25,24,65.7,62.0,6236,371
PT_028,2025-01-26,25,66.9,65.7,5748,395
PT_028,2025-01-27,26,69.7,63.0,5113,494
PT_028,2025-01-28,27,68.7,63.6,6011,353
PT_028,2025-01-29,28,66.6,63.8,5586,447
PT_028,2025-01-30,29,69.0,62.8,6588,402
PT_028,2025-01-31,30,69.4,70.7,6584,428
PT_028,2025-02-01,31,64.1,65.3,6080,329
PT_028,2025-02-02,32,67.3,60.1,5533,434
PT_028,2025-02-03,33,66.4,57.2,6262,461
PT_028,2025-02-04,34,70.1,64.1,5329,390
PT_028,2025-02-05,35,68.4,56.4,5115,405
PT_028,2025-02-06,36,74.6,58.5,4458,419
PT_028,2025-02-07,37,74.8,54.1,4037,429
PT_028,2025-02-08,38,72.6,57.7,4898,373
PT_028,2025-02-09,39,73.3,55.4,4398,407
PT_028,2025-02-10,40,78.2,52.8,3497,454
PT_028,2025-02-11,41,73.5,51.2,3267,298
PT_028,2025-02-12,42,72.3,57.3,4376,379
PT_028,2025-02-13,43,72.3,55.3,4687,422
PT_028,2025-02-14,44,73.0,57.7,5069,414
PT_028,2025-02-15,45,70.1,60.6,4998,424
PT_028,2025-02-16,46,75.2,60.9,4339,420
PT_028,2025-02-17,47,69.3,59.5,5250,390
PT_028,2025-02-18,48,70.0,58.7,5110,421
PT_028,2025-02-19,49,66.4,60.4,4913,413
PT_028,2025-02-20,50,72.9,58.8,4958,388
PT_028,2025-02-21,51,67.3,57.9,5194,429
PT_028,2025-02-22,52,72.6,55.0,5372,382
PT_028,2025-02-23,53,76.9,55.5,3767,333
PT_028,2025-02-24,54,76.7,51.4,4120,467
PT_028,2025-02-25,55,73.5,51.8,3939,451
PT_028,2025-02-26,56,71.7,61.2,4584,407
PT_028,2025-02-27,57,71.2,61.8,3830,452
PT_028,2025-02-28,58,70.6,58.9,5746,384
PT_028,2025-03-01,59,75.8,60.9,4436,420
PT_028,2025-03-02,60,62.3,61.7,6874,406
PT_028,2025-03-03,61,68.6,64.1,5257,372
PT_028,2025-03-04,62,71.6,56.3,5972,361
PT_028,2025-03-05,63,74.1,50.1,4798,389
PT_028,2025-03-06,64,66.8,53.7,4025,400
PT_028,2025-03-07,65,78.0,62.7,4162,334
PT_028,2025-03-08,66,78.7,53.1,4084,402
PT_028,2025-03-09,67,77.5,55.0,4430,426
PT_028,2025-03-10,68,75.0,53.8,4598,378
PT_028,2025-03-11,69,72.7,56.5,4489,371
PT_028,2025-03-12,70,76.6,53.2,4694,441
PT_028,2025-03-13,71,72.7,60.4,4594,472
PT_028,2025-03-14,72,73.9,52.2,3952,415
PT_028,2025-03-15,73,73.0,52.4,5010,426
PT_028,2025-03-16,74,74.6,57.4,4161,332
PT_028,2025-03-17,75,72.1,62.4,5003,349
PT_028,2025-03-18,76,74.4,59.7,4892,396
PT_028,2025-03-19,77,70.8,55.3,4816,378
PT_028,2025-03-20,78,70.8,58.5,4621,400
PT_028,2025-03-21,79,71.3,53.4,4782,388
PT_028,2025-03-22,80,74.0,59.0,5362,439
PT_028,2025-03-23,81,69.5,63.7,5429,424
PT_028,2025-03-24,82,66.0,61.1,5558,327
PT_028,2025-03-25,83,67.3,62.2,5884,396
PT_028,2025-03-26,84,68.5,65.4,5605,437
PT_028,2025-03-27,85,68.3,65.1,4798,384
PT_028,2025-03-28,86,69.4,59.4,5777,392
PT_028,2025-03-29,87,71.3,59.4,5648,453
PT_028,2025-03-30,88,68.7,64.7,6400,410
PT_028,2025-03-31,89,62.6,61.0,5243,412
PT_029,2025-01-01,0,65.9,43.4,7479,515
PT_029,2025-01-02,1,71.3,37.3,6596,412
PT_029,2025-01-03,2,66.9,38.3,7018,492
PT_029,2025-01-04,3,69.7,37.3,6646,471
PT_029,2025-01-05,4,66.3,37.8,6991,447
PT_029,2025-01-06,5,76.2,32.0,6265,498
PT_029,2025-01-07,6,69.6,29.6,5249,437
PT_029,2025-01-08,7,71.5,34.1,6039,436
PT_029,2025-01-09,8,68.9,35.5,6357,517
PT_029,2025-01-10,9,68.9,32.2,6090,542
PT_029,2025-01-11,10,72.5,36.0,5840,521
PT_029,2025-01-12,11,68.2,33.4,6267,502
PT_029,2025-01-13,12,72.0,40.8,5969,470
PT_029,2025-01-14,13,65.8,36.7,6127,489
PT_029,2025-01-15,14,75.9,21.4,5810,510
PT_029,2025-01-16,15,80.7,30.8,5124,544
PT_029,2025-01-17,16,74.3,30.7,5524,491
PT_029,2025-01-18,17,80.3,23.1,4664,460
PT_029,2025-01-19,18,79.4,25.3,4406,489
PT_029,2025-01-20,19,74.6,24.7,5007,451
PT_029,2025-01-21,20,73.4,30.2,5444,505
PT_029,2025-01-22,21,67.6,42.3,6923,521
PT_029,2025-01-23,22,64.0,40.5,7118,463
PT_029,2025-01-24,23,72.0,42.4,7276,468
PT_029,2025-01-25,24,68.6,37.8,7272,516
PT_029,2025-01-26,25,71.6,35.3,6552,506
PT_029,2025-01-27,26,71.2,29.9,5930,529
PT_029,2025-01-28,27,78.2,38.5,5867,457
PT_029,2025-01-29,28,70.1,32.2,4514,526
PT_029,2025-01-30,29,72.0,26.5,5707,534
PT_029,2025-01-31,30,77.2,23.9,4463,507
PT_029,2025-02-01,31,79.9,25.2,4939,489
PT_029,2025-02-02,32,76.0,31.9,4980,470
PT_029,2025-02-03,33,79.2,28.8,5237,472
PT_029,2025-02-04,34,81.1,24.9,4984,502
PT_029,2025-02-05,35,82.4,23.1,4000,455
PT_029,2025-02-06,36,88.3,24.4,3992,484
PT_029,2025-02-07,37,84.4,23.6,4508,458
PT_029,2025-02-08,38,84.5,19.6,3612,558
PT_029,2025-02-09,39,86.1,20.6,4579,507
PT_029,2025-02-10,40,83.7,22.0,4438,456
PT_029,2025-02-11,41,78.3,24.8,4812,497
PT_029,2025-02-12,42,74.6,29.8,5537,501
PT_029,2025-02-13,43,72.1,35.6,6545,528
PT_029,2025-02-14,44,73.4,32.4,6730,507
PT_029,2025-02-15,45,63.8,45.2,7613,517
PT_029,2025-02-16,46,64.5,40.9,8532,490
PT_029,2025-02-17,47,69.0,44.6,6854,468
PT_029,2025-02-18,48,66.3,45.1,7840,489
PT_029,2025-02-19,49,64.9,43.1,7457,514
PT_029,2025-02-20,50,64.3,42.9,7056,451
PT_029,2025-02-21,51,61.9,44.3,7281,465
PT_029,2025-02-22,52,61.3,38.6,7660,480
PT_029,2025-02-23,53,59.7,45.8,6964,432
PT_029,2025-02-24,54,61.0,38.7,7101,467
PT_029,2025-02-25,55,67.8,44.6,6060,481
PT_029,2025-02-26,56,63.1,38.8,7026,482
PT_029,2025-02-27,57,64.4,42.8,7149,437
PT_029,2025-02-28,58,63.5,42.5,7215,470
PT_029,2025-03-01,59,74.8,35.3,7156,461
PT_029,2025-03-02,60,72.7,34.7,5539,573
PT_029,2025-03-03,61,73.7,36.7,5511,497
PT_029,2025-03-04,62,73.7,32.8,5636,481
PT_029,2025-03-05,63,70.4,34.8,5564,556
PT_029,2025-03-06,64,73.7,29.6,6045,430
PT_029,2025-03-07,65,73.7,31.9,5712,487
PT_029,2025-03-08,66,74.5,33.0,6020,496
PT_029,2025-03-09,67,72.8,31.8,6121,452
PT_029,2025-03-10,68,72.0,34.3,5901,497
PT_029,2025-03-11,69,71.5,33.3,5557,475
PT_029,2025-03-12,70,69.4,36.3,5557,512
PT_029,2025-03-13,71,77.0,34.2,6067,489
PT_029,2025-03-14,72,73.9,31.5,5400,470
PT_029,2025-03-15,73,71.4,32.5,5654,507
PT_029,2025-03-16,74,79.1,28.1,5366,429
PT_029,2025-03-17,75,73.0,31.1,5623,425
PT_029,2025-03-18,76,70.9,30.6,5367,530
PT_029,2025-03-19,77,73.5,32.1,5645,492
PT_029,2025-03-20,78,62.4,44.2,7645,543
PT_029,2025-03-21,79,70.6,39.4,6831,495
PT_029,2025-03-22,80,73.4,31.9,6363,443
PT_029,2025-03-23,81,78.4,32.1,4726,470
PT_029,2025-03-24,82,77.4,28.1,5311,390
PT_029,2025-03-25,83,78.8,28.3,4691,452
PT_029,2025-03-26,84,80.4,25.7,4151,529
PT_029,2025-03-27,85,73.6,26.2,4289,495
PT_029,2025-03-28,86,77.9,23.5,4475,455
PT_029,2025-03-29,87,81.8,26.9,4432,485
PT_029,2025-03-30,88,80.9,23.8,5248,491
PT_029,2025-03-31,89,77.9,28.1,4445,493
PT_030,2025-01-01,0,75.5,49.9,6106,439
PT_030,2025-01-02,1,71.7,49.5,5537,461
PT_030,2025-01-03,2,76.4,45.6,6228,473
PT_030,2025-01-04,3,77.3,43.6,5104,463
PT_030,2025-01-05,4,75.2,46.6,5559,535
PT_030,2025-01-06,5,77.6,47.6,5676,478
PT_030,2025-01-07,6,74.4,49.1,6318,438
PT_030,2025-01-08,7,78.9,46.4,5195,482
PT_030,2025-01-09,8,80.3,42.6,5364,477
PT_030,2025-01-10,9,80.4,45.6,4896,530
PT_030,2025-01-11,10,78.4,38.4,5069,480
PT_030,2025-01-12,11,73.7,45.1,5395,428
PT_030,2025-01-13,12,75.7,47.0,5385,403
PT_030,2025-01-14,13,80.2,44.0,5417,488
PT_030,2025-01-15,14,78.9,42.5,5141,561
PT_030,2025-01-16,15,79.3,40.6,5883,393
PT_030,2025-01-17,16,82.0,38.1,4649,452
PT_030,2025-01-18,17,81.1,47.8,5054,410
PT_030,2025-01-19,18,77.9,42.7,4836,493
PT_030,2025-01-20,19,75.1,38.8,4734,483
PT_030,2025-01-21,20,72.9,42.8,4657,428
PT_030,2025-01-22,21,71.9,51.5,5924,509
PT_030,2025-01-23,22,72.7,54.0,6221,470
PT_030,2025-01-24,23,72.1,45.7,5705,464
PT_030,2025-01-25,24,68.9,53.0,6269,498
PT_030,2025-01-26,25,77.0,49.0,6278,501
PT_030,2025-01-27,26,75.2,50.8,6539,489
PT_030,2025-01-28,27,75.3,46.8,6004,518
PT_030,2025-01-29,28,73.0,51.1,5997,451
PT_030,2025-01-30,29,74.5,51.4,5560,463
PT_030,2025-01-31,30,71.9,44.0,6477,431
PT_030,2025-02-01,31,77.0,58.1,5355,505
PT_030,2025-02-02,32,78.9,46.7,5229,503
PT_030,2025-02-03,33,80.2,47.9,4678,492
PT_030,2025-02-04,34,76.6,37.0,4674,434
PT_030,2025-02-05,35,83.2,35.0,4138,479
PT_030,2025-02-06,36,83.6,35.2,2958,467
PT_030,2025-02-07,37,86.5,33.1,2742,433
PT_030,2025-02-08,38,87.6,29.2,2935,473
PT_030,2025-02-09,39,87.1,30.1,3253,492
PT_030,2025-02-10,40,91.7,27.8,3746,523
PT_030,2025-02-11,41,83.3,32.6,4174,456
PT_030,2025-02-12,42,80.9,40.0,4568,470
PT_030,2025-02-13,43,78.1,43.0,5009,418
PT_030,2025-02-14,44,80.6,41.4,4805,466
PT_030,2025-02-15,45,82.4,39.9,4362,468
PT_030,2025-02-16,46,75.4,42.5,4479,419
PT_030,2025-02-17,47,83.7,34.6,4146,491
PT_030,2025-02-18,48,84.1,38.6,4186,486
PT_030,2025-02-19,49,83.6,38.2,4592,444
PT_030,2025-02-20,50,78.5,37.3,4696,497
PT_030,2025-02-21,51,79.8,37.0,5052,503
PT_030,2025-02-22,52,73.9,45.9,4917,385
PT_030,2025-02-23,53,83.9,45.4,5456,485
PT_030,2025-02-24,54,73.7,47.1,5372,453
PT_030,2025-02-25,55,74.7,47.3,5205,477
PT_030,2025-02-26,56,81.6,38.6,5255,498
PT_030,2025-02-27,57,76.6,44.2,4492,457
PT_030,2025-02-28,58,83.0,34.2,4893,412
PT_030,2025-03-01,59,82.9,38.2,3622,489
PT_030,2025-03-02,60,86.1,41.1,4698,447
PT_030,2025-03-03,61,81.6,40.3,4694,476
PT_030,2025-03-04,62,80.6,38.0,3872,517
PT_030,2025-03-05,63,80.0,42.0,5128,495
PT_030,2025-03-06,64,85.2,37.4,4419,503
PT_030,2025-03-07,65,81.4,31.6,4011,440
PT_030,2025-03-08,66,82.8,40.2,4806,383
PT_030,2025-03-09,67,75.8,38.3,4843,431
PT_030,2025-03-10,68,92.5,25.7,2891,471
PT_030,2025-03-11,69,89.5,26.0,2559,500
PT_030,2025-03-12,70,92.3,31.3,2688,498
PT_030,2025-03-13,71,88.3,26.9,2781,436
PT_030,2025-03-14,72,89.6,28.8,3140,459
PT_030,2025-03-15,73,87.4,29.1,3405,523
PT_030,2025-03-16,74,84.8,29.0,2748,485
PT_030,2025-03-17,75,74.6,49.9,6214,476
PT_030,2025-03-18,76,73.7,38.9,4556,397
PT_030,2025-03-19,77,77.5,42.2,4784,476
PT_030,2025-03-20,78,85.0,36.4,3983,467
PT_030,2025-03-21,79,85.2,29.9,4151,466
PT_030,2025-03-22,80,80.7,30.0,3126,479
PT_030,2025-03-23,81,87.1,32.8,3616,534
PT_030,2025-03-24,82,83.4,34.1,3370,467
PT_030,2025-03-25,83,88.7,30.1,3330,476
PT_030,2025-03-26,84,87.4,29.4,3608,509
PT_030,2025-03-27,85,87.9,32.9,3658,482
PT_030,2025-03-28,86,84.7,37.8,4046,473
PT_030,2025-03-29,87,81.4,33.0,4247,526
PT_030,2025-03-30,88,83.5,36.5,3993,506
PT_030,2025-03-31,89,88.8,36.6,4165,444
PT_031,2025-01-01,0,76.4,31.1,6842,417
PT_031,2025-01-02,1,79.9,35.1,6833,395
PT_031,2025-01-03,2,81.0,31.8,6239,374
PT_031,2025-01-04,3,83.6,31.9,5787,372
PT_031,2025-01-05,4,86.5,25.2,4121,413
PT_031,2025-01-06,5,87.6,27.3,5113,416
PT_031,2025-01-07,6,83.7,24.8,5304,385
PT_031,2025-01-08,7,85.1,29.2,5490,370
PT_031,2025-01-09,8,85.4,27.4,4738,368
PT_031,2025-01-10,9,85.9,24.6,5064,452
PT_031,2025-01-11,10,85.2,27.5,5718,347
PT_031,2025-01-12,11,86.4,28.6,4812,391
PT_031,2025-01-13,12,86.7,29.9,5383,364
PT_031,2025-01-14,13,90.1,26.0,6119,400
PT_031,2025-01-15,14,83.4,28.1,5315,432
PT_031,2025-01-16,15,78.5,20.2,6037,390
PT_031,2025-01-17,16,87.6,29.2,6355,384
PT_031,2025-01-18,17,84.4,26.9,5364,356
PT_031,2025-01-19,18,80.7,30.8,4728,426
PT_031,2025-01-20,19,89.7,17.8,5491,478
PT_031,2025-01-21,20,83.8,20.6,4606,382
PT_031,2025-01-22,21,81.6,29.9,5781,425
PT_031,2025-01-23,22,84.3,30.6,5208,468
PT_031,2025-01-24,23,85.0,28.5,5823,434
PT_031,2025-01-25,24,80.2,31.3,5653,383
PT_031,2025-01-26,25,84.6,24.3,4998,457
PT_031,2025-01-27,26,76.2,34.8,6871,355
PT_031,2025-01-28,27,81.0,32.9,6306,366
PT_031,2025-01-29,28,84.6,24.9,5707,400
PT_031,2025-01-30,29,82.4,27.4,5844,432
PT_031,2025-01-31,30,89.3,26.6,4810,403
PT_031,2025-02-01,31,87.4,22.6,4930,413
PT_031,2025-02-02,32,89.3,23.3,4536,418
PT_031,2025-02-03,33,87.4,15.7,4393,369
PT_031,2025-02-04,34,86.2,16.4,4087,414
PT_031,2025-02-05,35,97.8,10.5,2754,325
PT_031,2025-02-06,36,94.0,14.1,2803,339
PT_031,2025-02-07,37,94.7,10.3,3383,374
PT_031,2025-02-08,38,95.9,8.7,2612,442
PT_031,2025-02-09,39,98.4,12.5,2906,395
PT_031,2025-02-10,40,96.3,10.5,2867,371
PT_031,2025-02-11,41,90.9,17.1,4101,419
PT_031,2025-02-12,42,87.2,21.0,5980,398
PT_031,2025-02-13,43,81.9,25.5,5542,421
PT_031,2025-02-14,44,83.8,24.1,4953,401
PT_031,2025-02-15,45,80.8,27.5,4505,378
PT_031,2025-02-16,46,79.5,28.8,5412,413
PT_031,2025-02-17,47,73.3,36.4,7206,384
PT_031,2025-02-18,48,78.4,38.5,7664,405
PT_031,2025-02-19,49,77.4,38.9,6404,401
PT_031,2025-02-20,50,77.0,38.0,6577,348
PT_031,2025-02-21,51,72.8,35.2,6708,386
PT_031,2025-02-22,52,76.6,36.6,6907,375
PT_031,2025-02-23,53,73.9,32.7,6557,364
PT_031,2025-02-24,54,75.9,40.5,7179,419
PT_031,2025-02-25,55,75.3,32.7,6884,386
PT_031,2025-02-26,56,74.6,34.0,5954,473
PT_031,2025-02-27,57,76.2,35.6,7028,415
PT_031,2025-02-28,58,72.0,30.8,6899,393
PT_031,2025-03-01,59,77.2,32.7,6462,375
PT_031,2025-03-02,60,76.9,34.5,7297,413
PT_031,2025-03-03,61,80.2,34.6,6542,417
PT_031,2025-03-04,62,76.4,37.6,5873,427
PT_031,2025-03-05,63,73.4,38.9,7672,399
PT_031,2025-03-06,64,77.4,25.0,6788,436
PT_031,2025-03-07,65,77.8,38.7,6513,444
PT_031,2025-03-08,66,78.2,29.9,6663,376
PT_031,2025-03-09,67,79.6,33.9,7197,455
PT_031,2025-03-10,68,75.6,28.7,7236,412
PT_031,2025-03-11,69,72.8,34.5,6695,457
PT_031,2025-03-12,70,79.3,33.0,6669,424
PT_031,2025-03-13,71,76.8,31.2,6287,365
PT_031,2025-03-14,72,80.1,33.6,7414,380
PT_031,2025-03-15,73,74.7,33.6,6053,441
PT_031,2025-03-16,74,80.9,34.7,6680,394
PT_031,2025-03-17,75,72.6,28.4,6784,445
PT_031,2025-03-18,76,82.0,27.7,6792,424
PT_031,2025-03-19,77,84.1,26.7,6227,403
PT_031,2025-03-20,78,83.1,35.4,5803,401
PT_031,2025-03-21,79,84.9,18.6,5243,442
PT_031,2025-03-22,80,81.2,19.1,5393,421
PT_031,2025-03-23,81,83.9,21.5,5052,409
PT_031,2025-03-24,82,83.3,28.0,5712,422
PT_031,2025-03-25,83,85.9,25.4,5666,402
PT_031,2025-03-26,84,83.8,31.2,4451,459
PT_031,2025-03-27,85,84.8,23.3,5942,381
PT_031,2025-03-28,86,87.0,24.9,4591,410
PT_031,2025-03-29,87,87.6,27.0,4977,377
PT_031,2025-03-30,88,79.9,30.6,5537,373
PT_031,2025-03-31,89,82.7,29.7,5507,383
PT_032,2025-01-01,0,74.4,39.1,6252,432
PT_032,2025-01-02,1,80.7,35.3,5156,468
PT_032,2025-01-03,2,79.3,35.7,5165,444
PT_032,2025-01-04,3,84.9,29.0,4770,403
PT_032,2025-01-05,4,84.4,32.2,4242,473
PT_032,2025-01-06,5,92.9,29.4,5447,440
PT_032,2025-01-07,6,88.9,26.3,3897,426
PT_032,2025-01-08,7,89.1,26.1,4273,435
PT_032,2025-01-09,8,88.0,27.0,3382,479
PT_032,2025-01-10,9,90.6,23.4,4677,396
PT_032,2025-01-11,10,90.4,25.7,3597,518
PT_032,2025-01-12,11,88.9,28.4,3987,442
PT_032,2025-01-13,12,85.5,30.1,3946,410
PT_032,2025-01-14,13,92.2,30.1,3923,381
PT_032,2025-01-15,14,87.1,28.4,3906,399
PT_032,2025-01-16,15,82.1,37.9,3949,408
PT_032,2025-01-17,16,82.6,28.1,4064,429
PT_032,2025-01-18,17,82.7,32.3,5106,423
PT_032,2025-01-19,18,82.2,36.9,4890,430
PT_032,2025-01-20,19,85.1,30.3,4986,439
PT_032,2025-01-21,20,84.5,32.9,4534,446
PT_032,2025-01-22,21,78.8,38.4,6217,431
PT_032,2025-01-23,22,78.7,42.9,5987,428
PT_032,2025-01-24,23,77.4,39.4,5893,387
PT_032,2025-01-25,24,83.0,40.4,5831,487
PT_032,2025-01-26,25,76.4,43.6,5979,461
PT_032,2025-01-27,26,80.0,35.7,4938,443
PT_032,2025-01-28,27,76.9,38.5,5905,457
PT_032,2025-01-29,28,81.7,40.9,5486,414
PT_032,2025-01-30,29,79.4,35.3,6289,433
PT_032,2025-01-31,30,78.8,44.2,5300,480
PT_032,2025-02-01,31,76.5,35.9,5165,362
PT_032,2025-02-02,32,77.4,39.6,4889,532
PT_032,2025-02-03,33,76.9,42.3,6066,455
PT_032,2025-02-04,34,85.9,34.2,4060,387
PT_032,2025-02-05,35,88.3,26.7,4266,452
PT_032,2025-02-06,36,92.9,23.7,3714,437
PT_032,2025-02-07,37,93.6,25.0,2808,438
PT_032,2025-02-08,38,92.9,23.3,3709,475
PT_032,2025-02-09,39,94.9,23.4,3111,504
PT_032,2025-02-10,40,95.1,26.1,2254,434
PT_032,2025-02-11,41,92.2,20.0,4400,411
PT_032,2025-02-12,42,88.0,20.9,4117,408
PT_032,2025-02-13,43,87.6,29.4,3925,409
PT_032,2025-02-14,44,85.2,26.9,4042,476
PT_032,2025-02-15,45,85.1,24.5,4527,472
PT_032,2025-02-16,46,91.4,25.0,4409,476
PT_032,2025-02-17,47,88.2,28.2,4097,403
PT_032,2025-02-18,48,88.3,24.3,4099,465
PT_032,2025-02-19,49,83.6,32.0,4121,493
PT_032,2025-02-20,50,84.7,28.8,3989,452
PT_032,2025-02-21,51,86.1,25.8,5147,383
PT_032,2025-02-22,52,91.8,19.8,3818,370
PT_032,2025-02-23,53,88.0,28.4,5303,465
PT_032,2025-02-24,54,82.4,31.6,4347,404
PT_032,2025-02-25,55,84.4,33.6,5033,373
PT_032,2025-02-26,56,84.7,32.4,4836,432
PT_032,2025-02-27,57,86.4,34.9,4712,474
PT_032,2025-02-28,58,88.9,36.5,4869,447
PT_032,2025-03-01,59,76.3,46.0,6245,452
PT_032,2025-03-02,60,81.6,39.5,5363,433
PT_032,2025-03-03,61,84.0,38.7,4608,436
PT_032,2025-03-04,62,87.9,25.8,3596,455
PT_032,2025-03-05,63,98.2,21.6,2964,480
PT_032,2025-03-06,64,94.4,19.0,2532,422
PT_032,2025-03-07,65,94.5,21.9,2861,467
PT_032,2025-03-08,66,96.0,21.0,3866,401
PT_032,2025-03-09,67,96.0,17.4,1970,416
PT_032,2025-03-10,68,96.2,16.5,2799,484
PT_032,2025-03-11,69,92.5,23.7,3403,433
PT_032,2025-03-12,70,92.8,20.7,3472,461
PT_032,2025-03-13,71,96.0,19.1,3626,428
PT_032,2025-03-14,72,91.3,21.5,3166,361
PT_032,2025-03-15,73,96.6,27.3,4022,406
PT_032,2025-03-16,74,85.3,22.7,3362,384
PT_032,2025-03-17,75,88.0,26.2,3692,431
PT_032,2025-03-18,76,90.8,29.6,3786,423
PT_032,2025-03-19,77,86.8,25.8,3503,441
PT_032,2025-03-20,78,84.3,29.2,4209,428
PT_032,2025-03-21,79,84.6,29.8,4117,434
PT_032,2025-03-22,80,77.3,46.1,6208,440
PT_032,2025-03-23,81,76.1,42.3,6073,397
PT_032,2025-03-24,82,79.7,38.7,5418,368
PT_032,2025-03-25,83,76.6,37.3,5752,453
PT_032,2025-03-26,84,80.5,29.9,6016,435
PT_032,2025-03-27,85,84.3,35.6,5283,406
PT_032,2025-03-28,86,81.2,32.7,5981,496
PT_032,2025-03-29,87,80.8,39.1,4785,448
PT_032,2025-03-30,88,83.9,36.3,5251,398
PT_032,2025-03-31,89,81.2,40.5,4726,450
PT_033,2025-01-01,0,70.8,43.7,7542,505
PT_033,2025-01-02,1,70.9,41.2,7435,523
PT_033,2025-01-03,2,70.6,41.4,6420,460
PT_033,2025-01-04,3,71.2,35.1,6678,538
PT_033,2025-01-05,4,74.2,36.8,5859,492
PT_033,2025-01-06,5,74.2,36.9,7128,550
PT_033,2025-01-07,6,68.5,39.7,7291,496
PT_033,2025-01-08,7,72.7,39.8,6793,526
PT_033,2025-01-09,8,76.6,38.4,6019,543
PT_033,2025-01-10,9,73.8,41.7,6930,499
PT_033,2025-01-11,10,71.4,43.9,5812,531
PT_033,2025-01-12,11,71.1,39.8,6295,522
PT_033,2025-01-13,12,70.3,39.5,5526,562
PT_033,2025-01-14,13,79.3,44.8,7116,516
PT_033,2025-01-15,14,72.5,45.4,6233,479
PT_033,2025-01-16,15,78.3,41.3,6583,487
PT_033,2025-01-17,16,75.8,33.4,6883,586
PT_033,2025-01-18,17,73.9,41.2,6451,501
PT_033,2025-01-19,18,74.7,47.7,6590,453
PT_033,2025-01-20,19,73.7,36.4,6338,493
PT_033,2025-01-21,20,72.2,39.4,7223,519
PT_033,2025-01-22,21,67.0,43.9,7791,557
PT_033,2025-01-23,22,71.6,44.0,6643,508
PT_033,2025-01-24,23,67.5,48.5,6793,567
PT_033,2025-01-25,24,71.5,44.8,7718,482
PT_033,2025-01-26,25,72.4,45.6,7318,483
PT_033,2025-01-27,26,67.8,47.4,7687,533
PT_033,2025-01-28,27,65.2,45.8,8194,550
PT_033,2025-01-29,28,69.6,45.2,7093,473
PT_033,2025-01-30,29,70.0,39.4,7946,531
PT_033,2025-01-31,30,69.9,47.2,8109,513
PT_033,2025-02-01,31,70.4,42.9,7383,549
PT_033,2025-02-02,32,70.4,49.2,6968,469
PT_033,2025-02-03,33,67.9,42.3,7403,515
PT_033,2025-02-04,34,72.3,43.9,6660,513
PT_033,2025-02-05,35,72.0,41.3,7652,462
PT_033,2025-02-06,36,70.3,43.7,6786,483
PT_033,2025-02-07,37,72.7,39.5,6381,504
PT_033,2025-02-08,38,73.4,40.8,7514,468
PT_033,2025-02-09,39,71.7,42.5,5989,543
PT_033,2025-02-10,40,72.2,43.7,6410,527
PT_033,2025-02-11,41,69.9,41.9,7400,536
PT_033,2025-02-12,42,75.3,41.2,5991,567
PT_033,2025-02-13,43,74.7,48.3,6213,462
PT_033,2025-02-14,44,76.1,36.3,6334,526
PT_033,2025-02-15,45,74.2,40.1,6674,493
PT_033,2025-02-16,46,77.8,34.1,6750,492
PT_033,2025-02-17,47,76.0,43.2,6222,495
PT_033,2025-02-18,48,75.2,41.9,6692,513
PT_033,2025-02-19,49,74.0,38.5,6190,531
PT_033,2025-02-20,50,75.4,44.5,6692,533
PT_033,2025-02-21,51,76.1,43.4,6752,521
PT_033,2025-02-22,52,74.9,44.0,7074,529
PT_033,2025-02-23,53,75.3,42.1,7102,498
PT_033,2025-02-24,54,71.7,41.0,7672,534
PT_033,2025-02-25,55,72.3,40.4,6453,463
PT_033,2025-02-26,56,72.0,45.4,7849,499
PT_033,2025-02-27,57,67.8,43.4,7837,464
PT_033,2025-02-28,58,69.7,49.7,7004,495
PT_033,2025-03-01,59,71.2,45.6,7275,499
PT_033,2025-03-02,60,67.4,45.3,6301,518
PT_033,2025-03-03,61,73.7,42.6,7404,528
PT_033,2025-03-04,62,68.1,45.7,7991,572
PT_033,2025-03-05,63,71.4,46.7,7673,483
PT_033,2025-03-06,64,70.1,47.0,7530,497
PT_033,2025-03-07,65,69.2,44.1,7489,540
PT_033,2025-03-08,66,69.5,39.2,7834,518
PT_033,2025-03-09,67,73.0,43.0,7061,546
PT_033,2025-03-10,68,75.2,40.4,6819,529
PT_033,2025-03-11,69,75.2,44.6,6595,481
PT_033,2025-03-12,70,74.7,41.4,6578,504
PT_033,2025-03-13,71,76.4,39.6,7143,448
PT_033,2025-03-14,72,77.4,35.6,6116,438
PT_033,2025-03-15,73,77.6,39.2,6063,431
PT_033,2025-03-16,74,76.6,38.8,6884,533
PT_033,2025-03-17,75,77.3,38.1,5870,493
PT_033,2025-03-18,76,78.3,39.6,6310,506
PT_033,2025-03-19,77,72.6,38.8,6417,537
PT_033,2025-03-20,78,74.9,37.8,6234,504
PT_033,2025-03-21,79,78.7,35.2,6568,501
PT_033,2025-03-22,80,76.5,33.5,6083,543
PT_033,2025-03-23,81,74.2,37.6,5846,489
PT_033,2025-03-24,82,76.3,33.4,6027,492
PT_033,2025-03-25,83,75.0,37.3,6795,534
PT_033,2025-03-26,84,77.9,40.6,6825,492
PT_033,2025-03-27,85,74.9,39.9,6147,491
PT_033,2025-03-28,86,75.4,40.2,5762,484
PT_033,2025-03-29,87,67.7,47.6,8164,537
PT_033,2025-03-30,88,71.2,46.2,6831,466
PT_033,2025-03-31,89,69.1,44.9,7986,499
PT_034,2025-01-01,0,75.9,43.5,7642,443
PT_034,2025-01-02,1,77.7,48.6,6347,432
PT_034,2025-01-03,2,77.7,39.9,6575,442
PT_034,2025-01-04,3,74.3,43.9,6723,435
PT_034,2025-01-05,4,76.1,42.3,7141,379
PT_034,2025-01-06,5,77.1,37.8,6537,343
PT_034,2025-01-07,6,78.9,37.3,6157,484
PT_034,2025-01-08,7,78.6,36.6,6313,485
PT_034,2025-01-09,8,81.0,40.8,7212,480
PT_034,2025-01-10,9,76.9,37.7,6950,402
PT_034,2025-01-11,10,80.8,41.9,6823,469
PT_034,2025-01-12,11,74.5,37.0,7076,445
PT_034,2025-01-13,12,79.9,34.6,6598,465
PT_034,2025-01-14,13,78.4,42.5,7077,437
PT_034,2025-01-15,14,76.8,41.6,6475,383
PT_034,2025-01-16,15,81.2,34.6,6746,468
PT_034,2025-01-17,16,79.5,35.6,6812,442
PT_034,2025-01-18,17,84.8,38.4,6441,456
PT_034,2025-01-19,18,84.6,37.1,6779,344
PT_034,2025-01-20,19,81.4,39.1,5896,431
PT_034,2025-01-21,20,78.6,38.7,6383,462
PT_034,2025-01-22,21,75.2,43.5,7918,437
PT_034,2025-01-23,22,72.8,43.4,7111,474
PT_034,2025-01-24,23,75.7,48.4,7098,435
PT_034,2025-01-25,24,72.2,48.4,6883,459
PT_034,2025-01-26,25,72.8,39.3,6106,362
PT_034,2025-01-27,26,80.7,39.3,6446,420
PT_034,2025-01-28,27,81.0,38.0,6419,446
PT_034,2025-01-29,28,79.8,40.4,6398,417
PT_034,2025-01-30,29,80.7,42.5,6420,468
PT_034,2025-01-31,30,72.8,36.1,6633,396
PT_034,2025-02-01,31,78.4,36.9,6358,440
PT_034,2025-02-02,32,75.1,38.7,7996,424
PT_034,2025-02-03,33,79.0,34.6,7162,521
PT_034,2025-02-04,34,82.1,44.4,6502,506
PT_034,2025-02-05,35,88.2,30.3,5731,388
PT_034,2025-02-06,36,85.6,33.4,4751,371
PT_034,2025-02-07,37,88.3,28.0,5352,423
PT_034,2025-02-08,38,86.8,37.6,4384,429
PT_034,2025-02-09,39,89.0,25.4,5538,380
PT_034,2025-02-10,40,86.0,25.8,5495,430
PT_034,2025-02-11,41,86.0,25.9,4070,443
PT_034,2025-02-12,42,89.5,33.0,5943,420
PT_034,2025-02-13,43,86.2,34.0,5209,469
PT_034,2025-02-14,44,82.7,36.9,5826,461
PT_034,2025-02-15,45,87.5,27.9,5562,399
PT_034,2025-02-16,46,92.0,28.1,4886,400
PT_034,2025-02-17,47,86.0,28.7,4990,417
PT_034,2025-02-18,48,81.9,35.1,5992,481
PT_034,2025-02-19,49,82.7,33.0,4898,462
PT_034,2025-02-20,50,82.9,31.6,6431,453
PT_034,2025-02-21,51,80.5,34.2,5537,510
PT_034,2025-02-22,52,84.2,36.1,6496,442
PT_034,2025-02-23,53,72.9,45.6,7772,412
PT_034,2025-02-24,54,80.2,43.1,6965,485
PT_034,2025-02-25,55,82.0,35.1,6172,490
PT_034,2025-02-26,56,82.6,32.5,5240,457
PT_034,2025-02-27,57,86.5,34.7,5886,490
PT_034,2025-02-28,58,81.3,33.7,5153,438
PT_034,2025-03-01,59,84.2,35.6,5759,452
PT_034,2025-03-02,60,85.2,33.2,6149,406
PT_034,2025-03-03,61,79.6,31.3,5798,389
PT_034,2025-03-04,62,81.8,30.4,5096,416
PT_034,2025-03-05,63,81.9,34.6,5413,439
PT_034,2025-03-06,64,76.7,30.9,6017,427
PT_034,2025-03-07,65,81.5,33.5,6671,455
PT_034,2025-03-08,66,79.9,35.6,5845,428
PT_034,2025-03-09,67,89.4,21.9,4794,401
PT_034,2025-03-10,68,88.8,25.3,4353,406
PT_034,2025-03-11,69,86.0,26.6,4498,391
PT_034,2025-03-12,70,86.4,27.6,5501,390
PT_034,2025-03-13,71,87.1,34.5,5602,427
PT_034,2025-03-14,72,86.0,24.3,4799,392
PT_034,2025-03-15,73,87.6,27.0,5163,459
PT_034,2025-03-16,74,79.0,47.0,7534,371
PT_034,2025-03-17,75,75.1,35.9,6459,470
PT_034,2025-03-18,76,81.3,35.1,5895,384
PT_034,2025-03-19,77,85.6,38.2,4892,461
PT_034,2025-03-20,78,89.6,28.8,5412,445
PT_034,2025-03-21,79,88.3,26.5,5103,414
PT_034,2025-03-22,80,88.6,24.8,4513,456
PT_034,2025-03-23,81,89.0,27.2,4961,489
PT_034,2025-03-24,82,89.5,28.5,5428,466
PT_034,2025-03-25,83,89.8,28.7,4530,392
PT_034,2025-03-26,84,89.7,30.2,4750,387
PT_034,2025-03-27,85,88.8,33.4,5092,417
PT_034,2025-03-28,86,88.5,28.8,4993,409
PT_034,2025-03-29,87,90.8,33.4,5362,381
PT_034,2025-03-30,88,89.5,31.0,4062,454
PT_034,2025-03-31,89,81.1,27.3,5447,448
PT_035,2025-01-01,0,70.1,44.6,5584,478
PT_035,2025-01-02,1,69.1,31.0,5024,439
PT_035,2025-01-03,2,74.8,31.1,3763,426
PT_035,2025-01-04,3,81.2,20.8,4171,480
PT_035,2025-01-05,4,77.9,23.2,3700,486
PT_035,2025-01-06,5,77.2,31.0,3888,501
PT_035,2025-01-07,6,80.6,27.7,3649,460
PT_035,2025-01-08,7,74.2,30.7,3919,447
PT_035,2025-01-09,8,74.6,23.2,3655,436
PT_035,2025-01-10,9,76.4,28.2,3891,452
PT_035,2025-01-11,10,73.1,27.4,2779,402
PT_035,2025-01-12,11,75.6,26.6,3675,474
PT_035,2025-01-13,12,77.7,21.4,3841,476
PT_035,2025-01-14,13,80.2,21.3,3639,427
PT_035,2025-01-15,14,80.2,28.0,3398,426
PT_035,2025-01-16,15,74.8,19.9,2723,497
PT_035,2025-01-17,16,81.5,22.3,3742,423
PT_035,2025-01-18,17,76.8,25.6,3377,429
PT_035,2025-01-19,18,77.1,23.8,4065,501
PT_035,2025-01-20,19,78.1,20.7,3434,425
PT_035,2025-01-21,20,76.7,26.7,4326,507
PT_035,2025-01-22,21,67.5,35.1,4924,398
PT_035,2025-01-23,22,73.5,33.8,5615,450
PT_035,2025-01-24,23,66.0,32.1,4893,458
PT_035,2025-01-25,24,67.8,32.6,6143,506
PT_035,2025-01-26,25,66.5,30.6,5461,438
PT_035,2025-01-27,26,70.7,33.1,4295,460
PT_035,2025-01-28,27,73.7,31.3,4438,514
PT_035,2025-01-29,28,70.1,35.2,4580,399
PT_035,2025-01-30,29,69.6,33.7,4952,469
PT_035,2025-01-31,30,69.5,33.3,5634,420
PT_035,2025-02-01,31,68.2,34.3,5030,490
PT_035,2025-02-02,32,73.4,34.2,4495,422
PT_035,2025-02-03,33,75.1,29.4,4376,455
PT_035,2025-02-04,34,75.6,29.5,3550,523
PT_035,2025-02-05,35,79.5,27.1,4158,517
PT_035,2025-02-06,36,74.3,23.1,4067,490
PT_035,2025-02-07,37,78.2,22.0,4016,456
PT_035,2025-02-08,38,74.7,19.2,3314,492
PT_035,2025-02-09,39,79.5,19.0,4107,468
PT_035,2025-02-10,40,79.2,23.8,3175,469
PT_035,2025-02-11,41,76.9,26.5,3652,496
PT_035,2025-02-12,42,77.0,24.5,3979,414
PT_035,2025-02-13,43,78.2,24.2,3987,438
PT_035,2025-02-14,44,74.4,25.6,3732,507
PT_035,2025-02-15,45,76.0,27.1,4335,450
PT_035,2025-02-16,46,78.4,29.0,3741,464
PT_035,2025-02-17,47,80.6,25.4,4107,463
PT_035,2025-02-18,48,79.3,26.6,4916,456
PT_035,2025-02-19,49,74.0,26.7,3741,474
PT_035,2025-02-20,50,69.9,29.7,4440,440
PT_035,2025-02-21,51,72.2,32.3,4012,449
PT_035,2025-02-22,52,68.7,33.6,4569,455
PT_035,2025-02-23,53,67.1,33.4,5314,441
PT_035,2025-02-24,54,70.9,37.4,4885,482
PT_035,2025-02-25,55,70.1,30.0,5502,427
PT_035,2025-02-26,56,69.1,31.1,5929,450
PT_035,2025-02-27,57,68.9,35.1,5154,464
PT_035,2025-02-28,58,72.4,39.5,5334,497
PT_035,2025-03-01,59,68.9,36.1,5642,449
PT_035,2025-03-02,60,71.0,36.8,5345,486
PT_035,2025-03-03,61,68.6,38.0,4959,381
PT_035,2025-03-04,62,69.5,37.3,5391,445
PT_035,2025-03-05,63,69.7,33.8,5430,452
PT_035,2025-03-06,64,70.3,33.5,5925,413
PT_035,2025-03-07,65,66.8,32.0,4755,435
PT_035,2025-03-08,66,74.4,29.6,3529,487
PT_035,2025-03-09,67,74.1,30.9,4970,476
PT_035,2025-03-10,68,75.2,30.3,3583,465
PT_035,2025-03-11,69,70.4,33.8,3724,433
PT_035,2025-03-12,70,72.6,24.9,4703,408
PT_035,2025-03-13,71,74.2,28.3,3266,424
PT_035,2025-03-14,72,74.1,33.8,3414,504
PT_035,2025-03-15,73,72.8,32.7,4441,479
PT_035,2025-03-16,74,77.2,23.9,4643,450
PT_035,2025-03-17,75,74.6,26.7,4140,485
PT_035,2025-03-18,76,76.0,27.3,4160,543
PT_035,2025-03-19,77,72.8,32.9,4839,432
PT_035,2025-03-20,78,63.8,24.1,4445,363
PT_035,2025-03-21,79,76.4,30.0,4477,435
PT_035,2025-03-22,80,72.5,27.3,5089,405
PT_035,2025-03-23,81,76.5,31.7,5275,362
PT_035,2025-03-24,82,73.4,29.6,5089,517
PT_035,2025-03-25,83,70.8,26.6,4798,510
PT_035,2025-03-26,84,64.9,34.0,4959,419
PT_035,2025-03-27,85,71.9,26.9,5291,468
PT_035,2025-03-28,86,72.6,29.5,4643,468
PT_035,2025-03-29,87,73.0,31.7,4257,415
PT_035,2025-03-30,88,76.9,31.2,4215,477
PT_035,2025-03-31,89,78.3,23.9,3943,498
PT_036,2025-01-01,0,75.1,29.7,7556,416
PT_036,2025-01-02,1,82.3,31.5,6455,455
PT_036,2025-01-03,2,73.9,28.4,6567,456
PT_036,2025-01-04,3,81.2,28.5,6083,468
PT_036,2025-01-05,4,84.9,29.7,5161,441
PT_036,2025-01-06,5,91.7,27.9,5548,465
PT_036,2025-01-07,6,83.4,23.4,5539,525
PT_036,2025-01-08,7,83.8,26.3,5536,511
PT_036,2025-01-09,8,84.3,18.2,5709,526
PT_036,2025-01-10,9,79.2,24.0,5447,426
PT_036,2025-01-11,10,84.2,26.2,5939,527
PT_036,2025-01-12,11,86.1,23.0,4997,457
PT_036,2025-01-13,12,86.3,24.7,5124,492
PT_036,2025-01-14,13,75.9,25.5,5600,480
PT_036,2025-01-15,14,87.6,16.8,6173,509
PT_036,2025-01-16,15,87.8,24.1,5234,434
PT_036,2025-01-17,16,82.7,19.9,4312,489
PT_036,2025-01-18,17,80.3,23.4,5863,436
PT_036,2025-01-19,18,86.6,20.4,4707,535
PT_036,2025-01-20,19,88.3,26.2,4995,458
PT_036,2025-01-21,20,83.6,27.8,6135,481
PT_036,2025-01-22,21,78.1,36.8,7269,462
PT_036,2025-01-23,22,70.4,36.7,7968,445
PT_036,2025-01-24,23,78.5,38.3,7411,482
PT_036,2025-01-25,24,74.2,45.7,7358,467
PT_036,2025-01-26,25,74.8,37.4,6492,425
PT_036,2025-01-27,26,69.2,41.4,8104,497
PT_036,2025-01-28,27,74.9,34.2,7391,487
PT_036,2025-01-29,28,70.7,33.7,7494,452
PT_036,2025-01-30,29,79.4,36.8,7385,460
PT_036,2025-01-31,30,74.4,39.3,7551,421
PT_036,2025-02-01,31,74.2,40.5,7560,487
PT_036,2025-02-02,32,68.6,32.6,7706,493
PT_036,2025-02-03,33,76.3,34.1,7124,506
PT_036,2025-02-04,34,75.0,35.3,7336,463
PT_036,2025-02-05,35,76.8,32.7,7877,447
PT_036,2025-02-06,36,69.9,37.2,7537,457
PT_036,2025-02-07,37,71.3,34.4,7101,481
PT_036,2025-02-08,38,70.4,35.7,7082,454
PT_036,2025-02-09,39,70.5,35.7,6492,447
PT_036,2025-02-10,40,68.9,29.8,6233,428
PT_036,2025-02-11,41,73.1,33.1,6797,457
PT_036,2025-02-12,42,75.5,36.7,6559,467
PT_036,2025-02-13,43,75.3,33.6,7121,432
PT_036,2025-02-14,44,74.9,37.6,6264,489
PT_036,2025-02-15,45,71.1,40.8,7281,538
PT_036,2025-02-16,46,77.8,27.0,6941,504
PT_036,2025-02-17,47,77.0,34.1,6632,447
PT_036,2025-02-18,48,81.2,34.9,6901,483
PT_036,2025-02-19,49,72.5,29.1,6853,487
PT_036,2025-02-20,50,73.6,36.3,6981,520
PT_036,2025-02-21,51,78.0,35.1,7061,458
PT_036,2025-02-22,52,73.3,31.9,6947,439
PT_036,2025-02-23,53,84.1,29.5,5530,459
PT_036,2025-02-24,54,80.5,29.8,5690,467
PT_036,2025-02-25,55,82.2,29.0,6262,462
PT_036,2025-02-26,56,77.8,30.9,6281,424
PT_036,2025-02-27,57,80.7,30.7,7380,450
PT_036,2025-02-28,58,80.1,24.8,7906,527
PT_036,2025-03-01,59,81.0,30.8,6000,467
PT_036,2025-03-02,60,74.2,32.3,7727,428
PT_036,2025-03-03,61,76.5,35.2,6887,485
PT_036,2025-03-04,62,83.2,30.1,5517,486
PT_036,2025-03-05,63,82.5,24.2,5133,464
PT_036,2025-03-06,64,85.7,31.7,5244,522
PT_036,2025-03-07,65,86.1,24.4,6192,491
PT_036,2025-03-08,66,83.4,26.1,5812,472
PT_036,2025-03-09,67,83.3,26.3,5198,461
PT_036,2025-03-10,68,85.7,19.5,5398,496
PT_036,2025-03-11,69,83.2,19.9,5232,498
PT_036,2025-03-12,70,86.0,22.1,5821,493
PT_036,2025-03-13,71,83.7,22.6,4908,476
PT_036,2025-03-14,72,84.3,20.6,5700,473
PT_036,2025-03-15,73,88.7,26.2,5020,538
PT_036,2025-03-16,74,85.2,19.9,4274,469
PT_036,2025-03-17,75,84.3,25.2,5079,443
PT_036,2025-03-18,76,87.8,26.1,5882,426
PT_036,2025-03-19,77,86.4,25.0,4775,408
PT_036,2025-03-20,78,88.0,20.5,5787,449
PT_036,2025-03-21,79,81.4,27.0,5572,472
PT_036,2025-03-22,80,79.8,24.8,5613,447
PT_036,2025-03-23,81,71.5,33.6,6335,533
PT_036,2025-03-24,82,75.3,32.9,7104,468
PT_036,2025-03-25,83,80.2,36.2,6430,506
PT_036,2025-03-26,84,84.1,26.1,6185,449
PT_036,2025-03-27,85,85.4,27.9,5741,465
PT_036,2025-03-28,86,80.0,24.4,5596,487
PT_036,2025-03-29,87,79.5,22.4,4975,483
PT_036,2025-03-30,88,81.6,26.5,5485,454
PT_036,2025-03-31,89,84.0,24.4,4700,510
PT_037,2025-01-01,0,64.1,46.9,6510,394
PT_037,2025-01-02,1,64.9,52.2,6629,389
PT_037,2025-01-03,2,69.6,46.0,5988,434
PT_037,2025-01-04,3,66.9,42.9,5386,409
PT_037,2025-01-05,4,68.5,44.8,5827,433
PT_037,2025-01-06,5,77.6,41.5,4805,463
PT_037,2025-01-07,6,72.2,38.1,5186,407
PT_037,2025-01-08,7,74.3,46.1,6178,456
PT_037,2025-01-09,8,75.1,39.4,5674,438
PT_037,2025-01-10,9,81.1,41.3,4838,434
PT_037,2025-01-11,10,73.9,44.9,5040,463
PT_037,2025-01-12,11,73.7,45.2,5386,481
PT_037,2025-01-13,12,72.8,46.2,5273,430
PT_037,2025-01-14,13,75.5,40.7,4376,444
PT_037,2025-01-15,14,73.4,36.9,5539,400
PT_037,2025-01-16,15,69.5,40.6,5215,436
PT_037,2025-01-17,16,74.9,42.5,5560,412
PT_037,2025-01-18,17,67.0,44.8,5722,478
PT_037,2025-01-19,18,68.5,42.0,5904,409
PT_037,2025-01-20,19,69.6,44.4,6349,467
PT_037,2025-01-21,20,74.4,45.4,5518,433
PT_037,2025-01-22,21,67.3,57.4,6411,435
PT_037,2025-01-23,22,68.8,53.5,6529,439
PT_037,2025-01-24,23,64.4,52.2,7011,479
PT_037,2025-01-25,24,68.7,49.0,6603,424
PT_037,2025-01-26,25,66.0,52.7,6401,371
PT_037,2025-01-27,26,65.6,44.2,6777,455
PT_037,2025-01-28,27,67.3,46.8,7666,413
PT_037,2025-01-29,28,69.8,45.4,6889,423
PT_037,2025-01-30,29,67.3,49.1,6514,419
PT_037,2025-01-31,30,68.0,48.9,5579,432
PT_037,2025-02-01,31,68.6,50.7,6998,446
PT_037,2025-02-02,32,61.1,51.2,6900,453
PT_037,2025-02-03,33,67.2,51.1,6875,462
PT_037,2025-02-04,34,63.6,43.1,6937,457
PT_037,2025-02-05,35,67.9,50.5,5914,405
PT_037,2025-02-06,36,71.6,46.8,6082,389
PT_037,2025-02-07,37,74.7,43.9,4995,419
PT_037,2025-02-08,38,71.5,44.0,6043,441
PT_037,2025-02-09,39,77.0,45.5,5043,478
PT_037,2025-02-10,40,72.2,37.7,5196,415
PT_037,2025-02-11,41,73.0,44.1,5099,495
PT_037,2025-02-12,42,72.8,43.9,5231,461
PT_037,2025-02-13,43,71.9,51.6,4508,468
PT_037,2025-02-14,44,73.3,42.6,5214,420
PT_037,2025-02-15,45,72.6,41.6,5613,502
PT_037,2025-02-16,46,72.6,48.8,5089,358
PT_037,2025-02-17,47,75.7,40.4,5482,448
PT_037,2025-02-18,48,71.0,45.0,5503,397
PT_037,2025-02-19,49,69.3,46.6,4999,431
PT_037,2025-02-20,50,72.9,46.6,4905,455
PT_037,2025-02-21,51,72.8,43.5,5629,401
PT_037,2025-02-22,52,69.7,42.5,6117,424
PT_037,2025-02-23,53,65.9,42.6,5983,439
PT_037,2025-02-24,54,70.2,48.4,5852,451
PT_037,2025-02-25,55,60.0,46.3,6565,465
PT_037,2025-02-26,56,64.8,52.2,6705,465
PT_037,2025-02-27,57,70.0,51.8,6530,445
PT_037,2025-02-28,58,70.9,51.9,6491,430
PT_037,2025-03-01,59,70.7,45.3,5634,449
PT_037,2025-03-02,60,72.0,49.8,5859,471
PT_037,2025-03-03,61,70.1,47.4,5901,470
PT_037,2025-03-04,62,75.1,42.4,5958,484
PT_037,2025-03-05,63,72.5,42.4,5786,439
PT_037,2025-03-06,64,79.7,43.3,5633,383
PT_037,2025-03-07,65,70.3,41.8,5105,457
PT_037,2025-03-08,66,76.3,45.7,5185,420
PT_037,2025-03-09,67,70.0,42.3,6123,469
PT_037,2025-03-10,68,72.4,42.0,5072,455
PT_037,2025-03-11,69,73.6,44.9,5363,434
PT_037,2025-03-12,70,73.5,43.9,5461,374
PT_037,2025-03-13,71,75.2,44.8,4689,398
PT_037,2025-03-14,72,69.1,49.6,4727,432
PT_037,2025-03-15,73,68.3,45.3,5369,368
PT_037,2025-03-16,74,74.2,46.0,6112,412
PT_037,2025-03-17,75,69.7,41.9,6157,383
PT_037,2025-03-18,76,76.5,46.1,5794,426
PT_037,2025-03-19,77,67.0,46.3,6338,433
PT_037,2025-03-20,78,68.8,54.3,6543,488
PT_037,2025-03-21,79,69.7,52.4,6957,426
PT_037,2025-03-22,80,70.1,48.8,5734,422
PT_037,2025-03-23,81,67.2,46.4,5733,511
PT_037,2025-03-24,82,76.7,47.9,5589,466
PT_037,2025-03-25,83,73.0,48.1,5888,444
PT_037,2025-03-26,84,73.0,47.7,5867,390
PT_037,2025-03-27,85,70.3,48.3,5186,424
PT_037,2025-03-28,86,70.4,40.6,6219,465
PT_037,2025-03-29,87,71.2,47.7,5983,330
PT_037,2025-03-30,88,72.8,47.6,5358,395
PT_037,2025-03-31,89,71.4,42.9,5738,403
PT_038,2025-01-01,0,66.1,50.3,5721,436
PT_038,2025-01-02,1,74.7,52.3,5444,418
PT_038,2025-01-03,2,68.3,48.6,5411,414
PT_038,2025-01-04,3,69.8,50.9,5367,417
PT_038,2025-01-05,4,75.7,46.5,5088,441
PT_038,2025-01-06,5,75.4,44.2,4962,474
PT_038,2025-01-07,6,76.1,45.9,4905,388
PT_038,2025-01-08,7,76.3,44.6,5645,391
PT_038,2025-01-09,8,73.9,39.3,4726,447
PT_038,2025-01-10,9,74.3,47.5,4299,460
PT_038,2025-01-11,10,76.0,45.6,4163,403
PT_038,2025-01-12,11,74.3,48.1,4903,503
PT_038,2025-01-13,12,75.2,47.7,3548,414
PT_038,2025-01-14,13,75.1,45.7,4370,432
PT_038,2025-01-15,14,73.5,42.4,5343,486
PT_038,2025-01-16,15,79.2,46.2,4720,435
PT_038,2025-01-17,16,73.5,45.3,5709,398
PT_038,2025-01-18,17,71.6,47.3,5013,407
PT_038,2025-01-19,18,72.3,45.4,5914,420
PT_038,2025-01-20,19,75.6,46.7,5938,455
PT_038,2025-01-21,20,72.0,50.1,6052,447
PT_038,2025-01-22,21,72.1,58.2,6025,404
PT_038,2025-01-23,22,73.3,47.2,5421,444
PT_038,2025-01-24,23,65.9,50.9,6380,432
PT_038,2025-01-25,24,69.5,46.8,6056,382
PT_038,2025-01-26,25,72.5,48.5,5423,450
PT_038,2025-01-27,26,69.6,56.4,5266,481
PT_038,2025-01-28,27,70.4,51.2,5614,393
PT_038,2025-01-29,28,71.9,49.3,5257,482
PT_038,2025-01-30,29,72.5,54.0,6213,404
PT_038,2025-01-31,30,72.7,50.6,5803,392
PT_038,2025-02-01,31,72.1,41.1,5383,371
PT_038,2025-02-02,32,74.3,46.1,5083,476
PT_038,2025-02-03,33,74.3,46.1,5578,381
PT_038,2025-02-04,34,80.3,40.5,4959,414
PT_038,2025-02-05,35,77.5,41.8,4465,426
PT_038,2025-02-06,36,79.4,49.3,4118,455
PT_038,2025-02-07,37,75.3,42.8,4115,505
PT_038,2025-02-08,38,82.6,42.5,4479,472
PT_038,2025-02-09,39,76.4,41.6,4811,417
PT_038,2025-02-10,40,80.7,41.8,4630,442
PT_038,2025-02-11,41,81.8,49.7,3563,417
PT_038,2025-02-12,42,73.5,46.9,4669,411
PT_038,2025-02-13,43,75.0,48.8,4751,337
PT_038,2025-02-14,44,76.0,42.4,5508,469
PT_038,2025-02-15,45,74.2,38.4,4699,446
PT_038,2025-02-16,46,74.2,54.1,5004,395
PT_038,2025-02-17,47,74.0,46.8,5387,376
PT_038,2025-02-18,48,76.5,44.2,6209,415
PT_038,2025-02-19,49,76.4,48.5,4996,372
PT_038,2025-02-20,50,67.3,57.4,5801,390
PT_038,2025-02-21,51,71.5,51.6,5887,414
PT_038,2025-02-22,52,64.1,55.0,6932,423
PT_038,2025-02-23,53,72.6,55.2,6033,393
PT_038,2025-02-24,54,70.5,56.4,6087,443
PT_038,2025-02-25,55,67.6,50.6,7200,413
PT_038,2025-02-26,56,65.1,51.0,5783,433
PT_038,2025-02-27,57,68.0,54.7,5716,465
PT_038,2025-02-28,58,66.8,51.1,5585,373
PT_038,2025-03-01,59,71.4,54.7,5656,440
PT_038,2025-03-02,60,69.4,58.1,6962,387
PT_038,2025-03-03,61,69.7,61.0,6042,371
PT_038,2025-03-04,62,68.6,55.1,5902,409
PT_038,2025-03-05,63,70.7,54.6,5702,405
PT_038,2025-03-06,64,70.5,49.1,5534,406
PT_038,2025-03-07,65,71.4,46.3,5805,433
PT_038,2025-03-08,66,67.4,51.2,5234,386
PT_038,2025-03-09,67,71.6,50.5,5862,479
PT_038,2025-03-10,68,73.7,47.9,5393,440
PT_038,2025-03-11,69,70.5,50.7,4984,404
PT_038,2025-03-12,70,70.6,50.9,6465,449
PT_038,2025-03-13,71,68.1,42.8,5199,392
PT_038,2025-03-14,72,71.5,50.8,5526,436
PT_038,2025-03-15,73,73.7,51.2,5628,406
PT_038,2025-03-16,74,72.0,47.9,4909,380
PT_038,2025-03-17,75,80.7,39.1,4765,355
PT_038,2025-03-18,76,76.2,44.9,4751,385
PT_038,2025-03-19,77,81.1,44.5,4150,393
PT_038,2025-03-20,78,76.5,42.0,4820,432
PT_038,2025-03-21,79,74.8,41.8,4417,433
PT_038,2025-03-22,80,74.4,43.3,4220,384
PT_038,2025-03-23,81,79.7,40.8,4357,461
PT_038,2025-03-24,82,65.1,60.0,5637,427
PT_038,2025-03-25,83,74.3,52.3,5359,474
PT_038,2025-03-26,84,73.5,43.6,5105,398
PT_038,2025-03-27,85,80.4,40.6,4700,371
PT_038,2025-03-28,86,81.5,37.4,4063,445
PT_038,2025-03-29,87,81.5,46.6,3634,413
PT_038,2025-03-30,88,81.4,41.8,4062,395
PT_038,2025-03-31,89,79.7,33.7,3698,425
PT_039,2025-01-01,0,65.9,59.7,6359,438
PT_039,2025-01-02,1,66.0,60.5,7355,468
PT_039,2025-01-03,2,69.1,58.8,5632,448
PT_039,2025-01-04,3,73.4,51.0,5852,430
PT_039,2025-01-05,4,71.5,53.3,4766,395
PT_039,2025-01-06,5,74.4,46.2,4431,439
PT_039,2025-01-07,6,73.9,42.0,5182,442
PT_039,2025-01-08,7,75.1,41.5,5596,440
PT_039,2025-01-09,8,75.0,51.5,4797,466
PT_039,2025-01-10,9,71.6,53.2,5346,473
PT_039,2025-01-11,10,78.2,46.1,5723,433
PT_039,2025-01-12,11,73.7,50.6,4592,449
PT_039,2025-01-13,12,77.1,49.0,4709,420
PT_039,2025-01-14,13,71.1,44.4,5647,384
PT_039,2025-01-15,14,74.5,46.1,4664,378
PT_039,2025-01-16,15,72.7,49.0,4456,379
PT_039,2025-01-17,16,78.8,45.2,6133,392
PT_039,2025-01-18,17,73.3,43.8,5269,378
PT_039,2025-01-19,18,75.0,47.9,5390,423
PT_039,2025-01-20,19,72.8,49.0,4811,476
PT_039,2025-01-21,20,73.3,50.4,5488,477
PT_039,2025-01-22,21,58.6,62.9,7551,446
PT_039,2025-01-23,22,61.7,61.4,6916,457
PT_039,2025-01-24,23,59.8,59.7,7238,457
PT_039,2025-01-25,24,66.8,60.4,6736,408
PT_039,2025-01-26,25,61.0,63.2,7191,390
PT_039,2025-01-27,26,66.2,60.5,6977,423
PT_039,2025-01-28,27,65.8,55.8,6512,454
PT_039,2025-01-29,28,62.1,58.2,7280,460
PT_039,2025-01-30,29,61.5,58.4,7454,443
PT_039,2025-01-31,30,64.2,57.2,6934,390
PT_039,2025-02-01,31,61.0,63.5,7021,408
PT_039,2025-02-02,32,59.7,62.2,7088,481
PT_039,2025-02-03,33,65.9,55.4,6767,485
PT_039,2025-02-04,34,68.3,61.2,6278,413
PT_039,2025-02-05,35,63.9,51.8,6788,435
PT_039,2025-02-06,36,69.7,54.7,5294,453
PT_039,2025-02-07,37,70.0,58.0,5462,406
PT_039,2025-02-08,38,69.5,51.0,5269,486
PT_039,2025-02-09,39,71.2,46.0,4620,446
PT_039,2025-02-10,40,71.0,49.9,5188,473
PT_039,2025-02-11,41,71.8,49.8,5169,442
PT_039,2025-02-12,42,71.1,51.4,4914,414
PT_039,2025-02-13,43,73.8,46.5,6273,447
PT_039,2025-02-14,44,71.5,44.8,6163,426
PT_039,2025-02-15,45,73.3,47.2,5671,433
PT_039,2025-02-16,46,74.3,55.0,5567,426
PT_039,2025-02-17,47,72.7,44.5,5374,425
PT_039,2025-02-18,48,70.2,53.9,5913,455
PT_039,2025-02-19,49,68.5,52.0,6019,470
PT_039,2025-02-20,50,74.1,47.0,5651,449
PT_039,2025-02-21,51,66.6,53.5,5535,400
PT_039,2025-02-22,52,68.1,49.3,6627,380
PT_039,2025-02-23,53,67.3,50.5,6149,419
PT_039,2025-02-24,54,58.9,66.5,7122,433
PT_039,2025-02-25,55,56.2,58.4,6948,420
PT_039,2025-02-26,56,62.4,55.2,6194,430
PT_039,2025-02-27,57,60.2,54.3,6674,441
PT_039,2025-02-28,58,61.0,57.5,6892,466
PT_039,2025-03-01,59,61.2,55.0,7880,345
PT_039,2025-03-02,60,60.4,62.1,7423,380
PT_039,2025-03-03,61,63.9,64.4,5998,414
PT_039,2025-03-04,62,65.8,58.0,6407,466
PT_039,2025-03-05,63,65.7,61.0,7365,402
PT_039,2025-03-06,64,65.0,59.8,6492,423
PT_039,2025-03-07,65,63.9,55.4,5764,432
PT_039,2025-03-08,66,70.6,54.3,6385,449
PT_039,2025-03-09,67,75.7,45.1,5144,398
PT_039,2025-03-10,68,74.0,46.3,5160,433
PT_039,2025-03-11,69,70.7,45.1,4710,435
PT_039,2025-03-12,70,74.3,48.1,5237,383
PT_039,2025-03-13,71,74.6,49.1,4670,419
PT_039,2025-03-14,72,74.3,40.6,5453,422
PT_039,2025-03-15,73,75.1,47.4,4814,455
PT_039,2025-03-16,74,70.9,45.3,5615,368
PT_039,2025-03-17,75,73.4,49.6,5071,383
PT_039,2025-03-18,76,71.1,46.3,4956,422
PT_039,2025-03-19,77,78.8,40.1,4508,431
PT_039,2025-03-20,78,77.8,46.8,3599,465
PT_039,2025-03-21,79,76.0,44.5,4562,450
PT_039,2025-03-22,80,72.9,44.1,4587,431
PT_039,2025-03-23,81,76.0,45.1,4677,399
PT_039,2025-03-24,82,77.0,42.2,5337,455
PT_039,2025-03-25,83,72.6,44.6,4989,446
PT_039,2025-03-26,84,66.9,61.3,6725,457
PT_039,2025-03-27,85,67.7,52.6,6125,431
PT_039,2025-03-28,86,72.9,55.8,5623,459
PT_039,2025-03-29,87,73.0,42.7,5589,429
PT_039,2025-03-30,88,73.0,51.2,6082,415
PT_039,2025-03-31,89,74.3,47.1,4383,481
PT_040,2025-01-01,0,73.7,58.0,5261,404
PT_040,2025-01-02,1,77.0,58.8,6485,447
PT_040,2025-01-03,2,79.4,57.6,5419,506
PT_040,2025-01-04,3,81.6,51.2,5659,455
PT_040,2025-01-05,4,87.5,44.2,6362,402
PT_040,2025-01-06,5,83.0,50.8,5103,410
PT_040,2025-01-07,6,80.8,47.9,4742,528
PT_040,2025-01-08,7,81.1,49.5,4484,385
PT_040,2025-01-09,8,83.5,43.9,5394,363
PT_040,2025-01-10,9,81.2,47.6,5014,439
PT_040,2025-01-11,10,82.0,46.3,4975,443
PT_040,2025-01-12,11,86.4,47.0,5559,425
PT_040,2025-01-13,12,90.2,57.8,5193,401
PT_040,2025-01-14,13,78.5,47.5,5037,404
PT_040,2025-01-15,14,80.3,49.9,5585,490
PT_040,2025-01-16,15,84.5,51.0,5893,421
PT_040,2025-01-17,16,81.1,48.1,5942,378
PT_040,2025-01-18,17,81.2,51.8,5848,398
PT_040,2025-01-19,18,83.9,51.5,6059,436
PT_040,2025-01-20,19,82.2,50.5,6296,410
PT_040,2025-01-21,20,79.8,51.2,5883,374
PT_040,2025-01-22,21,76.0,60.7,6873,552
PT_040,2025-01-23,22,78.2,55.2,6893,414
PT_040,2025-01-24,23,73.9,56.8,6356,414
PT_040,2025-01-25,24,69.2,59.8,7285,414
PT_040,2025-01-26,25,77.9,56.9,7427,517
PT_040,2025-01-27,26,73.0,53.6,6864,404
PT_040,2025-01-28,27,78.2,57.5,6318,408
PT_040,2025-01-29,28,77.5,52.8,7583,449
PT_040,2025-01-30,29,78.0,52.6,6140,447
PT_040,2025-01-31,30,77.2,53.2,6338,415
PT_040,2025-02-01,31,78.1,53.3,6793,409
PT_040,2025-02-02,32,78.8,59.4,6159,480
PT_040,2025-02-03,33,77.9,51.0,7199,413
PT_040,2025-02-04,34,79.0,57.9,6880,360
PT_040,2025-02-05,35,77.2,56.1,5834,485
PT_040,2025-02-06,36,79.6,48.9,5689,410
PT_040,2025-02-07,37,77.6,50.3,5764,408
PT_040,2025-02-08,38,77.9,56.8,6657,432
PT_040,2025-02-09,39,80.9,51.5,6671,421
PT_040,2025-02-10,40,79.6,59.8,5941,427
PT_040,2025-02-11,41,77.5,55.4,6388,429
PT_040,2025-02-12,42,80.0,58.3,6209,458
PT_040,2025-02-13,43,79.4,56.6,6274,392
PT_040,2025-02-14,44,78.1,54.9,6457,483
PT_040,2025-02-15,45,75.6,59.1,6310,503
PT_040,2025-02-16,46,75.7,58.9,6964,398
PT_040,2025-02-17,47,76.4,59.2,6494,489
PT_040,2025-02-18,48,74.8,57.7,7190,445
PT_040,2025-02-19,49,72.4,61.8,6886,431
PT_040,2025-02-20,50,78.6,58.3,6535,426
PT_040,2025-02-21,51,75.3,64.3,6876,439
PT_040,2025-02-22,52,75.0,59.9,7092,448
PT_040,2025-02-23,53,77.5,62.7,7455,390
PT_040,2025-02-24,54,75.9,55.1,6951,405
PT_040,2025-02-25,55,71.0,60.3,6845,439
PT_040,2025-02-26,56,75.8,61.5,6481,460
PT_040,2025-02-27,57,71.4,65.0,6494,441
PT_040,2025-02-28,58,78.0,60.3,6113,389
PT_040,2025-03-01,59,72.0,63.8,7241,395
PT_040,2025-03-02,60,78.0,55.0,7070,494
PT_040,2025-03-03,61,72.0,54.3,6914,481
PT_040,2025-03-04,62,80.4,57.1,6228,463
PT_040,2025-03-05,63,78.0,53.8,6099,418
PT_040,2025-03-06,64,75.4,55.1,5372,485
PT_040,2025-03-07,65,75.3,53.7,6686,411
PT_040,2025-03-08,66,81.3,54.8,5677,487
PT_040,2025-03-09,67,80.1,55.7,5488,441
PT_040,2025-03-10,68,76.5,61.6,6378,461
PT_040,2025-03-11,69,76.1,57.0,6225,405
PT_040,2025-03-12,70,78.3,52.2,5765,435
PT_040,2025-03-13,71,76.5,57.1,6924,400
PT_040,2025-03-14,72,76.3,56.5,7373,407
PT_040,2025-03-15,73,73.9,52.3,5713,462
PT_040,2025-03-16,74,78.7,54.4,6693,482
PT_040,2025-03-17,75,76.4,54.7,7323,433
PT_040,2025-03-18,76,74.0,59.4,6313,428
PT_040,2025-03-19,77,78.8,53.6,6432,470
PT_040,2025-03-20,78,76.2,59.1,6205,419
PT_040,2025-03-21,79,78.7,58.6,6720,449
PT_040,2025-03-22,80,77.3,58.8,5855,387
PT_040,2025-03-23,81,79.9,54.4,6060,374
PT_040,2025-03-24,82,79.9,54.9,6585,440
PT_040,2025-03-25,83,79.5,55.1,6265,406
PT_040,2025-03-26,84,82.3,56.2,6010,397
PT_040,2025-03-27,85,82.7,54.4,5891,505
PT_040,2025-03-28,86,80.3,51.3,6526,393
PT_040,2025-03-29,87,83.8,59.0,5861,464
PT_040,2025-03-30,88,80.7,50.8,6568,448
PT_040,2025-03-31,89,79.4,54.5,5940,404
PT_041,2025-01-01,0,72.6,45.6,7806,388
PT_041,2025-01-02,1,75.1,40.4,9042,422
PT_041,2025-01-03,2,78.3,40.0,7936,427
PT_041,2025-01-04,3,75.2,34.6,7138,423
PT_041,2025-01-05,4,79.9,28.5,6657,485
PT_041,2025-01-06,5,83.4,29.8,6626,469
PT_041,2025-01-07,6,81.0,35.5,6806,416
PT_041,2025-01-08,7,79.7,28.6,6124,435
PT_041,2025-01-09,8,81.3,24.4,7350,392
PT_041,2025-01-10,9,78.3,26.8,5488,435
PT_041,2025-01-11,10,78.8,26.6,6655,446
PT_041,2025-01-12,11,79.2,24.3,7063,442
PT_041,2025-01-13,12,80.7,36.4,6702,468
PT_041,2025-01-14,13,79.8,33.3,7396,412
PT_041,2025-01-15,14,88.7,27.9,5220,438
PT_041,2025-01-16,15,92.4,25.4,6407,479
PT_041,2025-01-17,16,81.3,26.5,5986,413
PT_041,2025-01-18,17,82.7,28.7,6194,394
PT_041,2025-01-19,18,81.1,24.7,5830,408
PT_041,2025-01-20,19,82.1,23.0,6571,436
PT_041,2025-01-21,20,79.3,28.7,6084,412
PT_041,2025-01-22,21,70.5,40.1,7741,412
PT_041,2025-01-23,22,68.5,37.8,8506,403
PT_041,2025-01-24,23,69.6,42.9,8083,389
PT_041,2025-01-25,24,69.0,47.9,8700,484
PT_041,2025-01-26,25,71.8,42.0,7916,471
PT_041,2025-01-27,26,69.1,41.3,8605,388
PT_041,2025-01-28,27,81.2,33.7,7430,426
PT_041,2025-01-29,28,74.3,37.0,5990,454
PT_041,2025-01-30,29,71.8,38.9,7450,481
PT_041,2025-01-31,30,77.1,37.7,6995,374
PT_041,2025-02-01,31,79.5,34.5,6676,472
PT_041,2025-02-02,32,78.8,35.6,8035,450
PT_041,2025-02-03,33,73.8,38.3,7577,444
PT_041,2025-02-04,34,70.1,41.9,8624,478
PT_041,2025-02-05,35,74.1,36.5,7261,372
PT_041,2025-02-06,36,75.4,31.6,6521,339
PT_041,2025-02-07,37,87.0,28.8,6640,386
PT_041,2025-02-08,38,86.6,25.8,6464,425
PT_041,2025-02-09,39,81.2,13.6,5992,440
PT_041,2025-02-10,40,85.3,22.6,5170,462
PT_041,2025-02-11,41,86.3,20.1,5076,402
PT_041,2025-02-12,42,86.2,19.9,6006,381
PT_041,2025-02-13,43,90.0,14.5,5928,496
PT_041,2025-02-14,44,91.8,25.2,4654,466
PT_041,2025-02-15,45,89.1,24.6,5356,389
PT_041,2025-02-16,46,89.7,17.9,6044,423
PT_041,2025-02-17,47,82.1,18.5,6330,418
PT_041,2025-02-18,48,86.6,25.0,5690,441
PT_041,2025-02-19,49,85.8,24.2,6011,485
PT_041,2025-02-20,50,80.8,26.8,6333,426
PT_041,2025-02-21,51,78.8,24.5,6465,536
PT_041,2025-02-22,52,79.8,30.3,7366,397
PT_041,2025-02-23,53,84.5,27.6,6192,415
PT_041,2025-02-24,54,81.0,32.6,6688,422
PT_041,2025-02-25,55,68.4,40.0,8077,422
PT_041,2025-02-26,56,71.7,37.9,8249,450
PT_041,2025-02-27,57,74.8,43.6,8408,413
PT_041,2025-02-28,58,72.5,40.5,8097,425
PT_041,2025-03-01,59,73.1,41.3,8076,453
PT_041,2025-03-02,60,74.0,42.2,8337,472
PT_041,2025-03-03,61,70.7,37.7,8707,398
PT_041,2025-03-04,62,74.4,37.5,8290,440
PT_041,2025-03-05,63,69.0,42.4,7834,419
PT_041,2025-03-06,64,72.1,39.8,8210,454
PT_041,2025-03-07,65,72.5,39.4,7808,433
PT_041,2025-03-08,66,69.4,45.2,9202,402
PT_041,2025-03-09,67,72.8,42.9,7675,420
PT_041,2025-03-10,68,78.0,37.2,7567,387
PT_041,2025-03-11,69,82.1,32.1,7484,425
PT_041,2025-03-12,70,79.9,28.1,6408,440
PT_041,2025-03-13,71,77.3,29.1,6110,436
PT_041,2025-03-14,72,83.0,26.2,6064,455
PT_041,2025-03-15,73,83.6,20.8,6124,388
PT_041,2025-03-16,74,82.4,23.5,5981,450
PT_041,2025-03-17,75,79.8,27.4,6617,470
PT_041,2025-03-18,76,85.6,29.6,5854,464
PT_041,2025-03-19,77,83.3,26.9,5779,420
PT_041,2025-03-20,78,84.8,29.8,6232,401
PT_041,2025-03-21,79,81.1,29.4,6625,451
PT_041,2025-03-22,80,88.3,25.0,5824,463
PT_041,2025-03-23,81,84.7,22.4,5332,503
PT_041,2025-03-24,82,89.6,17.4,4719,417
PT_041,2025-03-25,83,88.7,25.6,6653,431
PT_041,2025-03-26,84,81.9,18.9,6726,432
PT_041,2025-03-27,85,82.4,22.8,6300,450
PT_041,2025-03-28,86,81.6,23.5,6007,561
PT_041,2025-03-29,87,68.8,43.1,8913,430
PT_041,2025-03-30,88,71.8,34.5,6962,387
PT_041,2025-03-31,89,75.3,36.0,6354,457
PT_042,2025-01-01,0,63.7,42.3,6271,397
PT_042,2025-01-02,1,72.4,36.7,4686,364
PT_042,2025-01-03,2,70.3,31.8,5447,416
PT_042,2025-01-04,3,74.4,26.4,4463,465
PT_042,2025-01-05,4,76.0,23.4,3948,391
PT_042,2025-01-06,5,76.7,24.5,2658,426
PT_042,2025-01-07,6,77.7,27.7,3259,393
PT_042,2025-01-08,7,78.5,17.9,2821,397
PT_042,2025-01-09,8,78.9,20.1,2800,483
PT_042,2025-01-10,9,83.7,16.6,2892,382
PT_042,2025-01-11,10,82.6,19.8,3647,462
PT_042,2025-01-12,11,77.5,20.6,2969,408
PT_042,2025-01-13,12,79.8,25.3,3888,478
PT_042,2025-01-14,13,74.3,19.3,3415,407
PT_042,2025-01-15,14,84.1,11.7,2628,354
PT_042,2025-01-16,15,84.8,13.0,1880,427
PT_042,2025-01-17,16,77.4,17.0,3227,364
PT_042,2025-01-18,17,84.1,22.2,3015,399
PT_042,2025-01-19,18,80.5,20.4,3436,393
PT_042,2025-01-20,19,82.5,19.6,3014,465
PT_042,2025-01-21,20,75.3,20.4,2975,483
PT_042,2025-01-22,21,60.1,36.2,5667,422
PT_042,2025-01-23,22,70.2,28.7,5045,466
PT_042,2025-01-24,23,76.3,23.5,4215,359
PT_042,2025-01-25,24,77.4,21.7,2866,415
PT_042,2025-01-26,25,78.4,20.1,3181,415
PT_042,2025-01-27,26,81.4,17.4,2861,377
PT_042,2025-01-28,27,80.5,24.6,2457,380
PT_042,2025-01-29,28,79.0,24.2,3455,441
PT_042,2025-01-30,29,81.9,25.6,2682,403
PT_042,2025-01-31,30,85.3,17.6,2978,418
PT_042,2025-02-01,31,77.7,18.4,3456,442
PT_042,2025-02-02,32,76.9,19.0,3221,448
PT_042,2025-02-03,33,76.2,24.0,2557,414
PT_042,2025-02-04,34,80.5,24.7,3590,402
PT_042,2025-02-05,35,84.1,16.5,2191,349
PT_042,2025-02-06,36,81.6,16.4,2618,393
PT_042,2025-02-07,37,85.1,15.3,2975,408
PT_042,2025-02-08,38,84.7,20.9,2636,368
PT_042,2025-02-09,39,82.1,21.2,3023,385
PT_042,2025-02-10,40,75.0,19.8,3658,384
PT_042,2025-02-11,41,77.6,19.2,3716,465
PT_042,2025-02-12,42,59.9,38.4,5467,430
PT_042,2025-02-13,43,58.6,45.3,5311,392
PT_042,2025-02-14,44,61.3,42.2,6675,406
PT_042,2025-02-15,45,65.3,49.0,7097,467
PT_042,2025-02-16,46,62.9,40.9,5982,415
PT_042,2025-02-17,47,64.8,41.5,5804,457
PT_042,2025-02-18,48,67.6,31.0,5622,376
PT_042,2025-02-19,49,68.4,36.1,4696,379
PT_042,2025-02-20,50,72.9,31.9,5355,431
PT_042,2025-02-21,51,71.8,30.1,4200,411
PT_042,2025-02-22,52,71.5,33.5,4870,441
PT_042,2025-02-23,53,69.8,35.5,5030,379
PT_042,2025-02-24,54,71.4,33.4,4808,414
PT_042,2025-02-25,55,72.0,32.7,4210,443
PT_042,2025-02-26,56,74.2,34.8,4962,432
PT_042,2025-02-27,57,69.7,28.7,4667,353
PT_042,2025-02-28,58,69.9,33.7,4493,434
PT_042,2025-03-01,59,69.1,35.3,4966,355
PT_042,2025-03-02,60,67.8,26.6,4639,417
PT_042,2025-03-03,61,72.5,30.2,4469,412
PT_042,2025-03-04,62,73.7,29.9,5173,447
PT_042,2025-03-05,63,68.1,31.1,5178,372
PT_042,2025-03-06,64,71.9,34.2,4771,375
PT_042,2025-03-07,65,69.9,31.8,4081,447
PT_042,2025-03-08,66,67.8,29.6,5358,343
PT_042,2025-03-09,67,60.4,45.7,6405,386
PT_042,2025-03-10,68,63.7,33.8,5355,463
PT_042,2025-03-11,69,68.3,37.7,5673,422
PT_042,2025-03-12,70,68.5,30.8,5424,381
PT_042,2025-03-13,71,72.6,29.8,4147,447
PT_042,2025-03-14,72,72.8,23.2,5034,491
PT_042,2025-03-15,73,70.9,31.4,4137,339
PT_042,2025-03-16,74,75.0,30.4,4963,477
PT_042,2025-03-17,75,73.4,27.8,4330,393
PT_042,2025-03-18,76,71.5,30.5,4200,413
PT_042,2025-03-19,77,69.3,24.6,4277,422
PT_042,2025-03-20,78,80.9,28.8,4125,407
PT_042,2025-03-21,79,74.5,30.6,4201,446
PT_042,2025-03-22,80,76.9,28.1,4648,389
PT_042,2025-03-23,81,72.3,28.7,5689,456
PT_042,2025-03-24,82,70.4,29.7,3784,414
PT_042,2025-03-25,83,71.7,29.5,5129,404
PT_042,2025-03-26,84,71.8,31.2,4724,453
PT_042,2025-03-27,85,64.3,35.3,4962,393
PT_042,2025-03-28,86,71.7,32.0,4705,561
PT_042,2025-03-29,87,72.5,32.7,5485,377
PT_042,2025-03-30,88,64.5,36.6,5192,399
PT_042,2025-03-31,89,63.4,46.7,5975,408
PT_043,2025-01-01,0,75.8,52.1,4932,357
PT_043,2025-01-02,1,80.2,42.7,3983,334
PT_043,2025-01-03,2,83.5,34.6,3886,364
PT_043,2025-01-04,3,86.2,30.1,2519,356
PT_043,2025-01-05,4,91.2,33.5,1481,394
PT_043,2025-01-06,5,90.0,32.3,1801,392
PT_043,2025-01-07,6,94.3,26.3,1324,385
PT_043,2025-01-08,7,90.5,25.7,2731,362
PT_043,2025-01-09,8,94.1,25.4,2184,401
PT_043,2025-01-10,9,96.2,29.1,1546,365
PT_043,2025-01-11,10,95.4,32.5,1398,417
PT_043,2025-01-12,11,88.8,28.1,2223,330
PT_043,2025-01-13,12,92.6,27.9,2083,384
PT_043,2025-01-14,13,90.1,27.7,1936,399
PT_043,2025-01-15,14,91.4,28.1,1325,319
PT_043,2025-01-16,15,98.6,24.2,978,353
PT_043,2025-01-17,16,98.2,21.2,1693,363
PT_043,2025-01-18,17,97.2,19.3,745,357
PT_043,2025-01-19,18,92.5,25.7,1027,374
PT_043,2025-01-20,19,89.7,30.0,1377,461
PT_043,2025-01-21,20,87.1,30.7,1263,376
PT_043,2025-01-22,21,75.5,49.1,4758,316
PT_043,2025-01-23,22,74.4,46.5,4827,383
PT_043,2025-01-24,23,70.9,47.8,4910,359
PT_043,2025-01-25,24,74.9,39.0,3507,369
PT_043,2025-01-26,25,79.4,45.0,3408,371
PT_043,2025-01-27,26,74.9,45.0,3784,364
PT_043,2025-01-28,27,76.8,47.7,3361,395
PT_043,2025-01-29,28,74.9,45.1,4129,397
PT_043,2025-01-30,29,83.8,40.4,4109,413
PT_043,2025-01-31,30,80.6,39.9,3903,421
PT_043,2025-02-01,31,75.2,50.4,5470,386
PT_043,2025-02-02,32,85.2,43.5,3516,454
PT_043,2025-02-03,33,83.6,42.1,2128,405
PT_043,2025-02-04,34,86.1,37.7,2863,399
PT_043,2025-02-05,35,92.6,33.8,1985,332
PT_043,2025-02-06,36,91.2,36.6,1876,316
PT_043,2025-02-07,37,92.5,32.0,2253,348
PT_043,2025-02-08,38,88.1,27.4,1722,349
PT_043,2025-02-09,39,94.4,28.7,2143,352
PT_043,2025-02-10,40,94.2,29.1,1960,386
PT_043,2025-02-11,41,88.4,33.2,1640,327
PT_043,2025-02-12,42,86.8,31.0,2237,370
PT_043,2025-02-13,43,88.0,34.9,2453,350
PT_043,2025-02-14,44,87.0,31.8,2402,353
PT_043,2025-02-15,45,87.9,30.9,2156,339
PT_043,2025-02-16,46,83.7,34.1,2289,340
PT_043,2025-02-17,47,89.2,33.0,3507,360
PT_043,2025-02-18,48,88.4,39.1,2965,417
PT_043,2025-02-19,49,85.8,32.2,2523,367
PT_043,2025-02-20,50,81.2,40.1,4249,411
PT_043,2025-02-21,51,82.0,44.1,2774,351
PT_043,2025-02-22,52,75.4,52.5,3713,382
PT_043,2025-02-23,53,68.7,46.8,5340,402
PT_043,2025-02-24,54,78.6,52.3,4323,342
PT_043,2025-02-25,55,70.9,48.3,5023,371
PT_043,2025-02-26,56,76.5,51.2,4858,406
PT_043,2025-02-27,57,78.5,51.1,4689,409
PT_043,2025-02-28,58,73.1,51.4,4032,429
PT_043,2025-03-01,59,74.5,49.1,5352,375
PT_043,2025-03-02,60,75.6,52.0,4620,337
PT_043,2025-03-03,61,80.1,47.3,4285,401
PT_043,2025-03-04,62,70.5,52.8,5150,357
PT_043,2025-03-05,63,72.7,47.3,4437,383
PT_043,2025-03-06,64,79.0,47.8,5294,482
PT_043,2025-03-07,65,80.4,48.3,4871,380
PT_043,2025-03-08,66,77.0,49.2,4400,363
PT_043,2025-03-09,67,81.9,45.2,4464,366
PT_043,2025-03-10,68,76.4,43.3,3850,320
PT_043,2025-03-11,69,80.6,44.6,4116,426
PT_043,2025-03-12,70,80.5,45.6,3996,440
PT_043,2025-03-13,71,81.5,42.8,3893,354
PT_043,2025-03-14,72,82.1,39.7,3941,303
PT_043,2025-03-15,73,84.6,41.6,2752,378
PT_043,2025-03-16,74,75.2,39.2,3256,422
PT_043,2025-03-17,75,80.3,43.3,2680,412
PT_043,2025-03-18,76,76.1,39.7,3727,353
PT_043,2025-03-19,77,82.1,41.3,3283,371
PT_043,2025-03-20,78,81.0,38.4,3710,386
PT_043,2025-03-21,79,83.6,42.4,3145,365
PT_043,2025-03-22,80,84.2,42.0,2938,378
PT_043,2025-03-23,81,82.4,39.8,3949,342
PT_043,2025-03-24,82,80.4,42.7,2842,396
PT_043,2025-03-25,83,84.6,37.5,3918,331
PT_043,2025-03-26,84,80.0,39.3,4058,323
PT_043,2025-03-27,85,82.0,42.9,3082,406
PT_043,2025-03-28,86,79.6,39.1,3913,342
PT_043,2025-03-29,87,76.6,47.2,4514,360
PT_043,2025-03-30,88,78.2,41.3,4047,427
PT_043,2025-03-31,89,78.7,43.3,4428,384
PT_044,2025-01-01,0,66.9,60.1,8320,484
PT_044,2025-01-02,1,66.9,56.6,7519,418
PT_044,2025-01-03,2,67.4,52.8,8244,472
PT_044,2025-01-04,3,65.2,53.2,8554,426
PT_044,2025-01-05,4,69.5,56.9,8282,462
PT_044,2025-01-06,5,68.8,54.8,7866,435
PT_044,2025-01-07,6,67.1,51.8,8160,493
PT_044,2025-01-08,7,72.7,47.7,7613,423
PT_044,2025-01-09,8,67.7,49.9,7386,428
PT_044,2025-01-10,9,69.5,55.1,7965,420
PT_044,2025-01-11,10,70.6,51.4,7296,442
PT_044,2025-01-12,11,64.4,50.8,7373,457
PT_044,2025-01-13,12,74.6,53.8,7859,474
PT_044,2025-01-14,13,67.9,51.2,8052,450
PT_044,2025-01-15,14,70.2,52.9,7949,486
PT_044,2025-01-16,15,77.3,44.3,7112,440
PT_044,2025-01-17,16,73.8,45.5,6976,452
PT_044,2025-01-18,17,74.1,45.6,7134,474
PT_044,2025-01-19,18,74.0,45.6,6824,440
PT_044,2025-01-20,19,70.9,46.1,7495,402
PT_044,2025-01-21,20,73.5,50.8,7237,433
PT_044,2025-01-22,21,75.3,52.4,7059,440
PT_044,2025-01-23,22,69.0,53.7,7218,464
PT_044,2025-01-24,23,65.4,52.7,7245,512
PT_044,2025-01-25,24,63.5,54.2,7381,461
PT_044,2025-01-26,25,72.5,51.9,7177,446
PT_044,2025-01-27,26,74.4,47.5,8662,448
PT_044,2025-01-28,27,72.6,53.9,7596,477
PT_044,2025-01-29,28,66.6,54.4,8084,440
PT_044,2025-01-30,29,72.1,48.5,7952,415
PT_044,2025-01-31,30,72.0,49.5,7129,456
PT_044,2025-02-01,31,74.7,47.3,6784,437
PT_044,2025-02-02,32,80.8,46.9,5983,482
PT_044,2025-02-03,33,77.8,36.4,5630,422
PT_044,2025-02-04,34,77.8,39.0,5488,486
PT_044,2025-02-05,35,77.8,42.2,5841,446
PT_044,2025-02-06,36,75.3,41.5,4984,489
PT_044,2025-02-07,37,78.4,37.5,5968,529
PT_044,2025-02-08,38,77.7,36.9,6153,440
PT_044,2025-02-09,39,76.9,37.6,5371,419
PT_044,2025-02-10,40,80.9,41.5,6784,434
PT_044,2025-02-11,41,77.2,40.2,5245,443
PT_044,2025-02-12,42,71.6,41.3,6685,407
PT_044,2025-02-13,43,77.0,48.2,7100,461
PT_044,2025-02-14,44,74.7,50.7,7300,453
PT_044,2025-02-15,45,70.9,45.6,6470,429
PT_044,2025-02-16,46,75.5,45.5,6783,462
PT_044,2025-02-17,47,74.0,44.3,6447,411
PT_044,2025-02-18,48,68.0,48.3,7112,461
PT_044,2025-02-19,49,67.6,56.6,7971,478
PT_044,2025-02-20,50,66.2,56.3,8228,461
PT_044,2025-02-21,51,64.1,54.8,8081,406
PT_044,2025-02-22,52,68.0,51.4,8649,435
PT_044,2025-02-23,53,65.6,55.1,8521,419
PT_044,2025-02-24,54,62.8,55.2,7887,456
PT_044,2025-02-25,55,66.4,59.7,8376,418
PT_044,2025-02-26,56,67.7,57.8,8049,378
PT_044,2025-02-27,57,66.7,48.7,7305,446
PT_044,2025-02-28,58,73.9,51.8,7067,373
PT_044,2025-03-01,59,74.2,49.7,6785,454
PT_044,2025-03-02,60,79.7,44.7,6858,505
PT_044,2025-03-03,61,74.6,45.0,6666,491
PT_044,2025-03-04,62,78.2,35.4,6102,480
PT_044,2025-03-05,63,77.2,43.8,6045,406
PT_044,2025-03-06,64,79.0,42.6,6481,450
PT_044,2025-03-07,65,77.2,44.1,6837,469
PT_044,2025-03-08,66,73.9,44.6,6372,417
PT_044,2025-03-09,67,72.1,43.1,6604,420
PT_044,2025-03-10,68,75.4,48.5,6573,461
PT_044,2025-03-11,69,73.8,50.9,6326,452
PT_044,2025-03-12,70,77.9,39.4,5358,491
PT_044,2025-03-13,71,80.7,40.3,5637,404
PT_044,2025-03-14,72,80.4,41.0,5394,405
PT_044,2025-03-15,73,77.4,35.3,5524,476
PT_044,2025-03-16,74,77.5,43.5,5212,458
PT_044,2025-03-17,75,79.9,40.7,6148,472
PT_044,2025-03-18,76,81.6,38.6,5891,479
PT_044,2025-03-19,77,65.4,61.7,8571,492
PT_044,2025-03-20,78,68.8,47.3,8313,465
PT_044,2025-03-21,79,70.1,48.0,6286,492
PT_044,2025-03-22,80,73.0,44.4,6119,512
PT_044,2025-03-23,81,81.9,44.2,5807,450
PT_044,2025-03-24,82,76.9,41.0,5369,474
PT_044,2025-03-25,83,78.3,41.9,5723,439
PT_044,2025-03-26,84,77.7,40.6,5107,502
PT_044,2025-03-27,85,85.4,33.2,4905,485
PT_044,2025-03-28,86,83.2,40.7,5554,466
PT_044,2025-03-29,87,75.4,42.6,5295,452
PT_044,2025-03-30,88,77.4,30.4,5711,533
PT_044,2025-03-31,89,80.0,42.2,5439,468
PT_045,2025-01-01,0,64.1,40.2,5987,457
PT_045,2025-01-02,1,70.3,36.9,4801,400
PT_045,2025-01-03,2,70.4,37.1,4365,483
PT_045,2025-01-04,3,74.3,30.7,4206,419
PT_045,2025-01-05,4,74.4,39.8,3636,466
PT_045,2025-01-06,5,76.8,30.0,4116,441
PT_045,2025-01-07,6,71.0,31.6,3704,441
PT_045,2025-01-08,7,78.4,32.7,3353,433
PT_045,2025-01-09,8,78.1,27.0,3315,476
PT_045,2025-01-10,9,77.4,35.3,3458,475
PT_045,2025-01-11,10,74.7,26.3,4102,454
PT_045,2025-01-12,11,80.5,34.8,4363,478
PT_045,2025-01-13,12,78.3,30.9,5590,417
PT_045,2025-01-14,13,73.0,29.9,3345,454
PT_045,2025-01-15,14,81.2,36.7,4645,443
PT_045,2025-01-16,15,77.2,33.1,3850,445
PT_045,2025-01-17,16,70.0,31.3,4218,448
PT_045,2025-01-18,17,75.3,35.5,4563,417
PT_045,2025-01-19,18,77.5,32.4,4121,416
PT_045,2025-01-20,19,80.3,32.7,4058,453
PT_045,2025-01-21,20,75.2,29.7,4299,457
PT_045,2025-01-22,21,66.4,42.9,5678,432
PT_045,2025-01-23,22,64.3,41.7,5374,500
PT_045,2025-01-24,23,69.3,48.3,5785,386
PT_045,2025-01-25,24,65.4,43.4,5119,479
PT_045,2025-01-26,25,72.9,42.5,5279,404
PT_045,2025-01-27,26,68.1,49.9,5951,409
PT_045,2025-01-28,27,66.4,41.9,4824,466
PT_045,2025-01-29,28,73.9,38.3,4814,435
PT_045,2025-01-30,29,73.5,33.9,4515,485
PT_045,2025-01-31,30,76.4,31.2,4106,483
PT_045,2025-02-01,31,76.5,30.6,3912,410
PT_045,2025-02-02,32,77.1,34.2,3948,429
PT_045,2025-02-03,33,79.2,29.5,4189,454
PT_045,2025-02-04,34,75.7,34.8,4987,464
PT_045,2025-02-05,35,77.2,31.9,4130,437
PT_045,2025-02-06,36,80.7,27.9,4159,392
PT_045,2025-02-07,37,80.7,34.8,4102,442
PT_045,2025-02-08,38,80.5,35.3,4306,419
PT_045,2025-02-09,39,78.3,29.3,3434,402
PT_045,2025-02-10,40,76.3,35.6,3953,486
PT_045,2025-02-11,41,74.4,31.6,4581,514
PT_045,2025-02-12,42,76.3,35.9,4543,452
PT_045,2025-02-13,43,87.8,17.1,1903,388
PT_045,2025-02-14,44,90.9,21.7,1397,483
PT_045,2025-02-15,45,83.8,20.6,1768,405
PT_045,2025-02-16,46,84.5,20.4,2448,487
PT_045,2025-02-17,47,77.3,31.9,3502,410
PT_045,2025-02-18,48,81.3,28.5,3425,531
PT_045,2025-02-19,49,80.6,24.4,3484,434
PT_045,2025-02-20,50,68.9,40.7,5950,417
PT_045,2025-02-21,51,72.6,33.7,5100,374
PT_045,2025-02-22,52,76.0,31.0,4803,404
PT_045,2025-02-23,53,75.8,33.7,3990,408
PT_045,2025-02-24,54,81.2,31.2,4187,431
PT_045,2025-02-25,55,79.9,21.1,4034,453
PT_045,2025-02-26,56,86.6,18.4,3167,371
PT_045,2025-02-27,57,83.6,25.8,3097,437
PT_045,2025-02-28,58,79.9,27.4,2973,457
PT_045,2025-03-01,59,82.7,20.2,2847,446
PT_045,2025-03-02,60,82.2,22.4,2368,406
PT_045,2025-03-03,61,79.7,24.0,3311,478
PT_045,2025-03-04,62,83.0,28.7,3965,394
PT_045,2025-03-05,63,79.2,25.8,2907,522
PT_045,2025-03-06,64,86.3,29.0,3856,414
PT_045,2025-03-07,65,77.0,28.6,3523,465
PT_045,2025-03-08,66,82.5,24.8,4559,484
PT_045,2025-03-09,67,75.2,28.6,3272,435
PT_045,2025-03-10,68,77.0,31.9,3459,432
PT_045,2025-03-11,69,76.6,38.5,4883,485
PT_045,2025-03-12,70,76.1,34.1,4169,399
PT_045,2025-03-13,71,64.1,45.4,6161,423
PT_045,2025-03-14,72,66.9,45.3,5769,428
PT_045,2025-03-15,73,67.9,50.3,5126,423
PT_045,2025-03-16,74,69.2,34.0,5718,413
PT_045,2025-03-17,75,69.5,48.3,4398,390
PT_045,2025-03-18,76,71.7,38.7,5523,435
PT_045,2025-03-19,77,69.5,40.6,6285,455
PT_045,2025-03-20,78,73.6,40.6,5243,534
PT_045,2025-03-21,79,71.2,41.5,5116,433
PT_045,2025-03-22,80,71.6,42.6,4921,365
PT_045,2025-03-23,81,69.2,41.9,5789,461
PT_045,2025-03-24,82,75.0,40.3,5200,387
PT_045,2025-03-25,83,67.4,39.0,4785,468
PT_045,2025-03-26,84,70.1,47.0,5641,436
PT_045,2025-03-27,85,72.0,40.3,5567,459
PT_045,2025-03-28,86,72.4,39.1,5351,483
PT_045,2025-03-29,87,71.3,44.8,5441,422
PT_045,2025-03-30,88,71.0,40.5,5939,473
PT_045,2025-03-31,89,70.7,43.0,6048,448
PT_046,2025-01-01,0,68.2,48.8,7555,456
PT_046,2025-01-02,1,73.3,41.6,6327,404
PT_046,2025-01-03,2,72.6,39.4,7032,374
PT_046,2025-01-04,3,75.7,39.8,6109,440
PT_046,2025-01-05,4,75.9,32.8,5829,429
PT_046,2025-01-06,5,76.8,37.3,5359,366
PT_046,2025-01-07,6,73.0,40.1,5919,428
PT_046,2025-01-08,7,73.0,32.4,5162,430
PT_046,2025-01-09,8,78.9,34.0,5869,392
PT_046,2025-01-10,9,75.1,29.8,6135,487
PT_046,2025-01-11,10,75.4,35.1,4995,427
PT_046,2025-01-12,11,72.7,35.7,5954,392
PT_046,2025-01-13,12,77.6,37.0,5464,370
PT_046,2025-01-14,13,76.9,42.1,5466,408
PT_046,2025-01-15,14,71.5,36.4,6197,418
PT_046,2025-01-16,15,78.3,35.2,6340,433
PT_046,2025-01-17,16,71.2,35.5,6263,423
PT_046,2025-01-18,17,72.8,36.0,5846,414
PT_046,2025-01-19,18,77.1,36.2,6090,385
PT_046,2025-01-20,19,76.0,41.4,6472,417
PT_046,2025-01-21,20,76.5,37.6,6519,441
PT_046,2025-01-22,21,70.8,49.6,7187,385
PT_046,2025-01-23,22,68.3,49.7,7356,393
PT_046,2025-01-24,23,69.2,49.4,6840,336
PT_046,2025-01-25,24,69.9,41.7,5818,419
PT_046,2025-01-26,25,73.1,40.3,6193,396
PT_046,2025-01-27,26,70.5,48.9,6753,375
PT_046,2025-01-28,27,72.0,41.3,6244,464
PT_046,2025-01-29,28,70.2,47.9,6984,395
PT_046,2025-01-30,29,69.0,42.3,5728,415
PT_046,2025-01-31,30,70.3,42.5,7700,404
PT_046,2025-02-01,31,72.5,44.0,7452,395
PT_046,2025-02-02,32,68.1,45.5,6507,476
PT_046,2025-02-03,33,71.9,39.1,6914,420
PT_046,2025-02-04,34,74.0,42.6,7169,386
PT_046,2025-02-05,35,68.2,33.5,6328,440
PT_046,2025-02-06,36,70.9,40.0,7256,441
PT_046,2025-02-07,37,74.0,37.9,6113,440
PT_046,2025-02-08,38,77.9,29.8,4697,346
PT_046,2025-02-09,39,72.9,35.5,6364,433
PT_046,2025-02-10,40,72.9,36.2,6170,419
PT_046,2025-02-11,41,75.3,33.8,5633,432
PT_046,2025-02-12,42,73.9,42.3,5527,424
PT_046,2025-02-13,43,74.2,35.4,6448,444
PT_046,2025-02-14,44,67.6,44.6,7681,395
PT_046,2025-02-15,45,66.2,41.0,6721,451
PT_046,2025-02-16,46,74.2,37.7,6697,364
PT_046,2025-02-17,47,74.2,36.6,5252,422
PT_046,2025-02-18,48,79.1,29.8,4793,361
PT_046,2025-02-19,49,81.2,28.2,5131,394
PT_046,2025-02-20,50,82.3,32.6,4379,357
PT_046,2025-02-21,51,84.2,28.0,4504,446
PT_046,2025-02-22,52,78.7,32.3,4934,403
PT_046,2025-02-23,53,74.4,33.6,5352,402
PT_046,2025-02-24,54,79.1,29.5,4862,397
PT_046,2025-02-25,55,81.2,35.1,5786,477
PT_046,2025-02-26,56,87.7,33.1,5674,431
PT_046,2025-02-27,57,77.9,33.2,5384,324
PT_046,2025-02-28,58,80.6,31.3,5217,357
PT_046,2025-03-01,59,81.7,33.4,4931,395
PT_046,2025-03-02,60,75.0,29.9,4966,409
PT_046,2025-03-03,61,82.4,36.0,5897,432
PT_046,2025-03-04,62,79.4,31.0,5755,422
PT_046,2025-03-05,63,75.0,34.7,4931,414
PT_046,2025-03-06,64,76.7,35.4,5493,357
PT_046,2025-03-07,65,67.0,46.0,7724,417
PT_046,2025-03-08,66,67.3,42.1,6927,420
PT_046,2025-03-09,67,66.9,45.4,6533,430
PT_046,2025-03-10,68,77.0,36.6,5708,407
PT_046,2025-03-11,69,77.6,39.3,5625,390
PT_046,2025-03-12,70,72.7,37.2,5568,382
PT_046,2025-03-13,71,80.1,42.7,5969,399
PT_046,2025-03-14,72,71.2,34.5,5227,438
PT_046,2025-03-15,73,78.9,34.6,5827,428
PT_046,2025-03-16,74,71.5,34.1,6202,436
PT_046,2025-03-17,75,71.2,37.8,5693,399
PT_046,2025-03-18,76,75.8,38.0,5763,349
PT_046,2025-03-19,77,76.8,41.4,5327,461
PT_046,2025-03-20,78,75.6,35.9,5908,372
PT_046,2025-03-21,79,73.6,36.8,6234,471
PT_046,2025-03-22,80,73.7,37.9,5941,437
PT_046,2025-03-23,81,73.5,34.5,6050,418
PT_046,2025-03-24,82,70.7,35.9,6612,496
PT_046,2025-03-25,83,73.5,37.6,6360,439
PT_046,2025-03-26,84,72.0,38.8,6185,405
PT_046,2025-03-27,85,72.9,40.7,6115,453
PT_046,2025-03-28,86,66.3,49.1,7243,418
PT_046,2025-03-29,87,68.7,49.1,7150,411
PT_046,2025-03-30,88,67.8,47.8,7190,429
PT_046,2025-03-31,89,69.9,45.6,7334,416
PT_047,2025-01-01,0,78.3,54.2,5473,449
PT_047,2025-01-02,1,78.0,49.2,5591,389
PT_047,2025-01-03,2,84.2,44.3,5049,437
PT_047,2025-01-04,3,85.9,44.0,4292,402
PT_047,2025-01-05,4,83.9,45.2,4546,452
PT_047,2025-01-06,5,81.6,44.4,4036,396
PT_047,2025-01-07,6,87.0,44.2,4403,459
PT_047,2025-01-08,7,83.5,41.7,3627,381
PT_047,2025-01-09,8,87.4,38.4,3828,447
PT_047,2025-01-10,9,85.7,43.2,3667,429
PT_047,2025-01-11,10,86.6,45.2,3357,467
PT_047,2025-01-12,11,87.6,41.8,4466,466
PT_047,2025-01-13,12,87.2,39.6,3995,441
PT_047,2025-01-14,13,88.0,44.0,4011,395
PT_047,2025-01-15,14,82.6,38.4,3798,449
PT_047,2025-01-16,15,86.6,39.9,3625,387
PT_047,2025-01-17,16,85.3,39.4,3307,421
PT_047,2025-01-18,17,84.2,39.6,4083,413
PT_047,2025-01-19,18,87.8,36.4,4207,431
PT_047,2025-01-20,19,87.0,44.6,4331,474
PT_047,2025-01-21,20,83.9,41.9,3173,437
PT_047,2025-01-22,21,77.8,48.5,4226,368
PT_047,2025-01-23,22,70.3,52.9,5290,443
PT_047,2025-01-24,23,81.3,47.9,5371,382
PT_047,2025-01-25,24,78.4,48.1,5287,377
PT_047,2025-01-26,25,84.2,43.1,3914,427
PT_047,2025-01-27,26,83.7,46.5,4618,372
PT_047,2025-01-28,27,83.1,44.3,3581,411
PT_047,2025-01-29,28,87.6,42.3,3679,408
PT_047,2025-01-30,29,87.1,39.0,4379,420
PT_047,2025-01-31,30,88.4,45.9,4481,431
PT_047,2025-02-01,31,86.6,40.0,3497,378
PT_047,2025-02-02,32,83.2,34.3,4175,407
PT_047,2025-02-03,33,79.4,44.7,3463,436
PT_047,2025-02-04,34,81.7,42.7,3539,458
PT_047,2025-02-05,35,79.6,42.9,4287,379
PT_047,2025-02-06,36,84.5,45.9,4946,442
PT_047,2025-02-07,37,82.5,46.8,3826,417
PT_047,2025-02-08,38,84.4,45.2,4565,429
PT_047,2025-02-09,39,75.3,45.8,3928,385
PT_047,2025-02-10,40,81.3,51.5,5503,405
PT_047,2025-02-11,41,79.8,45.1,4221,404
PT_047,2025-02-12,42,80.4,49.9,4367,436
PT_047,2025-02-13,43,76.4,55.5,5352,442
PT_047,2025-02-14,44,79.1,55.7,5698,350
PT_047,2025-02-15,45,75.9,56.9,6317,462
PT_047,2025-02-16,46,78.7,52.3,6073,382
PT_047,2025-02-17,47,72.9,56.1,5908,433
PT_047,2025-02-18,48,72.8,51.3,6231,378
PT_047,2025-02-19,49,76.1,53.0,5612,411
PT_047,2025-02-20,50,75.0,51.2,5408,413
PT_047,2025-02-21,51,80.1,57.4,4945,400
PT_047,2025-02-22,52,80.9,51.3,5614,404
PT_047,2025-02-23,53,78.4,50.3,4843,509
PT_047,2025-02-24,54,74.4,58.9,5265,446
PT_047,2025-02-25,55,74.7,50.9,5533,330
PT_047,2025-02-26,56,74.6,53.4,4848,393
PT_047,2025-02-27,57,79.0,50.7,5515,432
PT_047,2025-02-28,58,79.4,50.8,4609,414
PT_047,2025-03-01,59,78.2,53.7,4648,388
PT_047,2025-03-02,60,82.2,47.2,4520,402
PT_047,2025-03-03,61,81.6,52.6,5703,446
PT_047,2025-03-04,62,84.5,44.5,3979,356
PT_047,2025-03-05,63,81.2,36.3,4054,404
PT_047,2025-03-06,64,85.9,44.1,4054,388
PT_047,2025-03-07,65,85.6,47.3,4072,432
PT_047,2025-03-08,66,78.6,45.3,5265,346
PT_047,2025-03-09,67,78.0,47.0,3984,441
PT_047,2025-03-10,68,84.7,46.0,4611,417
PT_047,2025-03-11,69,77.6,43.4,4833,361
PT_047,2025-03-12,70,81.3,46.1,3946,385
PT_047,2025-03-13,71,83.5,47.1,4437,384
PT_047,2025-03-14,72,84.3,45.3,4163,399
PT_047,2025-03-15,73,82.8,45.6,4658,374
PT_047,2025-03-16,74,79.0,45.5,4243,427
PT_047,2025-03-17,75,82.1,51.8,4288,430
PT_047,2025-03-18,76,74.1,46.5,5408,387
PT_047,2025-03-19,77,80.7,52.5,4715,392
PT_047,2025-03-20,78,75.0,49.9,5558,440
PT_047,2025-03-21,79,78.2,56.8,5160,478
PT_047,2025-03-22,80,76.9,51.7,4909,429
PT_047,2025-03-23,81,81.3,45.6,4656,408
PT_047,2025-03-24,82,82.8,48.2,4866,418
PT_047,2025-03-25,83,80.7,45.6,5341,425
PT_047,2025-03-26,84,80.9,43.9,4689,375
PT_047,2025-03-27,85,83.4,47.8,3968,387
PT_047,2025-03-28,86,81.1,48.6,4461,409
PT_047,2025-03-29,87,81.7,52.7,4170,398
PT_047,2025-03-30,88,80.9,52.6,4647,385
PT_047,2025-03-31,89,84.7,47.2,4579,462
PT_048,2025-01-01,0,59.0,62.4,4186,437
PT_048,2025-01-02,1,62.4,58.3,4227,377
PT_048,2025-01-03,2,59.9,59.6,5439,387
PT_048,2025-01-04,3,68.4,61.0,3702,371
PT_048,2025-01-05,4,67.2,53.6,4444,434
PT_048,2025-01-06,5,66.4,58.7,3905,350
PT_048,2025-01-07,6,69.5,51.2,3427,395
PT_048,2025-01-08,7,65.1,50.0,3910,371
PT_048,2025-01-09,8,69.5,54.8,3436,367
PT_048,2025-01-10,9,72.2,55.3,4041,352
PT_048,2025-01-11,10,69.7,57.4,4078,355
PT_048,2025-01-12,11,64.8,54.6,2862,407
PT_048,2025-01-13,12,72.6,55.6,3338,398
PT_048,2025-01-14,13,69.9,54.4,3556,349
PT_048,2025-01-15,14,70.7,46.3,3896,436
PT_048,2025-01-16,15,70.7,56.9,3190,367
PT_048,2025-01-17,16,71.7,53.3,3377,364
PT_048,2025-01-18,17,70.5,57.0,3629,361
PT_048,2025-01-19,18,75.6,47.8,2737,387
PT_048,2025-01-20,19,75.5,46.2,1959,409
PT_048,2025-01-21,20,79.6,44.2,2539,373
PT_048,2025-01-22,21,72.1,52.5,3584,451
PT_048,2025-01-23,22,69.9,51.7,3597,396
PT_048,2025-01-24,23,65.6,58.3,3081,400
PT_048,2025-01-25,24,69.8,55.8,3464,489
PT_048,2025-01-26,25,58.0,61.9,4949,419
PT_048,2025-01-27,26,72.5,55.4,4357,357
PT_048,2025-01-28,27,70.1,56.3,3102,356
PT_048,2025-01-29,28,72.0,46.2,3247,281
PT_048,2025-01-30,29,75.6,46.2,2453,435
PT_048,2025-01-31,30,73.8,51.1,2482,459
PT_048,2025-02-01,31,76.1,48.7,3175,313
PT_048,2025-02-02,32,78.1,46.2,2563,406
PT_048,2025-02-03,33,79.4,47.6,2122,386
PT_048,2025-02-04,34,73.7,45.0,2181,339
PT_048,2025-02-05,35,83.3,40.7,1977,438
PT_048,2025-02-06,36,79.9,40.2,2725,424
PT_048,2025-02-07,37,77.5,44.0,1837,461
PT_048,2025-02-08,38,76.0,37.8,2224,375
PT_048,2025-02-09,39,73.8,45.7,1862,343
PT_048,2025-02-10,40,80.1,42.8,1455,360
PT_048,2025-02-11,41,73.0,48.0,2124,401
PT_048,2025-02-12,42,73.9,53.6,2749,367
PT_048,2025-02-13,43,76.3,49.9,3243,445
PT_048,2025-02-14,44,78.7,48.3,3296,411
PT_048,2025-02-15,45,71.6,55.4,3100,424
PT_048,2025-02-16,46,62.9,55.2,3866,329
PT_048,2025-02-17,47,69.6,56.5,3854,425
PT_048,2025-02-18,48,67.2,54.6,2914,431
PT_048,2025-02-19,49,72.2,48.9,3481,412
PT_048,2025-02-20,50,74.4,56.4,4245,351
PT_048,2025-02-21,51,70.7,55.9,3410,443
PT_048,2025-02-22,52,68.7,57.8,3158,367
PT_048,2025-02-23,53,67.4,53.1,4009,416
PT_048,2025-02-24,54,64.4,64.3,4323,415
PT_048,2025-02-25,55,73.3,57.9,3781,381
PT_048,2025-02-26,56,69.8,53.7,3710,446
PT_048,2025-02-27,57,73.4,48.2,3491,386
PT_048,2025-02-28,58,74.0,47.2,2829,353
PT_048,2025-03-01,59,77.1,46.8,2293,393
PT_048,2025-03-02,60,78.8,48.0,2680,407
PT_048,2025-03-03,61,74.7,44.5,2371,395
PT_048,2025-03-04,62,75.7,49.9,3083,461
PT_048,2025-03-05,63,75.1,42.2,2604,395
PT_048,2025-03-06,64,69.9,44.8,2356,322
PT_048,2025-03-07,65,80.0,47.8,3023,442
PT_048,2025-03-08,66,75.8,45.7,3179,377
PT_048,2025-03-09,67,72.1,45.0,2662,372
PT_048,2025-03-10,68,76.9,44.4,1983,485
PT_048,2025-03-11,69,76.7,50.0,2909,367
PT_048,2025-03-12,70,75.7,49.1,1724,364
PT_048,2025-03-13,71,75.9,50.1,2239,396
PT_048,2025-03-14,72,75.6,47.6,2413,344
PT_048,2025-03-15,73,73.3,48.5,3211,433
PT_048,2025-03-16,74,71.6,52.7,2821,391
PT_048,2025-03-17,75,62.0,65.4,4362,361
PT_048,2025-03-18,76,68.8,56.0,4152,425
PT_048,2025-03-19,77,69.1,55.1,4030,362
PT_048,2025-03-20,78,72.4,55.0,3004,416
PT_048,2025-03-21,79,77.9,51.1,3745,378
PT_048,2025-03-22,80,72.1,54.2,2734,354
PT_048,2025-03-23,81,71.9,51.3,3348,336
PT_048,2025-03-24,82,75.5,53.3,2555,448
PT_048,2025-03-25,83,75.6,42.3,2118,410
PT_048,2025-03-26,84,74.3,50.9,2436,346
PT_048,2025-03-27,85,74.4,47.9,2945,414
PT_048,2025-03-28,86,73.2,50.1,3412,400
PT_048,2025-03-29,87,71.1,42.6,3567,391
PT_048,2025-03-30,88,72.1,47.6,2906,399
PT_048,2025-03-31,89,70.3,53.4,2678,333
PT_049,2025-01-01,0,67.0,43.9,7924,455
PT_049,2025-01-02,1,68.3,42.4,7501,427
PT_049,2025-01-03,2,69.8,44.0,7505,501
PT_049,2025-01-04,3,71.0,35.3,7128,457
PT_049,2025-01-05,4,70.6,27.0,6293,451
PT_049,2025-01-06,5,72.6,30.0,6769,516
PT_049,2025-01-07,6,70.6,32.3,6910,421
PT_049,2025-01-08,7,70.2,40.0,6736,407
PT_049,2025-01-09,8,75.4,32.2,6347,476
PT_049,2025-01-10,9,72.6,32.2,6392,503
PT_049,2025-01-11,10,72.6,32.9,6811,499
PT_049,2025-01-12,11,77.1,27.5,7031,453
PT_049,2025-01-13,12,71.3,39.1,6525,459
PT_049,2025-01-14,13,69.8,36.5,6070,421
PT_049,2025-01-15,14,71.7,34.5,6875,457
PT_049,2025-01-16,15,68.5,35.7,7661,476
PT_049,2025-01-17,16,68.9,40.2,7104,505
PT_049,2025-01-18,17,68.5,37.7,6395,409
PT_049,2025-01-19,18,74.3,36.8,6503,408
PT_049,2025-01-20,19,78.8,36.5,5551,484
PT_049,2025-01-21,20,77.6,34.7,6724,441
PT_049,2025-01-22,21,68.3,35.2,7371,482
PT_049,2025-01-23,22,70.2,40.8,7067,508
PT_049,2025-01-24,23,66.1,41.8,7663,457
PT_049,2025-01-25,24,73.2,33.4,7071,420
PT_049,2025-01-26,25,71.4,41.2,7001,534
PT_049,2025-01-27,26,66.6,42.6,6354,505
PT_049,2025-01-28,27,73.4,34.6,8247,472
PT_049,2025-01-29,28,77.0,34.7,6452,485
PT_049,2025-01-30,29,77.3,27.6,6262,419
PT_049,2025-01-31,30,71.7,21.0,4841,443
PT_049,2025-02-01,31,78.3,24.2,5788,485
PT_049,2025-02-02,32,79.9,22.4,4777,504
PT_049,2025-02-03,33,79.9,25.5,4832,458
PT_049,2025-02-04,34,82.0,21.3,4863,487
PT_049,2025-02-05,35,93.6,8.0,2977,490
PT_049,2025-02-06,36,90.1,9.9,3096,433
PT_049,2025-02-07,37,92.4,11.2,4166,470
PT_049,2025-02-08,38,87.1,13.3,3403,499
PT_049,2025-02-09,39,89.4,20.6,2796,456
PT_049,2025-02-10,40,92.2,8.0,4293,447
PT_049,2025-02-11,41,87.8,12.0,3716,507
PT_049,2025-02-12,42,81.7,27.3,5367,487
PT_049,2025-02-13,43,76.5,26.5,4750,439
PT_049,2025-02-14,44,75.8,31.4,5332,469
PT_049,2025-02-15,45,77.1,31.4,5612,384
PT_049,2025-02-16,46,76.9,29.6,6057,465
PT_049,2025-02-17,47,65.2,37.0,7973,417
PT_049,2025-02-18,48,67.7,41.0,7056,559
PT_049,2025-02-19,49,73.1,35.2,7277,454
PT_049,2025-02-20,50,70.6,43.4,7861,432
PT_049,2025-02-21,51,64.7,38.4,7656,567
PT_049,2025-02-22,52,73.3,39.3,7310,469
PT_049,2025-02-23,53,72.6,41.5,6684,458
PT_049,2025-02-24,54,68.7,38.8,8617,510
PT_049,2025-02-25,55,71.3,37.2,7052,448
PT_049,2025-02-26,56,63.6,45.6,7220,511
PT_049,2025-02-27,57,73.2,30.1,6598,452
PT_049,2025-02-28,58,74.1,30.2,5371,451
PT_049,2025-03-01,59,83.6,23.5,5774,475
PT_049,2025-03-02,60,82.7,22.8,4655,493
PT_049,2025-03-03,61,82.0,18.4,4544,500
PT_049,2025-03-04,62,85.2,22.1,4935,421
PT_049,2025-03-05,63,79.9,19.1,4494,507
PT_049,2025-03-06,64,81.3,19.1,4505,421
PT_049,2025-03-07,65,85.4,21.5,3657,429
PT_049,2025-03-08,66,84.3,21.6,4706,439
PT_049,2025-03-09,67,83.3,19.8,3871,436
PT_049,2025-03-10,68,79.9,17.3,4367,499
PT_049,2025-03-11,69,84.1,22.5,4328,384
PT_049,2025-03-12,70,81.0,22.6,4724,480
PT_049,2025-03-13,71,84.5,21.5,5091,453
PT_049,2025-03-14,72,82.3,21.0,5308,474
PT_049,2025-03-15,73,77.5,27.3,5740,449
PT_049,2025-03-16,74,79.0,29.9,5131,464
PT_049,2025-03-17,75,78.7,24.1,4520,454
PT_049,2025-03-18,76,78.7,30.5,5636,436
PT_049,2025-03-19,77,64.1,39.1,7540,491
PT_049,2025-03-20,78,73.9,33.5,7112,515
PT_049,2025-03-21,79,75.2,36.4,5415,444
PT_049,2025-03-22,80,80.2,33.4,6195,447
PT_049,2025-03-23,81,78.7,28.1,6330,500
PT_049,2025-03-24,82,76.1,33.9,5685,477
PT_049,2025-03-25,83,75.6,30.9,5582,473
PT_049,2025-03-26,84,77.7,26.5,4747,527
PT_049,2025-03-27,85,77.6,24.2,5958,442
PT_049,2025-03-28,86,80.3,20.3,4744,515
PT_049,2025-03-29,87,75.8,22.9,5229,478
PT_049,2025-03-30,88,80.4,26.0,5452,468
PT_049,2025-03-31,89,78.1,25.0,5963,524
PT_050,2025-01-01,0,69.5,54.8,7065,414
PT_050,2025-01-02,1,77.7,44.3,5997,419
PT_050,2025-01-03,2,75.5,49.0,5814,459
PT_050,2025-01-04,3,80.2,49.9,5437,472
PT_050,2025-01-05,4,80.4,48.3,5426,392
PT_050,2025-01-06,5,75.9,46.9,5093,398
PT_050,2025-01-07,6,77.7,46.5,4908,397
PT_050,2025-01-08,7,76.2,47.1,5830,379
PT_050,2025-01-09,8,75.9,44.8,5279,433
PT_050,2025-01-10,9,82.2,44.2,4524,417
PT_050,2025-01-11,10,80.2,46.4,5807,405
PT_050,2025-01-12,11,76.3,41.1,4931,415
PT_050,2025-01-13,12,80.5,48.1,5410,381
PT_050,2025-01-14,13,74.2,45.8,6245,446
PT_050,2025-01-15,14,83.7,37.0,3623,410
PT_050,2025-01-16,15,87.1,35.6,4689,415
PT_050,2025-01-17,16,96.4,18.5,2550,437
PT_050,2025-01-18,17,91.7,22.6,3477,431
PT_050,2025-01-19,18,99.8,26.3,1972,387
PT_050,2025-01-20,19,91.4,25.6,2354,420
PT_050,2025-01-21,20,97.7,22.2,3242,414
PT_050,2025-01-22,21,84.9,36.4,5162,467
PT_050,2025-01-23,22,80.4,38.0,4313,466
PT_050,2025-01-24,23,71.2,52.8,6830,435
PT_050,2025-01-25,24,77.5,40.4,5751,455
PT_050,2025-01-26,25,78.7,44.7,5647,439
PT_050,2025-01-27,26,80.6,41.9,4938,461
PT_050,2025-01-28,27,77.6,33.8,5104,451
PT_050,2025-01-29,28,81.2,42.2,4938,459
PT_050,2025-01-30,29,84.1,37.2,4257,435
PT_050,2025-01-31,30,88.2,38.8,4444,424
PT_050,2025-02-01,31,85.0,37.3,5044,354
PT_050,2025-02-02,32,82.4,40.4,4615,423
PT_050,2025-02-03,33,82.2,37.5,3941,381
PT_050,2025-02-04,34,85.3,42.4,4804,394
PT_050,2025-02-05,35,88.9,35.2,4367,359
PT_050,2025-02-06,36,86.8,34.2,4809,414
PT_050,2025-02-07,37,83.0,36.8,4638,462
PT_050,2025-02-08,38,82.1,39.4,4451,400
PT_050,2025-02-09,39,87.3,32.8,4276,398
PT_050,2025-02-10,40,82.1,44.0,5020,462
PT_050,2025-02-11,41,83.5,36.3,4384,423
PT_050,2025-02-12,42,80.4,42.6,4373,457
PT_050,2025-02-13,43,82.2,40.4,5916,455
PT_050,2025-02-14,44,74.0,49.6,6205,412
PT_050,2025-02-15,45,75.4,51.3,7496,477
PT_050,2025-02-16,46,68.6,47.1,6872,433
PT_050,2025-02-17,47,71.8,52.8,6352,441
PT_050,2025-02-18,48,69.8,52.8,6430,406
PT_050,2025-02-19,49,77.2,48.2,6391,419
PT_050,2025-02-20,50,74.5,50.6,6071,395
PT_050,2025-02-21,51,70.7,53.7,6490,414
PT_050,2025-02-22,52,70.7,52.9,7039,477
PT_050,2025-02-23,53,74.3,54.5,6740,432
PT_050,2025-02-24,54,75.8,53.8,6950,410
PT_050,2025-02-25,55,74.3,50.2,6403,440
PT_050,2025-02-26,56,72.9,49.9,6656,391
PT_050,2025-02-27,57,69.4,55.2,6600,451
PT_050,2025-02-28,58,71.2,51.8,5885,512
PT_050,2025-03-01,59,76.1,50.8,5990,432
PT_050,2025-03-02,60,73.3,51.1,6776,416
PT_050,2025-03-03,61,74.3,43.3,7027,439
PT_050,2025-03-04,62,74.7,47.8,7154,444
PT_050,2025-03-05,63,76.7,48.2,6717,401
PT_050,2025-03-06,64,70.6,51.7,5799,461
PT_050,2025-03-07,65,74.5,45.9,5183,479
PT_050,2025-03-08,66,75.4,45.4,5657,469
PT_050,2025-03-09,67,73.9,43.6,6548,417
PT_050,2025-03-10,68,75.4,45.2,5999,428
PT_050,2025-03-11,69,75.4,45.6,6149,466
PT_050,2025-03-12,70,69.5,47.8,6462,435
PT_050,2025-03-13,71,73.5,50.2,5757,460
PT_050,2025-03-14,72,81.1,48.1,5989,403
PT_050,2025-03-15,73,75.3,44.9,6207,466
PT_050,2025-03-16,74,73.8,50.6,7152,429
PT_050,2025-03-17,75,72.0,44.0,6595,448
PT_050,2025-03-18,76,75.8,54.6,6388,446
PT_050,2025-03-19,77,72.6,50.7,6337,420
PT_050,2025-03-20,78,73.4,48.4,6772,482
PT_050,2025-03-21,79,69.8,52.0,7758,399
PT_050,2025-03-22,80,71.7,50.2,7074,447
PT_050,2025-03-23,81,68.8,55.4,6877,440
PT_050,2025-03-24,82,72.0,51.1,6219,433
PT_050,2025-03-25,83,69.8,47.2,6547,459
PT_050,2025-03-26,84,77.5,52.3,5544,428
PT_050,2025-03-27,85,69.7,50.4,7023,399
PT_050,2025-03-28,86,71.8,51.4,6695,458
PT_050,2025-03-29,87,76.8,57.8,7741,492
PT_050,2025-03-30,88,74.6,49.8,6966,413
PT_050,2025-03-31,89,75.0,47.5,5083,414
PT_051,2025-01-01,0,65.4,56.7,7282,466
PT_051,2025-01-02,1,69.0,53.5,7678,442
PT_051,2025-01-03,2,65.2,46.7,6807,492
PT_051,2025-01-04,3,68.3,46.6,6354,436
PT_051,2025-01-05,4,72.7,49.1,7475,440
PT_051,2025-01-06,5,67.5,44.6,6267,505
PT_051,2025-01-07,6,69.4,45.4,6123,421
PT_051,2025-01-08,7,71.1,46.8,6126,479
PT_051,2025-01-09,8,69.2,48.3,6072,461
PT_051,2025-01-10,9,76.8,41.3,5770,435
PT_051,2025-01-11,10,69.6,47.6,6017,462
PT_051,2025-01-12,11,69.9,48.0,6245,467
PT_051,2025-01-13,12,71.2,44.7,6564,521
PT_051,2025-01-14,13,75.2,48.2,5742,415
PT_051,2025-01-15,14,69.3,38.5,5724,419
PT_051,2025-01-16,15,73.7,44.6,6283,459
PT_051,2025-01-17,16,68.9,42.2,5499,461
PT_051,2025-01-18,17,67.7,50.9,5713,407
PT_051,2025-01-19,18,74.3,39.6,6328,429
PT_051,2025-01-20,19,73.1,46.6,5808,477
PT_051,2025-01-21,20,68.5,46.3,5902,460
PT_051,2025-01-22,21,74.8,43.4,5596,423
PT_051,2025-01-23,22,71.6,45.5,5996,508
PT_051,2025-01-24,23,69.3,48.0,6671,486
PT_051,2025-01-25,24,71.7,41.7,6118,452
PT_051,2025-01-26,25,66.1,42.2,6564,389
PT_051,2025-01-27,26,67.2,45.4,6959,469
PT_051,2025-01-28,27,70.7,50.5,6703,450
PT_051,2025-01-29,28,65.1,49.1,7544,431
PT_051,2025-01-30,29,70.3,44.9,6026,459
PT_051,2025-01-31,30,72.4,42.4,5342,441
PT_051,2025-02-01,31,76.9,46.5,5738,436
PT_051,2025-02-02,32,76.3,42.4,5428,484
PT_051,2025-02-03,33,78.1,34.7,5189,447
PT_051,2025-02-04,34,82.5,38.7,4359,452
PT_051,2025-02-05,35,78.4,37.4,4455,387
PT_051,2025-02-06,36,81.3,34.7,4169,447
PT_051,2025-02-07,37,77.7,38.2,5244,414
PT_051,2025-02-08,38,75.6,42.6,4949,512
PT_051,2025-02-09,39,79.7,37.1,5037,477
PT_051,2025-02-10,40,79.5,39.6,5109,489
PT_051,2025-02-11,41,76.1,37.3,4812,419
PT_051,2025-02-12,42,73.2,40.4,5491,476
PT_051,2025-02-13,43,77.0,39.3,5357,480
PT_051,2025-02-14,44,75.3,35.1,5362,474
PT_051,2025-02-15,45,77.4,41.0,6345,469
PT_051,2025-02-16,46,71.9,41.5,5278,508
PT_051,2025-02-17,47,70.2,40.9,5026,369
PT_051,2025-02-18,48,73.1,49.2,5513,500
PT_051,2025-02-19,49,66.0,55.0,7371,460
PT_051,2025-02-20,50,64.3,47.9,8019,408
PT_051,2025-02-21,51,66.3,53.9,8251,529
PT_051,2025-02-22,52,66.3,53.6,6938,465
PT_051,2025-02-23,53,64.4,52.4,6675,495
PT_051,2025-02-24,54,63.3,49.6,7618,425
PT_051,2025-02-25,55,67.6,52.2,7167,436
PT_051,2025-02-26,56,69.4,53.1,7257,413
PT_051,2025-02-27,57,63.6,56.4,7342,528
PT_051,2025-02-28,58,67.9,50.2,6895,465
PT_051,2025-03-01,59,69.4,48.7,7194,465
PT_051,2025-03-02,60,72.3,37.1,6104,474
PT_051,2025-03-03,61,69.5,47.6,6562,432
PT_051,2025-03-04,62,70.1,40.6,5499,522
PT_051,2025-03-05,63,76.6,47.4,5955,472
PT_051,2025-03-06,64,71.3,39.8,5508,478
PT_051,2025-03-07,65,78.3,49.4,6530,444
PT_051,2025-03-08,66,74.6,41.1,5308,476
PT_051,2025-03-09,67,74.6,44.2,5993,431
PT_051,2025-03-10,68,74.9,42.4,6476,400
PT_051,2025-03-11,69,75.6,38.9,5422,407
PT_051,2025-03-12,70,65.7,41.8,6342,512
PT_051,2025-03-13,71,76.5,39.2,5865,415
PT_051,2025-03-14,72,72.2,42.3,6533,476
PT_051,2025-03-15,73,68.9,44.8,6236,559
PT_051,2025-03-16,74,73.1,42.2,6345,516
PT_051,2025-03-17,75,74.0,47.2,6210,499
PT_051,2025-03-18,76,71.3,45.0,6421,459
PT_051,2025-03-19,77,72.7,45.7,6365,456
PT_051,2025-03-20,78,72.8,51.4,6977,498
PT_051,2025-03-21,79,67.2,50.6,6705,396
PT_051,2025-03-22,80,71.8,51.0,7109,414
PT_051,2025-03-23,81,69.8,45.2,6018,509
PT_051,2025-03-24,82,72.2,43.9,5719,439
PT_051,2025-03-25,83,75.8,40.8,6080,463
PT_051,2025-03-26,84,69.9,37.7,5564,543
PT_051,2025-03-27,85,77.4,41.5,5986,479
PT_051,2025-03-28,86,68.9,45.8,6158,467
PT_051,2025-03-29,87,74.4,46.4,6724,500
PT_051,2025-03-30,88,71.0,41.6,6321,483
PT_051,2025-03-31,89,76.3,44.9,5488,467
PT_052,2025-01-01,0,80.8,38.7,6098,421
PT_052,2025-01-02,1,84.0,29.2,4248,411
PT_052,2025-01-03,2,92.2,27.4,3205,418
PT_052,2025-01-04,3,92.5,24.3,4195,471
PT_052,2025-01-05,4,87.9,24.6,4509,412
PT_052,2025-01-06,5,86.8,23.4,3769,434
PT_052,2025-01-07,6,98.2,21.1,4413,450
PT_052,2025-01-08,7,93.0,18.1,3052,372
PT_052,2025-01-09,8,93.1,15.7,3113,412
PT_052,2025-01-10,9,96.7,19.5,2985,394
PT_052,2025-01-11,10,93.8,24.9,3486,413
PT_052,2025-01-12,11,94.8,19.1,3171,386
PT_052,2025-01-13,12,90.3,21.6,3642,411
PT_052,2025-01-14,13,90.7,16.7,3662,346
PT_052,2025-01-15,14,97.5,21.6,2493,385
PT_052,2025-01-16,15,95.3,15.4,2849,454
PT_052,2025-01-17,16,100.5,11.5,2754,432
PT_052,2025-01-18,17,94.7,16.8,3090,459
PT_052,2025-01-19,18,97.3,13.6,2688,421
PT_052,2025-01-20,19,96.3,24.3,1939,445
PT_052,2025-01-21,20,96.1,13.7,2668,393
PT_052,2025-01-22,21,85.4,32.3,5751,467
PT_052,2025-01-23,22,86.9,40.5,4506,395
PT_052,2025-01-24,23,83.5,28.1,4635,446
PT_052,2025-01-25,24,87.3,28.3,5006,396
PT_052,2025-01-26,25,85.2,35.8,5517,415
PT_052,2025-01-27,26,86.2,27.4,5241,390
PT_052,2025-01-28,27,89.0,30.2,4602,395
PT_052,2025-01-29,28,85.7,26.1,4046,429
PT_052,2025-01-30,29,93.2,23.9,4061,463
PT_052,2025-01-31,30,94.5,26.3,4273,457
PT_052,2025-02-01,31,93.4,19.2,3413,396
PT_052,2025-02-02,32,92.1,23.4,4628,459
PT_052,2025-02-03,33,95.5,29.1,3501,466
PT_052,2025-02-04,34,97.4,17.2,3017,425
PT_052,2025-02-05,35,91.9,24.6,3226,471
PT_052,2025-02-06,36,98.8,24.2,2910,451
PT_052,2025-02-07,37,96.8,23.9,3332,405
PT_052,2025-02-08,38,92.5,22.1,3717,443
PT_052,2025-02-09,39,93.8,24.6,3617,420
PT_052,2025-02-10,40,95.6,21.0,3651,486
PT_052,2025-02-11,41,95.7,22.7,3760,410
PT_052,2025-02-12,42,91.8,32.1,3583,429
PT_052,2025-02-13,43,90.7,25.9,5134,501
PT_052,2025-02-14,44,89.3,28.6,5400,422
PT_052,2025-02-15,45,88.4,34.6,4022,450
PT_052,2025-02-16,46,78.6,39.4,4783,406
PT_052,2025-02-17,47,78.2,36.4,5862,391
PT_052,2025-02-18,48,84.5,34.5,5089,463
PT_052,2025-02-19,49,83.5,36.3,4966,439
PT_052,2025-02-20,50,83.4,34.3,5058,395
PT_052,2025-02-21,51,82.5,41.2,5227,442
PT_052,2025-02-22,52,81.8,30.3,4641,399
PT_052,2025-02-23,53,79.8,35.8,5735,388
PT_052,2025-02-24,54,86.8,37.1,4535,469
PT_052,2025-02-25,55,80.2,44.1,5291,402
PT_052,2025-02-26,56,83.0,30.9,5742,422
PT_052,2025-02-27,57,86.1,24.6,5104,438
PT_052,2025-02-28,58,86.5,31.8,4253,420
PT_052,2025-03-01,59,85.5,24.2,4361,477
PT_052,2025-03-02,60,87.6,25.1,3694,385
PT_052,2025-03-03,61,90.2,24.7,4010,348
PT_052,2025-03-04,62,97.8,25.5,4517,460
PT_052,2025-03-05,63,93.6,28.5,3577,431
PT_052,2025-03-06,64,91.3,18.3,4699,373
PT_052,2025-03-07,65,90.4,20.2,4276,458
PT_052,2025-03-08,66,88.2,18.4,4710,417
PT_052,2025-03-09,67,89.8,24.6,4483,422
PT_052,2025-03-10,68,90.7,27.5,3669,457
PT_052,2025-03-11,69,90.5,23.5,3788,336
PT_052,2025-03-12,70,98.0,19.9,4149,450
PT_052,2025-03-13,71,92.1,18.3,4252,397
PT_052,2025-03-14,72,90.4,23.7,3432,425
PT_052,2025-03-15,73,90.7,24.5,3844,409
PT_052,2025-03-16,74,95.4,23.0,3686,414
PT_052,2025-03-17,75,93.6,20.9,3764,412
PT_052,2025-03-18,76,82.6,39.4,5359,392
PT_052,2025-03-19,77,83.6,27.1,5615,401
PT_052,2025-03-20,78,86.6,28.6,4983,418
PT_052,2025-03-21,79,94.1,30.6,4217,403
PT_052,2025-03-22,80,94.6,24.6,3769,494
PT_052,2025-03-23,81,89.2,19.8,2818,446
PT_052,2025-03-24,82,93.2,20.1,2912,448
PT_052,2025-03-25,83,93.4,17.5,3216,393
PT_052,2025-03-26,84,94.1,18.0,4085,413
PT_052,2025-03-27,85,96.5,21.3,2641,376
PT_052,2025-03-28,86,95.0,24.9,3881,429
PT_052,2025-03-29,87,98.0,19.9,2786,435
PT_052,2025-03-30,88,93.0,25.0,3195,407
PT_052,2025-03-31,89,90.3,25.8,3432,480
PT_053,2025-01-01,0,69.5,31.7,8701,472
PT_053,2025-01-02,1,67.9,30.5,7837,494
PT_053,2025-01-03,2,69.6,23.5,6023,492
PT_053,2025-01-04,3,70.5,23.1,6666,475
PT_053,2025-01-05,4,71.6,26.6,6201,496
PT_053,2025-01-06,5,78.1,26.9,5977,491
PT_053,2025-01-07,6,71.6,19.4,5929,504
PT_053,2025-01-08,7,71.8,18.4,5676,544
PT_053,2025-01-09,8,70.3,16.6,5960,472
PT_053,2025-01-10,9,71.6,20.6,6431,558
PT_053,2025-01-11,10,74.0,21.3,5761,481
PT_053,2025-01-12,11,73.6,21.1,5228,490
PT_053,2025-01-13,12,73.5,14.5,6330,477
PT_053,2025-01-14,13,73.5,20.1,6365,470
PT_053,2025-01-15,14,75.7,18.8,6162,463
PT_053,2025-01-16,15,74.0,15.4,5700,482
PT_053,2025-01-17,16,74.6,17.3,6088,529
PT_053,2025-01-18,17,70.8,23.0,5991,454
PT_053,2025-01-19,18,74.0,20.6,5632,516
PT_053,2025-01-20,19,65.2,21.9,6040,525
PT_053,2025-01-21,20,69.7,25.1,6979,451
PT_053,2025-01-22,21,67.0,32.6,6815,479
PT_053,2025-01-23,22,64.8,25.5,7263,462
PT_053,2025-01-24,23,63.5,29.1,7217,508
PT_053,2025-01-25,24,65.4,27.4,6422,461
PT_053,2025-01-26,25,74.7,25.9,7070,543
PT_053,2025-01-27,26,71.0,23.4,6774,497
PT_053,2025-01-28,27,69.0,26.4,7194,464
PT_053,2025-01-29,28,69.4,24.0,7358,521
PT_053,2025-01-30,29,75.6,26.8,7845,544
PT_053,2025-01-31,30,73.4,28.7,6216,518
PT_053,2025-02-01,31,70.2,24.2,6372,459
PT_053,2025-02-02,32,76.8,26.5,6575,506
PT_053,2025-02-03,33,74.2,23.1,6883,511
PT_053,2025-02-04,34,74.8,24.2,6572,521
PT_053,2025-02-05,35,72.3,29.6,6248,444
PT_053,2025-02-06,36,68.8,24.2,7162,525
PT_053,2025-02-07,37,71.5,26.4,6642,574
PT_053,2025-02-08,38,69.5,20.2,7419,494
PT_053,2025-02-09,39,66.2,21.2,6643,416
PT_053,2025-02-10,40,64.7,29.0,6909,524
PT_053,2025-02-11,41,71.3,28.6,6953,557
PT_053,2025-02-12,42,70.2,23.5,6263,488
PT_053,2025-02-13,43,68.5,32.1,7149,468
PT_053,2025-02-14,44,64.5,27.8,7504,490
PT_053,2025-02-15,45,69.8,28.5,8146,499
PT_053,2025-02-16,46,67.4,28.2,7114,418
PT_053,2025-02-17,47,65.5,26.6,8215,483
PT_053,2025-02-18,48,64.9,32.8,7117,504
PT_053,2025-02-19,49,66.0,34.1,7886,467
PT_053,2025-02-20,50,72.3,22.6,6769,521
PT_053,2025-02-21,51,71.8,20.2,5738,497
PT_053,2025-02-22,52,75.3,22.0,6669,448
PT_053,2025-02-23,53,68.9,18.5,5951,422
PT_053,2025-02-24,54,72.2,17.9,6954,513
PT_053,2025-02-25,55,70.6,23.6,6995,504
PT_053,2025-02-26,56,75.0,21.3,6442,553
PT_053,2025-02-27,57,62.6,31.3,6694,544
PT_053,2025-02-28,58,72.2,23.7,6196,447
PT_053,2025-03-01,59,75.7,22.0,6478,481
PT_053,2025-03-02,60,75.7,19.6,6321,511
PT_053,2025-03-03,61,78.0,14.9,6102,509
PT_053,2025-03-04,62,77.0,17.7,5220,503
PT_053,2025-03-05,63,78.1,15.0,5033,481
PT_053,2025-03-06,64,76.9,11.2,6187,499
PT_053,2025-03-07,65,80.6,13.0,4400,529
PT_053,2025-03-08,66,78.2,15.6,6141,464
PT_053,2025-03-09,67,77.8,18.3,5154,558
PT_053,2025-03-10,68,79.6,19.7,5824,468
PT_053,2025-03-11,69,79.9,17.3,6145,451
PT_053,2025-03-12,70,79.5,8.1,5693,427
PT_053,2025-03-13,71,72.2,10.3,5398,511
PT_053,2025-03-14,72,74.6,21.2,5873,504
PT_053,2025-03-15,73,81.6,16.2,5340,511
PT_053,2025-03-16,74,75.8,17.5,5696,487
PT_053,2025-03-17,75,74.6,24.6,5567,501
PT_053,2025-03-18,76,76.3,19.0,6620,445
PT_053,2025-03-19,77,73.3,20.1,6164,484
PT_053,2025-03-20,78,69.4,32.3,8004,469
PT_053,2025-03-21,79,71.4,28.7,6812,453
PT_053,2025-03-22,80,67.6,25.8,6939,471
PT_053,2025-03-23,81,71.7,23.9,6759,422
PT_053,2025-03-24,82,72.4,22.4,7266,495
PT_053,2025-03-25,83,71.0,25.1,7059,499
PT_053,2025-03-26,84,74.3,21.7,6731,519
PT_053,2025-03-27,85,71.8,22.9,6642,479
PT_053,2025-03-28,86,71.2,28.2,6758,479
PT_053,2025-03-29,87,73.1,22.3,6527,480
PT_053,2025-03-30,88,73.6,21.0,5971,530
PT_053,2025-03-31,89,73.4,20.8,6661,533
PT_054,2025-01-01,0,65.5,58.9,4344,493
PT_054,2025-01-02,1,67.6,59.1,5527,433
PT_054,2025-01-03,2,68.5,58.2,4449,473
PT_054,2025-01-04,3,72.6,65.8,4871,478
PT_054,2025-01-05,4,67.0,57.3,4227,449
PT_054,2025-01-06,5,69.5,59.5,4676,421
PT_054,2025-01-07,6,66.5,61.2,4598,465
PT_054,2025-01-08,7,70.4,57.5,4839,405
PT_054,2025-01-09,8,70.2,65.8,5166,428
PT_054,2025-01-10,9,65.7,61.2,4794,444
PT_054,2025-01-11,10,72.5,62.7,4640,441
PT_054,2025-01-12,11,70.6,61.4,4613,407
PT_054,2025-01-13,12,72.6,62.9,4338,384
PT_054,2025-01-14,13,73.5,58.8,4223,403
PT_054,2025-01-15,14,70.7,61.4,3857,480
PT_054,2025-01-16,15,70.9,57.3,4673,417
PT_054,2025-01-17,16,71.0,57.6,5183,416
PT_054,2025-01-18,17,66.9,62.4,5157,460
PT_054,2025-01-19,18,67.7,67.4,4986,453
PT_054,2025-01-20,19,69.4,62.9,3891,393
PT_054,2025-01-21,20,72.4,65.0,4527,458
PT_054,2025-01-22,21,62.3,69.9,4914,510
PT_054,2025-01-23,22,67.7,58.5,4900,444
PT_054,2025-01-24,23,63.5,60.7,5130,357
PT_054,2025-01-25,24,65.0,61.6,5276,378
PT_054,2025-01-26,25,68.7,63.2,5395,446
PT_054,2025-01-27,26,66.6,63.8,5928,446
PT_054,2025-01-28,27,67.6,61.3,5319,424
PT_054,2025-01-29,28,67.9,62.1,5372,439
PT_054,2025-01-30,29,69.2,66.5,5190,382
PT_054,2025-01-31,30,64.1,69.1,5087,469
PT_054,2025-02-01,31,66.9,63.0,4860,424
PT_054,2025-02-02,32,72.9,64.9,5464,456
PT_054,2025-02-03,33,70.3,56.1,4749,399
PT_054,2025-02-04,34,70.5,64.7,3838,422
PT_054,2025-02-05,35,69.9,66.1,4332,402
PT_054,2025-02-06,36,71.0,58.5,4855,458
PT_054,2025-02-07,37,71.1,61.0,3829,435
PT_054,2025-02-08,38,68.0,56.7,3444,449
PT_054,2025-02-09,39,73.4,60.2,4594,466
PT_054,2025-02-10,40,71.4,56.2,4547,425
PT_054,2025-02-11,41,63.8,58.3,4628,500
PT_054,2025-02-12,42,69.8,62.1,4429,465
PT_054,2025-02-13,43,65.9,56.6,4468,420
PT_054,2025-02-14,44,73.9,60.8,4597,399
PT_054,2025-02-15,45,71.2,63.6,4699,414
PT_054,2025-02-16,46,69.0,58.4,4907,407
PT_054,2025-02-17,47,72.4,60.6,4634,458
PT_054,2025-02-18,48,71.7,60.1,4942,395
PT_054,2025-02-19,49,68.8,64.4,4391,401
PT_054,2025-02-20,50,67.6,56.6,4530,462
PT_054,2025-02-21,51,69.4,63.5,4606,419
PT_054,2025-02-22,52,65.8,64.4,5817,449
PT_054,2025-02-23,53,63.2,63.6,3808,385
PT_054,2025-02-24,54,67.9,58.1,5458,455
PT_054,2025-02-25,55,66.2,59.9,4960,434
PT_054,2025-02-26,56,67.3,58.2,4232,404
PT_054,2025-02-27,57,74.2,60.5,4812,478
PT_054,2025-02-28,58,69.6,56.3,3735,403
PT_054,2025-03-01,59,69.3,51.5,3939,441
PT_054,2025-03-02,60,71.5,61.7,4128,433
PT_054,2025-03-03,61,70.2,54.5,4445,400
PT_054,2025-03-04,62,71.8,59.7,3948,392
PT_054,2025-03-05,63,67.3,57.0,4722,433
PT_054,2025-03-06,64,70.4,61.8,4980,475
PT_054,2025-03-07,65,78.3,51.9,4159,317
PT_054,2025-03-08,66,74.8,57.5,4602,422
PT_054,2025-03-09,67,71.8,56.5,4263,417
PT_054,2025-03-10,68,70.0,64.4,4401,451
PT_054,2025-03-11,69,72.1,54.5,4638,389
PT_054,2025-03-12,70,77.0,55.7,4536,473
PT_054,2025-03-13,71,68.9,59.3,4134,476
PT_054,2025-03-14,72,70.7,60.3,4831,449
PT_054,2025-03-15,73,68.8,63.1,3877,406
PT_054,2025-03-16,74,72.9,59.5,4864,374
PT_054,2025-03-17,75,71.4,59.9,5378,421
PT_054,2025-03-18,76,70.7,64.1,4895,467
PT_054,2025-03-19,77,70.8,67.3,5082,398
PT_054,2025-03-20,78,65.3,63.2,4851,441
PT_054,2025-03-21,79,69.8,63.2,4583,484
PT_054,2025-03-22,80,69.5,62.0,4676,398
PT_054,2025-03-23,81,68.2,65.4,5218,448
PT_054,2025-03-24,82,72.1,58.2,4189,439
PT_054,2025-03-25,83,67.3,67.2,4605,403
PT_054,2025-03-26,84,69.7,62.8,5077,397
PT_054,2025-03-27,85,66.6,59.7,5316,478
PT_054,2025-03-28,86,70.6,59.3,4959,466
PT_054,2025-03-29,87,67.7,58.7,4609,447
PT_054,2025-03-30,88,69.6,61.1,4449,417
PT_054,2025-03-31,89,68.9,60.9,5207,382
PT_055,2025-01-01,0,74.6,50.5,7900,505
PT_055,2025-01-02,1,75.5,53.0,6539,405
PT_055,2025-01-03,2,74.1,45.7,6171,450
PT_055,2025-01-04,3,72.6,44.4,6607,460
PT_055,2025-01-05,4,78.6,44.0,6771,498
PT_055,2025-01-06,5,80.9,41.8,6803,440
PT_055,2025-01-07,6,81.2,41.6,6412,419
PT_055,2025-01-08,7,82.5,43.5,6290,522
PT_055,2025-01-09,8,76.7,47.6,5946,439
PT_055,2025-01-10,9,81.6,48.0,7040,503
PT_055,2025-01-11,10,80.5,44.3,6519,429
PT_055,2025-01-12,11,76.6,41.5,6476,465
PT_055,2025-01-13,12,76.7,40.0,5640,385
PT_055,2025-01-14,13,77.8,43.1,6442,437
PT_055,2025-01-15,14,76.5,44.3,5973,475
PT_055,2025-01-16,15,79.4,44.9,6342,414
PT_055,2025-01-17,16,78.4,46.7,6744,450
PT_055,2025-01-18,17,75.9,45.9,5903,463
PT_055,2025-01-19,18,74.3,46.3,6616,474
PT_055,2025-01-20,19,77.3,44.4,5782,490
PT_055,2025-01-21,20,74.6,47.9,7260,471
PT_055,2025-01-22,21,76.6,51.8,7858,443
PT_055,2025-01-23,22,74.6,51.3,6874,493
PT_055,2025-01-24,23,70.1,50.9,6726,417
PT_055,2025-01-25,24,73.4,47.1,7162,500
PT_055,2025-01-26,25,75.2,50.0,6454,452
PT_055,2025-01-27,26,76.8,46.8,7151,452
PT_055,2025-01-28,27,76.3,49.8,6151,455
PT_055,2025-01-29,28,75.2,46.6,7674,435
PT_055,2025-01-30,29,73.7,52.2,6933,511
PT_055,2025-01-31,30,75.9,45.5,6518,438
PT_055,2025-02-01,31,76.9,46.6,6230,448
PT_055,2025-02-02,32,78.4,38.5,6231,515
PT_055,2025-02-03,33,76.7,41.1,7154,459
PT_055,2025-02-04,34,82.4,37.5,6148,385
PT_055,2025-02-05,35,87.4,31.6,4953,490
PT_055,2025-02-06,36,84.6,33.6,5074,563
PT_055,2025-02-07,37,85.6,36.1,5917,465
PT_055,2025-02-08,38,84.1,34.9,4704,462
PT_055,2025-02-09,39,81.9,33.1,5321,495
PT_055,2025-02-10,40,83.5,30.7,5119,476
PT_055,2025-02-11,41,88.7,34.5,5877,444
PT_055,2025-02-12,42,82.4,39.6,6378,399
PT_055,2025-02-13,43,75.1,42.0,6356,497
PT_055,2025-02-14,44,73.4,41.7,5921,401
PT_055,2025-02-15,45,80.4,47.3,6252,460
PT_055,2025-02-16,46,81.7,48.7,6538,488
PT_055,2025-02-17,47,78.6,47.5,6609,448
PT_055,2025-02-18,48,76.6,44.2,6900,461
PT_055,2025-02-19,49,82.3,42.3,7470,476
PT_055,2025-02-20,50,79.8,39.3,5751,459
PT_055,2025-02-21,51,82.1,40.2,5619,435
PT_055,2025-02-22,52,80.1,39.8,6052,508
PT_055,2025-02-23,53,86.9,41.4,5987,489
PT_055,2025-02-24,54,79.6,45.3,5874,460
PT_055,2025-02-25,55,77.6,42.5,6076,486
PT_055,2025-02-26,56,78.3,43.0,6575,426
PT_055,2025-02-27,57,72.5,53.0,7135,446
PT_055,2025-02-28,58,80.5,50.2,7620,522
PT_055,2025-03-01,59,82.1,39.4,6574,419
PT_055,2025-03-02,60,81.2,51.7,6324,470
PT_055,2025-03-03,61,80.7,38.9,5824,415
PT_055,2025-03-04,62,85.9,44.8,6967,425
PT_055,2025-03-05,63,81.2,35.9,6568,435
PT_055,2025-03-06,64,79.1,42.7,5138,407
PT_055,2025-03-07,65,86.3,42.3,6465,487
PT_055,2025-03-08,66,84.1,41.7,5417,453
PT_055,2025-03-09,67,82.7,42.2,5774,474
PT_055,2025-03-10,68,88.2,40.5,5729,473
PT_055,2025-03-11,69,83.3,40.4,6516,404
PT_055,2025-03-12,70,80.3,39.5,6535,425
PT_055,2025-03-13,71,84.0,31.9,5654,431
PT_055,2025-03-14,72,82.7,41.4,5854,513
PT_055,2025-03-15,73,79.6,42.8,5488,477
PT_055,2025-03-16,74,76.8,46.2,6752,479
PT_055,2025-03-17,75,80.6,46.9,5730,483
PT_055,2025-03-18,76,79.1,40.5,6531,468
PT_055,2025-03-19,77,79.9,44.9,6332,450
PT_055,2025-03-20,78,74.2,53.1,7711,493
PT_055,2025-03-21,79,74.7,47.2,7230,392
PT_055,2025-03-22,80,76.9,50.8,6611,442
PT_055,2025-03-23,81,80.6,51.8,6728,457
PT_055,2025-03-24,82,75.8,46.4,7495,532
PT_055,2025-03-25,83,76.7,47.2,7329,433
PT_055,2025-03-26,84,78.1,45.3,6466,514
PT_055,2025-03-27,85,79.5,45.1,6845,460
PT_055,2025-03-28,86,82.1,52.1,6874,527
PT_055,2025-03-29,87,78.5,44.2,7335,451
PT_055,2025-03-30,88,79.7,47.6,6952,534
PT_055,2025-03-31,89,78.4,47.2,5431,438
PT_056,2025-01-01,0,75.9,57.2,5183,428
PT_056,2025-01-02,1,76.9,55.2,5241,416
PT_056,2025-01-03,2,78.8,50.8,5003,421
PT_056,2025-01-04,3,77.6,52.6,4666,442
PT_056,2025-01-05,4,77.9,42.2,4331,450
PT_056,2025-01-06,5,81.0,47.8,3920,473
PT_056,2025-01-07,6,78.8,47.6,3369,438
PT_056,2025-01-08,7,82.9,49.7,3841,411
PT_056,2025-01-09,8,82.0,47.7,3632,468
PT_056,2025-01-10,9,84.6,44.5,3659,483
PT_056,2025-01-11,10,80.7,41.6,4300,383
PT_056,2025-01-12,11,82.6,44.8,4705,400
PT_056,2025-01-13,12,81.3,48.6,4453,428
PT_056,2025-01-14,13,85.2,46.2,4632,436
PT_056,2025-01-15,14,78.2,47.0,4314,436
PT_056,2025-01-16,15,81.9,50.1,4058,388
PT_056,2025-01-17,16,82.7,48.2,4449,427
PT_056,2025-01-18,17,82.0,48.0,4372,404
PT_056,2025-01-19,18,77.3,45.8,4684,420
PT_056,2025-01-20,19,78.9,47.5,3978,365
PT_056,2025-01-21,20,80.1,48.2,4419,408
PT_056,2025-01-22,21,76.7,58.9,5889,424
PT_056,2025-01-23,22,73.7,57.2,4519,427
PT_056,2025-01-24,23,73.1,54.1,5749,419
PT_056,2025-01-25,24,75.9,55.5,5819,444
PT_056,2025-01-26,25,76.8,52.8,5158,421
PT_056,2025-01-27,26,75.0,55.3,5386,416
PT_056,2025-01-28,27,75.9,55.2,6172,515
PT_056,2025-01-29,28,73.6,55.1,5738,385
PT_056,2025-01-30,29,75.8,54.2,5617,413
PT_056,2025-01-31,30,74.3,53.0,5421,440
PT_056,2025-02-01,31,75.3,49.2,5885,316
PT_056,2025-02-02,32,76.5,54.9,4983,457
PT_056,2025-02-03,33,78.3,47.9,5236,444
PT_056,2025-02-04,34,78.9,48.3,4251,374
PT_056,2025-02-05,35,82.0,49.5,5026,486
PT_056,2025-02-06,36,81.1,47.2,5386,452
PT_056,2025-02-07,37,85.6,44.3,3364,399
PT_056,2025-02-08,38,84.3,46.4,4537,427
PT_056,2025-02-09,39,79.7,42.1,4200,461
PT_056,2025-02-10,40,78.5,44.4,4042,407
PT_056,2025-02-11,41,80.1,42.9,4835,462
PT_056,2025-02-12,42,79.1,46.1,4120,468
PT_056,2025-02-13,43,82.7,51.1,4035,459
PT_056,2025-02-14,44,81.5,42.2,3341,471
PT_056,2025-02-15,45,76.2,50.4,3616,465
PT_056,2025-02-16,46,78.3,45.1,3880,413
PT_056,2025-02-17,47,82.0,42.4,5265,447
PT_056,2025-02-18,48,81.3,49.6,3793,435
PT_056,2025-02-19,49,75.5,44.5,4007,446
PT_056,2025-02-20,50,87.2,48.3,3377,374
PT_056,2025-02-21,51,73.7,46.8,5087,404
PT_056,2025-02-22,52,77.8,49.8,4201,417
PT_056,2025-02-23,53,72.7,53.8,5548,453
PT_056,2025-02-24,54,72.6,53.4,5078,495
PT_056,2025-02-25,55,74.9,57.4,5373,426
PT_056,2025-02-26,56,72.1,51.1,5760,470
PT_056,2025-02-27,57,70.0,58.6,5751,445
PT_056,2025-02-28,58,72.0,51.9,5579,456
PT_056,2025-03-01,59,76.0,50.7,4491,449
PT_056,2025-03-02,60,71.3,51.9,5581,448
PT_056,2025-03-03,61,75.0,55.6,6186,398
PT_056,2025-03-04,62,80.1,54.6,4192,446
PT_056,2025-03-05,63,82.5,54.3,4084,430
PT_056,2025-03-06,64,79.3,46.7,4463,366
PT_056,2025-03-07,65,78.6,48.3,4553,444
PT_056,2025-03-08,66,75.5,44.1,4430,461
PT_056,2025-03-09,67,83.6,49.0,4183,403
PT_056,2025-03-10,68,75.3,47.3,4235,470
PT_056,2025-03-11,69,80.6,46.2,3753,441
PT_056,2025-03-12,70,81.2,44.3,4054,481
PT_056,2025-03-13,71,81.8,47.6,3709,453
PT_056,2025-03-14,72,82.8,45.6,4226,442
PT_056,2025-03-15,73,81.6,48.4,4697,422
PT_056,2025-03-16,74,77.7,52.1,3592,443
PT_056,2025-03-17,75,85.0,50.8,4092,454
PT_056,2025-03-18,76,83.5,47.8,4695,434
PT_056,2025-03-19,77,80.3,45.9,3669,405
PT_056,2025-03-20,78,81.4,43.3,4348,436
PT_056,2025-03-21,79,84.7,45.3,3850,413
PT_056,2025-03-22,80,79.7,48.9,4611,462
PT_056,2025-03-23,81,82.1,48.3,4639,413
PT_056,2025-03-24,82,78.3,54.3,4992,421
PT_056,2025-03-25,83,77.2,56.5,4789,419
PT_056,2025-03-26,84,75.7,49.0,4354,471
PT_056,2025-03-27,85,78.7,45.6,4323,368
PT_056,2025-03-28,86,73.5,39.9,3553,447
PT_056,2025-03-29,87,81.8,50.9,4193,466
PT_056,2025-03-30,88,83.4,43.5,3731,423
PT_056,2025-03-31,89,82.6,39.0,3291,412
PT_057,2025-01-01,0,69.4,42.0,4887,436
PT_057,2025-01-02,1,76.3,38.3,4304,382
PT_057,2025-01-03,2,73.4,36.9,4628,359
PT_057,2025-01-04,3,76.4,36.5,4180,339
PT_057,2025-01-05,4,80.3,34.4,3676,388
PT_057,2025-01-06,5,76.7,31.8,4295,358
PT_057,2025-01-07,6,79.6,30.7,3810,400
PT_057,2025-01-08,7,82.4,32.7,4066,370
PT_057,2025-01-09,8,80.0,31.9,4577,420
PT_057,2025-01-10,9,79.1,33.4,3878,429
PT_057,2025-01-11,10,79.2,32.9,3874,382
PT_057,2025-01-12,11,77.9,33.2,4266,456
PT_057,2025-01-13,12,82.6,40.5,3860,400
PT_057,2025-01-14,13,81.8,34.2,3402,393
PT_057,2025-01-15,14,84.9,21.5,3325,373
PT_057,2025-01-16,15,85.7,24.9,2639,371
PT_057,2025-01-17,16,89.3,28.7,3880,411
PT_057,2025-01-18,17,86.5,23.6,3706,419
PT_057,2025-01-19,18,78.3,30.6,3582,397
PT_057,2025-01-20,19,82.6,31.8,3766,387
PT_057,2025-01-21,20,81.7,31.6,4390,331
PT_057,2025-01-22,21,74.7,41.5,5805,407
PT_057,2025-01-23,22,70.7,42.4,4936,321
PT_057,2025-01-24,23,70.3,43.7,5453,395
PT_057,2025-01-25,24,69.1,44.1,4996,434
PT_057,2025-01-26,25,71.6,46.5,5596,381
PT_057,2025-01-27,26,69.9,42.0,5839,360
PT_057,2025-01-28,27,74.4,40.8,5229,426
PT_057,2025-01-29,28,70.2,43.7,5518,376
PT_057,2025-01-30,29,73.1,42.8,5480,409
PT_057,2025-01-31,30,73.6,47.9,5602,463
PT_057,2025-02-01,31,72.5,41.3,5809,360
PT_057,2025-02-02,32,72.9,44.2,5897,398
PT_057,2025-02-03,33,77.8,41.1,5618,388
PT_057,2025-02-04,34,72.9,41.5,5909,414
PT_057,2025-02-05,35,84.9,31.2,4279,352
PT_057,2025-02-06,36,84.4,32.1,3413,403
PT_057,2025-02-07,37,85.6,26.3,3195,428
PT_057,2025-02-08,38,88.3,21.6,2012,444
PT_057,2025-02-09,39,85.4,21.1,3102,411
PT_057,2025-02-10,40,90.5,27.2,2284,437
PT_057,2025-02-11,41,88.2,23.0,2749,402
PT_057,2025-02-12,42,82.5,27.8,4363,409
PT_057,2025-02-13,43,79.7,29.9,4379,385
PT_057,2025-02-14,44,81.6,32.1,4293,294
PT_057,2025-02-15,45,77.4,38.3,3331,353
PT_057,2025-02-16,46,79.0,40.8,3318,431
PT_057,2025-02-17,47,78.5,36.9,3948,396
PT_057,2025-02-18,48,81.6,36.6,4560,405
PT_057,2025-02-19,49,75.7,39.5,4061,427
PT_057,2025-02-20,50,75.5,38.2,5181,438
PT_057,2025-02-21,51,82.5,34.5,5117,416
PT_057,2025-02-22,52,73.2,35.4,4107,446
PT_057,2025-02-23,53,75.6,36.2,4657,397
PT_057,2025-02-24,54,77.5,36.6,5143,415
PT_057,2025-02-25,55,67.4,44.4,6281,324
PT_057,2025-02-26,56,76.8,42.9,5911,440
PT_057,2025-02-27,57,69.6,44.5,5457,461
PT_057,2025-02-28,58,73.0,44.5,5518,377
PT_057,2025-03-01,59,71.0,44.9,5842,353
PT_057,2025-03-02,60,70.5,43.0,5525,365
PT_057,2025-03-03,61,71.6,39.3,5352,321
PT_057,2025-03-04,62,72.5,43.7,5196,406
PT_057,2025-03-05,63,70.4,41.5,5480,402
PT_057,2025-03-06,64,80.6,41.9,5412,425
PT_057,2025-03-07,65,75.4,34.0,5045,430
PT_057,2025-03-08,66,73.0,35.7,4410,447
PT_057,2025-03-09,67,75.0,35.0,4794,365
PT_057,2025-03-10,68,77.2,38.4,5176,418
PT_057,2025-03-11,69,78.2,32.4,4813,400
PT_057,2025-03-12,70,80.8,32.9,4382,382
PT_057,2025-03-13,71,80.2,35.0,4650,353
PT_057,2025-03-14,72,80.2,34.3,3735,406
PT_057,2025-03-15,73,78.4,32.1,4256,413
PT_057,2025-03-16,74,77.4,39.3,3975,395
PT_057,2025-03-17,75,83.1,37.9,4490,426
PT_057,2025-03-18,76,78.2,33.2,4253,406
PT_057,2025-03-19,77,77.2,37.3,4716,349
PT_057,2025-03-20,78,73.6,33.2,4691,373
PT_057,2025-03-21,79,76.3,35.7,4026,432
PT_057,2025-03-22,80,73.0,38.2,5250,421
PT_057,2025-03-23,81,71.5,41.2,5064,408
PT_057,2025-03-24,82,76.3,41.3,5057,375
PT_057,2025-03-25,83,72.9,41.6,5352,362
PT_057,2025-03-26,84,69.1,46.1,5642,377
PT_057,2025-03-27,85,71.5,48.1,5615,428
PT_057,2025-03-28,86,76.5,41.4,4960,302
PT_057,2025-03-29,87,71.9,33.2,6042,396
PT_057,2025-03-30,88,77.5,38.3,4732,375
PT_057,2025-03-31,89,76.6,35.4,4868,400
PT_058,2025-01-01,0,67.7,33.7,7322,426
PT_058,2025-01-02,1,73.4,26.9,6893,452
PT_058,2025-01-03,2,83.3,26.0,5410,428
PT_058,2025-01-04,3,84.7,22.7,5703,494
PT_058,2025-01-05,4,83.7,17.3,4591,431
PT_058,2025-01-06,5,85.4,17.0,3695,429
PT_058,2025-01-07,6,85.0,14.1,4479,342
PT_058,2025-01-08,7,91.4,11.0,4359,459
PT_058,2025-01-09,8,89.9,19.8,3451,421
PT_058,2025-01-10,9,89.2,15.5,4056,423
PT_058,2025-01-11,10,83.0,13.8,5136,402
PT_058,2025-01-12,11,85.4,10.6,3421,447
PT_058,2025-01-13,12,87.5,18.0,3222,426
PT_058,2025-01-14,13,86.7,12.8,5203,470
PT_058,2025-01-15,14,85.6,22.1,4425,437
PT_058,2025-01-16,15,86.3,21.7,4281,421
PT_058,2025-01-17,16,88.9,14.2,4371,383
PT_058,2025-01-18,17,87.2,23.4,5264,456
PT_058,2025-01-19,18,87.7,25.1,4846,455
PT_058,2025-01-20,19,79.2,26.3,5285,456
PT_058,2025-01-21,20,78.7,18.4,5444,406
PT_058,2025-01-22,21,67.8,36.7,7471,448
PT_058,2025-01-23,22,76.5,39.5,7777,500
PT_058,2025-01-24,23,70.5,35.4,6799,470
PT_058,2025-01-25,24,69.5,38.0,7506,418
PT_058,2025-01-26,25,76.0,24.9,6551,491
PT_058,2025-01-27,26,78.2,23.8,6010,403
PT_058,2025-01-28,27,83.8,23.8,5964,478
PT_058,2025-01-29,28,85.7,22.2,4328,492
PT_058,2025-01-30,29,83.4,20.4,4214,418
PT_058,2025-01-31,30,85.9,17.6,4739,390
PT_058,2025-02-01,31,87.5,16.0,4784,417
PT_058,2025-02-02,32,88.6,15.8,3625,376
PT_058,2025-02-03,33,81.9,17.8,4040,447
PT_058,2025-02-04,34,84.9,15.2,4923,504
PT_058,2025-02-05,35,85.2,18.8,4219,451
PT_058,2025-02-06,36,86.8,13.2,4811,404
PT_058,2025-02-07,37,85.2,20.4,5255,412
PT_058,2025-02-08,38,84.8,22.5,4761,427
PT_058,2025-02-09,39,81.7,19.3,4714,417
PT_058,2025-02-10,40,80.8,21.4,4383,460
PT_058,2025-02-11,41,80.6,21.0,4815,455
PT_058,2025-02-12,42,80.1,21.9,5458,452
PT_058,2025-02-13,43,84.7,27.5,6396,446
PT_058,2025-02-14,44,78.4,25.5,5308,466
PT_058,2025-02-15,45,71.4,41.8,8138,422
PT_058,2025-02-16,46,76.8,38.8,7256,390
PT_058,2025-02-17,47,73.0,35.5,7324,486
PT_058,2025-02-18,48,69.4,35.3,7482,424
PT_058,2025-02-19,49,72.8,32.7,6709,386
PT_058,2025-02-20,50,72.8,40.2,7178,387
PT_058,2025-02-21,51,71.3,34.9,7104,469
PT_058,2025-02-22,52,67.4,38.0,7692,441
PT_058,2025-02-23,53,68.7,35.1,6993,479
PT_058,2025-02-24,54,72.8,38.0,7256,444
PT_058,2025-02-25,55,73.1,33.3,6181,443
PT_058,2025-02-26,56,80.5,24.1,5630,435
PT_058,2025-02-27,57,79.6,17.9,5488,419
PT_058,2025-02-28,58,84.9,18.9,4205,410
PT_058,2025-03-01,59,85.5,24.8,4910,459
PT_058,2025-03-02,60,87.1,8.7,3498,405
PT_058,2025-03-03,61,87.8,15.4,4265,346
PT_058,2025-03-04,62,87.3,14.5,4364,395
PT_058,2025-03-05,63,87.3,18.2,4828,501
PT_058,2025-03-06,64,85.3,12.8,4276,441
PT_058,2025-03-07,65,87.1,21.0,4042,406
PT_058,2025-03-08,66,89.1,16.1,4650,451
PT_058,2025-03-09,67,87.4,16.1,4614,354
PT_058,2025-03-10,68,91.5,8.0,3342,398
PT_058,2025-03-11,69,93.1,15.4,3028,450
PT_058,2025-03-12,70,95.2,8.8,2713,458
PT_058,2025-03-13,71,89.2,13.1,3805,430
PT_058,2025-03-14,72,87.7,15.9,4088,409
PT_058,2025-03-15,73,89.7,10.2,3459,489
PT_058,2025-03-16,74,85.7,16.4,4127,462
PT_058,2025-03-17,75,72.8,37.5,7022,446
PT_058,2025-03-18,76,77.8,25.5,5653,427
PT_058,2025-03-19,77,83.5,19.0,5488,387
PT_058,2025-03-20,78,96.1,18.9,3846,461
PT_058,2025-03-21,79,83.2,10.2,3874,435
PT_058,2025-03-22,80,92.7,12.0,3751,414
PT_058,2025-03-23,81,87.3,15.1,3400,443
PT_058,2025-03-24,82,89.7,15.3,4114,458
PT_058,2025-03-25,83,89.7,15.2,4640,422
PT_058,2025-03-26,84,89.7,16.7,4245,423
PT_058,2025-03-27,85,86.2,12.9,3690,387
PT_058,2025-03-28,86,87.9,14.4,5035,420
PT_058,2025-03-29,87,90.2,13.0,4841,432
PT_058,2025-03-30,88,87.1,18.7,4278,446
PT_058,2025-03-31,89,91.2,21.7,3588,482
PT_059,2025-01-01,0,71.9,51.7,5053,434
PT_059,2025-01-02,1,70.0,51.1,4871,470
PT_059,2025-01-03,2,74.3,50.8,4070,430
PT_059,2025-01-04,3,72.3,51.0,3977,416
PT_059,2025-01-05,4,69.6,49.4,4417,440
PT_059,2025-01-06,5,69.2,48.8,4164,440
PT_059,2025-01-07,6,76.3,54.2,4010,426
PT_059,2025-01-08,7,76.1,48.5,4124,427
PT_059,2025-01-09,8,74.2,44.1,4814,398
PT_059,2025-01-10,9,78.1,45.9,4286,408
PT_059,2025-01-11,10,70.2,48.0,4865,435
PT_059,2025-01-12,11,75.5,51.2,4627,413
PT_059,2025-01-13,12,75.7,47.5,5212,470
PT_059,2025-01-14,13,76.2,48.5,4442,472
PT_059,2025-01-15,14,82.2,44.6,3729,426
PT_059,2025-01-16,15,80.4,41.5,2878,422
PT_059,2025-01-17,16,77.3,41.4,3012,443
PT_059,2025-01-18,17,82.9,44.8,3263,374
PT_059,2025-01-19,18,79.3,40.9,3000,431
PT_059,2025-01-20,19,80.6,42.4,3715,419
PT_059,2025-01-21,20,80.0,48.2,3734,416
PT_059,2025-01-22,21,71.1,56.6,4745,438
PT_059,2025-01-23,22,69.7,57.5,5055,421
PT_059,2025-01-24,23,70.1,53.4,5277,457
PT_059,2025-01-25,24,74.9,58.1,5201,481
PT_059,2025-01-26,25,67.3,56.3,6349,433
PT_059,2025-01-27,26,71.7,55.7,4674,442
PT_059,2025-01-28,27,70.4,53.7,4932,405
PT_059,2025-01-29,28,72.8,52.3,4066,463
PT_059,2025-01-30,29,67.2,46.7,5274,457
PT_059,2025-01-31,30,69.1,52.9,4660,348
PT_059,2025-02-01,31,75.3,52.5,5851,377
PT_059,2025-02-02,32,76.1,51.6,5606,405
PT_059,2025-02-03,33,70.3,52.6,4812,445
PT_059,2025-02-04,34,70.5,54.6,5187,457
PT_059,2025-02-05,35,70.6,48.3,4772,438
PT_059,2025-02-06,36,72.2,48.7,4692,387
PT_059,2025-02-07,37,79.3,45.1,4049,447
PT_059,2025-02-08,38,78.2,40.1,4358,331
PT_059,2025-02-09,39,77.4,44.4,3220,410
PT_059,2025-02-10,40,81.8,46.2,3498,375
PT_059,2025-02-11,41,78.7,41.5,3648,411
PT_059,2025-02-12,42,81.0,52.8,3086,419
PT_059,2025-02-13,43,78.8,38.0,3715,436
PT_059,2025-02-14,44,76.5,44.8,3260,526
PT_059,2025-02-15,45,82.3,33.6,3091,417
PT_059,2025-02-16,46,77.1,47.8,4055,463
PT_059,2025-02-17,47,75.3,41.7,4337,452
PT_059,2025-02-18,48,78.9,43.2,4596,445
PT_059,2025-02-19,49,80.3,44.1,4750,428
PT_059,2025-02-20,50,79.8,53.2,4222,447
PT_059,2025-02-21,51,77.3,49.0,4305,453
PT_059,2025-02-22,52,76.6,48.9,4001,455
PT_059,2025-02-23,53,76.0,48.3,4950,414
PT_059,2025-02-24,54,70.8,51.5,4785,339
PT_059,2025-02-25,55,70.1,54.6,4907,411
PT_059,2025-02-26,56,74.2,52.9,5681,365
PT_059,2025-02-27,57,73.8,50.5,5500,413
PT_059,2025-02-28,58,69.7,48.7,5277,419
PT_059,2025-03-01,59,75.3,55.5,4660,360
PT_059,2025-03-02,60,69.5,51.6,4947,488
PT_059,2025-03-03,61,70.3,51.3,4334,430
PT_059,2025-03-04,62,70.1,53.7,4328,526
PT_059,2025-03-05,63,72.1,51.5,4692,466
PT_059,2025-03-06,64,68.0,57.4,5656,366
PT_059,2025-03-07,65,76.5,53.7,4720,462
PT_059,2025-03-08,66,75.6,46.7,4961,403
PT_059,2025-03-09,67,78.5,47.9,3687,417
PT_059,2025-03-10,68,79.6,43.4,4116,440
PT_059,2025-03-11,69,78.3,46.6,2888,416
PT_059,2025-03-12,70,83.2,45.0,3109,428
PT_059,2025-03-13,71,79.8,43.5,3684,474
PT_059,2025-03-14,72,81.9,42.9,3900,472
PT_059,2025-03-15,73,84.9,39.8,3914,431
PT_059,2025-03-16,74,78.1,42.9,3975,505
PT_059,2025-03-17,75,82.4,40.4,4078,422
PT_059,2025-03-18,76,79.5,40.8,3579,529
PT_059,2025-03-19,77,75.3,40.0,3249,401
PT_059,2025-03-20,78,73.9,44.8,3326,426
PT_059,2025-03-21,79,79.4,41.1,3419,415
PT_059,2025-03-22,80,74.7,41.3,4273,455
PT_059,2025-03-23,81,74.2,48.5,3559,384
PT_059,2025-03-24,82,77.9,44.9,4342,451
PT_059,2025-03-25,83,78.5,53.5,4079,409
PT_059,2025-03-26,84,73.5,47.4,3709,427
PT_059,2025-03-27,85,68.0,54.6,4873,457
PT_059,2025-03-28,86,65.5,51.4,5437,445
PT_059,2025-03-29,87,70.0,54.3,4963,397
PT_059,2025-03-30,88,70.1,51.4,4245,457
PT_059,2025-03-31,89,73.7,50.8,4412,475
PT_060,2025-01-01,0,68.9,47.6,7289,396
PT_060,2025-01-02,1,68.8,46.5,6739,440
PT_060,2025-01-03,2,70.4,43.9,6393,468
PT_060,2025-01-04,3,74.1,43.1,6017,407
PT_060,2025-01-05,4,69.3,43.7,7306,389
PT_060,2025-01-06,5,70.8,40.0,5924,459
PT_060,2025-01-07,6,73.8,41.9,4542,456
PT_060,2025-01-08,7,73.5,42.8,5050,481
PT_060,2025-01-09,8,72.8,47.4,4967,458
PT_060,2025-01-10,9,74.2,42.6,5492,435
PT_060,2025-01-11,10,71.8,37.3,5267,415
PT_060,2025-01-12,11,69.5,36.5,5413,400
PT_060,2025-01-13,12,71.9,42.9,5268,448
PT_060,2025-01-14,13,74.4,41.2,5134,442
PT_060,2025-01-15,14,75.4,32.4,6186,444
PT_060,2025-01-16,15,71.9,42.3,5499,367
PT_060,2025-01-17,16,80.5,25.2,4574,415
PT_060,2025-01-18,17,83.9,29.4,3999,411
PT_060,2025-01-19,18,75.1,28.6,3868,423
PT_060,2025-01-20,19,77.0,33.3,4792,456
PT_060,2025-01-21,20,79.0,32.4,4075,404
PT_060,2025-01-22,21,77.9,35.9,5673,426
PT_060,2025-01-23,22,72.3,44.5,5879,498
PT_060,2025-01-24,23,66.4,46.3,6728,495
PT_060,2025-01-25,24,63.7,44.6,6129,474
PT_060,2025-01-26,25,69.4,40.9,6396,413
PT_060,2025-01-27,26,71.9,41.1,4934,453
PT_060,2025-01-28,27,65.3,45.2,5446,410
PT_060,2025-01-29,28,74.4,39.7,5031,383
PT_060,2025-01-30,29,76.5,41.4,5014,452
PT_060,2025-01-31,30,74.8,41.1,5351,448
PT_060,2025-02-01,31,72.7,37.0,4289,414
PT_060,2025-02-02,32,74.9,39.7,5306,456
PT_060,2025-02-03,33,72.8,41.3,4549,431
PT_060,2025-02-04,34,75.9,45.2,5500,369
PT_060,2025-02-05,35,73.4,36.9,4838,458
PT_060,2025-02-06,36,69.2,39.4,5167,457
PT_060,2025-02-07,37,72.3,34.5,5843,405
PT_060,2025-02-08,38,71.7,40.5,5505,459
PT_060,2025-02-09,39,70.3,40.7,5551,446
PT_060,2025-02-10,40,74.1,40.5,5352,438
PT_060,2025-02-11,41,69.6,40.9,5108,470
PT_060,2025-02-12,42,68.9,41.0,5930,365
PT_060,2025-02-13,43,69.5,42.2,5573,483
PT_060,2025-02-14,44,68.6,48.1,6262,437
PT_060,2025-02-15,45,67.3,47.9,6037,467
PT_060,2025-02-16,46,62.1,47.3,6272,427
PT_060,2025-02-17,47,67.4,46.6,6851,523
PT_060,2025-02-18,48,65.9,49.0,5878,445
PT_060,2025-02-19,49,62.9,54.2,6412,416
PT_060,2025-02-20,50,63.2,53.7,6911,413
PT_060,2025-02-21,51,64.7,43.2,6461,320
PT_060,2025-02-22,52,69.3,50.4,6255,506
PT_060,2025-02-23,53,68.9,43.1,6308,413
PT_060,2025-02-24,54,69.9,47.6,5702,401
PT_060,2025-02-25,55,67.7,42.6,6305,384
PT_060,2025-02-26,56,70.9,38.7,5970,395
PT_060,2025-02-27,57,68.4,45.2,6272,447
PT_060,2025-02-28,58,65.7,41.9,6112,463
PT_060,2025-03-01,59,70.0,47.2,5815,423
PT_060,2025-03-02,60,68.1,48.4,5403,425
PT_060,2025-03-03,61,72.6,43.8,5723,462
PT_060,2025-03-04,62,68.3,47.1,6111,384
PT_060,2025-03-05,63,68.1,47.3,6689,444
PT_060,2025-03-06,64,73.9,39.1,5308,464
PT_060,2025-03-07,65,75.4,39.9,4957,365
PT_060,2025-03-08,66,72.7,43.6,5577,368
PT_060,2025-03-09,67,71.3,43.1,5829,412
PT_060,2025-03-10,68,70.4,42.4,6069,394
PT_060,2025-03-11,69,73.2,42.3,4898,500
PT_060,2025-03-12,70,67.6,43.5,5949,391
PT_060,2025-03-13,71,62.1,52.8,6983,398
PT_060,2025-03-14,72,67.0,46.2,5980,392
PT_060,2025-03-15,73,71.8,46.0,6146,451
PT_060,2025-03-16,74,72.1,43.5,5465,471
PT_060,2025-03-17,75,74.5,44.7,5319,449
PT_060,2025-03-18,76,72.9,43.9,5560,446
PT_060,2025-03-19,77,75.9,37.5,4710,483
PT_060,2025-03-20,78,75.0,41.5,5205,487
PT_060,2025-03-21,79,71.7,44.1,4978,453
PT_060,2025-03-22,80,77.0,42.0,4547,460
PT_060,2025-03-23,81,71.7,40.5,5170,368
PT_060,2025-03-24,82,73.5,41.7,4573,428
PT_060,2025-03-25,83,74.7,38.6,5044,385
PT_060,2025-03-26,84,76.4,35.2,4375,437
PT_060,2025-03-27,85,71.7,42.0,5868,369
PT_060,2025-03-28,86,72.7,39.0,5843,477
PT_060,2025-03-29,87,73.0,42.7,5015,449
PT_060,2025-03-30,88,71.4,39.6,5920,450
PT_060,2025-03-31,89,66.9,39.3,6130,402
PT_061,2025-01-01,0,76.8,46.3,5759,372
PT_061,2025-01-02,1,77.2,43.6,6129,415
PT_061,2025-01-03,2,79.5,50.2,5255,391
PT_061,2025-01-04,3,80.1,45.4,5307,369
PT_061,2025-01-05,4,74.3,44.8,4842,381
PT_061,2025-01-06,5,79.8,44.4,5141,383
PT_061,2025-01-07,6,81.0,37.4,5591,417
PT_061,2025-01-08,7,79.8,40.7,4274,445
PT_061,2025-01-09,8,79.9,39.5,5019,350
PT_061,2025-01-10,9,79.4,43.9,4884,406
PT_061,2025-01-11,10,80.5,40.8,4773,366
PT_061,2025-01-12,11,80.7,36.3,5058,398
PT_061,2025-01-13,12,80.7,43.1,4713,401
PT_061,2025-01-14,13,77.3,38.0,4697,374
PT_061,2025-01-15,14,82.6,40.0,4804,417
PT_061,2025-01-16,15,80.4,43.8,5951,363
PT_061,2025-01-17,16,78.3,42.2,5264,401
PT_061,2025-01-18,17,79.9,40.0,5659,389
PT_061,2025-01-19,18,80.1,45.3,6114,357
PT_061,2025-01-20,19,77.2,41.9,5534,383
PT_061,2025-01-21,20,75.2,43.8,5817,363
PT_061,2025-01-22,21,73.9,49.9,6366,429
PT_061,2025-01-23,22,75.3,41.0,5604,380
PT_061,2025-01-24,23,70.8,47.5,5983,392
PT_061,2025-01-25,24,77.8,55.5,6124,379
PT_061,2025-01-26,25,69.3,50.2,7191,325
PT_061,2025-01-27,26,69.9,52.4,5840,411
PT_061,2025-01-28,27,75.8,46.7,6435,405
PT_061,2025-01-29,28,73.3,44.5,5642,411
PT_061,2025-01-30,29,75.5,43.2,6118,411
PT_061,2025-01-31,30,78.3,44.1,6134,393
PT_061,2025-02-01,31,75.8,42.9,5673,431
PT_061,2025-02-02,32,78.5,42.5,5689,384
PT_061,2025-02-03,33,79.3,47.7,5398,447
PT_061,2025-02-04,34,73.8,42.6,5892,432
PT_061,2025-02-05,35,71.6,49.3,6107,354
PT_061,2025-02-06,36,80.7,44.0,6122,344
PT_061,2025-02-07,37,78.4,43.6,4955,372
PT_061,2025-02-08,38,85.6,38.9,4654,362
PT_061,2025-02-09,39,82.6,34.5,4205,380
PT_061,2025-02-10,40,85.3,38.4,4392,411
PT_061,2025-02-11,41,85.9,37.6,4710,406
PT_061,2025-02-12,42,85.8,36.7,5164,332
PT_061,2025-02-13,43,88.4,36.8,5209,364
PT_061,2025-02-14,44,80.8,38.3,4636,362
PT_061,2025-02-15,45,83.8,40.3,4229,403
PT_061,2025-02-16,46,83.3,37.3,4724,410
PT_061,2025-02-17,47,81.1,36.7,4762,388
PT_061,2025-02-18,48,80.0,43.1,5149,402
PT_061,2025-02-19,49,84.0,42.0,4208,347
PT_061,2025-02-20,50,78.8,43.7,4926,379
PT_061,2025-02-21,51,82.9,39.8,5792,434
PT_061,2025-02-22,52,78.7,41.0,5684,336
PT_061,2025-02-23,53,86.1,39.0,4376,333
PT_061,2025-02-24,54,81.7,42.1,4197,345
PT_061,2025-02-25,55,77.1,43.1,4664,353
PT_061,2025-02-26,56,78.3,43.7,6151,396
PT_061,2025-02-27,57,81.2,44.4,5212,440
PT_061,2025-02-28,58,75.1,44.1,6693,374
PT_061,2025-03-01,59,82.9,46.4,6293,450
PT_061,2025-03-02,60,75.0,43.2,6060,430
PT_061,2025-03-03,61,79.2,47.7,5976,417
PT_061,2025-03-04,62,77.7,37.6,4997,348
PT_061,2025-03-05,63,83.6,39.5,5125,367
PT_061,2025-03-06,64,80.0,42.1,5003,413
PT_061,2025-03-07,65,84.8,34.0,4888,327
PT_061,2025-03-08,66,82.4,35.6,4229,374
PT_061,2025-03-09,67,86.4,35.4,4067,402
PT_061,2025-03-10,68,84.3,37.6,4293,421
PT_061,2025-03-11,69,82.4,36.0,4409,410
PT_061,2025-03-12,70,84.8,31.6,4391,403
PT_061,2025-03-13,71,84.1,32.8,4634,443
PT_061,2025-03-14,72,86.4,37.9,4517,429
PT_061,2025-03-15,73,80.9,41.4,4863,378
PT_061,2025-03-16,74,86.0,39.3,5069,354
PT_061,2025-03-17,75,87.6,37.5,4624,374
PT_061,2025-03-18,76,81.2,39.8,4439,383
PT_061,2025-03-19,77,83.4,40.4,4088,316
PT_061,2025-03-20,78,83.8,36.8,4051,363
PT_061,2025-03-21,79,82.0,33.2,4484,392
PT_061,2025-03-22,80,85.4,39.2,4718,367
PT_061,2025-03-23,81,71.0,47.7,6655,461
PT_061,2025-03-24,82,77.7,46.1,6385,421
PT_061,2025-03-25,83,83.0,44.7,5754,387
PT_061,2025-03-26,84,77.3,44.5,5364,313
PT_061,2025-03-27,85,80.4,36.9,4874,377
PT_061,2025-03-28,86,83.2,33.5,4926,369
PT_061,2025-03-29,87,82.7,35.0,4752,424
PT_061,2025-03-30,88,83.7,33.3,4733,358
PT_061,2025-03-31,89,86.7,35.9,4503,356
PT_062,2025-01-01,0,64.9,47.0,6322,519
PT_062,2025-01-02,1,70.8,39.2,5207,516
PT_062,2025-01-03,2,76.0,39.1,4606,538
PT_062,2025-01-04,3,73.1,38.5,4073,546
PT_062,2025-01-05,4,72.5,31.0,4270,493
PT_062,2025-01-06,5,76.8,30.7,3781,534
PT_062,2025-01-07,6,77.0,30.5,3228,448
PT_062,2025-01-08,7,74.5,32.7,3283,550
PT_062,2025-01-09,8,80.6,29.1,3989,509
PT_062,2025-01-10,9,82.9,29.4,3079,469
PT_062,2025-01-11,10,73.5,31.3,3257,531
PT_062,2025-01-12,11,75.9,25.5,2829,490
PT_062,2025-01-13,12,79.0,35.9,3987,518
PT_062,2025-01-14,13,75.8,25.9,3484,547
PT_062,2025-01-15,14,76.1,32.4,4097,603
PT_062,2025-01-16,15,77.2,32.2,3957,501
PT_062,2025-01-17,16,74.7,27.5,3138,503
PT_062,2025-01-18,17,70.4,31.7,3989,506
PT_062,2025-01-19,18,75.3,38.6,4289,555
PT_062,2025-01-20,19,70.2,34.7,4029,554
PT_062,2025-01-21,20,79.0,27.5,2856,513
PT_062,2025-01-22,21,73.4,40.7,3690,530
PT_062,2025-01-23,22,71.9,34.4,4987,451
PT_062,2025-01-24,23,76.4,37.0,4488,541
PT_062,2025-01-25,24,74.6,36.4,5040,452
PT_062,2025-01-26,25,71.2,34.3,4327,522
PT_062,2025-01-27,26,70.7,32.4,4148,480
PT_062,2025-01-28,27,66.5,40.5,6347,489
PT_062,2025-01-29,28,69.4,32.2,5350,472
PT_062,2025-01-30,29,75.2,33.2,3888,511
PT_062,2025-01-31,30,73.1,34.4,3587,551
PT_062,2025-02-01,31,73.6,32.2,3297,530
PT_062,2025-02-02,32,73.3,31.1,3505,498
PT_062,2025-02-03,33,79.4,28.0,3154,515
PT_062,2025-02-04,34,82.1,24.6,3743,532
PT_062,2025-02-05,35,80.8,27.2,3114,487
PT_062,2025-02-06,36,81.7,31.9,2480,492
PT_062,2025-02-07,37,76.2,32.5,2930,516
PT_062,2025-02-08,38,77.7,32.5,3897,520
PT_062,2025-02-09,39,76.6,35.5,3824,512
PT_062,2025-02-10,40,74.9,33.4,4226,482
PT_062,2025-02-11,41,79.1,30.3,3938,535
PT_062,2025-02-12,42,69.4,36.1,2916,462
PT_062,2025-02-13,43,75.7,31.2,3707,497
PT_062,2025-02-14,44,75.9,33.0,3998,492
PT_062,2025-02-15,45,73.2,34.8,3903,488
PT_062,2025-02-16,46,72.9,34.0,4795,472
PT_062,2025-02-17,47,71.3,39.9,4181,521
PT_062,2025-02-18,48,64.6,44.0,6152,524
PT_062,2025-02-19,49,60.8,45.2,6007,540
PT_062,2025-02-20,50,67.9,35.5,5755,501
PT_062,2025-02-21,51,69.4,40.8,5184,443
PT_062,2025-02-22,52,71.7,38.7,5209,510
PT_062,2025-02-23,53,67.7,40.2,5059,515
PT_062,2025-02-24,54,70.3,46.5,4487,566
PT_062,2025-02-25,55,68.7,34.7,5063,537
PT_062,2025-02-26,56,69.9,41.5,5449,440
PT_062,2025-02-27,57,64.9,47.6,5757,508
PT_062,2025-02-28,58,71.0,39.5,5639,506
PT_062,2025-03-01,59,65.2,40.4,4572,522
PT_062,2025-03-02,60,76.7,35.7,4710,487
PT_062,2025-03-03,61,77.2,35.0,3859,547
PT_062,2025-03-04,62,71.5,28.6,3585,469
PT_062,2025-03-05,63,71.3,31.9,3417,553
PT_062,2025-03-06,64,74.4,27.6,3493,500
PT_062,2025-03-07,65,77.1,30.6,3905,485
PT_062,2025-03-08,66,71.8,30.6,3147,562
PT_062,2025-03-09,67,74.2,30.7,3475,530
PT_062,2025-03-10,68,79.7,31.8,3352,552
PT_062,2025-03-11,69,79.2,34.9,4071,537
PT_062,2025-03-12,70,69.3,32.5,3958,581
PT_062,2025-03-13,71,81.5,18.4,2776,513
PT_062,2025-03-14,72,81.4,28.0,3358,483
PT_062,2025-03-15,73,79.9,23.9,3411,495
PT_062,2025-03-16,74,79.5,23.3,2834,529
PT_062,2025-03-17,75,79.1,24.3,3066,484
PT_062,2025-03-18,76,81.7,20.9,2859,482
PT_062,2025-03-19,77,79.7,31.7,2925,478
PT_062,2025-03-20,78,57.2,47.8,6472,506
PT_062,2025-03-21,79,69.1,38.5,5343,568
PT_062,2025-03-22,80,72.4,39.6,4335,568
PT_062,2025-03-23,81,79.6,35.5,3368,475
PT_062,2025-03-24,82,72.6,32.1,4078,534
PT_062,2025-03-25,83,72.5,34.1,3510,562
PT_062,2025-03-26,84,79.2,33.1,3134,472
PT_062,2025-03-27,85,83.8,30.5,3628,554
PT_062,2025-03-28,86,78.1,30.7,3249,555
PT_062,2025-03-29,87,80.3,29.5,3487,525
PT_062,2025-03-30,88,79.5,34.5,3764,492
PT_062,2025-03-31,89,78.2,30.0,2882,548
PT_063,2025-01-01,0,71.5,62.0,7860,349
PT_063,2025-01-02,1,70.8,47.5,6699,452
PT_063,2025-01-03,2,77.4,43.3,6179,403
PT_063,2025-01-04,3,83.6,38.5,5707,470
PT_063,2025-01-05,4,88.5,41.5,4389,434
PT_063,2025-01-06,5,86.1,28.9,4881,453
PT_063,2025-01-07,6,85.7,35.8,5121,465
PT_063,2025-01-08,7,86.0,29.2,4598,473
PT_063,2025-01-09,8,87.0,37.8,4247,462
PT_063,2025-01-10,9,91.3,32.8,5071,469
PT_063,2025-01-11,10,88.0,39.1,4132,475
PT_063,2025-01-12,11,89.3,39.4,4681,453
PT_063,2025-01-13,12,87.0,38.2,4426,422
PT_063,2025-01-14,13,86.9,33.8,4571,404
PT_063,2025-01-15,14,85.4,34.2,4685,476
PT_063,2025-01-16,15,83.0,36.5,5022,451
PT_063,2025-01-17,16,77.1,43.9,5319,390
PT_063,2025-01-18,17,84.0,37.0,5673,421
PT_063,2025-01-19,18,82.2,40.0,5437,435
PT_063,2025-01-20,19,85.2,49.6,5121,493
PT_063,2025-01-21,20,81.2,43.4,4954,425
PT_063,2025-01-22,21,70.0,49.7,6953,487
PT_063,2025-01-23,22,73.9,49.4,6834,427
PT_063,2025-01-24,23,73.1,51.2,7150,445
PT_063,2025-01-25,24,74.4,49.3,6776,429
PT_063,2025-01-26,25,75.0,53.8,7309,424
PT_063,2025-01-27,26,75.0,52.6,6872,450
PT_063,2025-01-28,27,72.5,52.2,6971,448
PT_063,2025-01-29,28,71.6,52.3,6245,512
PT_063,2025-01-30,29,77.8,54.6,6970,414
PT_063,2025-01-31,30,76.8,49.7,6958,446
PT_063,2025-02-01,31,75.6,54.1,7607,483
PT_063,2025-02-02,32,73.1,55.8,7278,440
PT_063,2025-02-03,33,75.1,50.4,6374,466
PT_063,2025-02-04,34,71.0,51.2,7429,476
PT_063,2025-02-05,35,75.2,48.3,6837,415
PT_063,2025-02-06,36,77.1,45.8,6266,449
PT_063,2025-02-07,37,67.5,56.0,6884,448
PT_063,2025-02-08,38,75.2,49.7,6485,454
PT_063,2025-02-09,39,80.2,49.5,7633,465
PT_063,2025-02-10,40,77.4,46.4,6370,444
PT_063,2025-02-11,41,71.9,52.1,6469,456
PT_063,2025-02-12,42,68.5,61.0,7660,363
PT_063,2025-02-13,43,68.0,58.3,7832,399
PT_063,2025-02-14,44,70.0,60.3,6836,462
PT_063,2025-02-15,45,72.9,56.4,7745,466
PT_063,2025-02-16,46,76.8,56.4,8550,431
PT_063,2025-02-17,47,68.8,56.7,7752,449
PT_063,2025-02-18,48,69.8,52.0,7950,428
PT_063,2025-02-19,49,72.6,53.5,7552,422
PT_063,2025-02-20,50,71.9,52.2,6941,423
PT_063,2025-02-21,51,71.4,61.6,7190,429
PT_063,2025-02-22,52,73.3,52.9,7931,478
PT_063,2025-02-23,53,69.3,52.9,7278,371
PT_063,2025-02-24,54,72.0,48.9,7660,438
PT_063,2025-02-25,55,72.1,61.0,7117,459
PT_063,2025-02-26,56,71.6,55.5,7961,443
PT_063,2025-02-27,57,75.7,50.8,6570,425
PT_063,2025-02-28,58,77.2,47.8,6334,449
PT_063,2025-03-01,59,76.9,50.1,5496,480
PT_063,2025-03-02,60,77.3,46.2,6410,476
PT_063,2025-03-03,61,82.9,45.0,5407,437
PT_063,2025-03-04,62,80.3,45.7,5331,487
PT_063,2025-03-05,63,79.8,38.0,6181,503
PT_063,2025-03-06,64,80.3,40.5,5904,460
PT_063,2025-03-07,65,79.0,42.4,6089,438
PT_063,2025-03-08,66,77.1,42.4,5492,394
PT_063,2025-03-09,67,78.5,43.3,5928,491
PT_063,2025-03-10,68,75.3,53.1,5753,503
PT_063,2025-03-11,69,85.8,41.0,5892,446
PT_063,2025-03-12,70,80.6,39.5,6084,450
PT_063,2025-03-13,71,82.0,40.4,5405,475
PT_063,2025-03-14,72,81.1,40.5,5619,478
PT_063,2025-03-15,73,78.3,41.2,5238,495
PT_063,2025-03-16,74,82.8,43.4,6227,438
PT_063,2025-03-17,75,78.9,46.4,5707,438
PT_063,2025-03-18,76,78.8,49.2,5730,435
PT_063,2025-03-19,77,69.9,51.6,7048,490
PT_063,2025-03-20,78,73.9,51.8,7025,441
PT_063,2025-03-21,79,79.9,44.7,5366,475
PT_063,2025-03-22,80,78.9,43.1,6006,507
PT_063,2025-03-23,81,79.4,43.8,4751,418
PT_063,2025-03-24,82,87.8,34.9,5162,507
PT_063,2025-03-25,83,83.3,40.5,5682,389
PT_063,2025-03-26,84,88.4,38.0,5651,388
PT_063,2025-03-27,85,81.5,40.1,4744,449
PT_063,2025-03-28,86,82.6,32.8,4473,409
PT_063,2025-03-29,87,82.8,31.5,5415,438
PT_063,2025-03-30,88,83.0,38.8,5451,425
PT_063,2025-03-31,89,83.6,41.0,4614,504
PT_064,2025-01-01,0,70.8,41.4,6070,351
PT_064,2025-01-02,1,73.2,38.5,5186,392
PT_064,2025-01-03,2,71.8,36.9,4433,368
PT_064,2025-01-04,3,72.4,40.6,4590,418
PT_064,2025-01-05,4,73.4,31.1,5651,300
PT_064,2025-01-06,5,79.3,32.8,4738,360
PT_064,2025-01-07,6,75.4,30.0,5367,364
PT_064,2025-01-08,7,83.0,32.1,5293,348
PT_064,2025-01-09,8,77.0,27.0,4314,403
PT_064,2025-01-10,9,81.6,34.4,5253,308
PT_064,2025-01-11,10,79.9,33.3,5490,369
PT_064,2025-01-12,11,80.2,31.8,4951,414
PT_064,2025-01-13,12,77.1,30.2,4846,403
PT_064,2025-01-14,13,81.3,28.2,4363,415
PT_064,2025-01-15,14,77.8,27.4,5586,312
PT_064,2025-01-16,15,82.0,27.9,4082,397
PT_064,2025-01-17,16,82.0,25.1,3449,424
PT_064,2025-01-18,17,82.6,21.0,4073,364
PT_064,2025-01-19,18,80.9,30.9,3764,402
PT_064,2025-01-20,19,79.6,25.5,3598,408
PT_064,2025-01-21,20,81.2,25.5,3805,381
PT_064,2025-01-22,21,76.3,36.8,5261,391
PT_064,2025-01-23,22,74.4,38.6,5898,384
PT_064,2025-01-24,23,72.3,42.8,5218,345
PT_064,2025-01-25,24,70.7,30.1,4993,418
PT_064,2025-01-26,25,80.2,31.0,4846,360
PT_064,2025-01-27,26,79.0,22.5,4027,333
PT_064,2025-01-28,27,81.7,26.3,3804,380
PT_064,2025-01-29,28,83.4,25.3,3393,361
PT_064,2025-01-30,29,87.8,20.7,2812,404
PT_064,2025-01-31,30,87.2,24.3,3034,428
PT_064,2025-02-01,31,82.1,24.5,3437,362
PT_064,2025-02-02,32,81.0,23.6,2871,352
PT_064,2025-02-03,33,87.3,25.8,3220,403
PT_064,2025-02-04,34,84.4,24.0,3089,405
PT_064,2025-02-05,35,84.6,23.6,3228,426
PT_064,2025-02-06,36,84.6,21.7,3815,314
PT_064,2025-02-07,37,80.8,22.7,4027,311
PT_064,2025-02-08,38,84.1,25.2,3797,391
PT_064,2025-02-09,39,78.0,31.4,4054,390
PT_064,2025-02-10,40,80.7,28.6,4301,448
PT_064,2025-02-11,41,79.8,28.7,4649,364
PT_064,2025-02-12,42,73.5,32.8,4485,396
PT_064,2025-02-13,43,75.4,27.1,4391,376
PT_064,2025-02-14,44,68.1,40.4,6291,358
PT_064,2025-02-15,45,70.9,40.2,6673,309
PT_064,2025-02-16,46,66.8,41.3,5107,321
PT_064,2025-02-17,47,75.3,35.9,5781,359
PT_064,2025-02-18,48,73.1,38.5,6754,389
PT_064,2025-02-19,49,65.9,45.0,6355,337
PT_064,2025-02-20,50,74.1,41.5,5762,353
PT_064,2025-02-21,51,70.8,42.6,6057,396
PT_064,2025-02-22,52,68.7,35.8,6882,341
PT_064,2025-02-23,53,73.7,40.4,5377,385
PT_064,2025-02-24,54,73.2,31.4,6645,334
PT_064,2025-02-25,55,80.5,29.0,5130,408
PT_064,2025-02-26,56,84.6,29.4,3317,383
PT_064,2025-02-27,57,87.7,27.6,4808,316
PT_064,2025-02-28,58,78.9,26.4,4488,362
PT_064,2025-03-01,59,85.0,20.6,3225,388
PT_064,2025-03-02,60,85.1,26.0,3524,373
PT_064,2025-03-03,61,82.7,21.5,3778,421
PT_064,2025-03-04,62,82.9,22.2,3847,366
PT_064,2025-03-05,63,83.2,20.8,4030,415
PT_064,2025-03-06,64,83.4,23.7,4213,352
PT_064,2025-03-07,65,82.2,27.6,3871,419
PT_064,2025-03-08,66,79.9,28.2,4384,398
PT_064,2025-03-09,67,85.4,16.1,4426,376
PT_064,2025-03-10,68,79.3,23.0,3960,368
PT_064,2025-03-11,69,84.1,24.7,3687,396
PT_064,2025-03-12,70,81.6,23.0,4844,351
PT_064,2025-03-13,71,85.4,27.7,4366,318
PT_064,2025-03-14,72,80.0,26.7,5103,365
PT_064,2025-03-15,73,82.4,30.6,3008,426
PT_064,2025-03-16,74,67.7,41.6,6502,337
PT_064,2025-03-17,75,74.9,38.4,4930,390
PT_064,2025-03-18,76,75.8,35.8,5067,339
PT_064,2025-03-19,77,76.8,29.4,4999,327
PT_064,2025-03-20,78,85.1,26.6,4571,403
PT_064,2025-03-21,79,83.2,23.6,3898,383
PT_064,2025-03-22,80,82.9,23.6,4013,371
PT_064,2025-03-23,81,87.0,22.0,3521,440
PT_064,2025-03-24,82,81.9,25.8,4308,370
PT_064,2025-03-25,83,84.3,28.5,3510,365
PT_064,2025-03-26,84,84.0,19.5,3722,401
PT_064,2025-03-27,85,85.3,21.6,3442,404
PT_064,2025-03-28,86,82.9,23.4,3027,414
PT_064,2025-03-29,87,84.1,26.3,3663,404
PT_064,2025-03-30,88,80.3,28.9,3347,361
PT_064,2025-03-31,89,81.0,27.2,3570,386
PT_065,2025-01-01,0,71.1,58.3,7085,442
PT_065,2025-01-02,1,74.8,47.9,5965,353
PT_065,2025-01-03,2,79.8,50.8,5462,421
PT_065,2025-01-04,3,82.6,40.2,5231,353
PT_065,2025-01-05,4,83.9,41.8,4436,387
PT_065,2025-01-06,5,87.2,40.8,3458,369
PT_065,2025-01-07,6,85.8,36.6,3750,400
PT_065,2025-01-08,7,83.7,34.8,4199,377
PT_065,2025-01-09,8,88.1,41.0,3698,416
PT_065,2025-01-10,9,85.5,37.7,3413,414
PT_065,2025-01-11,10,88.8,37.4,4307,345
PT_065,2025-01-12,11,83.8,34.0,4111,423
PT_065,2025-01-13,12,86.8,37.4,5077,375
PT_065,2025-01-14,13,79.8,42.9,4366,352
PT_065,2025-01-15,14,83.8,38.5,4303,339
PT_065,2025-01-16,15,84.3,44.3,3904,328
PT_065,2025-01-17,16,83.8,40.9,4288,364
PT_065,2025-01-18,17,85.6,39.6,3368,448
PT_065,2025-01-19,18,88.0,40.7,4502,425
PT_065,2025-01-20,19,85.2,39.8,4618,336
PT_065,2025-01-21,20,78.5,47.6,5701,440
PT_065,2025-01-22,21,70.3,53.0,7206,509
PT_065,2025-01-23,22,72.2,57.7,7027,428
PT_065,2025-01-24,23,68.9,56.4,7948,401
PT_065,2025-01-25,24,75.9,51.5,6944,415
PT_065,2025-01-26,25,82.6,50.5,5911,367
PT_065,2025-01-27,26,77.3,43.7,5149,411
PT_065,2025-01-28,27,82.9,36.3,5336,419
PT_065,2025-01-29,28,84.4,34.6,4947,425
PT_065,2025-01-30,29,82.5,40.0,3634,361
PT_065,2025-01-31,30,88.8,30.6,4818,452
PT_065,2025-02-01,31,86.4,36.5,4930,344
PT_065,2025-02-02,32,83.9,33.9,4836,422
PT_065,2025-02-03,33,84.4,41.6,4357,418
PT_065,2025-02-04,34,83.9,38.5,4635,372
PT_065,2025-02-05,35,83.6,44.6,5003,394
PT_065,2025-02-06,36,81.1,43.6,4529,385
PT_065,2025-02-07,37,80.9,45.0,5311,381
PT_065,2025-02-08,38,86.5,46.3,5621,392
PT_065,2025-02-09,39,83.3,43.0,5522,330
PT_065,2025-02-10,40,81.7,44.4,4949,416
PT_065,2025-02-11,41,80.2,43.4,5779,401
PT_065,2025-02-12,42,74.6,41.4,5747,338
PT_065,2025-02-13,43,75.2,45.6,6370,398
PT_065,2025-02-14,44,70.0,60.2,6540,389
PT_065,2025-02-15,45,68.4,66.5,6840,401
PT_065,2025-02-16,46,64.0,55.6,7992,406
PT_065,2025-02-17,47,70.0,58.7,7308,375
PT_065,2025-02-18,48,70.0,57.2,7329,379
PT_065,2025-02-19,49,71.0,58.3,7205,378
PT_065,2025-02-20,50,70.4,56.9,7897,457
PT_065,2025-02-21,51,72.9,47.7,6020,442
PT_065,2025-02-22,52,74.0,50.6,6738,419
PT_065,2025-02-23,53,73.9,53.6,6369,375
PT_065,2025-02-24,54,73.5,48.1,5713,350
PT_065,2025-02-25,55,75.8,48.5,5835,389
PT_065,2025-02-26,56,77.3,55.7,6725,428
PT_065,2025-02-27,57,73.1,49.7,6637,385
PT_065,2025-02-28,58,69.1,57.7,6623,417
PT_065,2025-03-01,59,76.9,51.8,6413,433
PT_065,2025-03-02,60,78.3,42.8,5795,437
PT_065,2025-03-03,61,82.3,39.3,4480,410
PT_065,2025-03-04,62,80.2,48.3,4794,394
PT_065,2025-03-05,63,89.5,40.6,4690,409
PT_065,2025-03-06,64,82.2,41.4,4345,356
PT_065,2025-03-07,65,82.9,35.7,3853,389
PT_065,2025-03-08,66,88.3,40.6,4453,429
PT_065,2025-03-09,67,86.5,40.8,3799,406
PT_065,2025-03-10,68,87.6,35.3,3906,382
PT_065,2025-03-11,69,85.2,43.2,4318,358
PT_065,2025-03-12,70,87.0,37.6,4568,431
PT_065,2025-03-13,71,77.5,42.8,4329,397
PT_065,2025-03-14,72,85.0,34.1,3629,379
PT_065,2025-03-15,73,90.1,33.6,4450,346
PT_065,2025-03-16,74,86.5,33.5,4165,400
PT_065,2025-03-17,75,83.4,39.2,3883,363
PT_065,2025-03-18,76,83.7,33.5,4354,356
PT_065,2025-03-19,77,83.8,40.3,4087,364
PT_065,2025-03-20,78,84.3,46.3,4968,368
PT_065,2025-03-21,79,67.1,60.8,6701,369
PT_065,2025-03-22,80,75.0,54.9,6537,403
PT_065,2025-03-23,81,76.0,51.2,5732,392
PT_065,2025-03-24,82,81.5,35.7,5077,399
PT_065,2025-03-25,83,82.2,34.3,4519,396
PT_065,2025-03-26,84,87.6,37.2,5232,388
PT_065,2025-03-27,85,79.7,41.4,3486,386
PT_065,2025-03-28,86,88.3,40.8,4477,490
PT_065,2025-03-29,87,81.4,35.6,3751,395
PT_065,2025-03-30,88,86.4,37.6,3261,333
PT_065,2025-03-31,89,86.7,37.1,3858,401
PT_066,2025-01-01,0,73.7,53.1,6198,474
PT_066,2025-01-02,1,78.4,45.9,6306,422
PT_066,2025-01-03,2,82.9,39.8,5706,432
PT_066,2025-01-04,3,78.7,39.3,5453,455
PT_066,2025-01-05,4,84.3,34.5,4876,432
PT_066,2025-01-06,5,80.3,40.1,4802,543
PT_066,2025-01-07,6,81.7,35.6,3998,449
PT_066,2025-01-08,7,86.6,33.8,3348,572
PT_066,2025-01-09,8,81.6,37.6,4170,487
PT_066,2025-01-10,9,84.1,32.3,4097,426
PT_066,2025-01-11,10,84.2,32.6,4222,531
PT_066,2025-01-12,11,83.2,38.4,4413,448
PT_066,2025-01-13,12,82.7,35.5,4388,514
PT_066,2025-01-14,13,82.6,33.7,4411,513
PT_066,2025-01-15,14,80.8,39.7,4981,506
PT_066,2025-01-16,15,85.1,36.8,4992,495
PT_066,2025-01-17,16,84.1,34.5,5223,534
PT_066,2025-01-18,17,78.5,40.2,5069,542
PT_066,2025-01-19,18,82.1,36.0,4894,525
PT_066,2025-01-20,19,76.2,38.1,4486,525
PT_066,2025-01-21,20,81.2,42.8,4801,523
PT_066,2025-01-22,21,72.4,48.4,6413,475
PT_066,2025-01-23,22,65.9,57.8,6218,526
PT_066,2025-01-24,23,73.5,49.4,7339,446
PT_066,2025-01-25,24,67.5,45.2,6508,498
PT_066,2025-01-26,25,71.7,47.1,6608,539
PT_066,2025-01-27,26,73.1,47.1,5315,476
PT_066,2025-01-28,27,73.6,49.9,5639,442
PT_066,2025-01-29,28,73.2,49.4,6411,434
PT_066,2025-01-30,29,73.6,46.6,6054,501
PT_066,2025-01-31,30,69.8,45.6,5834,428
PT_066,2025-02-01,31,70.1,55.5,6213,550
PT_066,2025-02-02,32,79.3,52.7,6110,485
PT_066,2025-02-03,33,71.9,49.2,6552,452
PT_066,2025-02-04,34,73.0,47.9,6901,477
PT_066,2025-02-05,35,73.7,45.5,5773,557
PT_066,2025-02-06,36,76.7,42.1,5747,455
PT_066,2025-02-07,37,73.7,42.4,5692,476
PT_066,2025-02-08,38,77.2,44.9,4826,508
PT_066,2025-02-09,39,73.8,42.8,4886,499
PT_066,2025-02-10,40,79.6,46.7,5707,534
PT_066,2025-02-11,41,76.7,45.0,5223,437
PT_066,2025-02-12,42,73.8,47.3,6799,453
PT_066,2025-02-13,43,74.6,52.1,5962,523
PT_066,2025-02-14,44,72.0,54.3,6814,554
PT_066,2025-02-15,45,75.1,53.7,7041,503
PT_066,2025-02-16,46,75.3,45.7,5728,542
PT_066,2025-02-17,47,74.7,46.6,5619,539
PT_066,2025-02-18,48,82.5,47.0,4755,425
PT_066,2025-02-19,49,78.5,38.7,5401,460
PT_066,2025-02-20,50,79.1,45.0,4275,529
PT_066,2025-02-21,51,76.8,38.8,5042,487
PT_066,2025-02-22,52,81.0,34.9,4660,488
PT_066,2025-02-23,53,83.0,40.3,3953,499
PT_066,2025-02-24,54,80.7,38.0,5088,542
PT_066,2025-02-25,55,83.7,38.0,4328,571
PT_066,2025-02-26,56,83.0,42.5,4146,512
PT_066,2025-02-27,57,82.7,40.8,3752,547
PT_066,2025-02-28,58,74.8,36.2,5275,495
PT_066,2025-03-01,59,82.4,33.7,4165,449
PT_066,2025-03-02,60,87.0,32.5,4173,459
PT_066,2025-03-03,61,82.4,33.1,4080,538
PT_066,2025-03-04,62,86.6,31.7,4235,483
PT_066,2025-03-05,63,85.3,37.7,3926,502
PT_066,2025-03-06,64,85.2,40.4,4399,529
PT_066,2025-03-07,65,80.7,38.4,4210,527
PT_066,2025-03-08,66,71.5,52.1,6636,489
PT_066,2025-03-09,67,77.3,46.9,4352,580
PT_066,2025-03-10,68,77.1,36.5,4901,447
PT_066,2025-03-11,69,82.2,41.1,4846,506
PT_066,2025-03-12,70,85.1,30.3,4870,486
PT_066,2025-03-13,71,85.5,38.8,3324,447
PT_066,2025-03-14,72,85.7,35.5,4335,514
PT_066,2025-03-15,73,87.0,32.7,3937,514
PT_066,2025-03-16,74,86.5,33.1,3878,501
PT_066,2025-03-17,75,87.2,36.7,3128,461
PT_066,2025-03-18,76,88.9,36.9,3457,455
PT_066,2025-03-19,77,89.4,29.9,3634,532
PT_066,2025-03-20,78,84.9,37.9,4357,503
PT_066,2025-03-21,79,84.8,37.6,4341,500
PT_066,2025-03-22,80,82.2,38.2,4894,504
PT_066,2025-03-23,81,84.5,28.6,5295,462
PT_066,2025-03-24,82,82.0,36.4,4409,537
PT_066,2025-03-25,83,79.6,39.8,5118,508
PT_066,2025-03-26,84,80.6,35.9,5948,496
PT_066,2025-03-27,85,77.4,36.5,4788,515
PT_066,2025-03-28,86,73.5,46.2,4919,481
PT_066,2025-03-29,87,73.1,46.9,5955,488
PT_066,2025-03-30,88,72.3,48.5,6846,506
PT_066,2025-03-31,89,72.9,46.3,7152,554
PT_067,2025-01-01,0,77.1,30.3,6006,394
PT_067,2025-01-02,1,81.1,30.1,5621,423
PT_067,2025-01-03,2,84.7,21.6,5091,455
PT_067,2025-01-04,3,82.9,19.0,4385,338
PT_067,2025-01-05,4,91.8,15.2,3950,437
PT_067,2025-01-06,5,88.9,21.5,3574,474
PT_067,2025-01-07,6,90.1,10.2,4660,446
PT_067,2025-01-08,7,91.1,16.8,4303,416
PT_067,2025-01-09,8,91.1,19.5,4037,469
PT_067,2025-01-10,9,94.0,11.8,4143,409
PT_067,2025-01-11,10,92.5,15.6,3705,445
PT_067,2025-01-12,11,94.7,13.4,3445,395
PT_067,2025-01-13,12,88.0,23.0,4930,405
PT_067,2025-01-14,13,84.6,12.7,3929,497
PT_067,2025-01-15,14,89.0,19.0,3737,428
PT_067,2025-01-16,15,94.4,17.3,4746,467
PT_067,2025-01-17,16,89.3,25.3,4615,426
PT_067,2025-01-18,17,94.1,8.0,2445,411
PT_067,2025-01-19,18,93.9,10.7,3183,463
PT_067,2025-01-20,19,94.7,15.4,4201,418
PT_067,2025-01-21,20,94.0,15.0,4638,427
PT_067,2025-01-22,21,82.6,24.7,5171,434
PT_067,2025-01-23,22,84.7,24.3,5338,476
PT_067,2025-01-24,23,81.6,24.9,6306,440
PT_067,2025-01-25,24,76.0,33.7,7576,448
PT_067,2025-01-26,25,84.0,22.1,6299,412
PT_067,2025-01-27,26,88.1,25.6,5540,469
PT_067,2025-01-28,27,85.8,16.6,5634,431
PT_067,2025-01-29,28,87.6,14.2,4324,524
PT_067,2025-01-30,29,91.7,15.5,4125,414
PT_067,2025-01-31,30,90.0,14.0,4047,484
PT_067,2025-02-01,31,96.6,9.7,3359,464
PT_067,2025-02-02,32,94.1,12.2,3637,405
PT_067,2025-02-03,33,95.2,10.0,3747,390
PT_067,2025-02-04,34,92.1,18.8,4155,424
PT_067,2025-02-05,35,90.1,9.0,3509,407
PT_067,2025-02-06,36,92.5,17.9,4781,463
PT_067,2025-02-07,37,88.2,15.8,2865,491
PT_067,2025-02-08,38,98.1,13.4,3266,463
PT_067,2025-02-09,39,94.0,14.6,2521,433
PT_067,2025-02-10,40,93.6,13.0,3313,543
PT_067,2025-02-11,41,91.0,13.1,3348,479
PT_067,2025-02-12,42,91.8,14.0,4718,464
PT_067,2025-02-13,43,89.7,8.0,2884,471
PT_067,2025-02-14,44,90.4,8.2,4445,485
PT_067,2025-02-15,45,76.6,30.4,6920,498
PT_067,2025-02-16,46,81.0,25.6,6649,407
PT_067,2025-02-17,47,85.7,22.9,4868,487
PT_067,2025-02-18,48,83.1,20.5,4714,441
PT_067,2025-02-19,49,85.8,20.4,4047,449
PT_067,2025-02-20,50,91.0,12.7,4148,501
PT_067,2025-02-21,51,89.8,15.7,3706,476
PT_067,2025-02-22,52,92.3,12.7,4052,419
PT_067,2025-02-23,53,92.7,17.5,4464,453
PT_067,2025-02-24,54,93.0,15.1,4157,481
PT_067,2025-02-25,55,88.5,15.2,3533,470
PT_067,2025-02-26,56,89.4,14.4,2795,429
PT_067,2025-02-27,57,86.2,17.5,3889,413
PT_067,2025-02-28,58,87.5,19.8,3891,431
PT_067,2025-03-01,59,88.7,17.7,3950,523
PT_067,2025-03-02,60,85.5,20.4,4266,447
PT_067,2025-03-03,61,85.9,19.8,4728,432
PT_067,2025-03-04,62,86.5,18.9,4992,485
PT_067,2025-03-05,63,87.8,21.1,4478,431
PT_067,2025-03-06,64,86.3,16.1,5291,486
PT_067,2025-03-07,65,86.4,27.7,5330,481
PT_067,2025-03-08,66,79.2,30.3,6033,449
PT_067,2025-03-09,67,81.1,30.3,5848,419
PT_067,2025-03-10,68,80.5,27.2,5525,456
PT_067,2025-03-11,69,83.3,22.9,5498,421
PT_067,2025-03-12,70,81.7,26.8,5426,478
PT_067,2025-03-13,71,88.8,20.3,4592,451
PT_067,2025-03-14,72,84.5,21.0,5006,381
PT_067,2025-03-15,73,83.5,23.2,5213,450
PT_067,2025-03-16,74,85.0,21.7,4636,395
PT_067,2025-03-17,75,90.3,17.0,4960,453
PT_067,2025-03-18,76,83.9,25.9,4299,407
PT_067,2025-03-19,77,85.0,24.0,5796,460
PT_067,2025-03-20,78,86.0,18.8,5338,455
PT_067,2025-03-21,79,89.4,23.8,4134,388
PT_067,2025-03-22,80,82.7,25.9,5802,469
PT_067,2025-03-23,81,82.0,22.1,5392,465
PT_067,2025-03-24,82,85.4,22.3,5357,473
PT_067,2025-03-25,83,87.5,31.1,5713,459
PT_067,2025-03-26,84,85.3,26.8,6201,394
PT_067,2025-03-27,85,83.1,27.6,6424,433
PT_067,2025-03-28,86,85.7,26.2,5397,438
PT_067,2025-03-29,87,75.1,29.3,6715,410
PT_067,2025-03-30,88,77.4,27.4,6564,505
PT_067,2025-03-31,89,77.7,33.6,7155,483
PT_068,2025-01-01,0,68.5,45.0,6487,507
PT_068,2025-01-02,1,67.6,49.8,5604,450
PT_068,2025-01-03,2,73.2,44.3,5841,453
PT_068,2025-01-04,3,79.7,41.9,4439,455
PT_068,2025-01-05,4,72.8,39.3,5439,459
PT_068,2025-01-06,5,76.0,45.1,4576,438
PT_068,2025-01-07,6,75.3,36.8,5373,475
PT_068,2025-01-08,7,76.1,37.1,5192,411
PT_068,2025-01-09,8,75.4,40.7,4530,416
PT_068,2025-01-10,9,78.0,39.5,5351,477
PT_068,2025-01-11,10,73.1,38.7,4053,391
PT_068,2025-01-12,11,75.8,38.7,6061,360
PT_068,2025-01-13,12,76.4,42.5,4654,440
PT_068,2025-01-14,13,76.3,35.4,4721,431
PT_068,2025-01-15,14,80.6,36.9,5755,464
PT_068,2025-01-16,15,79.0,37.4,4333,509
PT_068,2025-01-17,16,80.3,36.3,5136,427
PT_068,2025-01-18,17,86.9,33.4,4658,403
PT_068,2025-01-19,18,83.3,37.3,4178,456
PT_068,2025-01-20,19,82.1,36.1,3867,478
PT_068,2025-01-21,20,83.0,27.8,3988,429
PT_068,2025-01-22,21,72.6,39.1,5485,475
PT_068,2025-01-23,22,70.7,40.7,5155,420
PT_068,2025-01-24,23,74.3,41.1,5360,467
PT_068,2025-01-25,24,68.0,43.3,6678,422
PT_068,2025-01-26,25,70.7,48.9,6217,456
PT_068,2025-01-27,26,72.2,43.5,5362,463
PT_068,2025-01-28,27,77.7,37.3,4616,509
PT_068,2025-01-29,28,76.3,43.2,5480,435
PT_068,2025-01-30,29,82.6,43.2,4683,424
PT_068,2025-01-31,30,79.9,39.1,4196,427
PT_068,2025-02-01,31,81.8,28.3,3686,442
PT_068,2025-02-02,32,80.8,39.6,3690,455
PT_068,2025-02-03,33,76.8,39.5,5046,386
PT_068,2025-02-04,34,77.2,34.7,4086,413
PT_068,2025-02-05,35,78.3,35.6,4545,419
PT_068,2025-02-06,36,81.6,29.3,5113,479
PT_068,2025-02-07,37,77.2,38.0,5337,454
PT_068,2025-02-08,38,78.0,42.2,3977,469
PT_068,2025-02-09,39,79.9,37.4,6052,404
PT_068,2025-02-10,40,76.8,40.5,5064,400
PT_068,2025-02-11,41,76.3,37.5,5016,430
PT_068,2025-02-12,42,72.5,43.9,4425,396
PT_068,2025-02-13,43,74.9,31.5,4933,487
PT_068,2025-02-14,44,78.2,37.8,5504,469
PT_068,2025-02-15,45,73.5,52.8,5601,461
PT_068,2025-02-16,46,69.7,48.2,5833,453
PT_068,2025-02-17,47,69.9,49.3,5804,430
PT_068,2025-02-18,48,72.8,49.8,6426,450
PT_068,2025-02-19,49,68.6,51.7,5542,453
PT_068,2025-02-20,50,70.0,47.6,6301,484
PT_068,2025-02-21,51,73.2,46.3,6974,425
PT_068,2025-02-22,52,65.2,44.5,5939,422
PT_068,2025-02-23,53,66.4,46.6,5605,432
PT_068,2025-02-24,54,67.2,51.9,7294,421
PT_068,2025-02-25,55,67.3,42.5,6566,462
PT_068,2025-02-26,56,73.6,40.6,5907,463
PT_068,2025-02-27,57,75.5,48.9,5853,404
PT_068,2025-02-28,58,72.6,42.0,4995,434
PT_068,2025-03-01,59,77.2,40.4,5499,375
PT_068,2025-03-02,60,75.5,33.5,4812,399
PT_068,2025-03-03,61,74.6,43.3,4790,433
PT_068,2025-03-04,62,72.6,35.7,4896,439
PT_068,2025-03-05,63,76.7,40.5,5120,446
PT_068,2025-03-06,64,76.0,39.9,4826,391
PT_068,2025-03-07,65,80.0,40.2,4831,437
PT_068,2025-03-08,66,73.7,42.5,5168,438
PT_068,2025-03-09,67,74.2,44.9,4669,437
PT_068,2025-03-10,68,73.8,37.7,5419,463
PT_068,2025-03-11,69,72.2,39.0,5403,461
PT_068,2025-03-12,70,73.3,41.2,4197,456
PT_068,2025-03-13,71,71.8,39.4,4805,391
PT_068,2025-03-14,72,72.4,44.2,4941,426
PT_068,2025-03-15,73,70.3,42.7,6293,433
PT_068,2025-03-16,74,73.4,44.0,4397,400
PT_068,2025-03-17,75,73.5,44.9,5198,357
PT_068,2025-03-18,76,67.5,53.4,5765,470
PT_068,2025-03-19,77,70.6,47.4,5830,429
PT_068,2025-03-20,78,77.5,42.8,5516,385
PT_068,2025-03-21,79,63.6,45.9,5676,406
PT_068,2025-03-22,80,72.2,46.8,5934,436
PT_068,2025-03-23,81,68.3,48.5,5745,415
PT_068,2025-03-24,82,65.8,48.3,5537,448
PT_068,2025-03-25,83,67.7,45.9,5785,496
PT_068,2025-03-26,84,69.1,49.0,5674,386
PT_068,2025-03-27,85,68.7,48.0,5804,426
PT_068,2025-03-28,86,69.1,49.0,5746,448
PT_068,2025-03-29,87,68.7,48.4,6596,419
PT_068,2025-03-30,88,71.5,40.4,5057,444
PT_068,2025-03-31,89,70.7,46.9,6473,426
PT_069,2025-01-01,0,70.5,52.8,6157,397
PT_069,2025-01-02,1,68.4,40.9,6042,377
PT_069,2025-01-03,2,72.2,43.3,6542,431
PT_069,2025-01-04,3,74.3,36.0,6814,393
PT_069,2025-01-05,4,78.6,39.5,5764,368
PT_069,2025-01-06,5,77.1,37.1,5814,438
PT_069,2025-01-07,6,73.9,35.1,5563,386
PT_069,2025-01-08,7,76.9,37.7,6506,481
PT_069,2025-01-09,8,73.4,32.2,4831,402
PT_069,2025-01-10,9,73.1,32.0,5128,399
PT_069,2025-01-11,10,73.8,38.8,5022,440
PT_069,2025-01-12,11,81.4,34.0,6042,469
PT_069,2025-01-13,12,75.7,40.0,5707,429
PT_069,2025-01-14,13,78.9,34.5,5261,421
PT_069,2025-01-15,14,70.4,41.8,6011,393
PT_069,2025-01-16,15,74.9,37.8,6258,351
PT_069,2025-01-17,16,72.6,42.6,5207,399
PT_069,2025-01-18,17,71.6,41.3,5267,389
PT_069,2025-01-19,18,74.0,48.4,5789,409
PT_069,2025-01-20,19,74.1,40.6,6230,460
PT_069,2025-01-21,20,78.5,39.9,6292,454
PT_069,2025-01-22,21,74.4,48.4,6096,447
PT_069,2025-01-23,22,69.1,50.0,6596,379
PT_069,2025-01-24,23,73.6,45.5,6992,427
PT_069,2025-01-25,24,71.0,47.0,6615,429
PT_069,2025-01-26,25,73.9,43.7,6691,363
PT_069,2025-01-27,26,69.4,48.9,6628,435
PT_069,2025-01-28,27,71.0,44.0,6454,416
PT_069,2025-01-29,28,71.5,46.1,6892,325
PT_069,2025-01-30,29,69.6,44.3,6556,383
PT_069,2025-01-31,30,74.1,44.5,6590,378
PT_069,2025-02-01,31,74.5,43.8,6205,471
PT_069,2025-02-02,32,70.7,43.1,5961,416
PT_069,2025-02-03,33,74.3,43.7,4974,388
PT_069,2025-02-04,34,80.0,40.1,5234,437
PT_069,2025-02-05,35,77.4,34.5,4817,446
PT_069,2025-02-06,36,73.6,37.9,5049,357
PT_069,2025-02-07,37,78.9,41.0,5098,455
PT_069,2025-02-08,38,76.3,36.8,5456,368
PT_069,2025-02-09,39,75.5,32.6,5143,403
PT_069,2025-02-10,40,78.1,31.0,5219,334
PT_069,2025-02-11,41,73.6,39.5,4561,408
PT_069,2025-02-12,42,74.8,35.2,5321,343
PT_069,2025-02-13,43,78.9,39.6,5627,491
PT_069,2025-02-14,44,77.6,35.8,4566,349
PT_069,2025-02-15,45,74.8,40.1,6177,388
PT_069,2025-02-16,46,73.4,39.2,5705,435
PT_069,2025-02-17,47,73.1,34.4,5817,407
PT_069,2025-02-18,48,72.8,39.0,5235,396
PT_069,2025-02-19,49,75.3,42.8,5974,503
PT_069,2025-02-20,50,73.5,44.1,5705,414
PT_069,2025-02-21,51,72.9,44.3,6631,424
PT_069,2025-02-22,52,68.7,43.6,6166,431
PT_069,2025-02-23,53,68.5,44.6,6367,436
PT_069,2025-02-24,54,73.3,49.4,6305,456
PT_069,2025-02-25,55,71.2,43.8,6331,464
PT_069,2025-02-26,56,71.9,47.7,6693,396
PT_069,2025-02-27,57,69.5,44.5,6044,419
PT_069,2025-02-28,58,74.3,44.6,5933,434
PT_069,2025-03-01,59,72.7,42.5,5851,470
PT_069,2025-03-02,60,72.8,47.4,5526,398
PT_069,2025-03-03,61,71.0,45.1,6377,431
PT_069,2025-03-04,62,65.5,39.0,5554,435
PT_069,2025-03-05,63,67.9,45.7,7504,400
PT_069,2025-03-06,64,72.4,46.3,6076,403
PT_069,2025-03-07,65,71.8,41.4,6325,446
PT_069,2025-03-08,66,70.1,40.6,7124,348
PT_069,2025-03-09,67,72.4,43.8,6913,373
PT_069,2025-03-10,68,72.9,47.2,6561,391
PT_069,2025-03-11,69,70.6,45.3,5818,404
PT_069,2025-03-12,70,70.5,43.6,7014,335
PT_069,2025-03-13,71,70.3,45.5,6792,346
PT_069,2025-03-14,72,67.3,42.8,7057,415
PT_069,2025-03-15,73,70.1,48.3,6441,425
PT_069,2025-03-16,74,69.6,48.1,6017,371
PT_069,2025-03-17,75,71.7,39.0,6127,446
PT_069,2025-03-18,76,71.2,48.9,6112,448
PT_069,2025-03-19,77,73.4,38.5,6356,424
PT_069,2025-03-20,78,77.5,44.8,5763,422
PT_069,2025-03-21,79,73.4,41.9,5937,442
PT_069,2025-03-22,80,77.1,34.5,6216,428
PT_069,2025-03-23,81,76.5,36.1,4959,499
PT_069,2025-03-24,82,78.1,35.0,6309,408
PT_069,2025-03-25,83,74.5,40.9,4824,386
PT_069,2025-03-26,84,72.8,34.6,5949,384
PT_069,2025-03-27,85,75.0,36.8,5683,338
PT_069,2025-03-28,86,75.8,39.4,5712,365
PT_069,2025-03-29,87,75.1,39.8,5114,403
PT_069,2025-03-30,88,76.2,36.7,5421,417
PT_069,2025-03-31,89,74.4,35.2,6111,388
PT_070,2025-01-01,0,55.5,42.5,7761,591
PT_070,2025-01-02,1,60.7,39.4,6833,481
PT_070,2025-01-03,2,68.4,37.7,5899,515
PT_070,2025-01-04,3,69.2,32.6,5554,473
PT_070,2025-01-05,4,68.8,28.3,5202,521
PT_070,2025-01-06,5,75.6,31.1,5550,486
PT_070,2025-01-07,6,70.0,28.4,4165,488
PT_070,2025-01-08,7,76.2,25.1,4717,545
PT_070,2025-01-09,8,74.0,27.6,5028,447
PT_070,2025-01-10,9,76.9,21.6,4574,467
PT_070,2025-01-11,10,77.4,23.9,5247,490
PT_070,2025-01-12,11,75.4,24.7,4300,511
PT_070,2025-01-13,12,71.3,26.5,4941,473
PT_070,2025-01-14,13,70.8,27.5,4403,494
PT_070,2025-01-15,14,73.8,26.5,3805,484
PT_070,2025-01-16,15,75.9,23.6,4092,472
PT_070,2025-01-17,16,77.0,21.3,3794,527
PT_070,2025-01-18,17,75.3,24.1,4657,477
PT_070,2025-01-19,18,70.6,27.5,5211,465
PT_070,2025-01-20,19,72.3,29.0,5523,517
PT_070,2025-01-21,20,72.5,33.4,5454,527
PT_070,2025-01-22,21,58.1,43.8,7264,547
PT_070,2025-01-23,22,59.5,45.1,6853,506
PT_070,2025-01-24,23,57.4,49.9,7245,509
PT_070,2025-01-25,24,57.2,45.9,7483,502
PT_070,2025-01-26,25,56.2,45.2,7010,479
PT_070,2025-01-27,26,58.8,39.4,6678,445
PT_070,2025-01-28,27,63.5,43.2,6939,512
PT_070,2025-01-29,28,60.8,37.9,6324,552
PT_070,2025-01-30,29,61.9,40.4,6243,474
PT_070,2025-01-31,30,58.1,33.9,6415,495
PT_070,2025-02-01,31,67.2,38.2,6311,536
PT_070,2025-02-02,32,64.1,26.8,6566,414
PT_070,2025-02-03,33,64.2,36.7,5069,504
PT_070,2025-02-04,34,68.1,33.3,6732,479
PT_070,2025-02-05,35,67.7,32.4,5506,523
PT_070,2025-02-06,36,69.2,33.1,5333,475
PT_070,2025-02-07,37,62.5,35.6,5131,573
PT_070,2025-02-08,38,66.6,36.3,5904,510
PT_070,2025-02-09,39,71.5,38.5,5445,561
PT_070,2025-02-10,40,66.4,33.0,6514,600
PT_070,2025-02-11,41,65.9,34.2,6128,525
PT_070,2025-02-12,42,69.2,37.9,6264,422
PT_070,2025-02-13,43,61.1,34.9,6488,572
PT_070,2025-02-14,44,61.2,42.4,5671,502
PT_070,2025-02-15,45,64.2,35.9,5659,586
PT_070,2025-02-16,46,61.9,40.6,6184,489
PT_070,2025-02-17,47,64.4,37.3,6126,519
PT_070,2025-02-18,48,58.6,43.5,5951,540
PT_070,2025-02-19,49,63.5,42.2,6987,527
PT_070,2025-02-20,50,63.7,37.0,6448,507
PT_070,2025-02-21,51,63.2,37.9,6578,521
PT_070,2025-02-22,52,58.1,40.0,7614,512
PT_070,2025-02-23,53,62.8,40.0,7391,583
PT_070,2025-02-24,54,65.8,32.3,5373,485
PT_070,2025-02-25,55,67.7,32.7,6160,467
PT_070,2025-02-26,56,67.6,26.2,5309,525
PT_070,2025-02-27,57,73.0,32.2,4950,497
PT_070,2025-02-28,58,74.5,30.1,4805,609
PT_070,2025-03-01,59,73.9,21.9,3363,488
PT_070,2025-03-02,60,67.9,25.7,4461,518
PT_070,2025-03-03,61,69.5,27.8,4221,477
PT_070,2025-03-04,62,77.1,29.7,4884,487
PT_070,2025-03-05,63,68.9,28.5,3917,557
PT_070,2025-03-06,64,68.6,23.1,4586,524
PT_070,2025-03-07,65,72.2,26.7,4868,503
PT_070,2025-03-08,66,72.6,27.7,5486,450
PT_070,2025-03-09,67,71.2,27.5,5010,519
PT_070,2025-03-10,68,73.4,31.3,5151,507
PT_070,2025-03-11,69,70.1,23.4,5152,493
PT_070,2025-03-12,70,72.1,31.0,4856,540
PT_070,2025-03-13,71,72.0,28.7,5235,523
PT_070,2025-03-14,72,69.6,32.8,5385,406
PT_070,2025-03-15,73,60.3,44.0,6827,574
PT_070,2025-03-16,74,59.0,38.8,6980,426
PT_070,2025-03-17,75,65.8,35.7,6732,499
PT_070,2025-03-18,76,63.5,38.4,6012,498
PT_070,2025-03-19,77,69.2,31.7,5109,512
PT_070,2025-03-20,78,66.1,30.2,4716,566
PT_070,2025-03-21,79,69.2,26.2,5137,518
PT_070,2025-03-22,80,71.6,33.8,4504,500
PT_070,2025-03-23,81,76.6,27.1,5239,485
PT_070,2025-03-24,82,73.2,30.6,4577,459
PT_070,2025-03-25,83,68.2,26.2,5304,544
PT_070,2025-03-26,84,72.0,29.7,5107,495
PT_070,2025-03-27,85,67.5,32.8,5334,534
PT_070,2025-03-28,86,75.4,32.1,5741,561
PT_070,2025-03-29,87,71.4,32.4,5436,550
PT_070,2025-03-30,88,66.7,35.2,5358,466
PT_070,2025-03-31,89,65.4,34.7,4989,530
PT_071,2025-01-01,0,69.6,60.8,6147,459
PT_071,2025-01-02,1,69.5,54.9,5122,529
PT_071,2025-01-03,2,72.0,47.7,4359,418
PT_071,2025-01-04,3,72.9,49.0,4337,477
PT_071,2025-01-05,4,80.1,39.9,4510,442
PT_071,2025-01-06,5,75.3,43.4,3973,468
PT_071,2025-01-07,6,80.7,42.6,3983,391
PT_071,2025-01-08,7,76.0,40.6,4328,449
PT_071,2025-01-09,8,81.2,39.1,4436,442
PT_071,2025-01-10,9,78.7,44.8,3963,489
PT_071,2025-01-11,10,81.6,43.1,4135,449
PT_071,2025-01-12,11,82.8,40.0,3129,439
PT_071,2025-01-13,12,76.1,44.0,4027,463
PT_071,2025-01-14,13,80.3,45.5,4856,490
PT_071,2025-01-15,14,85.0,33.3,3041,461
PT_071,2025-01-16,15,81.7,37.5,3233,391
PT_071,2025-01-17,16,84.1,37.0,2943,461
PT_071,2025-01-18,17,79.5,37.1,3052,559
PT_071,2025-01-19,18,80.9,40.6,3454,423
PT_071,2025-01-20,19,83.8,39.6,3463,402
PT_071,2025-01-21,20,84.0,43.0,4084,440
PT_071,2025-01-22,21,64.8,54.5,6176,437
PT_071,2025-01-23,22,66.0,58.2,6264,426
PT_071,2025-01-24,23,67.4,57.8,5969,422
PT_071,2025-01-25,24,66.6,59.9,5892,426
PT_071,2025-01-26,25,66.3,58.5,6220,440
PT_071,2025-01-27,26,64.7,55.2,5962,441
PT_071,2025-01-28,27,66.4,55.9,5552,364
PT_071,2025-01-29,28,65.9,59.9,4874,417
PT_071,2025-01-30,29,68.7,61.4,6312,446
PT_071,2025-01-31,30,71.6,56.4,5745,415
PT_071,2025-02-01,31,72.3,56.9,6593,395
PT_071,2025-02-02,32,65.5,55.7,5507,464
PT_071,2025-02-03,33,70.6,57.2,4868,378
PT_071,2025-02-04,34,65.0,59.6,6597,471
PT_071,2025-02-05,35,72.1,57.6,6610,457
PT_071,2025-02-06,36,71.7,53.2,5471,413
PT_071,2025-02-07,37,71.1,55.3,4517,465
PT_071,2025-02-08,38,74.0,53.2,5792,461
PT_071,2025-02-09,39,74.8,45.8,5100,454
PT_071,2025-02-10,40,78.4,47.4,5209,410
PT_071,2025-02-11,41,70.7,51.7,4372,465
PT_071,2025-02-12,42,73.6,45.3,4258,404
PT_071,2025-02-13,43,72.7,43.8,4627,432
PT_071,2025-02-14,44,71.7,43.8,3758,431
PT_071,2025-02-15,45,81.0,41.8,4313,440
PT_071,2025-02-16,46,74.3,47.3,4662,439
PT_071,2025-02-17,47,72.0,46.1,4304,475
PT_071,2025-02-18,48,75.9,44.3,4779,440
PT_071,2025-02-19,49,75.8,43.4,4472,429
PT_071,2025-02-20,50,73.4,46.7,4793,469
PT_071,2025-02-21,51,72.1,54.1,4332,428
PT_071,2025-02-22,52,76.4,47.0,5179,464
PT_071,2025-02-23,53,74.7,46.1,5215,419
PT_071,2025-02-24,54,78.5,48.0,4385,387
PT_071,2025-02-25,55,74.4,50.4,4598,414
PT_071,2025-02-26,56,72.6,52.0,5688,477
PT_071,2025-02-27,57,69.5,52.4,6467,480
PT_071,2025-02-28,58,70.2,55.1,5139,445
PT_071,2025-03-01,59,69.3,53.8,5718,471
PT_071,2025-03-02,60,74.7,45.8,5961,433
PT_071,2025-03-03,61,68.4,52.4,5376,430
PT_071,2025-03-04,62,65.3,53.6,5417,443
PT_071,2025-03-05,63,74.4,49.6,5131,412
PT_071,2025-03-06,64,75.9,50.4,4781,425
PT_071,2025-03-07,65,74.6,42.0,4713,432
PT_071,2025-03-08,66,80.7,43.2,4098,425
PT_071,2025-03-09,67,76.6,47.1,4352,408
PT_071,2025-03-10,68,75.3,40.2,4286,382
PT_071,2025-03-11,69,78.9,39.0,3618,438
PT_071,2025-03-12,70,82.1,40.6,4231,421
PT_071,2025-03-13,71,78.0,43.6,4181,444
PT_071,2025-03-14,72,75.5,38.5,3575,379
PT_071,2025-03-15,73,80.4,44.9,3868,425
PT_071,2025-03-16,74,79.4,42.6,4196,495
PT_071,2025-03-17,75,77.3,45.1,5133,399
PT_071,2025-03-18,76,73.8,47.5,4983,404
PT_071,2025-03-19,77,77.1,49.5,4072,398
PT_071,2025-03-20,78,73.5,45.1,5062,472
PT_071,2025-03-21,79,72.0,47.2,4319,407
PT_071,2025-03-22,80,78.5,46.8,5018,431
PT_071,2025-03-23,81,75.3,50.5,5151,487
PT_071,2025-03-24,82,69.5,58.6,7245,406
PT_071,2025-03-25,83,70.7,52.1,5772,441
PT_071,2025-03-26,84,66.9,55.1,5529,412
PT_071,2025-03-27,85,72.4,48.2,4750,404
PT_071,2025-03-28,86,71.0,51.9,4595,465
PT_071,2025-03-29,87,76.5,47.4,5032,394
PT_071,2025-03-30,88,76.5,41.7,4376,435
PT_071,2025-03-31,89,70.7,51.0,4985,442
PT_072,2025-01-01,0,78.3,49.9,6159,467
PT_072,2025-01-02,1,78.5,58.1,6576,519
PT_072,2025-01-03,2,74.4,49.9,6050,483
PT_072,2025-01-04,3,79.1,47.8,5497,523
PT_072,2025-01-05,4,76.5,51.8,5683,472
PT_072,2025-01-06,5,78.9,53.8,6000,540
PT_072,2025-01-07,6,77.5,49.3,6112,544
PT_072,2025-01-08,7,78.0,47.4,5527,447
PT_072,2025-01-09,8,79.3,46.8,5704,504
PT_072,2025-01-10,9,79.2,49.8,4706,529
PT_072,2025-01-11,10,74.3,48.9,5396,511
PT_072,2025-01-12,11,78.7,45.9,5382,510
PT_072,2025-01-13,12,78.7,44.1,5918,420
PT_072,2025-01-14,13,77.6,45.5,5739,410
PT_072,2025-01-15,14,89.0,39.5,3856,425
PT_072,2025-01-16,15,87.2,43.2,4198,522
PT_072,2025-01-17,16,87.6,41.1,3563,456
PT_072,2025-01-18,17,83.5,38.3,4230,466
PT_072,2025-01-19,18,83.2,38.3,4303,446
PT_072,2025-01-20,19,82.9,41.4,4806,456
PT_072,2025-01-21,20,85.8,42.4,4561,456
PT_072,2025-01-22,21,71.3,54.4,7280,472
PT_072,2025-01-23,22,72.6,49.4,5939,444
PT_072,2025-01-24,23,73.0,52.8,6010,457
PT_072,2025-01-25,24,73.3,56.4,6294,448
PT_072,2025-01-26,25,69.2,45.5,6425,499
PT_072,2025-01-27,26,73.8,55.7,5669,446
PT_072,2025-01-28,27,75.9,54.7,5292,521
PT_072,2025-01-29,28,73.6,52.3,6236,517
PT_072,2025-01-30,29,72.7,55.8,6277,489
PT_072,2025-01-31,30,74.9,53.9,6414,488
PT_072,2025-02-01,31,69.8,51.3,6105,421
PT_072,2025-02-02,32,76.1,57.1,6008,508
PT_072,2025-02-03,33,72.7,54.9,6091,530
PT_072,2025-02-04,34,74.9,51.4,5912,456
PT_072,2025-02-05,35,74.3,50.7,6207,429
PT_072,2025-02-06,36,73.1,44.2,6360,458
PT_072,2025-02-07,37,75.2,49.8,6289,486
PT_072,2025-02-08,38,78.3,49.1,5378,530
PT_072,2025-02-09,39,76.6,52.1,6122,417
PT_072,2025-02-10,40,77.1,50.4,5335,454
PT_072,2025-02-11,41,73.3,52.7,6366,503
PT_072,2025-02-12,42,75.4,53.9,5999,477
PT_072,2025-02-13,43,81.4,49.4,5472,482
PT_072,2025-02-14,44,78.9,47.7,5919,453
PT_072,2025-02-15,45,75.4,47.8,5197,480
PT_072,2025-02-16,46,77.4,54.3,5952,419
PT_072,2025-02-17,47,76.8,51.2,6358,450
PT_072,2025-02-18,48,80.5,47.8,4811,458
PT_072,2025-02-19,49,78.6,49.8,4820,508
PT_072,2025-02-20,50,84.0,52.6,4806,473
PT_072,2025-02-21,51,80.2,47.0,5306,445
PT_072,2025-02-22,52,83.5,47.9,5186,419
PT_072,2025-02-23,53,78.0,44.9,4999,444
PT_072,2025-02-24,54,77.1,47.2,6162,456
PT_072,2025-02-25,55,72.8,60.1,5998,457
PT_072,2025-02-26,56,79.6,52.0,4878,459
PT_072,2025-02-27,57,77.2,44.1,4565,504
PT_072,2025-02-28,58,80.8,54.7,5025,482
PT_072,2025-03-01,59,80.2,44.5,5156,459
PT_072,2025-03-02,60,83.4,45.0,4367,500
PT_072,2025-03-03,61,83.9,41.3,3993,483
PT_072,2025-03-04,62,86.9,45.3,4466,475
PT_072,2025-03-05,63,86.3,40.0,3955,399
PT_072,2025-03-06,64,83.2,41.3,5222,508
PT_072,2025-03-07,65,80.0,44.4,4461,487
PT_072,2025-03-08,66,82.4,45.5,5137,452
PT_072,2025-03-09,67,83.4,43.3,4482,483
PT_072,2025-03-10,68,84.7,42.4,5266,457
PT_072,2025-03-11,69,82.0,44.5,4493,442
PT_072,2025-03-12,70,86.3,47.3,4788,460
PT_072,2025-03-13,71,83.5,46.0,5224,526
PT_072,2025-03-14,72,82.4,42.7,5763,485
PT_072,2025-03-15,73,81.4,42.8,4952,465
PT_072,2025-03-16,74,77.6,48.5,5260,511
PT_072,2025-03-17,75,80.1,46.3,5609,449
PT_072,2025-03-18,76,77.8,51.5,5671,397
PT_072,2025-03-19,77,77.4,46.5,7265,433
PT_072,2025-03-20,78,79.9,50.1,6695,480
PT_072,2025-03-21,79,75.1,47.3,4578,501
PT_072,2025-03-22,80,81.5,48.6,5270,413
PT_072,2025-03-23,81,79.3,49.8,5916,446
PT_072,2025-03-24,82,81.0,43.9,5610,485
PT_072,2025-03-25,83,79.4,51.8,4605,356
PT_072,2025-03-26,84,80.4,41.3,5481,442
PT_072,2025-03-27,85,80.1,42.0,4272,447
PT_072,2025-03-28,86,81.4,46.2,5195,467
PT_072,2025-03-29,87,78.7,47.3,5563,495
PT_072,2025-03-30,88,83.1,48.1,4827,484
PT_072,2025-03-31,89,85.4,49.4,4780,463
PT_073,2025-01-01,0,72.8,49.3,5050,424
PT_073,2025-01-02,1,72.0,47.8,5075,442
PT_073,2025-01-03,2,76.3,41.1,4655,444
PT_073,2025-01-04,3,74.0,41.9,4342,390
PT_073,2025-01-05,4,78.5,43.8,4839,477
PT_073,2025-01-06,5,73.3,44.8,4384,451
PT_073,2025-01-07,6,76.4,39.9,4034,428
PT_073,2025-01-08,7,75.6,41.2,4741,429
PT_073,2025-01-09,8,77.4,44.1,3804,392
PT_073,2025-01-10,9,73.1,38.7,3725,511
PT_073,2025-01-11,10,72.0,39.6,3129,437
PT_073,2025-01-12,11,76.2,38.9,3857,473
PT_073,2025-01-13,12,74.6,45.6,4481,410
PT_073,2025-01-14,13,80.0,46.0,4480,393
PT_073,2025-01-15,14,82.3,35.6,3036,396
PT_073,2025-01-16,15,76.1,37.9,2952,393
PT_073,2025-01-17,16,83.9,34.8,3816,482
PT_073,2025-01-18,17,81.6,32.9,4064,438
PT_073,2025-01-19,18,82.1,33.2,3717,489
PT_073,2025-01-20,19,76.8,37.7,2945,337
PT_073,2025-01-21,20,79.5,41.4,3557,412
PT_073,2025-01-22,21,72.0,50.9,5764,434
PT_073,2025-01-23,22,71.0,51.5,6083,424
PT_073,2025-01-24,23,69.2,51.6,6275,395
PT_073,2025-01-25,24,74.0,46.2,5504,453
PT_073,2025-01-26,25,72.8,44.1,4938,443
PT_073,2025-01-27,26,69.4,50.4,5220,403
PT_073,2025-01-28,27,68.9,52.5,5774,453
PT_073,2025-01-29,28,64.3,47.3,4734,454
PT_073,2025-01-30,29,67.6,46.4,5925,507
PT_073,2025-01-31,30,71.7,48.4,5239,449
PT_073,2025-02-01,31,68.8,47.8,5534,437
PT_073,2025-02-02,32,67.1,49.0,5782,411
PT_073,2025-02-03,33,68.9,50.7,5590,411
PT_073,2025-02-04,34,67.4,45.8,4486,405
PT_073,2025-02-05,35,74.3,30.9,3745,387
PT_073,2025-02-06,36,81.8,31.7,3128,437
PT_073,2025-02-07,37,84.5,36.0,2453,446
PT_073,2025-02-08,38,80.7,34.9,3073,437
PT_073,2025-02-09,39,79.5,39.9,2648,384
PT_073,2025-02-10,40,78.3,35.9,2902,428
PT_073,2025-02-11,41,76.9,34.4,3280,449
PT_073,2025-02-12,42,72.6,49.5,4007,489
PT_073,2025-02-13,43,76.0,40.1,4318,438
PT_073,2025-02-14,44,74.4,48.8,3963,439
PT_073,2025-02-15,45,77.3,45.4,3376,461
PT_073,2025-02-16,46,81.5,45.5,4768,427
PT_073,2025-02-17,47,71.7,41.7,3895,381
PT_073,2025-02-18,48,74.2,45.9,4517,368
PT_073,2025-02-19,49,75.0,43.4,3833,417
PT_073,2025-02-20,50,71.7,41.9,4297,461
PT_073,2025-02-21,51,73.9,48.4,5457,406
PT_073,2025-02-22,52,71.4,50.1,4721,437
PT_073,2025-02-23,53,66.0,48.2,5584,506
PT_073,2025-02-24,54,69.6,49.9,5033,474
PT_073,2025-02-25,55,71.4,46.6,5197,464
PT_073,2025-02-26,56,71.2,52.1,5941,499
PT_073,2025-02-27,57,75.7,45.5,4822,475
PT_073,2025-02-28,58,74.6,48.2,5236,447
PT_073,2025-03-01,59,73.9,46.4,4592,434
PT_073,2025-03-02,60,72.1,48.0,3818,438
PT_073,2025-03-03,61,70.1,47.8,4993,460
PT_073,2025-03-04,62,75.5,40.2,4574,452
PT_073,2025-03-05,63,72.2,42.3,4316,460
PT_073,2025-03-06,64,78.5,44.3,3297,416
PT_073,2025-03-07,65,79.4,32.7,3173,508
PT_073,2025-03-08,66,83.2,34.8,3351,451
PT_073,2025-03-09,67,82.1,30.0,2312,435
PT_073,2025-03-10,68,82.8,33.6,2635,446
PT_073,2025-03-11,69,83.6,38.7,2417,414
PT_073,2025-03-12,70,79.5,32.8,2778,503
PT_073,2025-03-13,71,82.5,33.0,2839,507
PT_073,2025-03-14,72,79.6,37.2,2301,373
PT_073,2025-03-15,73,83.7,39.5,2964,440
PT_073,2025-03-16,74,80.5,31.5,3108,410
PT_073,2025-03-17,75,83.8,39.2,3555,409
PT_073,2025-03-18,76,77.9,31.2,3551,378
PT_073,2025-03-19,77,77.4,33.8,3621,383
PT_073,2025-03-20,78,76.9,32.0,3566,418
PT_073,2025-03-21,79,78.7,44.2,4139,456
PT_073,2025-03-22,80,75.7,40.4,3685,449
PT_073,2025-03-23,81,78.9,41.0,3158,407
PT_073,2025-03-24,82,66.8,46.7,5251,419
PT_073,2025-03-25,83,66.9,46.0,5662,453
PT_073,2025-03-26,84,74.2,37.2,3500,484
PT_073,2025-03-27,85,75.9,48.2,3944,455
PT_073,2025-03-28,86,77.0,37.5,3801,369
PT_073,2025-03-29,87,77.1,36.1,3165,432
PT_073,2025-03-30,88,77.0,38.1,2988,444
PT_073,2025-03-31,89,77.9,39.6,3316,430
PT_074,2025-01-01,0,70.5,48.3,5704,395
PT_074,2025-01-02,1,72.7,39.6,5255,470
PT_074,2025-01-03,2,79.5,39.1,3841,464
PT_074,2025-01-04,3,73.3,42.9,3881,454
PT_074,2025-01-05,4,83.9,36.7,3935,414
PT_074,2025-01-06,5,79.9,41.0,3935,503
PT_074,2025-01-07,6,75.0,34.7,4198,438
PT_074,2025-01-08,7,80.4,37.4,3653,507
PT_074,2025-01-09,8,83.7,37.2,3495,418
PT_074,2025-01-10,9,79.8,33.2,4043,453
PT_074,2025-01-11,10,80.3,28.2,3041,456
PT_074,2025-01-12,11,80.0,41.3,3599,482
PT_074,2025-01-13,12,81.7,30.6,3302,419
PT_074,2025-01-14,13,80.6,32.6,4337,471
PT_074,2025-01-15,14,83.6,29.3,2866,432
PT_074,2025-01-16,15,88.2,27.7,2237,469
PT_074,2025-01-17,16,85.7,31.3,2357,504
PT_074,2025-01-18,17,84.8,32.8,2446,436
PT_074,2025-01-19,18,87.0,28.5,3345,441
PT_074,2025-01-20,19,87.8,30.5,3056,438
PT_074,2025-01-21,20,85.9,29.1,3607,459
PT_074,2025-01-22,21,73.8,46.6,4896,481
PT_074,2025-01-23,22,69.8,47.9,5720,472
PT_074,2025-01-24,23,73.4,43.2,6235,464
PT_074,2025-01-25,24,78.5,44.2,5990,419
PT_074,2025-01-26,25,70.6,44.1,5160,492
PT_074,2025-01-27,26,74.1,42.4,4953,487
PT_074,2025-01-28,27,69.8,49.0,4744,477
PT_074,2025-01-29,28,70.2,45.4,4368,491
PT_074,2025-01-30,29,72.0,43.5,5265,424
PT_074,2025-01-31,30,76.4,42.0,5701,444
PT_074,2025-02-01,31,77.4,42.9,5073,393
PT_074,2025-02-02,32,71.5,43.6,3962,485
PT_074,2025-02-03,33,77.5,40.8,3961,468
PT_074,2025-02-04,34,78.7,35.3,4286,497
PT_074,2025-02-05,35,79.8,34.9,4225,458
PT_074,2025-02-06,36,80.2,42.6,4614,505
PT_074,2025-02-07,37,76.3,37.8,3944,470
PT_074,2025-02-08,38,73.9,37.3,3666,451
PT_074,2025-02-09,39,73.3,34.6,4191,519
PT_074,2025-02-10,40,71.9,42.2,4110,430
PT_074,2025-02-11,41,78.7,39.4,4764,416
PT_074,2025-02-12,42,77.7,38.4,4749,458
PT_074,2025-02-13,43,76.1,43.1,4411,458
PT_074,2025-02-14,44,79.7,35.4,4041,439
PT_074,2025-02-15,45,79.3,40.8,4427,494
PT_074,2025-02-16,46,75.3,39.8,5375,418
PT_074,2025-02-17,47,79.0,43.9,4742,466
PT_074,2025-02-18,48,77.2,40.7,3803,487
PT_074,2025-02-19,49,74.8,41.9,4416,437
PT_074,2025-02-20,50,75.2,40.3,5242,437
PT_074,2025-02-21,51,78.2,43.0,4530,444
PT_074,2025-02-22,52,77.0,46.8,4030,363
PT_074,2025-02-23,53,74.4,43.4,5305,414
PT_074,2025-02-24,54,69.9,40.7,4285,408
PT_074,2025-02-25,55,77.5,46.5,4068,476
PT_074,2025-02-26,56,71.4,43.3,5095,436
PT_074,2025-02-27,57,79.4,43.8,4736,486
PT_074,2025-02-28,58,69.8,45.7,6403,501
PT_074,2025-03-01,59,74.8,44.9,5413,414
PT_074,2025-03-02,60,78.4,40.3,4268,447
PT_074,2025-03-03,61,75.0,43.1,3804,431
PT_074,2025-03-04,62,81.1,43.1,4116,421
PT_074,2025-03-05,63,81.4,34.7,3882,446
PT_074,2025-03-06,64,78.3,42.9,3897,474
PT_074,2025-03-07,65,82.2,38.4,4061,494
PT_074,2025-03-08,66,77.7,38.5,4579,461
PT_074,2025-03-09,67,79.8,34.6,4339,414
PT_074,2025-03-10,68,74.9,38.0,4138,437
PT_074,2025-03-11,69,79.1,36.1,3574,471
PT_074,2025-03-12,70,77.1,39.4,3890,454
PT_074,2025-03-13,71,80.7,41.9,4523,489
PT_074,2025-03-14,72,79.1,34.1,3142,442
PT_074,2025-03-15,73,86.0,40.3,3643,450
PT_074,2025-03-16,74,84.7,34.2,3924,433
PT_074,2025-03-17,75,80.4,38.6,4322,430
PT_074,2025-03-18,76,80.7,35.6,3811,514
PT_074,2025-03-19,77,83.0,33.1,3991,494
PT_074,2025-03-20,78,77.4,30.4,3721,514
PT_074,2025-03-21,79,71.3,45.3,5173,452
PT_074,2025-03-22,80,78.4,43.8,3908,412
PT_074,2025-03-23,81,76.7,45.4,4852,421
PT_074,2025-03-24,82,76.1,39.2,4525,491
PT_074,2025-03-25,83,79.4,37.8,4412,477
PT_074,2025-03-26,84,76.4,33.4,3574,468
PT_074,2025-03-27,85,80.6,40.7,3504,460
PT_074,2025-03-28,86,81.0,36.2,3731,448
PT_074,2025-03-29,87,78.4,36.3,2996,482
PT_074,2025-03-30,88,83.6,38.1,3899,469
PT_074,2025-03-31,89,84.1,37.7,4473,496
PT_075,2025-01-01,0,62.4,49.6,7237,442
PT_075,2025-01-02,1,70.8,39.0,6941,421
PT_075,2025-01-03,2,68.2,42.3,6316,425
PT_075,2025-01-04,3,73.5,34.4,5818,473
PT_075,2025-01-05,4,78.3,41.0,5539,433
PT_075,2025-01-06,5,76.8,32.5,5230,450
PT_075,2025-01-07,6,77.9,38.1,5282,423
PT_075,2025-01-08,7,73.4,35.9,5265,474
PT_075,2025-01-09,8,79.8,41.0,6123,447
PT_075,2025-01-10,9,79.9,37.8,5916,407
PT_075,2025-01-11,10,75.9,30.5,4786,506
PT_075,2025-01-12,11,75.6,36.1,5698,450
PT_075,2025-01-13,12,76.4,38.8,5643,419
PT_075,2025-01-14,13,72.0,33.8,5747,500
PT_075,2025-01-15,14,78.1,39.7,5527,430
PT_075,2025-01-16,15,71.1,41.5,5368,429
PT_075,2025-01-17,16,73.4,37.2,5244,472
PT_075,2025-01-18,17,72.8,36.9,5295,398
PT_075,2025-01-19,18,70.1,42.0,5288,420
PT_075,2025-01-20,19,74.1,39.8,7241,378
PT_075,2025-01-21,20,71.0,42.8,7032,422
PT_075,2025-01-22,21,65.1,44.3,7095,433
PT_075,2025-01-23,22,69.7,49.4,6773,404
PT_075,2025-01-24,23,66.6,45.1,6140,473
PT_075,2025-01-25,24,64.4,48.7,7342,433
PT_075,2025-01-26,25,66.9,49.3,7586,439
PT_075,2025-01-27,26,65.3,50.1,6789,380
PT_075,2025-01-28,27,67.0,42.7,7762,390
PT_075,2025-01-29,28,71.3,46.4,6930,385
PT_075,2025-01-30,29,67.9,40.3,6310,498
PT_075,2025-01-31,30,70.2,36.9,5875,457
PT_075,2025-02-01,31,72.5,43.8,6527,507
PT_075,2025-02-02,32,78.1,42.3,6435,426
PT_075,2025-02-03,33,72.9,30.8,6799,470
PT_075,2025-02-04,34,74.9,38.6,5209,450
PT_075,2025-02-05,35,72.7,35.2,5950,466
PT_075,2025-02-06,36,74.0,32.1,5715,507
PT_075,2025-02-07,37,72.9,40.1,5714,442
PT_075,2025-02-08,38,72.6,36.7,5626,406
PT_075,2025-02-09,39,72.9,36.6,5976,428
PT_075,2025-02-10,40,73.1,37.8,5817,434
PT_075,2025-02-11,41,77.3,34.4,4244,362
PT_075,2025-02-12,42,76.6,32.8,5432,509
PT_075,2025-02-13,43,77.1,34.0,5301,457
PT_075,2025-02-14,44,76.9,36.8,4927,430
PT_075,2025-02-15,45,75.2,37.4,5378,416
PT_075,2025-02-16,46,76.6,35.5,5684,442
PT_075,2025-02-17,47,69.4,36.7,4706,496
PT_075,2025-02-18,48,67.9,43.8,7676,407
PT_075,2025-02-19,49,72.4,37.9,6572,475
PT_075,2025-02-20,50,70.5,38.8,5533,441
PT_075,2025-02-21,51,79.8,36.2,5958,445
PT_075,2025-02-22,52,76.6,29.5,5599,401
PT_075,2025-02-23,53,75.8,36.5,5657,521
PT_075,2025-02-24,54,79.9,37.0,5491,502
PT_075,2025-02-25,55,73.8,33.8,4344,449
PT_075,2025-02-26,56,76.5,31.4,5058,445
PT_075,2025-02-27,57,79.0,30.9,4669,454
PT_075,2025-02-28,58,72.9,33.9,4939,431
PT_075,2025-03-01,59,74.6,28.9,6117,402
PT_075,2025-03-02,60,76.4,36.5,5979,488
PT_075,2025-03-03,61,75.3,36.8,5380,466
PT_075,2025-03-04,62,79.3,35.3,4655,448
PT_075,2025-03-05,63,78.5,27.3,3946,443
PT_075,2025-03-06,64,76.8,31.1,4163,489
PT_075,2025-03-07,65,80.3,27.0,4959,455
PT_075,2025-03-08,66,75.4,31.8,5854,449
PT_075,2025-03-09,67,74.3,33.2,4734,393
PT_075,2025-03-10,68,76.4,37.8,4334,417
PT_075,2025-03-11,69,68.7,45.5,7279,477
PT_075,2025-03-12,70,72.9,46.1,5489,391
PT_075,2025-03-13,71,71.8,39.1,6347,464
PT_075,2025-03-14,72,74.5,39.8,5920,447
PT_075,2025-03-15,73,78.1,32.9,5421,396
PT_075,2025-03-16,74,78.3,27.2,5775,457
PT_075,2025-03-17,75,81.2,28.5,5077,418
PT_075,2025-03-18,76,74.5,26.5,4524,436
PT_075,2025-03-19,77,79.1,30.3,5197,379
PT_075,2025-03-20,78,82.3,34.5,5605,486
PT_075,2025-03-21,79,71.7,34.2,5639,447
PT_075,2025-03-22,80,78.6,32.6,5439,464
PT_075,2025-03-23,81,75.8,36.2,4840,415
PT_075,2025-03-24,82,74.1,36.2,4734,425
PT_075,2025-03-25,83,77.9,34.6,5604,425
PT_075,2025-03-26,84,71.8,33.2,5205,457
PT_075,2025-03-27,85,74.0,35.0,6782,432
PT_075,2025-03-28,86,70.4,42.1,6042,472
PT_075,2025-03-29,87,72.0,40.7,5897,396
PT_075,2025-03-30,88,73.0,35.8,5510,444
PT_075,2025-03-31,89,74.4,38.9,5693,461
PT_076,2025-01-01,0,70.9,43.3,7563,395
PT_076,2025-01-02,1,72.7,44.9,6406,437
PT_076,2025-01-03,2,76.7,39.3,6860,452
PT_076,2025-01-04,3,81.8,36.7,4770,466
PT_076,2025-01-05,4,77.8,29.0,5402,513
PT_076,2025-01-06,5,76.0,31.4,5940,471
PT_076,2025-01-07,6,78.0,24.9,5334,538
PT_076,2025-01-08,7,79.2,31.3,4924,404
PT_076,2025-01-09,8,81.7,33.1,4908,456
PT_076,2025-01-10,9,84.5,30.2,5356,498
PT_076,2025-01-11,10,84.4,35.9,5909,481
PT_076,2025-01-12,11,83.8,33.7,5630,494
PT_076,2025-01-13,12,80.2,33.8,4849,479
PT_076,2025-01-14,13,80.3,35.7,5766,436
PT_076,2025-01-15,14,80.4,31.2,5903,475
PT_076,2025-01-16,15,76.0,29.9,6235,470
PT_076,2025-01-17,16,80.0,37.7,6332,480
PT_076,2025-01-18,17,79.3,36.6,5924,384
PT_076,2025-01-19,18,78.3,35.7,6069,445
PT_076,2025-01-20,19,78.8,39.0,6257,392
PT_076,2025-01-21,20,81.8,35.0,6087,446
PT_076,2025-01-22,21,62.8,45.6,7242,434
PT_076,2025-01-23,22,65.9,40.6,7881,432
PT_076,2025-01-24,23,68.1,42.1,6709,464
PT_076,2025-01-25,24,70.5,46.7,7823,419
PT_076,2025-01-26,25,72.2,40.3,7785,465
PT_076,2025-01-27,26,73.9,50.3,7684,473
PT_076,2025-01-28,27,68.9,44.5,7200,430
PT_076,2025-01-29,28,76.4,35.9,5984,518
PT_076,2025-01-30,29,75.0,41.1,6149,444
PT_076,2025-01-31,30,76.8,41.3,6722,557
PT_076,2025-02-01,31,74.6,46.8,6914,496
PT_076,2025-02-02,32,75.6,34.4,6744,431
PT_076,2025-02-03,33,78.4,38.0,7200,415
PT_076,2025-02-04,34,74.3,35.6,5811,468
PT_076,2025-02-05,35,72.8,38.5,6358,503
PT_076,2025-02-06,36,74.8,38.8,5652,496
PT_076,2025-02-07,37,82.2,29.6,4583,505
PT_076,2025-02-08,38,81.9,34.2,5147,517
PT_076,2025-02-09,39,82.4,31.4,4993,473
PT_076,2025-02-10,40,84.0,29.7,5356,394
PT_076,2025-02-11,41,84.9,27.0,4738,468
PT_076,2025-02-12,42,82.1,30.2,5071,421
PT_076,2025-02-13,43,83.4,26.8,4486,486
PT_076,2025-02-14,44,83.1,23.8,4944,436
PT_076,2025-02-15,45,79.6,32.4,5486,428
PT_076,2025-02-16,46,82.1,34.2,5381,361
PT_076,2025-02-17,47,80.3,33.4,4972,482
PT_076,2025-02-18,48,82.8,33.3,5222,447
PT_076,2025-02-19,49,81.7,33.9,5649,434
PT_076,2025-02-20,50,77.8,33.5,6044,452
PT_076,2025-02-21,51,79.8,35.4,5631,527
PT_076,2025-02-22,52,78.8,34.3,6010,478
PT_076,2025-02-23,53,73.8,37.6,6374,465
PT_076,2025-02-24,54,78.7,38.4,6797,486
PT_076,2025-02-25,55,76.3,37.9,6432,467
PT_076,2025-02-26,56,66.8,44.7,7161,442
PT_076,2025-02-27,57,66.7,46.4,6837,474
PT_076,2025-02-28,58,67.7,45.0,7601,489
PT_076,2025-03-01,59,67.3,48.0,8043,460
PT_076,2025-03-02,60,65.3,46.5,7335,402
PT_076,2025-03-03,61,68.7,41.2,7471,398
PT_076,2025-03-04,62,69.9,42.1,7561,406
PT_076,2025-03-05,63,68.0,42.8,7235,435
PT_076,2025-03-06,64,65.9,43.8,7589,426
PT_076,2025-03-07,65,68.3,49.1,7875,464
PT_076,2025-03-08,66,74.2,42.4,6988,397
PT_076,2025-03-09,67,72.9,44.3,7320,467
PT_076,2025-03-10,68,72.6,46.7,6797,451
PT_076,2025-03-11,69,70.1,41.1,6114,472
PT_076,2025-03-12,70,72.4,39.2,6108,430
PT_076,2025-03-13,71,75.5,37.3,7099,493
PT_076,2025-03-14,72,69.3,38.3,5988,475
PT_076,2025-03-15,73,76.7,39.6,6233,419
PT_076,2025-03-16,74,72.4,37.6,6859,387
PT_076,2025-03-17,75,74.1,39.2,6198,403
PT_076,2025-03-18,76,72.3,40.4,6678,521
PT_076,2025-03-19,77,70.8,43.4,6196,428
PT_076,2025-03-20,78,75.1,33.2,5769,473
PT_076,2025-03-21,79,83.8,20.9,4750,443
PT_076,2025-03-22,80,91.8,22.6,4186,479
PT_076,2025-03-23,81,83.7,24.6,4714,454
PT_076,2025-03-24,82,87.1,24.4,4494,454
PT_076,2025-03-25,83,85.4,31.4,5003,432
PT_076,2025-03-26,84,81.6,24.3,5099,446
PT_076,2025-03-27,85,88.8,26.8,4629,486
PT_076,2025-03-28,86,67.2,44.8,7394,408
PT_076,2025-03-29,87,75.1,35.5,7310,492
PT_076,2025-03-30,88,82.9,37.8,5758,411
PT_076,2025-03-31,89,81.8,30.3,5117,445
PT_077,2025-01-01,0,61.8,36.8,5816,483
PT_077,2025-01-02,1,67.6,36.1,4266,498
PT_077,2025-01-03,2,68.3,26.3,4653,527
PT_077,2025-01-04,3,69.8,25.6,4447,528
PT_077,2025-01-05,4,69.4,28.3,4027,499
PT_077,2025-01-06,5,68.6,24.8,3840,557
PT_077,2025-01-07,6,75.8,30.1,3459,542
PT_077,2025-01-08,7,71.6,26.2,3370,492
PT_077,2025-01-09,8,72.6,33.0,3953,481
PT_077,2025-01-10,9,70.7,21.0,3982,521
PT_077,2025-01-11,10,73.2,25.1,4131,488
PT_077,2025-01-12,11,70.5,30.9,3808,486
PT_077,2025-01-13,12,68.9,26.4,4179,489
PT_077,2025-01-14,13,72.7,35.0,3652,491
PT_077,2025-01-15,14,73.4,23.6,3372,430
PT_077,2025-01-16,15,72.7,26.4,4317,546
PT_077,2025-01-17,16,74.9,28.1,3706,500
PT_077,2025-01-18,17,76.8,25.0,3784,482
PT_077,2025-01-19,18,71.2,27.7,5217,506
PT_077,2025-01-20,19,68.5,26.0,4418,480
PT_077,2025-01-21,20,71.2,27.2,3374,512
PT_077,2025-01-22,21,62.3,39.5,4398,513
PT_077,2025-01-23,22,62.3,35.2,5920,510
PT_077,2025-01-24,23,67.2,31.8,5703,526
PT_077,2025-01-25,24,61.2,37.3,5213,480
PT_077,2025-01-26,25,63.0,31.2,4901,536
PT_077,2025-01-27,26,64.9,32.1,5886,513
PT_077,2025-01-28,27,56.0,33.5,4997,537
PT_077,2025-01-29,28,66.7,27.4,4769,471
PT_077,2025-01-30,29,68.6,32.7,3954,491
PT_077,2025-01-31,30,65.0,28.5,3556,478
PT_077,2025-02-01,31,69.9,20.7,3886,533
PT_077,2025-02-02,32,71.6,34.4,4005,502
PT_077,2025-02-03,33,67.8,29.1,2893,486
PT_077,2025-02-04,34,69.1,24.4,4030,486
PT_077,2025-02-05,35,59.7,41.8,5668,533
PT_077,2025-02-06,36,64.3,31.7,4200,476
PT_077,2025-02-07,37,71.8,28.2,4651,483
PT_077,2025-02-08,38,70.3,29.4,2448,474
PT_077,2025-02-09,39,71.5,26.5,3532,483
PT_077,2025-02-10,40,73.5,27.8,3588,461
PT_077,2025-02-11,41,69.6,25.3,3072,566
PT_077,2025-02-12,42,72.8,19.9,2700,514
PT_077,2025-02-13,43,73.0,17.6,3159,547
PT_077,2025-02-14,44,73.2,23.9,2752,560
PT_077,2025-02-15,45,75.1,25.0,3094,537
PT_077,2025-02-16,46,70.2,24.4,2746,528
PT_077,2025-02-17,47,73.4,26.5,2937,546
PT_077,2025-02-18,48,66.8,22.8,2651,508
PT_077,2025-02-19,49,73.6,23.4,2755,476
PT_077,2025-02-20,50,72.4,26.6,4172,469
PT_077,2025-02-21,51,71.3,24.9,3295,552
PT_077,2025-02-22,52,71.8,28.7,4585,422
PT_077,2025-02-23,53,68.9,26.3,3015,404
PT_077,2025-02-24,54,67.2,26.5,4277,525
PT_077,2025-02-25,55,69.2,25.9,3220,502
PT_077,2025-02-26,56,61.3,34.5,5581,508
PT_077,2025-02-27,57,65.4,36.7,5066,494
PT_077,2025-02-28,58,63.3,36.8,5307,469
PT_077,2025-03-01,59,66.6,31.7,5355,473
PT_077,2025-03-02,60,61.8,41.2,4910,505
PT_077,2025-03-03,61,62.4,38.2,4461,543
PT_077,2025-03-04,62,66.7,36.1,4380,452
PT_077,2025-03-05,63,69.1,30.3,4128,519
PT_077,2025-03-06,64,72.2,27.0,3623,503
PT_077,2025-03-07,65,73.5,27.3,3394,475
PT_077,2025-03-08,66,71.1,24.1,3554,464
PT_077,2025-03-09,67,73.0,24.9,2482,581
PT_077,2025-03-10,68,73.5,24.3,3728,488
PT_077,2025-03-11,69,72.0,24.5,3362,560
PT_077,2025-03-12,70,70.5,27.1,3326,504
PT_077,2025-03-13,71,71.9,30.7,4383,554
PT_077,2025-03-14,72,73.1,21.4,3080,512
PT_077,2025-03-15,73,69.8,23.9,3839,585
PT_077,2025-03-16,74,73.6,30.4,4168,527
PT_077,2025-03-17,75,67.3,26.0,3768,550
PT_077,2025-03-18,76,68.3,27.3,3103,550
PT_077,2025-03-19,77,64.8,29.3,3256,458
PT_077,2025-03-20,78,71.8,28.4,3467,557
PT_077,2025-03-21,79,67.0,28.6,4346,503
PT_077,2025-03-22,80,67.3,29.4,3993,482
PT_077,2025-03-23,81,56.4,39.2,5231,503
PT_077,2025-03-24,82,64.4,35.4,4249,501
PT_077,2025-03-25,83,63.5,31.8,4540,546
PT_077,2025-03-26,84,67.2,31.9,4317,532
PT_077,2025-03-27,85,68.8,28.4,3986,482
PT_077,2025-03-28,86,67.2,20.1,3779,498
PT_077,2025-03-29,87,71.3,33.6,4209,472
PT_077,2025-03-30,88,76.3,28.6,3680,555
PT_077,2025-03-31,89,71.6,25.6,3490,531
PT_078,2025-01-01,0,62.9,56.8,6457,395
PT_078,2025-01-02,1,62.3,43.9,6693,417
PT_078,2025-01-03,2,69.1,38.5,6376,473
PT_078,2025-01-04,3,72.1,45.5,5403,465
PT_078,2025-01-05,4,70.7,39.5,5644,410
PT_078,2025-01-06,5,80.9,35.5,5102,390
PT_078,2025-01-07,6,75.5,36.4,4996,428
PT_078,2025-01-08,7,75.6,37.2,5085,398
PT_078,2025-01-09,8,77.2,34.4,4697,399
PT_078,2025-01-10,9,77.0,35.8,5655,393
PT_078,2025-01-11,10,78.4,36.6,4888,426
PT_078,2025-01-12,11,72.5,33.9,5517,460
PT_078,2025-01-13,12,76.7,35.4,4417,399
PT_078,2025-01-14,13,80.0,34.9,4684,420
PT_078,2025-01-15,14,84.4,36.8,4227,400
PT_078,2025-01-16,15,74.3,31.4,4052,460
PT_078,2025-01-17,16,75.9,35.7,4063,467
PT_078,2025-01-18,17,80.7,30.1,4694,410
PT_078,2025-01-19,18,76.5,34.6,3745,454
PT_078,2025-01-20,19,76.0,39.4,5738,422
PT_078,2025-01-21,20,72.9,36.3,5035,387
PT_078,2025-01-22,21,65.1,54.5,6851,425
PT_078,2025-01-23,22,64.7,50.0,7826,475
PT_078,2025-01-24,23,63.3,51.7,6876,402
PT_078,2025-01-25,24,66.2,46.4,6851,408
PT_078,2025-01-26,25,59.0,55.1,7316,492
PT_078,2025-01-27,26,60.3,50.7,8031,427
PT_078,2025-01-28,27,62.0,53.6,7424,422
PT_078,2025-01-29,28,59.8,47.4,7922,452
PT_078,2025-01-30,29,57.8,50.4,7532,429
PT_078,2025-01-31,30,67.3,54.5,7561,372
PT_078,2025-02-01,31,65.9,51.7,7639,439
PT_078,2025-02-02,32,61.1,51.7,7870,433
PT_078,2025-02-03,33,58.8,54.9,7804,437
PT_078,2025-02-04,34,67.1,52.3,7885,414
PT_078,2025-02-05,35,64.9,49.2,6970,378
PT_078,2025-02-06,36,66.0,50.4,6697,356
PT_078,2025-02-07,37,61.6,48.2,6963,390
PT_078,2025-02-08,38,68.0,46.7,6201,447
PT_078,2025-02-09,39,69.5,45.0,5928,453
PT_078,2025-02-10,40,67.6,49.9,5898,406
PT_078,2025-02-11,41,67.8,45.2,5843,430
PT_078,2025-02-12,42,67.0,47.7,6774,431
PT_078,2025-02-13,43,66.6,40.7,6223,405
PT_078,2025-02-14,44,68.4,54.7,7438,447
PT_078,2025-02-15,45,65.9,46.0,6328,463
PT_078,2025-02-16,46,66.1,45.7,7472,418
PT_078,2025-02-17,47,66.8,52.1,7135,403
PT_078,2025-02-18,48,65.7,47.6,6371,382
PT_078,2025-02-19,49,62.5,47.5,6842,390
PT_078,2025-02-20,50,64.3,46.4,6900,466
PT_078,2025-02-21,51,65.7,52.4,6702,389
PT_078,2025-02-22,52,64.0,50.1,7032,379
PT_078,2025-02-23,53,61.3,52.7,6322,407
PT_078,2025-02-24,54,63.0,54.2,6170,393
PT_078,2025-02-25,55,67.6,47.1,5771,457
PT_078,2025-02-26,56,71.1,47.8,6491,427
PT_078,2025-02-27,57,69.1,44.0,6236,470
PT_078,2025-02-28,58,66.0,49.1,6711,402
PT_078,2025-03-01,59,70.0,44.2,6701,420
PT_078,2025-03-02,60,62.5,49.9,6389,438
PT_078,2025-03-03,61,67.9,44.8,5705,448
PT_078,2025-03-04,62,56.4,48.9,7638,464
PT_078,2025-03-05,63,64.1,51.1,6893,416
PT_078,2025-03-06,64,66.8,47.9,6115,417
PT_078,2025-03-07,65,72.2,48.8,6332,500
PT_078,2025-03-08,66,71.8,39.8,5803,376
PT_078,2025-03-09,67,69.2,41.6,6234,353
PT_078,2025-03-10,68,70.4,43.5,4732,420
PT_078,2025-03-11,69,74.9,45.0,5607,424
PT_078,2025-03-12,70,77.1,38.7,4747,415
PT_078,2025-03-13,71,77.2,36.0,5369,489
PT_078,2025-03-14,72,67.9,35.7,5819,449
PT_078,2025-03-15,73,72.0,44.6,4958,464
PT_078,2025-03-16,74,71.0,37.7,7133,439
PT_078,2025-03-17,75,74.7,41.8,5516,394
PT_078,2025-03-18,76,73.6,47.7,6149,414
PT_078,2025-03-19,77,70.6,40.7,6156,343
PT_078,2025-03-20,78,70.7,44.4,4889,425
PT_078,2025-03-21,79,75.7,46.0,6347,365
PT_078,2025-03-22,80,75.6,44.6,6865,443
PT_078,2025-03-23,81,69.1,41.6,6116,388
PT_078,2025-03-24,82,61.8,45.7,6624,416
PT_078,2025-03-25,83,59.5,52.6,7694,403
PT_078,2025-03-26,84,63.8,44.1,7541,404
PT_078,2025-03-27,85,62.8,52.3,7180,435
PT_078,2025-03-28,86,61.7,51.8,6599,445
PT_078,2025-03-29,87,66.5,49.9,6331,432
PT_078,2025-03-30,88,66.1,51.4,7019,459
PT_078,2025-03-31,89,71.1,45.5,6693,380
PT_079,2025-01-01,0,62.6,48.2,6648,487
PT_079,2025-01-02,1,71.6,47.6,6524,530
PT_079,2025-01-03,2,70.2,40.5,5583,502
PT_079,2025-01-04,3,79.0,46.9,5804,532
PT_079,2025-01-05,4,74.5,44.0,5252,548
PT_079,2025-01-06,5,77.3,40.6,5224,537
PT_079,2025-01-07,6,71.9,39.8,5123,545
PT_079,2025-01-08,7,72.4,40.6,4807,534
PT_079,2025-01-09,8,80.6,37.3,5491,554
PT_079,2025-01-10,9,74.3,42.9,4443,569
PT_079,2025-01-11,10,76.0,34.1,5641,511
PT_079,2025-01-12,11,71.9,43.2,6030,550
PT_079,2025-01-13,12,74.3,40.4,5343,541
PT_079,2025-01-14,13,73.2,34.1,5725,520
PT_079,2025-01-15,14,83.7,37.4,5230,475
PT_079,2025-01-16,15,77.3,37.5,5734,548
PT_079,2025-01-17,16,72.0,38.1,5570,564
PT_079,2025-01-18,17,72.5,42.8,5595,520
PT_079,2025-01-19,18,72.5,39.1,5054,560
PT_079,2025-01-20,19,76.1,39.0,5711,457
PT_079,2025-01-21,20,73.7,43.6,5504,518
PT_079,2025-01-22,21,67.5,44.7,6030,515
PT_079,2025-01-23,22,68.6,46.9,6524,482
PT_079,2025-01-24,23,71.4,47.7,7157,588
PT_079,2025-01-25,24,66.1,44.9,7195,532
PT_079,2025-01-26,25,68.9,46.6,7206,550
PT_079,2025-01-27,26,65.4,55.9,6783,551
PT_079,2025-01-28,27,66.9,42.2,7617,508
PT_079,2025-01-29,28,68.7,45.7,6118,527
PT_079,2025-01-30,29,70.1,51.3,6347,547
PT_079,2025-01-31,30,68.4,49.2,6397,504
PT_079,2025-02-01,31,72.4,50.1,6278,493
PT_079,2025-02-02,32,73.7,41.6,6659,515
PT_079,2025-02-03,33,68.3,41.8,6582,529
PT_079,2025-02-04,34,72.6,45.3,5248,507
PT_079,2025-02-05,35,68.4,43.6,6210,588
PT_079,2025-02-06,36,71.3,35.5,5907,494
PT_079,2025-02-07,37,74.8,42.0,7299,534
PT_079,2025-02-08,38,76.0,40.5,6064,570
PT_079,2025-02-09,39,74.7,42.0,5692,487
PT_079,2025-02-10,40,73.1,42.0,5804,561
PT_079,2025-02-11,41,78.1,42.6,5298,627
PT_079,2025-02-12,42,73.4,41.3,5810,493
PT_079,2025-02-13,43,71.2,39.3,6318,560
PT_079,2025-02-14,44,76.0,43.8,5741,500
PT_079,2025-02-15,45,73.4,40.8,6485,529
PT_079,2025-02-16,46,70.7,41.0,6558,548
PT_079,2025-02-17,47,70.0,41.6,6348,538
PT_079,2025-02-18,48,72.4,43.0,5341,546
PT_079,2025-02-19,49,76.3,44.8,7203,595
PT_079,2025-02-20,50,74.8,48.5,6205,491
PT_079,2025-02-21,51,66.8,43.7,6499,475
PT_079,2025-02-22,52,72.8,43.3,5938,537
PT_079,2025-02-23,53,71.8,42.5,6453,543
PT_079,2025-02-24,54,73.5,44.8,6181,486
PT_079,2025-02-25,55,71.8,40.9,6169,499
PT_079,2025-02-26,56,71.6,46.6,5304,577
PT_079,2025-02-27,57,71.5,42.8,5431,499
PT_079,2025-02-28,58,76.3,39.5,5404,475
PT_079,2025-03-01,59,73.3,44.7,5588,540
PT_079,2025-03-02,60,75.0,37.7,6955,480
PT_079,2025-03-03,61,76.9,37.8,5908,505
PT_079,2025-03-04,62,72.0,34.2,5784,490
PT_079,2025-03-05,63,77.7,37.3,6255,576
PT_079,2025-03-06,64,75.1,43.5,5570,514
PT_079,2025-03-07,65,74.4,39.5,5940,573
PT_079,2025-03-08,66,75.5,40.7,4991,480
PT_079,2025-03-09,67,70.5,44.3,5102,472
PT_079,2025-03-10,68,75.5,43.3,5760,560
PT_079,2025-03-11,69,74.8,39.0,5115,533
PT_079,2025-03-12,70,73.7,44.0,5700,544
PT_079,2025-03-13,71,70.6,42.0,5904,578
PT_079,2025-03-14,72,71.3,40.9,5096,504
PT_079,2025-03-15,73,63.5,51.6,6279,476
PT_079,2025-03-16,74,73.1,43.1,5762,511
PT_079,2025-03-17,75,75.3,39.5,5570,518
PT_079,2025-03-18,76,72.2,45.3,5253,603
PT_079,2025-03-19,77,68.0,37.7,5484,607
PT_079,2025-03-20,78,79.4,40.8,5301,497
PT_079,2025-03-21,79,73.1,42.6,5246,526
PT_079,2025-03-22,80,74.0,42.1,6011,465
PT_079,2025-03-23,81,74.9,42.9,5171,527
PT_079,2025-03-24,82,74.0,36.8,5754,510
PT_079,2025-03-25,83,77.5,35.8,5801,554
PT_079,2025-03-26,84,75.3,39.6,5696,530
PT_079,2025-03-27,85,77.5,39.2,5720,547
PT_079,2025-03-28,86,76.9,39.5,5523,453
PT_079,2025-03-29,87,73.6,39.2,5659,526
PT_079,2025-03-30,88,72.7,37.0,5988,530
PT_079,2025-03-31,89,72.8,35.6,5590,484
PT_080,2025-01-01,0,68.8,41.5,6833,480
PT_080,2025-01-02,1,79.2,34.1,5700,491
PT_080,2025-01-03,2,78.5,43.2,5911,442
PT_080,2025-01-04,3,79.9,39.0,5085,343
PT_080,2025-01-05,4,75.8,36.3,4365,469
PT_080,2025-01-06,5,85.3,38.4,4367,416
PT_080,2025-01-07,6,79.5,35.1,4616,494
PT_080,2025-01-08,7,78.4,32.2,4970,530
PT_080,2025-01-09,8,84.9,37.1,4314,493
PT_080,2025-01-10,9,81.9,33.3,4280,477
PT_080,2025-01-11,10,83.8,30.4,5275,488
PT_080,2025-01-12,11,86.0,32.0,4247,463
PT_080,2025-01-13,12,82.6,36.5,5207,495
PT_080,2025-01-14,13,81.7,37.1,4528,443
PT_080,2025-01-15,14,84.4,33.2,4227,512
PT_080,2025-01-16,15,84.7,34.2,4156,467
PT_080,2025-01-17,16,85.9,35.3,3259,456
PT_080,2025-01-18,17,83.2,37.4,5303,510
PT_080,2025-01-19,18,87.5,35.4,4282,417
PT_080,2025-01-20,19,78.0,37.2,3978,448
PT_080,2025-01-21,20,82.4,34.2,4642,485
PT_080,2025-01-22,21,76.0,47.5,6560,522
PT_080,2025-01-23,22,70.8,49.2,7050,411
PT_080,2025-01-24,23,76.2,43.5,6722,404
PT_080,2025-01-25,24,71.7,48.4,6759,522
PT_080,2025-01-26,25,72.6,46.3,6351,470
PT_080,2025-01-27,26,74.0,43.6,6197,491
PT_080,2025-01-28,27,75.9,49.2,7001,456
PT_080,2025-01-29,28,77.0,46.4,5319,431
PT_080,2025-01-30,29,79.4,45.4,6682,443
PT_080,2025-01-31,30,77.3,45.2,5644,490
PT_080,2025-02-01,31,78.9,37.3,5875,409
PT_080,2025-02-02,32,81.0,38.1,5267,431
PT_080,2025-02-03,33,72.9,41.2,5618,500
PT_080,2025-02-04,34,75.0,40.8,5806,461
PT_080,2025-02-05,35,80.1,40.8,5852,398
PT_080,2025-02-06,36,75.9,39.2,6054,406
PT_080,2025-02-07,37,78.2,42.4,5905,464
PT_080,2025-02-08,38,73.0,41.1,6207,461
PT_080,2025-02-09,39,76.7,39.2,5581,405
PT_080,2025-02-10,40,74.8,40.5,5171,398
PT_080,2025-02-11,41,74.2,44.8,6515,461
PT_080,2025-02-12,42,70.2,43.2,5934,442
PT_080,2025-02-13,43,75.8,40.2,5939,455
PT_080,2025-02-14,44,77.8,41.0,6716,479
PT_080,2025-02-15,45,75.0,42.9,5918,471
PT_080,2025-02-16,46,70.6,47.9,5839,492
PT_080,2025-02-17,47,76.1,51.1,5965,532
PT_080,2025-02-18,48,72.6,39.0,6270,455
PT_080,2025-02-19,49,73.7,48.5,6507,386
PT_080,2025-02-20,50,76.5,49.3,6401,450
PT_080,2025-02-21,51,71.9,45.8,6618,467
PT_080,2025-02-22,52,72.4,44.4,6138,449
PT_080,2025-02-23,53,74.1,48.4,6860,499
PT_080,2025-02-24,54,75.6,49.4,5728,504
PT_080,2025-02-25,55,77.0,41.4,6466,470
PT_080,2025-02-26,56,75.9,45.2,6879,513
PT_080,2025-02-27,57,76.9,41.0,6982,386
PT_080,2025-02-28,58,82.7,42.9,5938,488
PT_080,2025-03-01,59,77.6,45.1,5524,452
PT_080,2025-03-02,60,74.8,43.3,5742,480
PT_080,2025-03-03,61,74.3,39.5,5538,517
PT_080,2025-03-04,62,83.3,42.0,4947,430
PT_080,2025-03-05,63,81.5,36.3,5255,468
PT_080,2025-03-06,64,78.1,42.3,6012,455
PT_080,2025-03-07,65,78.5,40.0,5383,410
PT_080,2025-03-08,66,77.2,41.1,4869,495
PT_080,2025-03-09,67,79.0,45.3,6066,482
PT_080,2025-03-10,68,79.7,37.1,5831,401
PT_080,2025-03-11,69,79.1,42.3,5778,484
PT_080,2025-03-12,70,78.2,41.0,5188,453
PT_080,2025-03-13,71,75.1,43.6,6062,397
PT_080,2025-03-14,72,77.4,42.6,5803,433
PT_080,2025-03-15,73,73.9,42.4,5500,453
PT_080,2025-03-16,74,79.2,41.2,5343,427
PT_080,2025-03-17,75,75.3,39.7,6480,488
PT_080,2025-03-18,76,71.3,46.2,6803,482
PT_080,2025-03-19,77,73.5,36.8,6004,519
PT_080,2025-03-20,78,76.4,39.4,5636,443
PT_080,2025-03-21,79,76.8,36.3,6144,475
PT_080,2025-03-22,80,85.3,33.4,5329,453
PT_080,2025-03-23,81,83.1,37.4,4989,419
PT_080,2025-03-24,82,84.0,36.9,5335,514
PT_080,2025-03-25,83,88.3,37.4,4887,476
PT_080,2025-03-26,84,82.6,36.6,5200,405
PT_080,2025-03-27,85,86.9,37.4,4172,456
PT_080,2025-03-28,86,83.1,35.5,4277,487
PT_080,2025-03-29,87,85.1,35.2,4630,498
PT_080,2025-03-30,88,82.2,35.2,4945,467
PT_080,2025-03-31,89,84.0,32.8,4929,470
PT_081,2025-01-01,0,69.7,57.1,6978,382
PT_081,2025-01-02,1,74.3,52.2,6089,328
PT_081,2025-01-03,2,82.7,43.9,5652,389
PT_081,2025-01-04,3,87.2,43.4,4326,393
PT_081,2025-01-05,4,82.6,41.8,3786,418
PT_081,2025-01-06,5,89.5,39.6,3915,429
PT_081,2025-01-07,6,85.9,35.4,5043,402
PT_081,2025-01-08,7,90.0,38.7,4293,415
PT_081,2025-01-09,8,83.8,37.2,4234,394
PT_081,2025-01-10,9,85.8,36.8,4268,447
PT_081,2025-01-11,10,87.4,32.1,3565,397
PT_081,2025-01-12,11,84.2,36.3,4310,431
PT_081,2025-01-13,12,90.0,33.9,4095,344
PT_081,2025-01-14,13,85.7,34.4,3373,446
PT_081,2025-01-15,14,90.3,33.9,2825,356
PT_081,2025-01-16,15,88.3,31.9,3536,397
PT_081,2025-01-17,16,88.2,29.4,2118,396
PT_081,2025-01-18,17,85.2,30.0,2714,453
PT_081,2025-01-19,18,87.9,31.1,4116,378
PT_081,2025-01-20,19,86.8,38.5,4103,437
PT_081,2025-01-21,20,84.0,36.2,3516,437
PT_081,2025-01-22,21,79.4,45.7,5613,434
PT_081,2025-01-23,22,81.1,45.2,5960,436
PT_081,2025-01-24,23,74.4,43.4,5796,415
PT_081,2025-01-25,24,77.2,42.1,5059,501
PT_081,2025-01-26,25,76.3,45.1,5062,384
PT_081,2025-01-27,26,78.5,47.9,4915,407
PT_081,2025-01-28,27,74.3,45.0,5827,397
PT_081,2025-01-29,28,66.8,53.6,7132,410
PT_081,2025-01-30,29,73.3,52.3,5769,401
PT_081,2025-01-31,30,77.4,47.0,4099,505
PT_081,2025-02-01,31,83.4,33.9,4761,449
PT_081,2025-02-02,32,82.1,35.8,3384,420
PT_081,2025-02-03,33,87.1,35.6,3854,397
PT_081,2025-02-04,34,85.6,31.7,3796,342
PT_081,2025-02-05,35,91.1,38.7,3229,405
PT_081,2025-02-06,36,91.5,33.9,3295,439
PT_081,2025-02-07,37,88.5,35.2,3025,447
PT_081,2025-02-08,38,85.7,34.2,3638,483
PT_081,2025-02-09,39,89.6,29.7,3656,366
PT_081,2025-02-10,40,90.4,33.7,3811,400
PT_081,2025-02-11,41,90.7,31.1,4234,377
PT_081,2025-02-12,42,88.4,37.1,4356,379
PT_081,2025-02-13,43,80.5,38.3,4247,418
PT_081,2025-02-14,44,82.1,41.0,4303,369
PT_081,2025-02-15,45,81.1,42.0,4820,436
PT_081,2025-02-16,46,82.7,38.2,4387,460
PT_081,2025-02-17,47,75.4,40.3,4366,431
PT_081,2025-02-18,48,77.7,42.8,4962,422
PT_081,2025-02-19,49,62.1,59.3,7111,495
PT_081,2025-02-20,50,74.2,45.9,5424,435
PT_081,2025-02-21,51,74.3,42.9,4833,415
PT_081,2025-02-22,52,73.6,44.5,5248,489
PT_081,2025-02-23,53,77.8,49.3,5492,408
PT_081,2025-02-24,54,80.0,52.7,5102,382
PT_081,2025-02-25,55,73.6,47.8,5807,379
PT_081,2025-02-26,56,79.3,53.8,5876,426
PT_081,2025-02-27,57,68.4,57.6,6907,331
PT_081,2025-02-28,58,71.4,49.3,6122,406
PT_081,2025-03-01,59,76.8,50.0,4821,437
PT_081,2025-03-02,60,79.5,44.0,4578,398
PT_081,2025-03-03,61,80.0,37.9,4254,404
PT_081,2025-03-04,62,82.2,34.7,4595,426
PT_081,2025-03-05,63,79.2,36.3,3684,392
PT_081,2025-03-06,64,84.8,36.9,3572,422
PT_081,2025-03-07,65,85.2,35.2,4057,370
PT_081,2025-03-08,66,84.5,36.3,3224,448
PT_081,2025-03-09,67,82.8,37.2,4631,370
PT_081,2025-03-10,68,83.2,32.9,3892,458
PT_081,2025-03-11,69,85.9,40.6,4136,328
PT_081,2025-03-12,70,78.4,40.1,3650,401
PT_081,2025-03-13,71,81.7,37.6,4247,416
PT_081,2025-03-14,72,83.3,40.8,4913,427
PT_081,2025-03-15,73,82.3,43.1,4674,385
PT_081,2025-03-16,74,82.1,40.3,4986,397
PT_081,2025-03-17,75,84.5,41.2,3957,448
PT_081,2025-03-18,76,79.4,51.5,4789,418
PT_081,2025-03-19,77,77.0,42.8,4926,442
PT_081,2025-03-20,78,69.3,57.5,7358,462
PT_081,2025-03-21,79,67.0,57.9,6398,380
PT_081,2025-03-22,80,67.8,55.3,6841,428
PT_081,2025-03-23,81,66.2,54.7,6339,435
PT_081,2025-03-24,82,71.9,50.9,6608,376
PT_081,2025-03-25,83,61.4,53.8,6725,403
PT_081,2025-03-26,84,72.8,56.2,6335,450
PT_081,2025-03-27,85,68.1,51.6,7059,406
PT_081,2025-03-28,86,73.3,57.6,6734,409
PT_081,2025-03-29,87,68.4,55.6,7364,419
PT_081,2025-03-30,88,69.6,53.7,6890,391
PT_081,2025-03-31,89,69.8,55.7,6274,433
PT_082,2025-01-01,0,62.0,50.2,5422,532
PT_082,2025-01-02,1,69.1,51.3,6237,454
PT_082,2025-01-03,2,61.5,46.0,4844,511
PT_082,2025-01-04,3,65.9,44.8,5468,483
PT_082,2025-01-05,4,69.7,39.8,4483,481
PT_082,2025-01-06,5,66.7,39.2,5297,473
PT_082,2025-01-07,6,74.8,40.8,5365,485
PT_082,2025-01-08,7,69.3,40.5,4781,519
PT_082,2025-01-09,8,67.0,41.4,5655,504
PT_082,2025-01-10,9,64.9,42.2,5027,472
PT_082,2025-01-11,10,69.5,41.3,5623,504
PT_082,2025-01-12,11,65.8,45.4,4671,509
PT_082,2025-01-13,12,68.1,40.4,4089,553
PT_082,2025-01-14,13,68.4,37.2,4720,467
PT_082,2025-01-15,14,70.2,38.7,4480,457
PT_082,2025-01-16,15,76.9,37.1,4583,490
PT_082,2025-01-17,16,72.3,36.4,4260,472
PT_082,2025-01-18,17,70.4,39.3,4544,429
PT_082,2025-01-19,18,70.0,43.2,4717,515
PT_082,2025-01-20,19,73.0,38.0,4828,553
PT_082,2025-01-21,20,70.0,36.3,4332,557
PT_082,2025-01-22,21,62.2,53.4,6173,533
PT_082,2025-01-23,22,65.2,49.4,6218,495
PT_082,2025-01-24,23,66.3,42.1,4682,516
PT_082,2025-01-25,24,64.1,38.0,4298,436
PT_082,2025-01-26,25,72.8,39.1,4222,508
PT_082,2025-01-27,26,73.4,36.5,4578,545
PT_082,2025-01-28,27,71.0,35.7,4336,521
PT_082,2025-01-29,28,73.8,34.9,4211,481
PT_082,2025-01-30,29,68.8,34.1,4975,525
PT_082,2025-01-31,30,72.3,35.7,3680,565
PT_082,2025-02-01,31,74.0,42.1,3541,498
PT_082,2025-02-02,32,76.0,36.5,4313,383
PT_082,2025-02-03,33,71.3,38.2,4211,489
PT_082,2025-02-04,34,70.0,39.0,3513,467
PT_082,2025-02-05,35,81.8,29.0,2758,510
PT_082,2025-02-06,36,78.9,29.9,2667,497
PT_082,2025-02-07,37,78.1,33.0,2534,534
PT_082,2025-02-08,38,82.0,28.8,2772,435
PT_082,2025-02-09,39,82.6,24.3,2395,497
PT_082,2025-02-10,40,81.0,27.8,3110,520
PT_082,2025-02-11,41,81.4,25.4,2971,535
PT_082,2025-02-12,42,62.6,53.7,5669,498
PT_082,2025-02-13,43,64.6,55.0,6048,426
PT_082,2025-02-14,44,66.1,50.9,6257,548
PT_082,2025-02-15,45,62.3,48.9,6253,483
PT_082,2025-02-16,46,70.4,47.1,5321,512
PT_082,2025-02-17,47,64.6,45.7,5118,468
PT_082,2025-02-18,48,68.3,41.8,4649,555
PT_082,2025-02-19,49,69.1,41.5,4542,441
PT_082,2025-02-20,50,69.9,40.3,5863,523
PT_082,2025-02-21,51,76.2,40.2,4515,503
PT_082,2025-02-22,52,67.2,43.3,5133,493
PT_082,2025-02-23,53,67.1,43.9,5422,545
PT_082,2025-02-24,54,68.6,41.9,4749,472
PT_082,2025-02-25,55,71.1,36.9,4963,432
PT_082,2025-02-26,56,71.2,38.8,4188,483
PT_082,2025-02-27,57,69.3,40.5,4812,530
PT_082,2025-02-28,58,72.4,45.4,4669,476
PT_082,2025-03-01,59,73.7,40.1,4977,470
PT_082,2025-03-02,60,68.9,44.0,5369,540
PT_082,2025-03-03,61,68.5,46.5,4602,478
PT_082,2025-03-04,62,65.1,44.6,4798,497
PT_082,2025-03-05,63,66.3,41.3,4418,479
PT_082,2025-03-06,64,72.5,48.4,4887,487
PT_082,2025-03-07,65,66.9,44.1,5582,484
PT_082,2025-03-08,66,65.0,48.3,6011,559
PT_082,2025-03-09,67,63.3,46.4,5772,450
PT_082,2025-03-10,68,61.6,44.3,4591,552
PT_082,2025-03-11,69,70.7,42.8,5488,501
PT_082,2025-03-12,70,69.4,41.6,5564,450
PT_082,2025-03-13,71,67.8,43.2,4625,512
PT_082,2025-03-14,72,71.2,43.4,4781,483
PT_082,2025-03-15,73,71.7,40.6,5027,533
PT_082,2025-03-16,74,73.0,40.0,4087,505
PT_082,2025-03-17,75,71.4,41.2,5551,472
PT_082,2025-03-18,76,73.6,47.4,5292,443
PT_082,2025-03-19,77,67.4,41.0,4538,537
PT_082,2025-03-20,78,73.2,45.1,5364,462
PT_082,2025-03-21,79,67.5,44.1,5348,487
PT_082,2025-03-22,80,71.4,47.9,5084,452
PT_082,2025-03-23,81,68.9,42.4,5145,486
PT_082,2025-03-24,82,65.2,49.0,5920,496
PT_082,2025-03-25,83,71.7,43.4,4814,496
PT_082,2025-03-26,84,68.5,39.1,5202,505
PT_082,2025-03-27,85,72.0,45.6,5560,493
PT_082,2025-03-28,86,67.6,45.9,5774,448
PT_082,2025-03-29,87,61.0,46.7,5893,516
PT_082,2025-03-30,88,69.4,47.9,6479,440
PT_082,2025-03-31,89,63.9,48.4,6063,484
PT_083,2025-01-01,0,74.2,68.4,7558,390
PT_083,2025-01-02,1,81.4,56.8,6089,408
PT_083,2025-01-03,2,84.0,59.0,5247,412
PT_083,2025-01-04,3,86.9,45.1,4416,431
PT_083,2025-01-05,4,85.5,51.6,4924,450
PT_083,2025-01-06,5,88.7,42.2,4193,426
PT_083,2025-01-07,6,93.7,42.2,3309,437
PT_083,2025-01-08,7,90.7,36.5,3662,436
PT_083,2025-01-09,8,89.0,44.4,3581,504
PT_083,2025-01-10,9,89.5,41.2,2950,457
PT_083,2025-01-11,10,91.9,44.7,3972,460
PT_083,2025-01-12,11,91.0,41.4,3381,431
PT_083,2025-01-13,12,96.2,40.8,4401,423
PT_083,2025-01-14,13,91.8,44.3,3885,498
PT_083,2025-01-15,14,88.4,45.5,3260,407
PT_083,2025-01-16,15,91.1,53.6,3961,468
PT_083,2025-01-17,16,85.7,45.5,3998,442
PT_083,2025-01-18,17,85.2,49.0,4401,404
PT_083,2025-01-19,18,87.2,51.0,4385,450
PT_083,2025-01-20,19,83.0,47.8,4474,466
PT_083,2025-01-21,20,79.5,51.3,5481,413
PT_083,2025-01-22,21,74.0,67.6,7011,444
PT_083,2025-01-23,22,75.8,66.7,6852,424
PT_083,2025-01-24,23,74.1,62.4,6808,392
PT_083,2025-01-25,24,75.3,66.8,6924,456
PT_083,2025-01-26,25,72.4,60.9,6904,439
PT_083,2025-01-27,26,75.9,66.1,6599,438
PT_083,2025-01-28,27,77.0,62.4,7119,526
PT_083,2025-01-29,28,74.0,63.7,7018,454
PT_083,2025-01-30,29,73.9,61.8,6808,451
PT_083,2025-01-31,30,70.2,62.5,6782,475
PT_083,2025-02-01,31,76.8,64.7,6623,502
PT_083,2025-02-02,32,75.1,61.4,6937,402
PT_083,2025-02-03,33,73.0,63.8,6650,449
PT_083,2025-02-04,34,80.3,58.7,6970,494
PT_083,2025-02-05,35,88.5,48.4,4955,472
PT_083,2025-02-06,36,91.9,50.9,4848,498
PT_083,2025-02-07,37,86.5,48.2,3893,450
PT_083,2025-02-08,38,94.0,44.1,4328,456
PT_083,2025-02-09,39,94.1,45.1,3864,438
PT_083,2025-02-10,40,91.0,43.2,3703,444
PT_083,2025-02-11,41,91.9,40.6,3651,489
PT_083,2025-02-12,42,85.0,60.4,5589,445
PT_083,2025-02-13,43,88.1,48.5,4786,453
PT_083,2025-02-14,44,86.8,47.4,5339,443
PT_083,2025-02-15,45,81.3,51.2,5063,446
PT_083,2025-02-16,46,86.0,51.9,5716,457
PT_083,2025-02-17,47,83.2,51.3,4835,443
PT_083,2025-02-18,48,88.8,53.2,5776,483
PT_083,2025-02-19,49,87.5,52.1,4851,465
PT_083,2025-02-20,50,84.0,52.7,5627,459
PT_083,2025-02-21,51,83.3,58.5,5143,484
PT_083,2025-02-22,52,82.8,52.3,5731,460
PT_083,2025-02-23,53,79.9,50.0,6096,433
PT_083,2025-02-24,54,70.0,62.0,7025,353
PT_083,2025-02-25,55,73.9,65.4,6394,471
PT_083,2025-02-26,56,77.3,62.3,5686,411
PT_083,2025-02-27,57,78.8,59.1,5703,407
PT_083,2025-02-28,58,83.0,53.2,5775,469
PT_083,2025-03-01,59,84.3,48.5,5095,440
PT_083,2025-03-02,60,87.5,51.7,4147,439
PT_083,2025-03-03,61,83.9,48.9,4777,459
PT_083,2025-03-04,62,85.7,45.7,4701,489
PT_083,2025-03-05,63,88.8,47.8,5316,468
PT_083,2025-03-06,64,87.8,46.7,5576,484
PT_083,2025-03-07,65,90.5,57.7,4074,420
PT_083,2025-03-08,66,85.1,49.7,4606,433
PT_083,2025-03-09,67,89.9,47.9,4696,467
PT_083,2025-03-10,68,85.8,51.1,5037,483
PT_083,2025-03-11,69,87.6,46.1,4468,346
PT_083,2025-03-12,70,85.4,48.1,4608,417
PT_083,2025-03-13,71,83.1,48.2,4633,522
PT_083,2025-03-14,72,85.2,51.3,4786,438
PT_083,2025-03-15,73,85.0,54.9,5143,420
PT_083,2025-03-16,74,83.4,50.3,5233,467
PT_083,2025-03-17,75,83.1,49.4,5341,491
PT_083,2025-03-18,76,77.5,62.6,7372,448
PT_083,2025-03-19,77,82.3,58.4,5862,474
PT_083,2025-03-20,78,78.5,51.1,5671,438
PT_083,2025-03-21,79,85.7,51.0,4776,449
PT_083,2025-03-22,80,85.8,49.5,4023,530
PT_083,2025-03-23,81,90.3,49.4,4263,525
PT_083,2025-03-24,82,87.6,49.0,4714,461
PT_083,2025-03-25,83,82.9,38.4,4948,451
PT_083,2025-03-26,84,91.9,39.4,4512,472
PT_083,2025-03-27,85,92.7,47.8,4243,461
PT_083,2025-03-28,86,86.4,44.2,3676,523
PT_083,2025-03-29,87,84.0,44.8,4074,459
PT_083,2025-03-30,88,85.0,47.7,5144,476
PT_083,2025-03-31,89,82.4,48.1,4396,518
PT_084,2025-01-01,0,82.1,52.8,3756,498
PT_084,2025-01-02,1,82.4,43.2,4261,462
PT_084,2025-01-03,2,80.3,45.9,4299,483
PT_084,2025-01-04,3,86.7,39.3,3194,430
PT_084,2025-01-05,4,82.6,41.1,4119,440
PT_084,2025-01-06,5,86.3,41.0,3715,393
PT_084,2025-01-07,6,85.2,41.2,3961,433
PT_084,2025-01-08,7,81.2,38.6,3556,500
PT_084,2025-01-09,8,81.4,39.5,3556,457
PT_084,2025-01-10,9,81.9,39.4,3475,495
PT_084,2025-01-11,10,85.8,35.4,3355,432
PT_084,2025-01-12,11,82.5,42.4,3496,447
PT_084,2025-01-13,12,82.7,38.1,3508,466
PT_084,2025-01-14,13,84.1,45.2,3840,516
PT_084,2025-01-15,14,82.9,40.9,3264,413
PT_084,2025-01-16,15,84.3,42.7,3634,451
PT_084,2025-01-17,16,81.3,43.9,3680,479
PT_084,2025-01-18,17,87.5,43.1,4291,446
PT_084,2025-01-19,18,84.5,40.6,3601,498
PT_084,2025-01-20,19,85.8,47.4,4222,489
PT_084,2025-01-21,20,80.2,47.4,3667,470
PT_084,2025-01-22,21,81.0,46.8,3834,462
PT_084,2025-01-23,22,82.7,44.0,4876,435
PT_084,2025-01-24,23,79.5,34.1,3978,370
PT_084,2025-01-25,24,83.0,38.1,3597,370
PT_084,2025-01-26,25,83.1,35.8,2804,403
PT_084,2025-01-27,26,89.0,35.5,2581,477
PT_084,2025-01-28,27,84.0,41.0,3976,451
PT_084,2025-01-29,28,90.6,38.4,3539,414
PT_084,2025-01-30,29,85.5,38.8,3043,513
PT_084,2025-01-31,30,87.5,39.9,2477,486
PT_084,2025-02-01,31,85.8,32.8,3335,392
PT_084,2025-02-02,32,86.4,34.7,4083,486
PT_084,2025-02-03,33,91.4,45.7,3512,381
PT_084,2025-02-04,34,89.2,37.2,3272,452
PT_084,2025-02-05,35,88.5,40.6,3510,447
PT_084,2025-02-06,36,94.3,42.5,3502,480
PT_084,2025-02-07,37,88.5,41.8,3176,453
PT_084,2025-02-08,38,89.8,35.4,3216,381
PT_084,2025-02-09,39,90.9,32.4,3636,434
PT_084,2025-02-10,40,85.9,34.1,3163,440
PT_084,2025-02-11,41,85.7,40.8,3601,450
PT_084,2025-02-12,42,84.9,33.6,3963,442
PT_084,2025-02-13,43,83.0,45.5,4009,494
PT_084,2025-02-14,44,84.9,42.1,4068,520
PT_084,2025-02-15,45,84.6,50.7,4844,447
PT_084,2025-02-16,46,80.4,44.2,4402,464
PT_084,2025-02-17,47,76.2,48.4,4251,402
PT_084,2025-02-18,48,86.4,44.9,4091,442
PT_084,2025-02-19,49,83.8,48.1,3188,492
PT_084,2025-02-20,50,85.6,34.3,2651,482
PT_084,2025-02-21,51,82.5,39.0,3560,472
PT_084,2025-02-22,52,89.1,33.8,3751,467
PT_084,2025-02-23,53,90.5,37.7,3075,436
PT_084,2025-02-24,54,90.9,29.4,3346,391
PT_084,2025-02-25,55,88.2,34.1,2919,412
PT_084,2025-02-26,56,87.2,41.1,3003,437
PT_084,2025-02-27,57,85.0,36.2,2601,513
PT_084,2025-02-28,58,87.8,38.4,2638,471
PT_084,2025-03-01,59,84.7,35.5,3386,421
PT_084,2025-03-02,60,88.4,40.3,3247,480
PT_084,2025-03-03,61,86.6,37.6,2930,438
PT_084,2025-03-04,62,88.9,37.5,3511,478
PT_084,2025-03-05,63,87.9,36.5,2812,440
PT_084,2025-03-06,64,85.3,33.4,3978,412
PT_084,2025-03-07,65,86.8,38.7,2871,465
PT_084,2025-03-08,66,81.6,42.3,2980,475
PT_084,2025-03-09,67,82.7,43.9,3697,408
PT_084,2025-03-10,68,79.2,49.8,4384,445
PT_084,2025-03-11,69,79.7,44.1,4507,485
PT_084,2025-03-12,70,87.1,46.8,4456,388
PT_084,2025-03-13,71,80.1,40.2,4075,437
PT_084,2025-03-14,72,79.1,46.2,3493,469
PT_084,2025-03-15,73,85.0,42.2,4264,450
PT_084,2025-03-16,74,84.9,45.7,3827,450
PT_084,2025-03-17,75,79.8,42.3,4652,420
PT_084,2025-03-18,76,84.5,37.6,3977,422
PT_084,2025-03-19,77,83.1,44.8,4549,405
PT_084,2025-03-20,78,86.4,46.4,3682,441
PT_084,2025-03-21,79,80.7,41.6,3482,440
PT_084,2025-03-22,80,85.6,47.1,3224,434
PT_084,2025-03-23,81,85.6,45.3,3767,399
PT_084,2025-03-24,82,85.8,45.3,4281,518
PT_084,2025-03-25,83,84.8,42.0,4433,405
PT_084,2025-03-26,84,84.7,44.1,3920,487
PT_084,2025-03-27,85,86.6,46.6,3664,453
PT_084,2025-03-28,86,81.2,44.7,3792,438
PT_084,2025-03-29,87,83.6,42.6,3975,462
PT_084,2025-03-30,88,83.9,45.4,3983,475
PT_084,2025-03-31,89,82.3,43.9,3683,457
PT_085,2025-01-01,0,78.1,49.9,4994,538
PT_085,2025-01-02,1,80.0,45.9,5009,490
PT_085,2025-01-03,2,81.1,43.3,3471,452
PT_085,2025-01-04,3,87.1,41.7,3561,496
PT_085,2025-01-05,4,86.1,38.1,4135,440
PT_085,2025-01-06,5,86.9,43.7,3513,469
PT_085,2025-01-07,6,87.6,42.0,3925,484
PT_085,2025-01-08,7,84.8,37.3,2775,471
PT_085,2025-01-09,8,86.3,36.8,3324,518
PT_085,2025-01-10,9,82.6,41.0,2616,509
PT_085,2025-01-11,10,84.1,35.6,3864,448
PT_085,2025-01-12,11,91.6,45.3,3272,469
PT_085,2025-01-13,12,84.9,35.6,3536,509
PT_085,2025-01-14,13,83.1,38.5,3594,468
PT_085,2025-01-15,14,84.5,36.5,2450,483
PT_085,2025-01-16,15,93.1,38.7,3688,428
PT_085,2025-01-17,16,86.8,32.1,3009,525
PT_085,2025-01-18,17,89.6,35.0,2866,433
PT_085,2025-01-19,18,86.1,36.1,2625,430
PT_085,2025-01-20,19,100.2,17.5,1756,473
PT_085,2025-01-21,20,100.1,23.7,979,478
PT_085,2025-01-22,21,86.8,39.0,2506,492
PT_085,2025-01-23,22,87.8,35.7,3043,443
PT_085,2025-01-24,23,88.0,37.4,2682,467
PT_085,2025-01-25,24,85.2,35.9,3284,524
PT_085,2025-01-26,25,86.6,34.7,3787,428
PT_085,2025-01-27,26,76.6,52.5,5568,487
PT_085,2025-01-28,27,77.4,47.2,4327,450
PT_085,2025-01-29,28,78.7,42.3,2545,517
PT_085,2025-01-30,29,86.2,35.4,2842,504
PT_085,2025-01-31,30,88.0,37.7,3306,444
PT_085,2025-02-01,31,90.3,33.4,2072,483
PT_085,2025-02-02,32,92.1,29.3,2183,394
PT_085,2025-02-03,33,92.2,28.0,2809,479
PT_085,2025-02-04,34,90.9,32.4,2954,452
PT_085,2025-02-05,35,95.0,28.0,2314,470
PT_085,2025-02-06,36,94.5,23.2,1604,516
PT_085,2025-02-07,37,91.0,26.8,1720,540
PT_085,2025-02-08,38,95.7,24.5,2064,471
PT_085,2025-02-09,39,92.5,31.9,2261,511
PT_085,2025-02-10,40,90.4,33.8,2640,499
PT_085,2025-02-11,41,88.2,30.5,2248,437
PT_085,2025-02-12,42,89.1,37.7,4144,468
PT_085,2025-02-13,43,86.0,38.0,3678,484
PT_085,2025-02-14,44,87.7,42.5,3924,461
PT_085,2025-02-15,45,85.2,41.3,2663,495
PT_085,2025-02-16,46,83.7,38.4,3733,466
PT_085,2025-02-17,47,73.0,51.0,5348,426
PT_085,2025-02-18,48,72.3,52.1,5005,503
PT_085,2025-02-19,49,73.3,50.1,5171,506
PT_085,2025-02-20,50,78.9,49.7,5214,514
PT_085,2025-02-21,51,78.5,44.2,4786,481
PT_085,2025-02-22,52,80.9,43.7,4636,461
PT_085,2025-02-23,53,80.1,47.3,3764,406
PT_085,2025-02-24,54,87.2,42.0,3247,466
PT_085,2025-02-25,55,87.3,42.1,3891,505
PT_085,2025-02-26,56,87.0,36.0,4097,432
PT_085,2025-02-27,57,87.8,42.7,4236,447
PT_085,2025-02-28,58,82.7,40.3,3200,465
PT_085,2025-03-01,59,82.2,43.8,4179,416
PT_085,2025-03-02,60,84.9,35.1,3267,458
PT_085,2025-03-03,61,85.1,46.2,4359,498
PT_085,2025-03-04,62,82.2,38.0,3608,465
PT_085,2025-03-05,63,83.2,40.1,3732,382
PT_085,2025-03-06,64,85.3,39.7,4378,480
PT_085,2025-03-07,65,80.9,41.3,3540,437
PT_085,2025-03-08,66,86.5,45.3,3807,476
PT_085,2025-03-09,67,88.5,44.7,5162,481
PT_085,2025-03-10,68,82.1,47.9,5027,511
PT_085,2025-03-11,69,82.0,43.7,4322,517
PT_085,2025-03-12,70,79.3,49.0,4996,431
PT_085,2025-03-13,71,72.7,54.9,5673,502
PT_085,2025-03-14,72,77.8,46.9,3923,367
PT_085,2025-03-15,73,81.3,46.4,4457,527
PT_085,2025-03-16,74,84.5,41.3,4617,450
PT_085,2025-03-17,75,84.5,43.7,3738,461
PT_085,2025-03-18,76,81.7,39.8,4039,514
PT_085,2025-03-19,77,89.0,45.6,3438,467
PT_085,2025-03-20,78,85.9,35.3,3840,503
PT_085,2025-03-21,79,85.3,47.7,3410,454
PT_085,2025-03-22,80,84.0,44.7,3488,427
PT_085,2025-03-23,81,86.1,40.7,4193,541
PT_085,2025-03-24,82,85.1,42.2,3650,417
PT_085,2025-03-25,83,87.6,40.7,3308,477
PT_085,2025-03-26,84,84.9,37.3,4325,518
PT_085,2025-03-27,85,85.3,39.8,4391,452
PT_085,2025-03-28,86,81.9,39.3,4133,482
PT_085,2025-03-29,87,76.8,40.7,4319,487
PT_085,2025-03-30,88,83.1,42.2,5227,496
PT_085,2025-03-31,89,83.7,42.2,4867,465
PT_086,2025-01-01,0,68.6,60.3,6712,449
PT_086,2025-01-02,1,76.4,52.4,6261,483
PT_086,2025-01-03,2,79.5,47.6,6249,452
PT_086,2025-01-04,3,84.4,41.3,4762,492
PT_086,2025-01-05,4,81.3,40.5,4187,496
PT_086,2025-01-06,5,86.4,41.1,4830,437
PT_086,2025-01-07,6,86.4,43.5,4159,446
PT_086,2025-01-08,7,84.9,40.3,4573,409
PT_086,2025-01-09,8,86.1,41.2,4254,518
PT_086,2025-01-10,9,90.5,40.9,4339,486
PT_086,2025-01-11,10,80.1,37.8,4777,392
PT_086,2025-01-12,11,87.8,41.7,4083,454
PT_086,2025-01-13,12,87.7,37.7,3985,412
PT_086,2025-01-14,13,87.9,40.7,4381,439
PT_086,2025-01-15,14,86.0,38.0,3801,499
PT_086,2025-01-16,15,86.1,42.1,3887,388
PT_086,2025-01-17,16,85.2,43.2,4326,424
PT_086,2025-01-18,17,81.7,38.8,4040,434
PT_086,2025-01-19,18,82.8,39.6,4241,481
PT_086,2025-01-20,19,80.3,47.3,4227,488
PT_086,2025-01-21,20,78.7,45.4,5048,456
PT_086,2025-01-22,21,64.8,60.8,8138,473
PT_086,2025-01-23,22,73.0,58.4,7055,427
PT_086,2025-01-24,23,69.2,65.2,7680,495
PT_086,2025-01-25,24,72.0,60.6,7074,416
PT_086,2025-01-26,25,70.0,58.6,7134,503
PT_086,2025-01-27,26,71.0,63.4,7528,364
PT_086,2025-01-28,27,67.1,61.6,6721,519
PT_086,2025-01-29,28,62.8,62.8,7181,485
PT_086,2025-01-30,29,71.5,63.9,7476,538
PT_086,2025-01-31,30,71.3,62.6,7525,472
PT_086,2025-02-01,31,78.6,55.8,6958,484
PT_086,2025-02-02,32,76.6,49.2,4606,433
PT_086,2025-02-03,33,85.6,44.7,5242,490
PT_086,2025-02-04,34,81.9,50.4,4552,483
PT_086,2025-02-05,35,95.8,21.2,2067,471
PT_086,2025-02-06,36,99.7,21.9,1759,416
PT_086,2025-02-07,37,100.0,22.9,1897,514
PT_086,2025-02-08,38,101.6,18.4,1937,510
PT_086,2025-02-09,39,101.0,20.9,1345,473
PT_086,2025-02-10,40,100.1,22.3,1544,476
PT_086,2025-02-11,41,104.1,22.2,1538,508
PT_086,2025-02-12,42,85.5,45.6,3498,442
PT_086,2025-02-13,43,83.2,41.3,4410,542
PT_086,2025-02-14,44,86.9,44.8,4601,419
PT_086,2025-02-15,45,78.5,44.5,5091,469
PT_086,2025-02-16,46,80.1,44.7,5233,510
PT_086,2025-02-17,47,81.7,47.6,5190,518
PT_086,2025-02-18,48,84.7,45.3,5018,458
PT_086,2025-02-19,49,87.8,33.6,4581,462
PT_086,2025-02-20,50,83.8,43.9,3715,467
PT_086,2025-02-21,51,73.8,53.3,6447,487
PT_086,2025-02-22,52,74.2,57.9,5804,447
PT_086,2025-02-23,53,76.0,56.7,5633,456
PT_086,2025-02-24,54,76.5,52.5,6165,479
PT_086,2025-02-25,55,69.5,54.7,7777,469
PT_086,2025-02-26,56,73.0,55.8,6868,527
PT_086,2025-02-27,57,81.8,46.1,4264,496
PT_086,2025-02-28,58,84.6,39.6,3815,446
PT_086,2025-03-01,59,85.3,42.9,4642,444
PT_086,2025-03-02,60,91.0,33.3,3247,461
PT_086,2025-03-03,61,86.6,39.1,4584,458
PT_086,2025-03-04,62,86.2,36.6,4131,444
PT_086,2025-03-05,63,82.9,45.2,4517,466
PT_086,2025-03-06,64,84.5,50.7,3989,408
PT_086,2025-03-07,65,83.4,35.3,3792,480
PT_086,2025-03-08,66,82.8,36.2,3717,471
PT_086,2025-03-09,67,86.9,40.3,4424,454
PT_086,2025-03-10,68,86.9,39.7,3304,423
PT_086,2025-03-11,69,89.1,35.6,2613,428
PT_086,2025-03-12,70,93.3,29.8,3151,450
PT_086,2025-03-13,71,96.3,34.9,3713,466
PT_086,2025-03-14,72,88.7,35.7,2427,446
PT_086,2025-03-15,73,88.3,34.7,2891,463
PT_086,2025-03-16,74,83.8,33.9,3390,433
PT_086,2025-03-17,75,94.9,36.5,4081,427
PT_086,2025-03-18,76,66.7,61.6,7167,479
PT_086,2025-03-19,77,72.4,53.2,6000,447
PT_086,2025-03-20,78,80.4,42.5,4700,472
PT_086,2025-03-21,79,85.4,43.4,4573,481
PT_086,2025-03-22,80,83.3,39.9,4689,451
PT_086,2025-03-23,81,85.6,40.2,3911,474
PT_086,2025-03-24,82,83.7,44.6,3346,389
PT_086,2025-03-25,83,86.5,40.2,4528,461
PT_086,2025-03-26,84,85.5,36.2,4222,501
PT_086,2025-03-27,85,87.6,40.9,3570,467
PT_086,2025-03-28,86,83.7,35.5,4318,543
PT_086,2025-03-29,87,86.9,37.1,3945,450
PT_086,2025-03-30,88,86.5,43.7,4435,462
PT_086,2025-03-31,89,86.0,39.8,3981,459
PT_087,2025-01-01,0,76.4,65.0,6768,475
PT_087,2025-01-02,1,71.8,59.3,6807,499
PT_087,2025-01-03,2,77.9,57.7,6668,464
PT_087,2025-01-04,3,79.3,51.9,5693,483
PT_087,2025-01-05,4,83.3,54.2,5583,475
PT_087,2025-01-06,5,79.7,51.7,6964,527
PT_087,2025-01-07,6,79.6,52.8,5486,477
PT_087,2025-01-08,7,83.3,52.8,5378,424
PT_087,2025-01-09,8,82.0,55.4,6138,511
PT_087,2025-01-10,9,84.9,59.3,6039,492
PT_087,2025-01-11,10,81.2,56.7,5919,493
PT_087,2025-01-12,11,82.4,50.4,6179,537
PT_087,2025-01-13,12,83.2,57.2,5894,457
PT_087,2025-01-14,13,82.0,52.2,6095,493
PT_087,2025-01-15,14,97.7,35.7,3633,456
PT_087,2025-01-16,15,97.5,40.7,3559,569
PT_087,2025-01-17,16,91.7,35.5,4217,497
PT_087,2025-01-18,17,99.0,37.1,3014,532
PT_087,2025-01-19,18,94.2,35.2,3379,473
PT_087,2025-01-20,19,95.3,40.8,3097,480
PT_087,2025-01-21,20,92.8,34.6,3931,511
PT_087,2025-01-22,21,73.2,59.9,6660,453
PT_087,2025-01-23,22,77.8,56.1,5592,471
PT_087,2025-01-24,23,88.6,47.4,4315,538
PT_087,2025-01-25,24,86.6,35.2,4240,472
PT_087,2025-01-26,25,94.7,41.8,4470,428
PT_087,2025-01-27,26,94.0,41.4,4493,492
PT_087,2025-01-28,27,92.7,37.8,3618,427
PT_087,2025-01-29,28,93.4,36.9,4029,500
PT_087,2025-01-30,29,90.9,38.7,4326,551
PT_087,2025-01-31,30,92.1,37.9,5129,455
PT_087,2025-02-01,31,92.3,37.3,4877,482
PT_087,2025-02-02,32,87.3,43.0,3745,520
PT_087,2025-02-03,33,95.7,43.7,3433,435
PT_087,2025-02-04,34,89.8,41.1,4691,500
PT_087,2025-02-05,35,92.1,36.9,3704,481
PT_087,2025-02-06,36,89.4,34.1,3663,557
PT_087,2025-02-07,37,98.8,35.6,3572,541
PT_087,2025-02-08,38,94.9,34.6,3986,574
PT_087,2025-02-09,39,89.2,42.6,4520,494
PT_087,2025-02-10,40,89.3,36.3,4162,483
PT_087,2025-02-11,41,91.8,39.0,4273,486
PT_087,2025-02-12,42,73.7,61.1,6664,480
PT_087,2025-02-13,43,68.2,64.6,7547,477
PT_087,2025-02-14,44,80.4,66.9,6491,476
PT_087,2025-02-15,45,82.9,58.2,5527,490
PT_087,2025-02-16,46,80.2,51.4,6172,491
PT_087,2025-02-17,47,79.6,51.1,6595,526
PT_087,2025-02-18,48,80.8,50.5,4764,495
PT_087,2025-02-19,49,91.0,50.8,5529,482
PT_087,2025-02-20,50,82.2,49.5,5018,469
PT_087,2025-02-21,51,85.8,45.2,5560,464
PT_087,2025-02-22,52,85.9,49.4,5317,536
PT_087,2025-02-23,53,81.3,53.9,5565,477
PT_087,2025-02-24,54,84.9,57.0,5887,454
PT_087,2025-02-25,55,86.7,45.6,5390,480
PT_087,2025-02-26,56,80.6,50.8,5728,522
PT_087,2025-02-27,57,82.4,48.2,5461,508
PT_087,2025-02-28,58,80.9,57.9,5269,476
PT_087,2025-03-01,59,83.8,53.2,6621,517
PT_087,2025-03-02,60,83.2,54.1,6292,516
PT_087,2025-03-03,61,79.9,52.3,4928,558
PT_087,2025-03-04,62,83.5,52.2,5729,531
PT_087,2025-03-05,63,82.8,56.4,6338,530
PT_087,2025-03-06,64,73.2,64.0,6608,518
PT_087,2025-03-07,65,75.6,61.9,7605,547
PT_087,2025-03-08,66,75.6,56.2,6776,512
PT_087,2025-03-09,67,79.2,55.0,6711,476
PT_087,2025-03-10,68,77.1,53.2,5777,493
PT_087,2025-03-11,69,81.4,53.9,6092,521
PT_087,2025-03-12,70,80.7,51.3,6025,513
PT_087,2025-03-13,71,82.0,51.5,6319,522
PT_087,2025-03-14,72,83.0,52.4,5112,489
PT_087,2025-03-15,73,84.2,57.2,5955,444
PT_087,2025-03-16,74,85.5,54.7,5954,430
PT_087,2025-03-17,75,81.0,49.9,5912,504
PT_087,2025-03-18,76,80.3,47.2,6864,587
PT_087,2025-03-19,77,80.8,53.9,6284,473
PT_087,2025-03-20,78,85.5,61.6,5765,480
PT_087,2025-03-21,79,76.2,51.2,5750,547
PT_087,2025-03-22,80,78.6,59.3,5685,498
PT_087,2025-03-23,81,76.5,51.9,5598,428
PT_087,2025-03-24,82,78.8,51.6,6523,525
PT_087,2025-03-25,83,78.3,57.2,6440,493
PT_087,2025-03-26,84,77.3,59.6,7060,491
PT_087,2025-03-27,85,76.3,58.0,6783,493
PT_087,2025-03-28,86,78.0,59.2,7088,529
PT_087,2025-03-29,87,70.8,58.3,7088,421
PT_087,2025-03-30,88,75.8,56.8,6704,489
PT_087,2025-03-31,89,76.1,64.8,7129,486
PT_088,2025-01-01,0,78.9,61.8,5340,432
PT_088,2025-01-02,1,80.9,60.5,5455,463
PT_088,2025-01-03,2,77.5,49.2,5252,384
PT_088,2025-01-04,3,80.4,52.2,5253,445
PT_088,2025-01-05,4,80.8,50.5,4755,351
PT_088,2025-01-06,5,78.9,48.4,5195,439
PT_088,2025-01-07,6,86.3,50.9,3892,417
PT_088,2025-01-08,7,85.8,50.8,4171,415
PT_088,2025-01-09,8,84.1,50.7,4084,403
PT_088,2025-01-10,9,84.0,44.5,3541,441
PT_088,2025-01-11,10,84.7,47.0,3453,438
PT_088,2025-01-12,11,82.9,44.1,5099,417
PT_088,2025-01-13,12,83.7,44.2,3964,392
PT_088,2025-01-14,13,85.8,46.6,4646,431
PT_088,2025-01-15,14,83.7,50.1,3844,435
PT_088,2025-01-16,15,84.8,46.2,4278,434
PT_088,2025-01-17,16,88.4,44.9,2386,422
PT_088,2025-01-18,17,90.3,40.9,2848,408
PT_088,2025-01-19,18,89.2,41.6,3083,415
PT_088,2025-01-20,19,88.4,36.4,4497,403
PT_088,2025-01-21,20,88.1,37.2,3191,376
PT_088,2025-01-22,21,83.5,56.5,4458,407
PT_088,2025-01-23,22,81.9,46.2,3824,372
PT_088,2025-01-24,23,75.3,59.2,5862,406
PT_088,2025-01-25,24,77.8,53.5,5021,403
PT_088,2025-01-26,25,80.1,57.6,3297,410
PT_088,2025-01-27,26,86.8,46.0,3285,448
PT_088,2025-01-28,27,86.5,44.9,3273,395
PT_088,2025-01-29,28,86.9,45.0,2582,405
PT_088,2025-01-30,29,92.6,43.3,2696,440
PT_088,2025-01-31,30,90.3,41.8,2845,383
PT_088,2025-02-01,31,90.6,40.0,3546,368
PT_088,2025-02-02,32,89.2,39.3,3321,381
PT_088,2025-02-03,33,91.2,39.5,3025,432
PT_088,2025-02-04,34,89.6,43.9,3040,372
PT_088,2025-02-05,35,89.0,38.0,3185,364
PT_088,2025-02-06,36,88.8,43.3,2549,399
PT_088,2025-02-07,37,86.4,39.4,2678,366
PT_088,2025-02-08,38,86.1,39.3,2710,357
PT_088,2025-02-09,39,86.6,44.2,3505,479
PT_088,2025-02-10,40,87.2,50.2,3707,406
PT_088,2025-02-11,41,87.7,41.4,3231,434
PT_088,2025-02-12,42,84.6,41.9,3833,444
PT_088,2025-02-13,43,79.3,45.2,4336,422
PT_088,2025-02-14,44,72.0,56.1,5381,406
PT_088,2025-02-15,45,76.2,61.5,6473,396
PT_088,2025-02-16,46,78.0,66.5,5770,403
PT_088,2025-02-17,47,78.6,62.0,5586,423
PT_088,2025-02-18,48,73.2,64.4,6447,457
PT_088,2025-02-19,49,78.6,58.9,5552,351
PT_088,2025-02-20,50,75.4,63.0,5466,423
PT_088,2025-02-21,51,73.4,58.5,5360,382
PT_088,2025-02-22,52,72.3,60.3,6515,386
PT_088,2025-02-23,53,71.8,60.3,6091,405
PT_088,2025-02-24,54,72.8,59.3,6594,417
PT_088,2025-02-25,55,73.1,58.7,5957,429
PT_088,2025-02-26,56,77.7,65.2,4927,430
PT_088,2025-02-27,57,76.2,62.3,5592,456
PT_088,2025-02-28,58,76.4,56.9,6361,441
PT_088,2025-03-01,59,74.5,61.9,5352,386
PT_088,2025-03-02,60,79.1,55.5,5204,420
PT_088,2025-03-03,61,84.1,48.4,4953,422
PT_088,2025-03-04,62,85.1,46.5,4441,472
PT_088,2025-03-05,63,84.4,46.6,4308,385
PT_088,2025-03-06,64,81.0,50.7,4411,378
PT_088,2025-03-07,65,85.9,51.5,4188,439
PT_088,2025-03-08,66,82.2,50.5,4688,410
PT_088,2025-03-09,67,83.2,52.2,4257,402
PT_088,2025-03-10,68,84.6,45.9,4075,396
PT_088,2025-03-11,69,85.7,50.8,4257,427
PT_088,2025-03-12,70,80.7,47.3,4282,401
PT_088,2025-03-13,71,80.0,46.7,5132,353
PT_088,2025-03-14,72,80.2,54.6,4248,490
PT_088,2025-03-15,73,79.1,46.8,4531,412
PT_088,2025-03-16,74,83.1,48.4,5633,394
PT_088,2025-03-17,75,77.7,52.8,3811,429
PT_088,2025-03-18,76,82.4,52.3,4753,455
PT_088,2025-03-19,77,79.2,55.7,4407,366
PT_088,2025-03-20,78,80.5,52.0,5101,340
PT_088,2025-03-21,79,74.0,55.0,5744,468
PT_088,2025-03-22,80,72.3,59.4,6349,376
PT_088,2025-03-23,81,79.6,51.4,5631,420
PT_088,2025-03-24,82,80.5,52.6,3875,406
PT_088,2025-03-25,83,83.2,58.5,4269,406
PT_088,2025-03-26,84,83.0,50.2,4163,432
PT_088,2025-03-27,85,83.1,53.7,4716,398
PT_088,2025-03-28,86,83.4,51.2,4117,433
PT_088,2025-03-29,87,84.2,52.9,4353,540
PT_088,2025-03-30,88,82.5,50.6,4871,336
PT_088,2025-03-31,89,80.5,52.5,4376,484
PT_089,2025-01-01,0,62.0,49.2,7848,388
PT_089,2025-01-02,1,66.8,47.5,6030,371
PT_089,2025-01-03,2,69.9,47.1,6084,401
PT_089,2025-01-04,3,77.4,42.4,6709,408
PT_089,2025-01-05,4,75.5,35.8,5416,384
PT_089,2025-01-06,5,76.8,38.6,4784,302
PT_089,2025-01-07,6,80.7,33.7,4953,406
PT_089,2025-01-08,7,83.8,42.1,4532,408
PT_089,2025-01-09,8,80.7,35.2,4980,456
PT_089,2025-01-10,9,78.8,34.8,5930,398
PT_089,2025-01-11,10,79.5,35.2,5151,403
PT_089,2025-01-12,11,76.4,34.3,5575,453
PT_089,2025-01-13,12,73.2,36.4,5847,421
PT_089,2025-01-14,13,78.8,40.6,5585,395
PT_089,2025-01-15,14,81.2,40.2,5377,329
PT_089,2025-01-16,15,75.4,36.3,6090,408
PT_089,2025-01-17,16,73.3,41.3,5545,390
PT_089,2025-01-18,17,74.8,41.4,5656,387
PT_089,2025-01-19,18,78.6,44.7,6514,370
PT_089,2025-01-20,19,73.7,41.5,6009,382
PT_089,2025-01-21,20,68.1,46.6,6505,386
PT_089,2025-01-22,21,65.4,50.5,8258,373
PT_089,2025-01-23,22,68.6,50.2,7528,369
PT_089,2025-01-24,23,75.8,45.9,7436,373
PT_089,2025-01-25,24,75.3,42.3,6474,349
PT_089,2025-01-26,25,71.1,48.5,7097,383
PT_089,2025-01-27,26,69.3,45.9,6319,432
PT_089,2025-01-28,27,72.9,43.4,6738,501
PT_089,2025-01-29,28,73.4,44.6,6637,380
PT_089,2025-01-30,29,73.4,45.5,6493,433
PT_089,2025-01-31,30,61.0,54.2,7519,414
PT_089,2025-02-01,31,71.2,49.2,6520,479
PT_089,2025-02-02,32,72.1,44.3,6617,394
PT_089,2025-02-03,33,72.4,38.8,6202,405
PT_089,2025-02-04,34,77.3,42.4,5494,413
PT_089,2025-02-05,35,80.7,33.7,4841,407
PT_089,2025-02-06,36,77.3,35.7,4696,366
PT_089,2025-02-07,37,76.1,40.0,4744,432
PT_089,2025-02-08,38,79.7,36.2,4945,335
PT_089,2025-02-09,39,78.5,31.9,4834,413
PT_089,2025-02-10,40,77.9,40.7,5146,342
PT_089,2025-02-11,41,80.2,34.7,5531,381
PT_089,2025-02-12,42,75.6,42.1,6804,412
PT_089,2025-02-13,43,78.8,39.4,5054,466
PT_089,2025-02-14,44,74.0,36.6,6464,359
PT_089,2025-02-15,45,72.6,41.5,6404,373
PT_089,2025-02-16,46,72.4,47.2,5389,419
PT_089,2025-02-17,47,73.0,39.9,5162,364
PT_089,2025-02-18,48,73.8,49.4,6235,434
PT_089,2025-02-19,49,72.6,40.3,6321,362
PT_089,2025-02-20,50,70.0,44.2,6221,382
PT_089,2025-02-21,51,67.4,55.5,7349,413
PT_089,2025-02-22,52,62.4,53.5,7587,341
PT_089,2025-02-23,53,67.2,54.6,7732,419
PT_089,2025-02-24,54,67.5,53.3,6639,305
PT_089,2025-02-25,55,65.0,55.1,7864,463
PT_089,2025-02-26,56,66.3,53.5,7713,461
PT_089,2025-02-27,57,64.6,48.3,7819,398
PT_089,2025-02-28,58,72.7,49.8,6309,432
PT_089,2025-03-01,59,70.7,42.5,6503,387
PT_089,2025-03-02,60,78.9,40.4,6253,379
PT_089,2025-03-03,61,70.9,47.2,6538,413
PT_089,2025-03-04,62,74.9,38.3,6396,460
PT_089,2025-03-05,63,75.9,41.9,6364,431
PT_089,2025-03-06,64,74.2,43.1,6254,423
PT_089,2025-03-07,65,76.8,41.1,5700,346
PT_089,2025-03-08,66,75.3,42.9,5680,385
PT_089,2025-03-09,67,71.4,46.4,5379,447
PT_089,2025-03-10,68,67.2,41.2,6233,403
PT_089,2025-03-11,69,72.7,41.0,6867,345
PT_089,2025-03-12,70,81.2,39.5,5824,401
PT_089,2025-03-13,71,81.7,34.7,5314,445
PT_089,2025-03-14,72,75.5,39.2,5061,399
PT_089,2025-03-15,73,77.9,39.1,5154,357
PT_089,2025-03-16,74,76.1,35.8,5447,417
PT_089,2025-03-17,75,78.4,40.3,6338,416
PT_089,2025-03-18,76,78.8,38.9,6165,398
PT_089,2025-03-19,77,69.1,54.6,7773,444
PT_089,2025-03-20,78,69.8,38.1,6743,433
PT_089,2025-03-21,79,73.4,41.9,6577,390
PT_089,2025-03-22,80,72.5,42.4,5594,381
PT_089,2025-03-23,81,74.5,40.8,5559,388
PT_089,2025-03-24,82,72.2,41.6,4299,441
PT_089,2025-03-25,83,78.6,34.0,6099,410
PT_089,2025-03-26,84,72.6,38.0,4695,418
PT_089,2025-03-27,85,78.6,39.3,5150,405
PT_089,2025-03-28,86,77.1,31.3,5672,336
PT_089,2025-03-29,87,77.4,35.8,4965,413
PT_089,2025-03-30,88,76.2,43.6,5843,400
PT_089,2025-03-31,89,79.2,42.7,5824,408
PT_090,2025-01-01,0,73.7,36.9,6963,432
PT_090,2025-01-02,1,72.3,34.3,7265,336
PT_090,2025-01-03,2,74.1,37.4,6156,419
PT_090,2025-01-04,3,76.7,33.9,6641,375
PT_090,2025-01-05,4,73.5,30.9,7040,439
PT_090,2025-01-06,5,75.4,35.1,6642,427
PT_090,2025-01-07,6,77.0,31.4,6938,414
PT_090,2025-01-08,7,78.0,28.4,5824,419
PT_090,2025-01-09,8,76.9,28.1,7428,445
PT_090,2025-01-10,9,79.4,37.4,6068,381
PT_090,2025-01-11,10,81.1,31.4,5690,449
PT_090,2025-01-12,11,78.6,25.8,7228,396
PT_090,2025-01-13,12,75.8,35.3,6881,349
PT_090,2025-01-14,13,75.0,30.4,5808,384
PT_090,2025-01-15,14,81.9,20.3,5062,370
PT_090,2025-01-16,15,84.6,18.7,5484,344
PT_090,2025-01-17,16,83.9,20.5,5263,411
PT_090,2025-01-18,17,84.2,27.3,5748,367
PT_090,2025-01-19,18,80.2,24.0,4816,363
PT_090,2025-01-20,19,77.7,22.5,5434,426
PT_090,2025-01-21,20,76.7,20.0,5744,440
PT_090,2025-01-22,21,72.1,33.5,6936,379
PT_090,2025-01-23,22,67.1,37.2,7575,476
PT_090,2025-01-24,23,66.6,44.8,7636,436
PT_090,2025-01-25,24,71.5,43.2,6979,404
PT_090,2025-01-26,25,66.2,38.1,7693,436
PT_090,2025-01-27,26,71.5,31.7,8982,404
PT_090,2025-01-28,27,76.6,36.6,7749,424
PT_090,2025-01-29,28,77.3,31.4,6054,446
PT_090,2025-01-30,29,78.7,33.8,7314,415
PT_090,2025-01-31,30,72.3,33.6,6841,394
PT_090,2025-02-01,31,73.2,32.0,6539,359
PT_090,2025-02-02,32,72.6,32.8,5884,381
PT_090,2025-02-03,33,73.9,38.9,7387,401
PT_090,2025-02-04,34,75.3,32.2,7398,387
PT_090,2025-02-05,35,71.7,33.9,7539,456
PT_090,2025-02-06,36,74.9,35.2,6887,333
PT_090,2025-02-07,37,69.5,34.9,6781,384
PT_090,2025-02-08,38,73.1,33.5,6999,377
PT_090,2025-02-09,39,78.0,34.9,6413,418
PT_090,2025-02-10,40,74.0,32.6,6614,364
PT_090,2025-02-11,41,76.3,30.7,5511,389
PT_090,2025-02-12,42,80.3,29.0,6433,439
PT_090,2025-02-13,43,82.1,30.4,6967,454
PT_090,2025-02-14,44,81.0,32.0,6511,344
PT_090,2025-02-15,45,77.9,26.7,6334,369
PT_090,2025-02-16,46,74.4,27.7,5856,423
PT_090,2025-02-17,47,79.2,30.8,5678,393
PT_090,2025-02-18,48,77.0,29.5,6384,436
PT_090,2025-02-19,49,73.9,28.1,7012,411
PT_090,2025-02-20,50,78.3,29.3,6689,381
PT_090,2025-02-21,51,82.3,31.4,6947,372
PT_090,2025-02-22,52,78.2,27.8,6226,354
PT_090,2025-02-23,53,72.2,31.3,5827,366
PT_090,2025-02-24,54,76.1,33.1,6097,359
PT_090,2025-02-25,55,74.0,28.1,6438,415
PT_090,2025-02-26,56,66.8,37.4,7806,424
PT_090,2025-02-27,57,75.7,39.0,7507,385
PT_090,2025-02-28,58,67.8,36.9,7642,451
PT_090,2025-03-01,59,68.1,36.3,6984,443
PT_090,2025-03-02,60,74.4,33.2,7965,404
PT_090,2025-03-03,61,65.8,43.9,7202,412
PT_090,2025-03-04,62,70.7,34.0,7477,341
PT_090,2025-03-05,63,71.7,41.4,8289,430
PT_090,2025-03-06,64,67.8,35.9,7667,479
PT_090,2025-03-07,65,69.2,40.1,7023,381
PT_090,2025-03-08,66,70.6,36.5,7368,333
PT_090,2025-03-09,67,67.5,38.2,6870,411
PT_090,2025-03-10,68,72.7,36.2,7025,403
PT_090,2025-03-11,69,77.3,30.7,7131,446
PT_090,2025-03-12,70,72.2,30.2,7092,332
PT_090,2025-03-13,71,71.4,32.2,7282,369
PT_090,2025-03-14,72,72.1,28.6,6869,452
PT_090,2025-03-15,73,72.3,28.3,6478,386
PT_090,2025-03-16,74,75.6,30.0,5953,385
PT_090,2025-03-17,75,77.5,25.9,6384,377
PT_090,2025-03-18,76,76.3,32.1,6691,368
PT_090,2025-03-19,77,68.0,21.2,6535,443
PT_090,2025-03-20,78,76.2,36.0,4964,422
PT_090,2025-03-21,79,73.3,30.7,6766,336
PT_090,2025-03-22,80,75.2,29.8,7563,344
PT_090,2025-03-23,81,73.8,30.7,7774,440
PT_090,2025-03-24,82,77.3,29.8,6175,415
PT_090,2025-03-25,83,74.5,33.5,6937,390
PT_090,2025-03-26,84,75.2,33.8,6560,365
PT_090,2025-03-27,85,77.8,29.2,6476,406
PT_090,2025-03-28,86,78.0,28.2,7827,379
PT_090,2025-03-29,87,79.7,34.3,7309,438
PT_090,2025-03-30,88,68.6,38.8,7082,390
PT_090,2025-03-31,89,72.0,30.6,7414,402
PT_091,2025-01-01,0,58.0,60.2,8162,466
PT_091,2025-01-02,1,64.7,52.4,6935,383
PT_091,2025-01-03,2,70.2,44.2,6021,405
PT_091,2025-01-04,3,76.4,45.2,4742,432
PT_091,2025-01-05,4,75.5,40.4,5350,435
PT_091,2025-01-06,5,79.6,37.3,3999,499
PT_091,2025-01-07,6,74.8,41.3,5455,525
PT_091,2025-01-08,7,80.3,41.8,5054,453
PT_091,2025-01-09,8,75.2,43.6,4437,421
PT_091,2025-01-10,9,76.5,44.7,4871,520
PT_091,2025-01-11,10,79.4,44.0,5747,510
PT_091,2025-01-12,11,79.4,42.8,4777,431
PT_091,2025-01-13,12,81.1,42.7,4883,529
PT_091,2025-01-14,13,74.4,42.0,6036,490
PT_091,2025-01-15,14,87.4,35.6,3626,394
PT_091,2025-01-16,15,82.5,36.2,3890,489
PT_091,2025-01-17,16,88.3,35.3,4098,475
PT_091,2025-01-18,17,82.4,35.7,4256,465
PT_091,2025-01-19,18,80.9,33.1,3703,467
PT_091,2025-01-20,19,82.2,38.0,4469,456
PT_091,2025-01-21,20,79.2,43.9,4793,439
PT_091,2025-01-22,21,58.9,65.6,8280,415
PT_091,2025-01-23,22,62.9,65.8,8247,483
PT_091,2025-01-24,23,62.7,66.3,8734,431
PT_091,2025-01-25,24,64.0,58.7,8351,466
PT_091,2025-01-26,25,60.6,56.4,6970,469
PT_091,2025-01-27,26,60.9,57.9,8145,457
PT_091,2025-01-28,27,64.9,57.4,7531,468
PT_091,2025-01-29,28,61.7,56.1,8464,419
PT_091,2025-01-30,29,64.3,52.1,8112,483
PT_091,2025-01-31,30,61.4,58.7,7702,402
PT_091,2025-02-01,31,62.1,62.8,7969,458
PT_091,2025-02-02,32,67.4,60.9,6774,479
PT_091,2025-02-03,33,70.6,52.9,6701,462
PT_091,2025-02-04,34,71.2,44.5,5616,456
PT_091,2025-02-05,35,74.7,45.8,5287,440
PT_091,2025-02-06,36,75.4,47.0,5457,439
PT_091,2025-02-07,37,77.4,39.9,5090,450
PT_091,2025-02-08,38,76.8,47.3,5443,440
PT_091,2025-02-09,39,72.6,42.4,4945,382
PT_091,2025-02-10,40,76.6,43.7,5222,481
PT_091,2025-02-11,41,74.6,42.8,4992,446
PT_091,2025-02-12,42,74.9,45.2,5116,438
PT_091,2025-02-13,43,76.5,45.4,4263,430
PT_091,2025-02-14,44,72.4,43.5,5843,462
PT_091,2025-02-15,45,70.8,46.4,5920,480
PT_091,2025-02-16,46,75.3,42.1,5484,503
PT_091,2025-02-17,47,77.2,43.8,5646,465
PT_091,2025-02-18,48,75.5,51.6,5318,474
PT_091,2025-02-19,49,71.5,49.5,6165,484
PT_091,2025-02-20,50,69.4,53.4,5668,494
PT_091,2025-02-21,51,73.8,48.5,6048,466
PT_091,2025-02-22,52,64.6,66.1,8545,467
PT_091,2025-02-23,53,63.5,53.3,7209,479
PT_091,2025-02-24,54,69.5,50.8,7748,477
PT_091,2025-02-25,55,71.8,49.7,6741,478
PT_091,2025-02-26,56,72.0,48.0,5974,410
PT_091,2025-02-27,57,77.2,51.1,5876,511
PT_091,2025-02-28,58,75.7,46.2,4932,436
PT_091,2025-03-01,59,70.5,43.0,6119,448
PT_091,2025-03-02,60,77.9,42.4,5032,428
PT_091,2025-03-03,61,74.1,53.2,5802,421
PT_091,2025-03-04,62,73.2,43.7,6577,413
PT_091,2025-03-05,63,73.6,48.1,6014,442
PT_091,2025-03-06,64,72.4,46.2,6224,449
PT_091,2025-03-07,65,76.0,48.0,5610,485
PT_091,2025-03-08,66,72.1,44.4,5653,419
PT_091,2025-03-09,67,74.2,45.6,5643,500
PT_091,2025-03-10,68,74.2,48.3,5852,441
PT_091,2025-03-11,69,65.2,46.9,6972,492
PT_091,2025-03-12,70,73.9,46.9,5881,424
PT_091,2025-03-13,71,67.1,53.8,6407,450
PT_091,2025-03-14,72,74.4,51.4,5810,503
PT_091,2025-03-15,73,60.8,63.1,8923,450
PT_091,2025-03-16,74,64.2,58.2,7188,442
PT_091,2025-03-17,75,69.6,51.4,6423,468
PT_091,2025-03-18,76,74.0,43.9,5218,435
PT_091,2025-03-19,77,73.1,52.1,6307,407
PT_091,2025-03-20,78,76.3,44.3,6105,409
PT_091,2025-03-21,79,77.1,50.4,5266,487
PT_091,2025-03-22,80,76.6,42.0,5409,464
PT_091,2025-03-23,81,80.4,44.4,5491,446
PT_091,2025-03-24,82,73.6,42.6,4809,467
PT_091,2025-03-25,83,69.3,42.4,4844,450
PT_091,2025-03-26,84,75.4,43.8,5009,418
PT_091,2025-03-27,85,78.2,45.3,5569,429
PT_091,2025-03-28,86,72.5,43.9,4311,483
PT_091,2025-03-29,87,73.0,45.8,5594,419
PT_091,2025-03-30,88,69.3,50.2,5569,443
PT_091,2025-03-31,89,71.1,49.2,6826,483
PT_092,2025-01-01,0,64.7,38.5,6085,526
PT_092,2025-01-02,1,64.6,34.3,6370,516
PT_092,2025-01-03,2,68.3,37.6,5418,422
PT_092,2025-01-04,3,69.3,33.4,5575,505
PT_092,2025-01-05,4,74.6,32.4,4981,475
PT_092,2025-01-06,5,69.8,33.2,5638,528
PT_092,2025-01-07,6,73.2,26.4,4966,479
PT_092,2025-01-08,7,72.1,35.0,5793,488
PT_092,2025-01-09,8,68.1,34.2,6233,493
PT_092,2025-01-10,9,75.1,33.8,5107,505
PT_092,2025-01-11,10,69.7,31.7,5154,427
PT_092,2025-01-12,11,71.3,32.5,5294,491
PT_092,2025-01-13,12,74.4,30.8,5793,449
PT_092,2025-01-14,13,66.4,35.3,5458,453
PT_092,2025-01-15,14,77.2,23.6,4421,446
PT_092,2025-01-16,15,76.2,27.9,4446,448
PT_092,2025-01-17,16,79.6,29.1,4441,485
PT_092,2025-01-18,17,73.7,27.5,4265,474
PT_092,2025-01-19,18,72.4,25.3,4796,444
PT_092,2025-01-20,19,74.5,27.5,4541,428
PT_092,2025-01-21,20,72.5,35.5,4802,481
PT_092,2025-01-22,21,64.2,42.9,6872,397
PT_092,2025-01-23,22,63.7,41.5,5477,508
PT_092,2025-01-24,23,68.2,41.8,5895,484
PT_092,2025-01-25,24,70.5,31.1,6410,448
PT_092,2025-01-26,25,70.1,41.5,6179,453
PT_092,2025-01-27,26,61.6,37.6,5656,421
PT_092,2025-01-28,27,63.8,40.4,5556,401
PT_092,2025-01-29,28,68.3,39.3,6579,471
PT_092,2025-01-30,29,70.5,39.9,5832,494
PT_092,2025-01-31,30,63.7,40.5,6283,497
PT_092,2025-02-01,31,68.9,35.8,4697,436
PT_092,2025-02-02,32,73.8,34.1,4907,458
PT_092,2025-02-03,33,71.3,32.6,5704,512
PT_092,2025-02-04,34,75.4,30.3,4734,500
PT_092,2025-02-05,35,75.6,21.4,4356,510
PT_092,2025-02-06,36,74.3,26.5,3785,433
PT_092,2025-02-07,37,84.7,20.7,4051,493
PT_092,2025-02-08,38,74.8,16.9,2817,453
PT_092,2025-02-09,39,79.1,22.0,3494,537
PT_092,2025-02-10,40,82.3,21.4,5090,423
PT_092,2025-02-11,41,76.1,27.4,4440,457
PT_092,2025-02-12,42,70.3,35.6,5612,425
PT_092,2025-02-13,43,70.0,32.3,5161,547
PT_092,2025-02-14,44,72.6,31.1,4155,495
PT_092,2025-02-15,45,71.7,29.1,5735,487
PT_092,2025-02-16,46,74.9,31.6,6080,517
PT_092,2025-02-17,47,71.8,32.3,5997,436
PT_092,2025-02-18,48,73.2,37.4,5027,444
PT_092,2025-02-19,49,66.0,30.0,5276,419
PT_092,2025-02-20,50,72.7,35.5,6365,518
PT_092,2025-02-21,51,69.4,40.3,5902,486
PT_092,2025-02-22,52,67.1,42.6,5903,402
PT_092,2025-02-23,53,65.0,42.5,6410,490
PT_092,2025-02-24,54,71.8,36.9,5616,444
PT_092,2025-02-25,55,71.1,37.0,5589,423
PT_092,2025-02-26,56,71.1,33.8,5044,454
PT_092,2025-02-27,57,69.4,30.8,5486,453
PT_092,2025-02-28,58,70.0,32.6,5225,488
PT_092,2025-03-01,59,74.4,30.6,5384,481
PT_092,2025-03-02,60,73.2,38.2,4644,470
PT_092,2025-03-03,61,74.6,30.1,5479,447
PT_092,2025-03-04,62,72.7,27.1,4997,402
PT_092,2025-03-05,63,72.3,32.3,6073,498
PT_092,2025-03-06,64,67.7,29.8,5155,451
PT_092,2025-03-07,65,69.1,29.2,5266,466
PT_092,2025-03-08,66,70.6,36.2,5225,461
PT_092,2025-03-09,67,76.1,23.2,4248,455
PT_092,2025-03-10,68,80.5,23.3,4015,415
PT_092,2025-03-11,69,81.1,27.9,3306,486
PT_092,2025-03-12,70,74.6,23.1,3814,471
PT_092,2025-03-13,71,74.5,27.1,4264,414
PT_092,2025-03-14,72,73.5,22.1,5323,507
PT_092,2025-03-15,73,81.2,31.1,3755,480
PT_092,2025-03-16,74,68.1,35.7,6694,439
PT_092,2025-03-17,75,71.7,34.0,5245,515
PT_092,2025-03-18,76,77.5,40.2,5149,456
PT_092,2025-03-19,77,74.2,31.7,4882,479
PT_092,2025-03-20,78,76.9,28.4,4662,481
PT_092,2025-03-21,79,77.0,27.4,4336,505
PT_092,2025-03-22,80,80.0,23.7,4548,533
PT_092,2025-03-23,81,73.1,21.7,4202,472
PT_092,2025-03-24,82,76.5,30.2,4087,539
PT_092,2025-03-25,83,76.8,25.4,4532,464
PT_092,2025-03-26,84,75.7,28.6,4301,453
PT_092,2025-03-27,85,74.9,28.9,4926,490
PT_092,2025-03-28,86,76.5,32.9,4376,431
PT_092,2025-03-29,87,72.9,31.4,4948,492
PT_092,2025-03-30,88,75.2,29.1,4658,515
PT_092,2025-03-31,89,74.4,33.0,4232,472
PT_093,2025-01-01,0,74.2,52.2,6796,446
PT_093,2025-01-02,1,79.0,52.2,6264,427
PT_093,2025-01-03,2,75.6,49.1,7230,421
PT_093,2025-01-04,3,75.2,46.7,6888,433
PT_093,2025-01-05,4,77.0,50.3,5999,461
PT_093,2025-01-06,5,76.1,49.3,6212,473
PT_093,2025-01-07,6,77.4,50.2,6447,437
PT_093,2025-01-08,7,80.4,55.1,6311,437
PT_093,2025-01-09,8,83.1,49.0,6133,393
PT_093,2025-01-10,9,76.7,51.9,6906,444
PT_093,2025-01-11,10,78.9,47.1,6194,483
PT_093,2025-01-12,11,76.3,53.3,6487,451
PT_093,2025-01-13,12,75.9,52.0,6919,466
PT_093,2025-01-14,13,78.0,57.4,7951,427
PT_093,2025-01-15,14,84.7,49.3,4978,388
PT_093,2025-01-16,15,79.6,44.6,6032,476
PT_093,2025-01-17,16,82.2,49.7,5933,521
PT_093,2025-01-18,17,80.5,42.7,5380,497
PT_093,2025-01-19,18,84.2,50.4,6171,433
PT_093,2025-01-20,19,84.9,50.7,5934,430
PT_093,2025-01-21,20,82.1,50.1,6019,454
PT_093,2025-01-22,21,76.3,53.5,7442,488
PT_093,2025-01-23,22,75.2,51.9,7394,448
PT_093,2025-01-24,23,79.3,54.7,7124,430
PT_093,2025-01-25,24,75.3,56.0,6841,421
PT_093,2025-01-26,25,74.3,54.8,6367,454
PT_093,2025-01-27,26,75.1,53.8,6525,471
PT_093,2025-01-28,27,78.6,56.8,6117,405
PT_093,2025-01-29,28,75.8,55.2,7177,367
PT_093,2025-01-30,29,77.1,52.5,7549,461
PT_093,2025-01-31,30,72.5,51.6,6943,488
PT_093,2025-02-01,31,80.2,55.1,6167,427
PT_093,2025-02-02,32,79.0,52.0,6576,592
PT_093,2025-02-03,33,77.9,51.6,6786,399
PT_093,2025-02-04,34,74.5,47.9,7091,402
PT_093,2025-02-05,35,75.4,47.7,6692,415
PT_093,2025-02-06,36,82.1,48.1,5591,415
PT_093,2025-02-07,37,83.3,40.9,6569,423
PT_093,2025-02-08,38,83.8,44.0,5460,437
PT_093,2025-02-09,39,76.9,49.1,5858,499
PT_093,2025-02-10,40,86.1,42.0,5591,516
PT_093,2025-02-11,41,84.4,48.9,5185,476
PT_093,2025-02-12,42,81.7,41.5,5626,455
PT_093,2025-02-13,43,85.3,47.1,5217,431
PT_093,2025-02-14,44,80.9,53.2,6937,448
PT_093,2025-02-15,45,85.7,46.8,6381,497
PT_093,2025-02-16,46,87.0,51.2,5752,443
PT_093,2025-02-17,47,82.3,39.9,5977,448
PT_093,2025-02-18,48,83.5,45.0,5125,473
PT_093,2025-02-19,49,78.5,42.5,5668,470
PT_093,2025-02-20,50,81.9,49.3,5699,412
PT_093,2025-02-21,51,77.7,45.5,6579,419
PT_093,2025-02-22,52,77.0,47.7,6757,461
PT_093,2025-02-23,53,83.0,46.6,5926,434
PT_093,2025-02-24,54,78.0,45.9,7170,418
PT_093,2025-02-25,55,79.2,50.9,5883,456
PT_093,2025-02-26,56,71.3,51.5,6652,411
PT_093,2025-02-27,57,74.9,54.8,7333,399
PT_093,2025-02-28,58,77.8,49.3,7417,426
PT_093,2025-03-01,59,77.8,55.4,7083,431
PT_093,2025-03-02,60,80.0,54.6,6698,456
PT_093,2025-03-03,61,77.7,55.5,6839,446
PT_093,2025-03-04,62,76.7,50.6,7301,406
PT_093,2025-03-05,63,77.7,46.6,6724,449
PT_093,2025-03-06,64,81.5,47.7,6331,397
PT_093,2025-03-07,65,85.1,46.6,6304,445
PT_093,2025-03-08,66,82.0,42.2,5395,427
PT_093,2025-03-09,67,80.6,43.1,5997,455
PT_093,2025-03-10,68,79.7,45.8,5464,436
PT_093,2025-03-11,69,84.6,41.9,6659,411
PT_093,2025-03-12,70,82.2,44.9,5644,463
PT_093,2025-03-13,71,79.8,45.6,5376,495
PT_093,2025-03-14,72,83.5,46.9,5918,432
PT_093,2025-03-15,73,80.8,48.6,6059,493
PT_093,2025-03-16,74,83.1,48.2,5106,468
PT_093,2025-03-17,75,82.6,46.1,5158,455
PT_093,2025-03-18,76,81.1,44.2,5772,481
PT_093,2025-03-19,77,81.6,48.9,5703,459
PT_093,2025-03-20,78,83.3,51.4,6655,440
PT_093,2025-03-21,79,78.9,49.1,6316,461
PT_093,2025-03-22,80,81.7,48.0,5268,463
PT_093,2025-03-23,81,81.1,47.2,6575,468
PT_093,2025-03-24,82,78.5,47.8,6086,510
PT_093,2025-03-25,83,79.0,54.1,6405,438
PT_093,2025-03-26,84,82.2,53.0,6987,447
PT_093,2025-03-27,85,79.5,48.2,6939,407
PT_093,2025-03-28,86,77.1,50.8,6761,391
PT_093,2025-03-29,87,77.1,49.7,6853,486
PT_093,2025-03-30,88,77.8,53.1,6669,450
PT_093,2025-03-31,89,78.1,50.6,6004,446
PT_094,2025-01-01,0,68.7,56.8,5559,449
PT_094,2025-01-02,1,75.0,47.8,5285,480
PT_094,2025-01-03,2,81.7,47.3,2975,496
PT_094,2025-01-04,3,83.6,39.3,3212,373
PT_094,2025-01-05,4,87.2,37.5,2366,414
PT_094,2025-01-06,5,83.9,36.6,2660,488
PT_094,2025-01-07,6,84.3,27.0,2920,400
PT_094,2025-01-08,7,83.4,37.1,2528,480
PT_094,2025-01-09,8,86.0,34.1,2740,355
PT_094,2025-01-10,9,80.6,35.7,2811,448
PT_094,2025-01-11,10,84.9,35.9,2442,386
PT_094,2025-01-12,11,82.5,31.9,3074,466
PT_094,2025-01-13,12,86.0,41.8,3221,454
PT_094,2025-01-14,13,86.9,34.7,2815,414
PT_094,2025-01-15,14,83.4,36.7,2677,416
PT_094,2025-01-16,15,89.8,26.0,1009,424
PT_094,2025-01-17,16,88.6,30.9,2843,497
PT_094,2025-01-18,17,87.0,33.8,2994,457
PT_094,2025-01-19,18,88.1,33.7,2289,429
PT_094,2025-01-20,19,84.3,35.9,2271,442
PT_094,2025-01-21,20,84.1,42.5,2487,401
PT_094,2025-01-22,21,71.3,49.1,5019,425
PT_094,2025-01-23,22,65.0,56.0,6743,463
PT_094,2025-01-24,23,68.7,50.3,5132,388
PT_094,2025-01-25,24,77.7,44.7,4346,437
PT_094,2025-01-26,25,80.4,34.5,4042,511
PT_094,2025-01-27,26,84.2,35.8,2368,365
PT_094,2025-01-28,27,86.6,37.5,2398,456
PT_094,2025-01-29,28,81.3,34.4,3777,472
PT_094,2025-01-30,29,81.6,36.1,2694,417
PT_094,2025-01-31,30,88.5,32.9,3528,440
PT_094,2025-02-01,31,87.3,32.4,2792,464
PT_094,2025-02-02,32,85.7,34.1,3051,464
PT_094,2025-02-03,33,90.6,39.9,2880,457
PT_094,2025-02-04,34,86.4,36.1,2284,440
PT_094,2025-02-05,35,85.4,33.6,2633,458
PT_094,2025-02-06,36,85.4,36.2,3127,485
PT_094,2025-02-07,37,83.4,34.8,2559,457
PT_094,2025-02-08,38,80.6,39.4,2898,461
PT_094,2025-02-09,39,80.8,38.2,3448,449
PT_094,2025-02-10,40,82.0,39.3,3767,463
PT_094,2025-02-11,41,78.8,39.8,4030,475
PT_094,2025-02-12,42,80.2,38.9,3926,488
PT_094,2025-02-13,43,70.9,52.0,6397,436
PT_094,2025-02-14,44,66.5,60.1,6666,454
PT_094,2025-02-15,45,66.7,60.9,5845,383
PT_094,2025-02-16,46,68.2,57.8,6239,442
PT_094,2025-02-17,47,69.0,50.5,5462,477
PT_094,2025-02-18,48,63.5,60.0,5744,472
PT_094,2025-02-19,49,66.9,58.9,6051,439
PT_094,2025-02-20,50,68.3,57.0,5741,415
PT_094,2025-02-21,51,65.9,58.0,5316,436
PT_094,2025-02-22,52,64.5,60.4,6214,428
PT_094,2025-02-23,53,66.6,57.2,5678,476
PT_094,2025-02-24,54,68.4,56.0,5495,454
PT_094,2025-02-25,55,66.2,49.0,6034,434
PT_094,2025-02-26,56,75.1,52.8,5363,465
PT_094,2025-02-27,57,72.7,50.7,4173,433
PT_094,2025-02-28,58,75.3,52.9,4043,434
PT_094,2025-03-01,59,75.6,49.0,4737,526
PT_094,2025-03-02,60,75.6,49.5,5423,507
PT_094,2025-03-03,61,76.0,49.6,4495,487
PT_094,2025-03-04,62,80.3,45.9,4790,463
PT_094,2025-03-05,63,74.4,49.0,4817,476
PT_094,2025-03-06,64,72.1,50.0,4441,428
PT_094,2025-03-07,65,71.1,52.3,5122,412
PT_094,2025-03-08,66,73.3,46.6,5452,449
PT_094,2025-03-09,67,72.5,47.9,4279,446
PT_094,2025-03-10,68,77.3,46.4,4918,448
PT_094,2025-03-11,69,71.2,45.6,4231,447
PT_094,2025-03-12,70,76.2,48.8,3905,449
PT_094,2025-03-13,71,72.6,52.2,4617,464
PT_094,2025-03-14,72,69.5,52.6,4622,537
PT_094,2025-03-15,73,68.9,46.2,4136,499
PT_094,2025-03-16,74,64.5,59.0,5485,472
PT_094,2025-03-17,75,71.9,51.4,4380,450
PT_094,2025-03-18,76,78.2,48.3,4982,475
PT_094,2025-03-19,77,82.9,43.1,3437,445
PT_094,2025-03-20,78,86.2,34.3,3019,447
PT_094,2025-03-21,79,82.7,36.1,3450,466
PT_094,2025-03-22,80,89.5,37.8,2839,385
PT_094,2025-03-23,81,83.3,42.4,2421,460
PT_094,2025-03-24,82,86.2,41.1,1923,414
PT_094,2025-03-25,83,86.4,37.0,3572,474
PT_094,2025-03-26,84,85.9,39.8,3506,450
PT_094,2025-03-27,85,83.1,39.4,3556,559
PT_094,2025-03-28,86,80.1,33.7,2215,465
PT_094,2025-03-29,87,85.3,34.2,2535,441
PT_094,2025-03-30,88,81.3,39.3,2414,512
PT_094,2025-03-31,89,83.8,40.1,3663,482
PT_095,2025-01-01,0,73.9,48.5,6650,481
PT_095,2025-01-02,1,75.1,40.0,6751,490
PT_095,2025-01-03,2,74.2,36.2,6146,489
PT_095,2025-01-04,3,76.3,34.9,5015,457
PT_095,2025-01-05,4,82.1,33.5,5895,509
PT_095,2025-01-06,5,82.9,34.5,5799,549
PT_095,2025-01-07,6,83.2,28.6,4740,493
PT_095,2025-01-08,7,78.2,30.2,5374,484
PT_095,2025-01-09,8,82.9,30.9,5546,442
PT_095,2025-01-10,9,81.5,33.9,5202,553
PT_095,2025-01-11,10,79.8,28.8,4901,514
PT_095,2025-01-12,11,78.3,28.5,5094,502
PT_095,2025-01-13,12,81.7,26.8,5183,502
PT_095,2025-01-14,13,83.0,28.4,5395,488
PT_095,2025-01-15,14,89.6,25.5,3955,499
PT_095,2025-01-16,15,91.3,22.3,3212,493
PT_095,2025-01-17,16,84.4,23.5,4093,420
PT_095,2025-01-18,17,83.1,22.3,4467,482
PT_095,2025-01-19,18,88.1,29.2,4498,445
PT_095,2025-01-20,19,87.6,23.7,4402,524
PT_095,2025-01-21,20,85.6,27.3,4175,427
PT_095,2025-01-22,21,73.9,47.2,7120,559
PT_095,2025-01-23,22,75.0,46.4,7448,492
PT_095,2025-01-24,23,69.5,43.0,7068,439
PT_095,2025-01-25,24,76.1,40.4,6604,493
PT_095,2025-01-26,25,70.9,41.4,8027,557
PT_095,2025-01-27,26,81.0,25.1,4986,409
PT_095,2025-01-28,27,75.4,31.8,5441,524
PT_095,2025-01-29,28,79.0,31.3,5272,431
PT_095,2025-01-30,29,78.0,33.0,4957,500
PT_095,2025-01-31,30,78.4,30.7,4743,489
PT_095,2025-02-01,31,80.6,30.4,5156,501
PT_095,2025-02-02,32,76.3,30.3,5966,537
PT_095,2025-02-03,33,74.8,36.9,6996,540
PT_095,2025-02-04,34,77.7,34.1,5846,513
PT_095,2025-02-05,35,82.4,29.3,5278,563
PT_095,2025-02-06,36,82.9,28.8,4698,523
PT_095,2025-02-07,37,89.3,26.9,4041,414
PT_095,2025-02-08,38,90.5,26.4,3798,468
PT_095,2025-02-09,39,88.0,21.1,3770,458
PT_095,2025-02-10,40,86.0,13.8,3148,521
PT_095,2025-02-11,41,87.2,26.5,4064,480
PT_095,2025-02-12,42,82.7,29.2,4315,472
PT_095,2025-02-13,43,83.8,26.7,3699,402
PT_095,2025-02-14,44,88.9,21.0,4358,519
PT_095,2025-02-15,45,88.4,26.5,4456,463
PT_095,2025-02-16,46,85.9,27.3,4454,512
PT_095,2025-02-17,47,94.0,18.7,2028,529
PT_095,2025-02-18,48,90.6,18.9,2662,405
PT_095,2025-02-19,49,88.6,14.0,2719,540
PT_095,2025-02-20,50,93.1,21.6,3348,493
PT_095,2025-02-21,51,94.6,15.8,2979,496
PT_095,2025-02-22,52,89.4,16.3,3177,457
PT_095,2025-02-23,53,91.9,19.8,3566,433
PT_095,2025-02-24,54,71.6,44.8,5907,498
PT_095,2025-02-25,55,73.1,38.2,5625,533
PT_095,2025-02-26,56,76.7,35.6,5769,511
PT_095,2025-02-27,57,82.5,28.7,4784,509
PT_095,2025-02-28,58,85.9,33.2,4471,516
PT_095,2025-03-01,59,86.4,22.4,3547,531
PT_095,2025-03-02,60,85.7,28.3,4313,472
PT_095,2025-03-03,61,83.2,29.3,4100,491
PT_095,2025-03-04,62,83.0,26.2,4640,448
PT_095,2025-03-05,63,84.3,25.4,4687,438
PT_095,2025-03-06,64,84.4,23.1,3951,481
PT_095,2025-03-07,65,82.9,21.2,3981,466
PT_095,2025-03-08,66,88.2,27.2,4181,459
PT_095,2025-03-09,67,84.0,30.9,4677,522
PT_095,2025-03-10,68,87.8,26.5,4502,494
PT_095,2025-03-11,69,84.7,23.7,4188,534
PT_095,2025-03-12,70,81.6,24.9,4801,476
PT_095,2025-03-13,71,84.0,26.8,4387,489
PT_095,2025-03-14,72,82.6,21.5,4603,432
PT_095,2025-03-15,73,84.7,29.2,4252,519
PT_095,2025-03-16,74,84.9,29.0,4192,463
PT_095,2025-03-17,75,73.0,39.0,6922,457
PT_095,2025-03-18,76,72.0,47.9,6286,470
PT_095,2025-03-19,77,79.8,37.9,5574,536
PT_095,2025-03-20,78,76.1,37.0,5129,493
PT_095,2025-03-21,79,77.6,32.6,5130,520
PT_095,2025-03-22,80,84.1,32.5,4628,476
PT_095,2025-03-23,81,84.6,23.9,4932,480
PT_095,2025-03-24,82,84.6,28.4,4658,488
PT_095,2025-03-25,83,81.5,21.5,5503,564
PT_095,2025-03-26,84,78.8,30.5,5071,477
PT_095,2025-03-27,85,82.3,28.6,5057,505
PT_095,2025-03-28,86,86.9,25.3,4926,498
PT_095,2025-03-29,87,81.7,25.4,4953,491
PT_095,2025-03-30,88,83.6,33.8,4747,461
PT_095,2025-03-31,89,80.0,28.1,5691,491
PT_096,2025-01-01,0,71.4,44.6,7022,491
PT_096,2025-01-02,1,70.4,43.6,5368,569
PT_096,2025-01-03,2,76.3,36.7,5953,498
PT_096,2025-01-04,3,81.8,35.7,6344,524
PT_096,2025-01-05,4,81.6,38.6,5389,475
PT_096,2025-01-06,5,77.0,35.1,5033,521
PT_096,2025-01-07,6,80.7,34.8,5272,429
PT_096,2025-01-08,7,78.1,34.0,6320,491
PT_096,2025-01-09,8,75.0,34.5,5418,497
PT_096,2025-01-10,9,76.1,39.1,5616,525
PT_096,2025-01-11,10,83.9,37.0,5967,476
PT_096,2025-01-12,11,81.8,32.7,5525,523
PT_096,2025-01-13,12,77.3,40.2,5758,470
PT_096,2025-01-14,13,77.0,29.0,5583,506
PT_096,2025-01-15,14,80.8,33.4,5842,496
PT_096,2025-01-16,15,81.1,36.9,5845,436
PT_096,2025-01-17,16,76.8,35.0,5567,477
PT_096,2025-01-18,17,76.7,39.6,6036,541
PT_096,2025-01-19,18,77.7,42.3,5706,561
PT_096,2025-01-20,19,79.5,37.6,6149,510
PT_096,2025-01-21,20,74.0,36.1,6646,492
PT_096,2025-01-22,21,73.5,41.5,7908,514
PT_096,2025-01-23,22,71.0,50.2,6861,496
PT_096,2025-01-24,23,73.5,41.8,7283,508
PT_096,2025-01-25,24,70.3,41.7,7374,498
PT_096,2025-01-26,25,72.1,44.3,7142,498
PT_096,2025-01-27,26,74.9,45.2,7363,458
PT_096,2025-01-28,27,70.0,41.7,8172,487
PT_096,2025-01-29,28,68.4,44.2,6500,551
PT_096,2025-01-30,29,72.0,43.4,6351,488
PT_096,2025-01-31,30,72.7,38.4,5919,480
PT_096,2025-02-01,31,77.5,39.5,7158,529
PT_096,2025-02-02,32,77.5,45.3,6010,480
PT_096,2025-02-03,33,72.6,45.4,6536,464
PT_096,2025-02-04,34,75.9,39.4,5485,457
PT_096,2025-02-05,35,76.6,33.3,5343,440
PT_096,2025-02-06,36,76.3,37.6,5617,535
PT_096,2025-02-07,37,82.8,31.4,4946,597
PT_096,2025-02-08,38,75.8,37.7,6169,548
PT_096,2025-02-09,39,83.4,29.4,5907,444
PT_096,2025-02-10,40,83.3,33.8,6073,476
PT_096,2025-02-11,41,75.9,35.4,5540,524
PT_096,2025-02-12,42,75.6,35.7,6438,530
PT_096,2025-02-13,43,74.5,39.4,6884,495
PT_096,2025-02-14,44,72.7,44.0,6283,544
PT_096,2025-02-15,45,77.3,41.6,5882,474
PT_096,2025-02-16,46,72.2,42.9,6562,526
PT_096,2025-02-17,47,71.1,44.0,6590,562
PT_096,2025-02-18,48,72.8,47.3,7097,482
PT_096,2025-02-19,49,74.3,48.8,7025,565
PT_096,2025-02-20,50,68.8,48.8,7577,509
PT_096,2025-02-21,51,69.6,47.7,6965,466
PT_096,2025-02-22,52,72.3,46.1,7931,551
PT_096,2025-02-23,53,72.5,50.1,7316,492
PT_096,2025-02-24,54,74.0,44.1,6631,543
PT_096,2025-02-25,55,72.1,45.1,6761,525
PT_096,2025-02-26,56,74.4,44.8,6931,521
PT_096,2025-02-27,57,70.2,43.8,6830,513
PT_096,2025-02-28,58,71.5,47.3,7268,468
PT_096,2025-03-01,59,72.1,49.7,7342,483
PT_096,2025-03-02,60,71.3,44.1,7782,485
PT_096,2025-03-03,61,69.7,45.7,6386,516
PT_096,2025-03-04,62,75.3,44.6,6704,574
PT_096,2025-03-05,63,72.5,45.3,6731,478
PT_096,2025-03-06,64,80.3,33.8,7138,493
PT_096,2025-03-07,65,77.2,37.9,5733,537
PT_096,2025-03-08,66,79.5,37.2,6653,479
PT_096,2025-03-09,67,78.5,36.1,5464,495
PT_096,2025-03-10,68,76.8,37.3,6102,513
PT_096,2025-03-11,69,83.3,33.2,4981,541
PT_096,2025-03-12,70,79.5,32.3,4641,480
PT_096,2025-03-13,71,81.6,36.8,5528,500
PT_096,2025-03-14,72,80.5,40.8,5524,455
PT_096,2025-03-15,73,77.7,35.0,5530,467
PT_096,2025-03-16,74,76.6,32.7,5177,519
PT_096,2025-03-17,75,80.4,38.3,5267,521
PT_096,2025-03-18,76,81.8,35.8,6085,570
PT_096,2025-03-19,77,75.9,31.4,6137,455
PT_096,2025-03-20,78,77.6,42.3,5978,522
PT_096,2025-03-21,79,77.6,35.6,6543,560
PT_096,2025-03-22,80,74.8,35.2,5510,497
PT_096,2025-03-23,81,76.1,35.7,6045,546
PT_096,2025-03-24,82,77.5,38.6,6278,463
PT_096,2025-03-25,83,71.0,44.6,6412,523
PT_096,2025-03-26,84,75.2,45.5,7191,534
PT_096,2025-03-27,85,74.2,40.6,6913,541
PT_096,2025-03-28,86,74.7,48.3,6294,504
PT_096,2025-03-29,87,74.8,38.4,7299,526
PT_096,2025-03-30,88,74.6,39.3,7069,550
PT_096,2025-03-31,89,80.1,39.5,5323,527
PT_097,2025-01-01,0,65.0,45.3,6166,521
PT_097,2025-01-02,1,67.8,36.0,5713,486
PT_097,2025-01-03,2,72.1,34.3,5522,494
PT_097,2025-01-04,3,79.9,28.4,4679,421
PT_097,2025-01-05,4,75.9,24.7,4028,427
PT_097,2025-01-06,5,82.3,27.6,4409,461
PT_097,2025-01-07,6,81.1,26.4,3097,429
PT_097,2025-01-08,7,82.7,24.5,3499,496
PT_097,2025-01-09,8,83.0,25.8,4692,478
PT_097,2025-01-10,9,81.9,25.2,3979,457
PT_097,2025-01-11,10,87.1,22.0,3547,480
PT_097,2025-01-12,11,79.8,21.7,4811,470
PT_097,2025-01-13,12,78.7,25.9,4437,500
PT_097,2025-01-14,13,82.4,29.4,4471,493
PT_097,2025-01-15,14,88.9,13.4,3305,457
PT_097,2025-01-16,15,87.8,16.5,2324,487
PT_097,2025-01-17,16,94.7,10.7,2512,444
PT_097,2025-01-18,17,88.0,17.6,3061,436
PT_097,2025-01-19,18,87.6,17.3,2030,521
PT_097,2025-01-20,19,89.4,17.2,2332,532
PT_097,2025-01-21,20,88.8,15.5,3223,448
PT_097,2025-01-22,21,69.0,38.3,5286,508
PT_097,2025-01-23,22,63.5,42.0,6265,459
PT_097,2025-01-24,23,70.9,36.6,6120,471
PT_097,2025-01-25,24,77.1,35.9,5760,452
PT_097,2025-01-26,25,77.9,31.7,4799,546
PT_097,2025-01-27,26,76.6,24.8,4168,471
PT_097,2025-01-28,27,76.6,27.7,3449,515
PT_097,2025-01-29,28,77.0,29.7,3266,483
PT_097,2025-01-30,29,85.8,28.0,4548,461
PT_097,2025-01-31,30,78.5,26.8,4410,489
PT_097,2025-02-01,31,84.1,25.4,3272,500
PT_097,2025-02-02,32,77.1,22.7,3711,496
PT_097,2025-02-03,33,80.4,28.2,2906,422
PT_097,2025-02-04,34,80.3,28.3,3821,481
PT_097,2025-02-05,35,79.6,28.3,4209,446
PT_097,2025-02-06,36,81.5,27.2,4750,429
PT_097,2025-02-07,37,80.7,25.6,5157,457
PT_097,2025-02-08,38,76.8,25.8,4616,418
PT_097,2025-02-09,39,77.7,35.0,4926,436
PT_097,2025-02-10,40,81.7,26.8,4354,499
PT_097,2025-02-11,41,74.8,33.7,5308,534
PT_097,2025-02-12,42,72.2,38.3,5001,429
PT_097,2025-02-13,43,68.5,40.2,6315,405
PT_097,2025-02-14,44,65.1,43.9,6682,487
PT_097,2025-02-15,45,62.2,49.0,6172,437
PT_097,2025-02-16,46,64.8,45.3,6685,437
PT_097,2025-02-17,47,65.6,42.1,6198,394
PT_097,2025-02-18,48,63.0,45.2,6528,492
PT_097,2025-02-19,49,69.7,42.9,7272,489
PT_097,2025-02-20,50,69.2,44.7,6383,425
PT_097,2025-02-21,51,62.8,45.9,6824,481
PT_097,2025-02-22,52,62.6,47.1,6570,532
PT_097,2025-02-23,53,63.5,43.5,6649,493
PT_097,2025-02-24,54,65.7,40.7,6959,430
PT_097,2025-02-25,55,63.9,42.9,6635,470
PT_097,2025-02-26,56,70.7,40.9,6453,457
PT_097,2025-02-27,57,70.1,34.5,6293,488
PT_097,2025-02-28,58,74.1,32.7,5228,405
PT_097,2025-03-01,59,75.0,29.9,4577,515
PT_097,2025-03-02,60,75.4,33.2,4155,443
PT_097,2025-03-03,61,78.0,24.2,4233,487
PT_097,2025-03-04,62,74.4,34.5,4930,492
PT_097,2025-03-05,63,76.0,29.3,4773,481
PT_097,2025-03-06,64,73.0,30.8,5097,474
PT_097,2025-03-07,65,78.2,29.7,4620,461
PT_097,2025-03-08,66,75.2,35.6,4979,466
PT_097,2025-03-09,67,75.3,32.1,4325,462
PT_097,2025-03-10,68,76.8,31.1,4525,508
PT_097,2025-03-11,69,89.8,16.9,2478,463
PT_097,2025-03-12,70,93.0,18.4,2218,474
PT_097,2025-03-13,71,84.5,19.6,2261,479
PT_097,2025-03-14,72,89.2,19.2,2735,474
PT_097,2025-03-15,73,82.3,20.5,2800,477
PT_097,2025-03-16,74,85.5,21.3,2445,430
PT_097,2025-03-17,75,81.9,17.2,3011,470
PT_097,2025-03-18,76,67.2,41.4,7167,450
PT_097,2025-03-19,77,75.2,34.7,5162,456
PT_097,2025-03-20,78,76.8,28.8,4609,462
PT_097,2025-03-21,79,84.5,29.0,4109,502
PT_097,2025-03-22,80,83.3,20.3,3429,454
PT_097,2025-03-23,81,83.4,22.8,3246,432
PT_097,2025-03-24,82,81.7,20.2,3194,423
PT_097,2025-03-25,83,83.0,17.6,3737,525
PT_097,2025-03-26,84,88.5,21.9,3082,518
PT_097,2025-03-27,85,85.7,16.9,3652,433
PT_097,2025-03-28,86,81.2,24.4,3695,472
PT_097,2025-03-29,87,87.6,22.2,2960,543
PT_097,2025-03-30,88,83.0,21.3,3651,511
PT_097,2025-03-31,89,84.5,21.5,3904,462
PT_098,2025-01-01,0,76.6,53.4,8516,377
PT_098,2025-01-02,1,71.2,46.7,6796,347
PT_098,2025-01-03,2,74.2,42.8,6614,388
PT_098,2025-01-04,3,79.9,45.5,6942,292
PT_098,2025-01-05,4,79.1,36.0,6967,335
PT_098,2025-01-06,5,75.1,40.2,5430,394
PT_098,2025-01-07,6,78.9,39.6,5495,408
PT_098,2025-01-08,7,81.1,35.4,5541,394
PT_098,2025-01-09,8,82.0,40.5,4826,352
PT_098,2025-01-10,9,78.6,39.2,5666,411
PT_098,2025-01-11,10,81.1,40.7,6803,364
PT_098,2025-01-12,11,78.6,44.8,5660,443
PT_098,2025-01-13,12,78.3,41.8,6657,354
PT_098,2025-01-14,13,81.6,39.6,6235,455
PT_098,2025-01-15,14,78.7,43.1,6059,400
PT_098,2025-01-16,15,78.3,41.4,5802,370
PT_098,2025-01-17,16,80.1,40.3,6546,455
PT_098,2025-01-18,17,79.3,44.9,7033,353
PT_098,2025-01-19,18,78.8,43.8,6684,403
PT_098,2025-01-20,19,78.3,52.6,6784,386
PT_098,2025-01-21,20,76.5,43.3,5892,472
PT_098,2025-01-22,21,73.6,54.7,8420,360
PT_098,2025-01-23,22,68.7,53.8,8402,388
PT_098,2025-01-24,23,68.5,53.7,7891,342
PT_098,2025-01-25,24,68.4,57.9,8667,407
PT_098,2025-01-26,25,75.0,58.9,7999,386
PT_098,2025-01-27,26,72.9,51.3,6788,367
PT_098,2025-01-28,27,79.2,44.6,6699,379
PT_098,2025-01-29,28,80.3,39.8,6228,340
PT_098,2025-01-30,29,83.8,41.2,6248,390
PT_098,2025-01-31,30,81.1,47.9,6190,356
PT_098,2025-02-01,31,82.2,40.0,5345,331
PT_098,2025-02-02,32,78.7,37.2,5638,344
PT_098,2025-02-03,33,74.9,35.6,6502,504
PT_098,2025-02-04,34,81.5,39.0,6671,343
PT_098,2025-02-05,35,78.4,36.7,4967,458
PT_098,2025-02-06,36,80.9,45.4,6303,392
PT_098,2025-02-07,37,84.4,43.0,5729,385
PT_098,2025-02-08,38,81.7,31.1,6142,381
PT_098,2025-02-09,39,79.4,42.2,5997,417
PT_098,2025-02-10,40,76.3,39.8,6819,352
PT_098,2025-02-11,41,79.1,40.8,6145,378
PT_098,2025-02-12,42,74.9,48.0,6759,380
PT_098,2025-02-13,43,82.2,44.3,6574,342
PT_098,2025-02-14,44,81.0,44.8,7267,381
PT_098,2025-02-15,45,77.9,46.2,7235,341
PT_098,2025-02-16,46,70.1,53.4,8096,371
PT_098,2025-02-17,47,69.3,45.2,8041,455
PT_098,2025-02-18,48,65.8,56.9,8223,334
PT_098,2025-02-19,49,71.5,52.2,7875,339
PT_098,2025-02-20,50,75.3,50.2,7826,325
PT_098,2025-02-21,51,73.2,44.8,7625,404
PT_098,2025-02-22,52,74.2,53.0,7000,412
PT_098,2025-02-23,53,77.2,44.3,6830,398
PT_098,2025-02-24,54,72.7,45.1,6621,384
PT_098,2025-02-25,55,79.3,46.6,7307,297
PT_098,2025-02-26,56,80.2,43.6,7373,357
PT_098,2025-02-27,57,80.9,48.2,6361,370
PT_098,2025-02-28,58,71.5,47.8,6842,409
PT_098,2025-03-01,59,76.3,44.6,7178,371
PT_098,2025-03-02,60,75.9,50.1,7079,399
PT_098,2025-03-03,61,73.6,51.7,6495,404
PT_098,2025-03-04,62,77.5,47.6,6917,428
PT_098,2025-03-05,63,71.6,49.0,7144,303
PT_098,2025-03-06,64,76.0,49.5,7655,409
PT_098,2025-03-07,65,72.0,53.5,6743,381
PT_098,2025-03-08,66,72.1,51.2,7676,399
PT_098,2025-03-09,67,75.3,47.2,7561,371
PT_098,2025-03-10,68,72.3,50.1,8170,399
PT_098,2025-03-11,69,68.0,53.3,9168,413
PT_098,2025-03-12,70,69.6,45.2,7525,378
PT_098,2025-03-13,71,75.9,46.5,6020,326
PT_098,2025-03-14,72,79.0,38.8,6360,358
PT_098,2025-03-15,73,80.5,38.3,6380,350
PT_098,2025-03-16,74,83.5,41.5,5706,418
PT_098,2025-03-17,75,83.1,39.5,5781,447
PT_098,2025-03-18,76,86.4,38.0,5603,358
PT_098,2025-03-19,77,83.7,35.9,5992,420
PT_098,2025-03-20,78,85.7,35.1,5492,343
PT_098,2025-03-21,79,81.9,37.8,6202,376
PT_098,2025-03-22,80,81.3,42.5,5874,352
PT_098,2025-03-23,81,77.7,42.4,5264,315
PT_098,2025-03-24,82,81.5,39.8,7032,371
PT_098,2025-03-25,83,80.1,35.6,6727,333
PT_098,2025-03-26,84,82.4,44.4,5687,429
PT_098,2025-03-27,85,78.7,43.1,5909,355
PT_098,2025-03-28,86,79.1,42.0,6409,415
PT_098,2025-03-29,87,74.3,40.8,7018,318
PT_098,2025-03-30,88,80.6,42.1,6281,364
PT_098,2025-03-31,89,76.7,42.3,7487,364
PT_099,2025-01-01,0,68.4,40.9,6324,419
PT_099,2025-01-02,1,73.7,35.6,6275,497
PT_099,2025-01-03,2,80.1,34.2,5436,502
PT_099,2025-01-04,3,77.3,26.6,4292,383
PT_099,2025-01-05,4,77.7,28.1,5152,425
PT_099,2025-01-06,5,77.2,26.4,3810,429
PT_099,2025-01-07,6,81.7,22.3,3626,486
PT_099,2025-01-08,7,81.0,24.9,4449,420
PT_099,2025-01-09,8,80.5,26.4,4668,399
PT_099,2025-01-10,9,80.6,24.3,3101,458
PT_099,2025-01-11,10,78.1,22.1,4073,453
PT_099,2025-01-12,11,83.7,30.0,4241,402
PT_099,2025-01-13,12,79.1,26.6,3513,444
PT_099,2025-01-14,13,77.5,24.8,3879,449
PT_099,2025-01-15,14,83.5,21.0,3544,420
PT_099,2025-01-16,15,85.6,24.2,3492,481
PT_099,2025-01-17,16,86.3,30.0,3461,425
PT_099,2025-01-18,17,86.9,26.8,4683,436
PT_099,2025-01-19,18,80.7,20.2,4409,404
PT_099,2025-01-20,19,80.6,27.9,5108,431
PT_099,2025-01-21,20,76.1,22.5,4281,418
PT_099,2025-01-22,21,72.1,41.5,7109,420
PT_099,2025-01-23,22,62.8,35.9,6719,487
PT_099,2025-01-24,23,79.1,31.0,4901,487
PT_099,2025-01-25,24,78.3,31.6,5215,407
PT_099,2025-01-26,25,79.5,32.9,5074,453
PT_099,2025-01-27,26,80.4,39.3,5114,453
PT_099,2025-01-28,27,73.4,33.8,5648,455
PT_099,2025-01-29,28,75.5,34.2,5453,443
PT_099,2025-01-30,29,75.8,35.4,4898,483
PT_099,2025-01-31,30,70.7,40.2,6032,480
PT_099,2025-02-01,31,81.9,28.3,4792,444
PT_099,2025-02-02,32,85.6,28.8,3399,443
PT_099,2025-02-03,33,88.4,17.4,3568,454
PT_099,2025-02-04,34,89.6,13.6,2584,483
PT_099,2025-02-05,35,87.3,17.0,3493,386
PT_099,2025-02-06,36,89.7,22.2,3604,430
PT_099,2025-02-07,37,88.8,17.0,3550,422
PT_099,2025-02-08,38,84.2,17.4,3689,436
PT_099,2025-02-09,39,84.0,26.1,2781,397
PT_099,2025-02-10,40,87.1,18.3,3010,458
PT_099,2025-02-11,41,89.6,17.9,3547,445
PT_099,2025-02-12,42,90.3,18.6,2644,411
PT_099,2025-02-13,43,89.3,16.8,3066,479
PT_099,2025-02-14,44,90.4,21.2,3176,424
PT_099,2025-02-15,45,88.4,18.7,3122,486
PT_099,2025-02-16,46,85.5,16.4,2848,536
PT_099,2025-02-17,47,84.1,20.4,3610,449
PT_099,2025-02-18,48,84.6,16.4,3662,481
PT_099,2025-02-19,49,83.1,17.7,3114,411
PT_099,2025-02-20,50,83.5,28.2,3863,389
PT_099,2025-02-21,51,72.3,41.2,7063,477
PT_099,2025-02-22,52,69.3,35.1,6625,377
PT_099,2025-02-23,53,67.6,41.1,6587,427
PT_099,2025-02-24,54,71.2,41.6,6230,451
PT_099,2025-02-25,55,73.6,31.9,5007,478
PT_099,2025-02-26,56,73.8,40.3,6123,413
PT_099,2025-02-27,57,75.3,31.5,5520,477
PT_099,2025-02-28,58,75.2,32.4,5895,446
PT_099,2025-03-01,59,74.4,40.6,5513,412
PT_099,2025-03-02,60,69.2,36.2,5312,389
PT_099,2025-03-03,61,72.0,41.5,5307,426
PT_099,2025-03-04,62,77.9,30.3,4979,458
PT_099,2025-03-05,63,78.4,24.3,4560,449
PT_099,2025-03-06,64,86.3,23.2,2641,430
PT_099,2025-03-07,65,87.9,17.4,2660,491
PT_099,2025-03-08,66,85.1,20.1,3083,462
PT_099,2025-03-09,67,82.9,20.5,3401,474
PT_099,2025-03-10,68,88.4,19.9,2822,496
PT_099,2025-03-11,69,81.9,14.4,3649,439
PT_099,2025-03-12,70,86.5,17.3,3383,444
PT_099,2025-03-13,71,87.5,17.4,3220,464
PT_099,2025-03-14,72,85.8,19.8,3743,386
PT_099,2025-03-15,73,83.4,24.7,3511,392
PT_099,2025-03-16,74,82.4,16.8,3550,393
PT_099,2025-03-17,75,89.6,17.8,3005,447
PT_099,2025-03-18,76,88.4,21.0,3369,472
PT_099,2025-03-19,77,86.4,20.6,3332,366
PT_099,2025-03-20,78,84.4,25.9,3114,500
PT_099,2025-03-21,79,84.3,21.2,3270,416
PT_099,2025-03-22,80,85.5,30.2,3782,429
PT_099,2025-03-23,81,82.3,21.9,4021,421
PT_099,2025-03-24,82,69.9,39.1,6298,392
PT_099,2025-03-25,83,76.5,34.4,5309,460
PT_099,2025-03-26,84,78.8,28.2,4058,433
PT_099,2025-03-27,85,83.4,30.3,4147,417
PT_099,2025-03-28,86,82.6,18.3,3811,468
PT_099,2025-03-29,87,84.7,21.9,3489,392
PT_099,2025-03-30,88,82.6,25.8,3528,445
PT_099,2025-03-31,89,84.0,17.2,3413,490
PT_100,2025-01-01,0,56.9,60.0,7522,444
PT_100,2025-01-02,1,57.5,57.4,5897,490
PT_100,2025-01-03,2,54.7,55.5,7098,462
PT_100,2025-01-04,3,53.5,56.8,6664,442
PT_100,2025-01-05,4,52.5,57.3,6541,439
PT_100,2025-01-06,5,61.2,58.4,7457,460
PT_100,2025-01-07,6,56.9,53.5,6536,451
PT_100,2025-01-08,7,57.0,53.2,6775,475
PT_100,2025-01-09,8,56.0,51.9,6498,383
PT_100,2025-01-10,9,60.1,54.5,5507,476
PT_100,2025-01-11,10,58.7,51.8,7630,470
PT_100,2025-01-12,11,54.0,55.9,6926,427
PT_100,2025-01-13,12,60.2,47.5,6375,458
PT_100,2025-01-14,13,58.8,48.5,7732,466
PT_100,2025-01-15,14,59.8,51.8,6855,424
PT_100,2025-01-16,15,60.2,51.1,6767,438
PT_100,2025-01-17,16,57.6,53.8,6690,455
PT_100,2025-01-18,17,58.1,57.5,6932,450
PT_100,2025-01-19,18,51.0,51.0,7399,511
PT_100,2025-01-20,19,59.4,55.9,5792,453
PT_100,2025-01-21,20,58.1,53.6,7350,513
PT_100,2025-01-22,21,57.6,54.6,7010,409
PT_100,2025-01-23,22,57.0,56.1,8106,513
PT_100,2025-01-24,23,52.8,55.2,7114,374
PT_100,2025-01-25,24,56.1,58.7,6687,422
PT_100,2025-01-26,25,56.9,52.6,6044,433
PT_100,2025-01-27,26,62.5,47.8,6347,447
PT_100,2025-01-28,27,59.6,50.7,5791,424
PT_100,2025-01-29,28,62.4,44.5,5401,433
PT_100,2025-01-30,29,64.8,44.9,5802,435
PT_100,2025-01-31,30,61.2,43.0,5385,414
PT_100,2025-02-01,31,63.0,47.9,6086,423
PT_100,2025-02-02,32,61.7,45.1,5831,435
PT_100,2025-02-03,33,61.3,54.7,5158,395
PT_100,2025-02-04,34,63.9,45.9,5771,466
PT_100,2025-02-05,35,68.4,37.7,3757,385
PT_100,2025-02-06,36,74.2,34.4,4401,424
PT_100,2025-02-07,37,74.2,37.7,4587,472
PT_100,2025-02-08,38,73.8,39.2,4511,437
PT_100,2025-02-09,39,69.8,38.0,4882,412
PT_100,2025-02-10,40,68.6,41.1,4644,381
PT_100,2025-02-11,41,67.1,39.0,4891,488
PT_100,2025-02-12,42,62.9,49.6,6160,469
PT_100,2025-02-13,43,58.2,53.2,7066,417
PT_100,2025-02-14,44,54.3,62.9,7341,442
PT_100,2025-02-15,45,52.7,56.6,7829,434
PT_100,2025-02-16,46,57.8,60.9,6218,466
PT_100,2025-02-17,47,52.6,54.2,7931,450
PT_100,2025-02-18,48,53.6,56.3,8033,480
PT_100,2025-02-19,49,59.0,54.0,7239,428
PT_100,2025-02-20,50,54.7,58.5,7213,424
PT_100,2025-02-21,51,66.1,49.7,5738,518
PT_100,2025-02-22,52,60.5,50.2,6530,446
PT_100,2025-02-23,53,62.1,43.0,5691,460
PT_100,2025-02-24,54,63.5,49.2,6092,462
PT_100,2025-02-25,55,67.6,47.5,5463,449
PT_100,2025-02-26,56,65.0,52.6,5938,446
PT_100,2025-02-27,57,61.7,47.9,5886,458
PT_100,2025-02-28,58,55.1,56.7,6846,465
PT_100,2025-03-01,59,63.5,56.7,6543,452
PT_100,2025-03-02,60,66.9,39.8,5721,422
PT_100,2025-03-03,61,65.8,40.6,5512,424
PT_100,2025-03-04,62,65.3,41.1,4979,456
PT_100,2025-03-05,63,71.7,40.4,4548,493
PT_100,2025-03-06,64,71.9,30.5,4225,450
PT_100,2025-03-07,65,73.6,36.3,4298,450
PT_100,2025-03-08,66,75.4,33.1,3363,470
PT_100,2025-03-09,67,70.7,32.1,3878,414
PT_100,2025-03-10,68,78.6,30.1,4005,458
PT_100,2025-03-11,69,71.4,38.2,3666,537
PT_100,2025-03-12,70,71.2,32.9,4564,501
PT_100,2025-03-13,71,72.1,41.1,5173,509
PT_100,2025-03-14,72,71.1,32.1,3687,460
PT_100,2025-03-15,73,71.9,36.3,4361,406
PT_100,2025-03-16,74,67.1,40.2,4593,434
PT_100,2025-03-17,75,65.1,41.8,4831,495
PT_100,2025-03-18,76,70.7,36.4,4948,487
PT_100,2025-03-19,77,68.0,44.3,4575,377
PT_100,2025-03-20,78,64.6,42.9,4862,477
PT_100,2025-03-21,79,57.7,54.2,6795,442
PT_100,2025-03-22,80,62.9,51.8,6375,374
PT_100,2025-03-23,81,60.8,45.4,6465,463
PT_100,2025-03-24,82,65.0,46.3,6561,484
PT_100,2025-03-25,83,62.3,49.6,5531,463
PT_100,2025-03-26,84,71.0,38.4,5234,475
PT_100,2025-03-27,85,67.6,48.6,4584,416
PT_100,2025-03-28,86,66.3,43.7,5621,493
PT_100,2025-03-29,87,62.8,37.7,4990,439
PT_100,2025-03-30,88,67.0,40.7,5069,454
PT_100,2025-03-31,89,63.7,39.6,5130,411
PT_101,2025-01-01,0,68.9,39.5,5279,487
PT_101,2025-01-02,1,72.5,38.3,5013,475
PT_101,2025-01-03,2,72.1,36.5,4498,467
PT_101,2025-01-04,3,73.2,28.8,4333,471
PT_101,2025-01-05,4,68.8,30.7,2715,474
PT_101,2025-01-06,5,73.4,31.3,3692,565
PT_101,2025-01-07,6,74.4,34.5,3892,446
PT_101,2025-01-08,7,75.4,28.2,4006,486
PT_101,2025-01-09,8,76.7,28.7,2799,526
PT_101,2025-01-10,9,73.2,30.2,3474,449
PT_101,2025-01-11,10,71.9,27.0,3532,494
PT_101,2025-01-12,11,75.5,32.4,3777,433
PT_101,2025-01-13,12,75.5,31.4,3585,450
PT_101,2025-01-14,13,77.6,29.4,3812,530
PT_101,2025-01-15,14,70.4,25.5,2947,483
PT_101,2025-01-16,15,74.2,28.7,4059,537
PT_101,2025-01-17,16,71.8,32.9,4289,529
PT_101,2025-01-18,17,71.3,34.5,3955,459
PT_101,2025-01-19,18,73.1,31.6,4204,511
PT_101,2025-01-20,19,74.0,29.7,3915,490
PT_101,2025-01-21,20,68.9,31.9,4040,441
PT_101,2025-01-22,21,69.4,37.7,5414,381
PT_101,2025-01-23,22,68.7,36.5,5124,480
PT_101,2025-01-24,23,64.9,40.7,5424,460
PT_101,2025-01-25,24,67.2,43.2,5096,497
PT_101,2025-01-26,25,68.1,42.2,3738,473
PT_101,2025-01-27,26,72.1,48.0,5632,538
PT_101,2025-01-28,27,70.0,33.8,4970,477
PT_101,2025-01-29,28,71.3,39.5,4746,444
PT_101,2025-01-30,29,66.1,33.1,4765,461
PT_101,2025-01-31,30,64.6,36.1,4871,505
PT_101,2025-02-01,31,71.0,39.9,3410,466
PT_101,2025-02-02,32,69.7,37.3,5107,500
PT_101,2025-02-03,33,71.9,33.5,4826,487
PT_101,2025-02-04,34,67.4,36.0,4382,461
PT_101,2025-02-05,35,71.9,32.1,4323,464
PT_101,2025-02-06,36,70.5,32.4,4233,476
PT_101,2025-02-07,37,71.1,32.8,4143,520
PT_101,2025-02-08,38,75.6,31.3,4354,514
PT_101,2025-02-09,39,72.6,31.9,3427,525
PT_101,2025-02-10,40,75.0,34.0,4109,490
PT_101,2025-02-11,41,75.8,27.9,4483,425
PT_101,2025-02-12,42,74.2,35.2,3921,480
PT_101,2025-02-13,43,74.0,33.4,4249,528
PT_101,2025-02-14,44,72.9,29.4,3355,471
PT_101,2025-02-15,45,74.5,38.2,3470,511
PT_101,2025-02-16,46,68.4,30.9,5100,442
PT_101,2025-02-17,47,68.7,35.2,4479,434
PT_101,2025-02-18,48,69.6,31.3,3645,440
PT_101,2025-02-19,49,72.8,35.3,4234,463
PT_101,2025-02-20,50,70.1,33.5,3785,536
PT_101,2025-02-21,51,71.8,33.1,4400,532
PT_101,2025-02-22,52,71.8,30.9,4804,565
PT_101,2025-02-23,53,64.7,41.3,4428,468
PT_101,2025-02-24,54,68.2,36.4,4951,484
PT_101,2025-02-25,55,69.1,38.0,4623,492
PT_101,2025-02-26,56,64.3,43.5,5470,447
PT_101,2025-02-27,57,67.1,37.6,4578,475
PT_101,2025-02-28,58,67.5,39.0,5043,479
PT_101,2025-03-01,59,61.6,38.7,4751,479
PT_101,2025-03-02,60,73.2,40.4,4775,527
PT_101,2025-03-03,61,67.3,41.2,5464,478
PT_101,2025-03-04,62,66.9,37.8,5836,492
PT_101,2025-03-05,63,68.4,38.9,4991,408
PT_101,2025-03-06,64,72.4,36.2,4502,520
PT_101,2025-03-07,65,69.0,39.5,4868,517
PT_101,2025-03-08,66,64.2,36.3,4622,514
PT_101,2025-03-09,67,68.5,32.9,4671,515
PT_101,2025-03-10,68,72.0,29.2,4568,509
PT_101,2025-03-11,69,71.2,38.0,4407,491
PT_101,2025-03-12,70,73.6,31.9,3631,487
PT_101,2025-03-13,71,76.1,30.0,4267,449
PT_101,2025-03-14,72,72.8,30.2,5041,448
PT_101,2025-03-15,73,68.2,30.0,3597,467
PT_101,2025-03-16,74,71.6,33.1,4069,488
PT_101,2025-03-17,75,74.4,40.7,3728,467
PT_101,2025-03-18,76,77.4,38.7,3726,445
PT_101,2025-03-19,77,71.4,32.5,3977,475
PT_101,2025-03-20,78,70.5,30.5,4413,476
PT_101,2025-03-21,79,71.7,37.6,4110,490
PT_101,2025-03-22,80,72.6,36.4,4205,462
PT_101,2025-03-23,81,70.2,35.6,4377,493
PT_101,2025-03-24,82,70.9,37.9,4294,449
PT_101,2025-03-25,83,65.9,32.5,4144,440
PT_101,2025-03-26,84,72.1,36.8,4199,503
PT_101,2025-03-27,85,74.8,29.1,4322,473
PT_101,2025-03-28,86,68.7,35.5,5478,474
PT_101,2025-03-29,87,70.2,35.4,5173,466
PT_101,2025-03-30,88,66.3,39.2,4840,484
PT_101,2025-03-31,89,65.8,35.2,5752,488
PT_102,2025-01-01,0,60.8,41.6,5471,472
PT_102,2025-01-02,1,59.1,44.0,5830,478
PT_102,2025-01-03,2,57.7,38.5,5169,415
PT_102,2025-01-04,3,61.3,33.8,4406,450
PT_102,2025-01-05,4,57.2,37.7,4162,515
PT_102,2025-01-06,5,54.6,32.1,5031,460
PT_102,2025-01-07,6,60.3,39.4,4238,414
PT_102,2025-01-08,7,68.0,32.5,4105,445
PT_102,2025-01-09,8,64.6,36.0,4596,437
PT_102,2025-01-10,9,67.6,33.1,4897,498
PT_102,2025-01-11,10,60.5,36.8,4861,465
PT_102,2025-01-12,11,63.0,40.4,4245,458
PT_102,2025-01-13,12,59.2,35.9,5053,448
PT_102,2025-01-14,13,61.0,39.7,4350,524
PT_102,2025-01-15,14,60.3,31.2,5311,494
PT_102,2025-01-16,15,65.8,33.1,4551,467
PT_102,2025-01-17,16,58.8,38.4,4192,507
PT_102,2025-01-18,17,59.8,34.2,3715,475
PT_102,2025-01-19,18,63.1,33.4,4196,474
PT_102,2025-01-20,19,58.3,37.2,4437,444
PT_102,2025-01-21,20,59.3,37.5,5047,502
PT_102,2025-01-22,21,57.9,42.8,5469,461
PT_102,2025-01-23,22,61.7,39.7,4598,518
PT_102,2025-01-24,23,62.5,38.3,5239,472
PT_102,2025-01-25,24,63.6,39.1,4823,506
PT_102,2025-01-26,25,63.7,29.2,4618,486
PT_102,2025-01-27,26,58.8,30.2,4804,480
PT_102,2025-01-28,27,62.9,30.1,4444,570
PT_102,2025-01-29,28,68.7,33.3,3776,462
PT_102,2025-01-30,29,59.1,33.8,3945,483
PT_102,2025-01-31,30,61.8,36.9,3330,453
PT_102,2025-02-01,31,68.6,29.5,3671,506
PT_102,2025-02-02,32,65.2,30.9,3722,434
PT_102,2025-02-03,33,65.4,33.3,3944,448
PT_102,2025-02-04,34,64.6,31.3,4130,474
PT_102,2025-02-05,35,59.6,33.2,4387,482
PT_102,2025-02-06,36,65.5,34.5,4299,443
PT_102,2025-02-07,37,71.6,31.3,4384,515
PT_102,2025-02-08,38,61.9,34.6,4263,408
PT_102,2025-02-09,39,66.0,35.6,4425,511
PT_102,2025-02-10,40,66.6,33.8,3876,495
PT_102,2025-02-11,41,59.7,33.9,4382,475
PT_102,2025-02-12,42,59.5,39.9,5694,476
PT_102,2025-02-13,43,60.4,39.2,6083,448
PT_102,2025-02-14,44,54.4,39.2,4358,455
PT_102,2025-02-15,45,56.7,38.4,4928,512
PT_102,2025-02-16,46,59.2,44.3,5435,502
PT_102,2025-02-17,47,56.3,39.7,5195,542
PT_102,2025-02-18,48,63.8,39.9,5349,436
PT_102,2025-02-19,49,60.2,40.1,4785,415
PT_102,2025-02-20,50,53.4,41.1,5465,434
PT_102,2025-02-21,51,59.4,40.1,5137,516
PT_102,2025-02-22,52,57.6,40.3,5705,515
PT_102,2025-02-23,53,62.7,40.9,5014,436
PT_102,2025-02-24,54,64.2,34.7,5522,466
PT_102,2025-02-25,55,61.7,34.2,4343,462
PT_102,2025-02-26,56,61.6,37.4,4698,559
PT_102,2025-02-27,57,58.8,36.9,4362,497
PT_102,2025-02-28,58,61.1,35.3,4619,529
PT_102,2025-03-01,59,60.5,36.8,4996,521
PT_102,2025-03-02,60,55.4,39.9,5045,470
PT_102,2025-03-03,61,60.5,40.9,4076,485
PT_102,2025-03-04,62,58.1,35.8,4240,500
PT_102,2025-03-05,63,59.9,33.7,4763,537
PT_102,2025-03-06,64,59.5,36.3,4408,497
PT_102,2025-03-07,65,63.2,33.6,5150,406
PT_102,2025-03-08,66,63.7,36.5,5386,473
PT_102,2025-03-09,67,55.8,38.0,4301,477
PT_102,2025-03-10,68,57.0,36.4,4659,452
PT_102,2025-03-11,69,56.5,34.0,4923,409
PT_102,2025-03-12,70,61.9,35.2,5085,442
PT_102,2025-03-13,71,60.7,37.5,4355,461
PT_102,2025-03-14,72,59.1,45.8,5450,521
PT_102,2025-03-15,73,56.2,37.5,5177,458
PT_102,2025-03-16,74,59.3,31.8,5385,504
PT_102,2025-03-17,75,60.1,38.8,4202,486
PT_102,2025-03-18,76,59.6,33.4,4601,405
PT_102,2025-03-19,77,61.1,34.3,4714,441
PT_102,2025-03-20,78,56.1,34.0,5277,454
PT_102,2025-03-21,79,61.4,35.0,4697,490
PT_102,2025-03-22,80,60.1,40.4,4264,455
PT_102,2025-03-23,81,61.4,38.6,5156,492
PT_102,2025-03-24,82,61.8,38.1,4484,476
PT_102,2025-03-25,83,59.8,34.6,4119,426
PT_102,2025-03-26,84,59.3,35.1,3830,500
PT_102,2025-03-27,85,64.2,37.5,4700,444
PT_102,2025-03-28,86,59.5,36.9,5006,421
PT_102,2025-03-29,87,58.1,40.7,4441,405
PT_102,2025-03-30,88,57.1,36.3,4623,507
PT_102,2025-03-31,89,58.2,38.0,4432,493
PT_103,2025-01-01,0,66.9,44.5,7229,419
PT_103,2025-01-02,1,67.8,31.4,6113,446
PT_103,2025-01-03,2,69.3,22.1,4225,471
PT_103,2025-01-04,3,76.0,15.0,3626,400
PT_103,2025-01-05,4,78.3,18.8,3415,414
PT_103,2025-01-06,5,78.0,18.1,3383,445
PT_103,2025-01-07,6,79.5,23.8,3600,431
PT_103,2025-01-08,7,80.0,16.6,3641,393
PT_103,2025-01-09,8,80.3,20.7,3596,446
PT_103,2025-01-10,9,76.9,19.4,3955,434
PT_103,2025-01-11,10,79.2,23.1,3542,417
PT_103,2025-01-12,11,78.3,22.6,3973,373
PT_103,2025-01-13,12,78.7,17.1,4564,441
PT_103,2025-01-14,13,77.6,20.6,3860,413
PT_103,2025-01-15,14,81.0,14.7,3414,391
PT_103,2025-01-16,15,79.2,20.9,3158,447
PT_103,2025-01-17,16,83.1,15.7,3810,420
PT_103,2025-01-18,17,80.7,18.4,4365,441
PT_103,2025-01-19,18,78.4,20.9,3928,410
PT_103,2025-01-20,19,79.3,24.8,3501,474
PT_103,2025-01-21,20,79.4,21.1,3879,438
PT_103,2025-01-22,21,57.6,40.7,6722,429
PT_103,2025-01-23,22,62.3,41.6,6808,463
PT_103,2025-01-24,23,60.0,38.0,6543,435
PT_103,2025-01-25,24,61.4,43.6,6465,428
PT_103,2025-01-26,25,67.8,33.8,5881,459
PT_103,2025-01-27,26,66.1,29.3,4809,441
PT_103,2025-01-28,27,73.9,26.2,3969,435
PT_103,2025-01-29,28,77.2,23.4,4362,383
PT_103,2025-01-30,29,78.3,21.9,3024,474
PT_103,2025-01-31,30,76.1,21.7,3766,383
PT_103,2025-02-01,31,78.2,22.3,3841,496
PT_103,2025-02-02,32,82.5,18.6,3529,439
PT_103,2025-02-03,33,75.3,20.3,3152,416
PT_103,2025-02-04,34,75.5,20.2,4160,449
PT_103,2025-02-05,35,76.4,26.5,4122,456
PT_103,2025-02-06,36,77.8,24.2,3791,388
PT_103,2025-02-07,37,76.9,21.9,3720,416
PT_103,2025-02-08,38,74.2,24.2,3922,411
PT_103,2025-02-09,39,74.4,25.7,3896,382
PT_103,2025-02-10,40,74.8,25.4,4167,448
PT_103,2025-02-11,41,69.5,29.7,4922,464
PT_103,2025-02-12,42,68.4,26.9,4733,409
PT_103,2025-02-13,43,68.8,26.8,3357,388
PT_103,2025-02-14,44,70.1,28.9,5225,433
PT_103,2025-02-15,45,56.0,48.0,6043,429
PT_103,2025-02-16,46,58.1,44.0,7126,417
PT_103,2025-02-17,47,61.7,37.1,7125,415
PT_103,2025-02-18,48,60.1,45.4,8125,395
PT_103,2025-02-19,49,62.5,44.7,6901,400
PT_103,2025-02-20,50,68.9,38.7,4869,468
PT_103,2025-02-21,51,68.0,28.9,5043,430
PT_103,2025-02-22,52,70.2,27.3,5745,422
PT_103,2025-02-23,53,75.9,23.0,4784,446
PT_103,2025-02-24,54,75.1,25.5,3987,412
PT_103,2025-02-25,55,75.2,23.7,3268,398
PT_103,2025-02-26,56,78.2,19.6,3786,463
PT_103,2025-02-27,57,72.9,24.6,4491,474
PT_103,2025-02-28,58,74.4,21.8,4027,428
PT_103,2025-03-01,59,78.7,21.9,4259,471
PT_103,2025-03-02,60,75.1,26.9,3243,434
PT_103,2025-03-03,61,78.5,19.3,4332,413
PT_103,2025-03-04,62,72.3,23.6,4627,460
PT_103,2025-03-05,63,77.1,23.3,2959,373
PT_103,2025-03-06,64,79.2,16.4,3034,395
PT_103,2025-03-07,65,73.4,19.8,3250,407
PT_103,2025-03-08,66,81.1,17.1,3335,421
PT_103,2025-03-09,67,76.3,23.5,4597,486
PT_103,2025-03-10,68,73.8,21.0,3534,400
PT_103,2025-03-11,69,73.8,18.8,3533,410
PT_103,2025-03-12,70,62.0,41.5,6860,392
PT_103,2025-03-13,71,72.6,38.6,5853,439
PT_103,2025-03-14,72,71.8,20.3,4223,389
PT_103,2025-03-15,73,80.8,21.0,3973,390
PT_103,2025-03-16,74,79.7,20.2,4388,433
PT_103,2025-03-17,75,79.1,22.6,4044,402
PT_103,2025-03-18,76,76.4,16.8,3152,465
PT_103,2025-03-19,77,74.6,23.7,4062,377
PT_103,2025-03-20,78,78.4,18.8,3356,427
PT_103,2025-03-21,79,76.0,16.2,3603,452
PT_103,2025-03-22,80,75.3,21.7,3066,438
PT_103,2025-03-23,81,79.7,22.6,2657,425
PT_103,2025-03-24,82,80.3,19.3,3473,354
PT_103,2025-03-25,83,81.7,18.2,4505,363
PT_103,2025-03-26,84,83.2,18.6,3529,472
PT_103,2025-03-27,85,80.8,29.7,3256,526
PT_103,2025-03-28,86,78.2,22.2,3735,345
PT_103,2025-03-29,87,74.2,19.5,4195,443
PT_103,2025-03-30,88,79.5,21.5,3946,341
PT_103,2025-03-31,89,79.9,21.9,3303,430
PT_104,2025-01-01,0,78.6,47.1,5783,441
PT_104,2025-01-02,1,79.7,40.3,4558,464
PT_104,2025-01-03,2,78.9,47.6,3496,443
PT_104,2025-01-04,3,87.1,35.6,4754,453
PT_104,2025-01-05,4,82.2,43.3,3255,518
PT_104,2025-01-06,5,88.6,41.3,4393,458
PT_104,2025-01-07,6,82.5,38.0,4236,502
PT_104,2025-01-08,7,87.9,34.9,3939,490
PT_104,2025-01-09,8,84.6,41.3,4731,528
PT_104,2025-01-10,9,85.6,42.2,4149,478
PT_104,2025-01-11,10,86.9,38.7,4051,505
PT_104,2025-01-12,11,85.6,39.9,3407,396
PT_104,2025-01-13,12,83.6,36.9,3820,512
PT_104,2025-01-14,13,81.6,43.7,3655,520
PT_104,2025-01-15,14,81.7,39.8,3376,490
PT_104,2025-01-16,15,81.5,41.2,4586,459
PT_104,2025-01-17,16,83.5,39.7,3171,527
PT_104,2025-01-18,17,89.1,41.1,4386,448
PT_104,2025-01-19,18,83.8,40.9,4355,465
PT_104,2025-01-20,19,81.0,42.3,3242,509
PT_104,2025-01-21,20,77.6,44.5,3785,417
PT_104,2025-01-22,21,77.1,49.2,5121,474
PT_104,2025-01-23,22,81.6,49.3,5343,426
PT_104,2025-01-24,23,83.6,47.5,3606,424
PT_104,2025-01-25,24,84.0,38.1,3395,471
PT_104,2025-01-26,25,81.8,41.0,3374,541
PT_104,2025-01-27,26,85.8,34.7,2963,452
PT_104,2025-01-28,27,89.2,34.6,3437,449
PT_104,2025-01-29,28,85.1,36.8,2864,419
PT_104,2025-01-30,29,86.8,40.3,2979,432
PT_104,2025-01-31,30,83.1,37.8,2153,474
PT_104,2025-02-01,31,83.7,33.5,4188,448
PT_104,2025-02-02,32,82.5,34.6,2976,515
PT_104,2025-02-03,33,85.0,36.2,3339,433
PT_104,2025-02-04,34,82.9,39.7,3552,478
PT_104,2025-02-05,35,81.0,39.9,3318,460
PT_104,2025-02-06,36,83.4,38.1,2834,478
PT_104,2025-02-07,37,83.3,41.6,4029,511
PT_104,2025-02-08,38,78.6,40.4,3912,520
PT_104,2025-02-09,39,87.0,33.6,3473,471
PT_104,2025-02-10,40,82.2,39.1,4151,439
PT_104,2025-02-11,41,77.5,35.6,3819,485
PT_104,2025-02-12,42,77.9,45.8,4964,431
PT_104,2025-02-13,43,76.4,46.7,5072,407
PT_104,2025-02-14,44,75.5,48.8,4544,430
PT_104,2025-02-15,45,76.0,45.5,4066,461
PT_104,2025-02-16,46,75.4,49.2,4687,433
PT_104,2025-02-17,47,75.9,47.4,4816,499
PT_104,2025-02-18,48,76.2,43.2,4749,484
PT_104,2025-02-19,49,78.1,41.2,5041,507
PT_104,2025-02-20,50,77.0,43.4,4761,454
PT_104,2025-02-21,51,79.2,45.6,4368,479
PT_104,2025-02-22,52,81.4,33.3,3383,435
PT_104,2025-02-23,53,87.7,35.7,3449,469
PT_104,2025-02-24,54,82.8,31.3,3634,403
PT_104,2025-02-25,55,86.0,41.1,2566,519
PT_104,2025-02-26,56,90.4,30.9,4021,393
PT_104,2025-02-27,57,82.9,29.0,3753,476
PT_104,2025-02-28,58,90.0,32.9,2945,459
PT_104,2025-03-01,59,86.7,35.9,2810,498
PT_104,2025-03-02,60,87.3,37.9,3397,433
PT_104,2025-03-03,61,84.7,30.7,2633,519
PT_104,2025-03-04,62,85.8,39.2,3084,357
PT_104,2025-03-05,63,87.6,28.8,3236,462
PT_104,2025-03-06,64,83.8,33.0,2526,445
PT_104,2025-03-07,65,81.2,31.9,3839,503
PT_104,2025-03-08,66,83.2,37.0,3958,461
PT_104,2025-03-09,67,85.5,35.6,4381,517
PT_104,2025-03-10,68,80.6,39.7,2731,430
PT_104,2025-03-11,69,82.2,36.4,3575,406
PT_104,2025-03-12,70,84.0,33.8,4446,521
PT_104,2025-03-13,71,77.1,53.8,4545,532
PT_104,2025-03-14,72,75.3,46.4,4612,464
PT_104,2025-03-15,73,79.9,46.5,4335,462
PT_104,2025-03-16,74,74.5,43.7,4636,545
PT_104,2025-03-17,75,81.5,38.7,3387,470
PT_104,2025-03-18,76,82.8,43.0,4166,424
PT_104,2025-03-19,77,79.5,40.0,3709,457
PT_104,2025-03-20,78,80.8,34.7,4629,413
PT_104,2025-03-21,79,83.4,41.5,4295,489
PT_104,2025-03-22,80,84.7,38.4,4135,481
PT_104,2025-03-23,81,82.9,41.5,3349,449
PT_104,2025-03-24,82,83.5,39.6,4386,506
PT_104,2025-03-25,83,82.5,38.5,4865,512
PT_104,2025-03-26,84,78.8,44.9,4110,444
PT_104,2025-03-27,85,82.6,43.6,3779,471
PT_104,2025-03-28,86,77.2,43.3,3909,455
PT_104,2025-03-29,87,82.8,39.1,4267,541
PT_104,2025-03-30,88,85.2,47.9,4325,481
PT_104,2025-03-31,89,84.5,36.9,4583,494
PT_105,2025-01-01,0,71.5,18.2,4354,427
PT_105,2025-01-02,1,76.5,18.9,3774,442
PT_105,2025-01-03,2,75.0,12.9,2898,496
PT_105,2025-01-04,3,79.1,17.0,2299,475
PT_105,2025-01-05,4,78.4,8.6,2662,426
PT_105,2025-01-06,5,80.6,8.3,2419,462
PT_105,2025-01-07,6,79.1,15.1,1648,426
PT_105,2025-01-08,7,81.1,11.7,1797,503
PT_105,2025-01-09,8,80.8,15.3,2117,450
PT_105,2025-01-10,9,80.3,8.5,1920,406
PT_105,2025-01-11,10,80.7,8.0,1860,443
PT_105,2025-01-12,11,78.3,10.8,2431,484
PT_105,2025-01-13,12,82.6,8.0,2353,438
PT_105,2025-01-14,13,74.7,8.2,2348,442
PT_105,2025-01-15,14,80.4,9.7,1614,409
PT_105,2025-01-16,15,76.8,10.3,1769,501
PT_105,2025-01-17,16,76.6,8.3,2963,432
PT_105,2025-01-18,17,77.7,10.6,2067,369
PT_105,2025-01-19,18,78.0,10.7,3002,439
PT_105,2025-01-20,19,74.5,10.8,3646,442
PT_105,2025-01-21,20,74.1,14.7,4049,421
PT_105,2025-01-22,21,65.4,21.2,3564,341
PT_105,2025-01-23,22,66.7,21.0,4458,382
PT_105,2025-01-24,23,67.9,17.4,4309,433
PT_105,2025-01-25,24,69.8,22.3,3829,458
PT_105,2025-01-26,25,69.7,17.1,3991,435
PT_105,2025-01-27,26,72.3,17.7,4386,500
PT_105,2025-01-28,27,71.6,18.6,4208,468
PT_105,2025-01-29,28,70.7,19.2,3322,394
PT_105,2025-01-30,29,66.3,26.6,4172,408
PT_105,2025-01-31,30,70.2,20.9,4402,411
PT_105,2025-02-01,31,72.2,23.9,4180,422
PT_105,2025-02-02,32,68.8,24.4,4216,421
PT_105,2025-02-03,33,66.6,20.8,4195,417
PT_105,2025-02-04,34,69.6,19.0,3751,474
PT_105,2025-02-05,35,75.7,15.6,5056,457
PT_105,2025-02-06,36,77.1,17.6,3450,456
PT_105,2025-02-07,37,74.5,16.5,3022,447
PT_105,2025-02-08,38,77.3,8.7,2543,476
PT_105,2025-02-09,39,79.9,9.7,1732,455
PT_105,2025-02-10,40,75.4,11.4,3111,364
PT_105,2025-02-11,41,79.9,8.9,2072,406
PT_105,2025-02-12,42,81.9,10.8,2873,486
PT_105,2025-02-13,43,77.9,12.4,3268,439
PT_105,2025-02-14,44,76.4,14.0,2672,481
PT_105,2025-02-15,45,79.3,10.4,3064,468
PT_105,2025-02-16,46,73.0,16.1,2221,348
PT_105,2025-02-17,47,77.7,8.2,3508,402
PT_105,2025-02-18,48,78.0,13.8,2755,433
PT_105,2025-02-19,49,77.6,14.5,3759,487
PT_105,2025-02-20,50,70.8,14.1,3898,395
PT_105,2025-02-21,51,76.9,9.7,3490,437
PT_105,2025-02-22,52,77.0,14.3,3401,489
PT_105,2025-02-23,53,78.9,16.6,3134,425
PT_105,2025-02-24,54,75.8,18.2,2704,455
PT_105,2025-02-25,55,75.8,18.6,3658,473
PT_105,2025-02-26,56,68.3,19.9,4095,481
PT_105,2025-02-27,57,71.3,20.9,4352,406
PT_105,2025-02-28,58,72.3,23.9,4313,402
PT_105,2025-03-01,59,73.9,23.1,4003,421
PT_105,2025-03-02,60,69.4,18.6,3835,420
PT_105,2025-03-03,61,71.9,24.7,4031,427
PT_105,2025-03-04,62,63.7,24.4,4065,398
PT_105,2025-03-05,63,71.4,24.6,3968,478
PT_105,2025-03-06,64,67.7,21.3,3665,417
PT_105,2025-03-07,65,67.7,23.9,4802,405
PT_105,2025-03-08,66,67.6,21.5,4303,499
PT_105,2025-03-09,67,71.0,23.3,3883,439
PT_105,2025-03-10,68,78.3,14.5,3091,399
PT_105,2025-03-11,69,75.8,10.2,2559,429
PT_105,2025-03-12,70,75.8,8.4,2254,494
PT_105,2025-03-13,71,77.9,14.1,2645,417
PT_105,2025-03-14,72,78.5,8.0,2914,516
PT_105,2025-03-15,73,82.1,8.0,1925,419
PT_105,2025-03-16,74,72.9,10.3,2903,445
PT_105,2025-03-17,75,79.2,14.9,2270,359
PT_105,2025-03-18,76,78.4,8.0,2509,419
PT_105,2025-03-19,77,80.2,8.0,2580,440
PT_105,2025-03-20,78,79.0,8.7,2382,470
PT_105,2025-03-21,79,78.8,10.6,1938,491
PT_105,2025-03-22,80,81.2,19.5,2250,438
PT_105,2025-03-23,81,76.3,12.6,2354,422
PT_105,2025-03-24,82,74.9,10.6,2373,536
PT_105,2025-03-25,83,81.8,8.4,3129,422
PT_105,2025-03-26,84,75.0,14.6,3034,453
PT_105,2025-03-27,85,71.9,11.9,2864,432
PT_105,2025-03-28,86,75.4,11.1,2855,423
PT_105,2025-03-29,87,75.2,11.5,3213,518
PT_105,2025-03-30,88,72.0,23.7,4810,399
PT_105,2025-03-31,89,69.9,21.6,3727,439
PT_106,2025-01-01,0,57.9,47.9,7359,476
PT_106,2025-01-02,1,69.1,42.6,6022,450
PT_106,2025-01-03,2,65.2,36.9,4714,480
PT_106,2025-01-04,3,65.8,30.3,5516,434
PT_106,2025-01-05,4,73.9,34.3,5173,491
PT_106,2025-01-06,5,75.5,32.7,5240,408
PT_106,2025-01-07,6,74.1,31.6,3613,399
PT_106,2025-01-08,7,75.8,31.9,3626,438
PT_106,2025-01-09,8,69.8,25.5,3965,418
PT_106,2025-01-10,9,77.7,29.7,4284,478
PT_106,2025-01-11,10,72.2,28.6,4187,431
PT_106,2025-01-12,11,79.1,26.5,4634,420
PT_106,2025-01-13,12,74.3,33.2,4924,500
PT_106,2025-01-14,13,70.1,35.7,3838,452
PT_106,2025-01-15,14,77.1,28.2,3273,415
PT_106,2025-01-16,15,78.7,27.0,4010,488
PT_106,2025-01-17,16,75.5,31.5,3611,444
PT_106,2025-01-18,17,78.8,29.9,3345,441
PT_106,2025-01-19,18,76.9,25.8,3483,481
PT_106,2025-01-20,19,74.0,33.4,4513,415
PT_106,2025-01-21,20,75.7,32.1,4517,466
PT_106,2025-01-22,21,62.6,46.0,6387,405
PT_106,2025-01-23,22,59.9,53.4,6828,444
PT_106,2025-01-24,23,55.9,43.0,6255,505
PT_106,2025-01-25,24,64.0,48.6,7331,373
PT_106,2025-01-26,25,62.6,44.1,6125,440
PT_106,2025-01-27,26,61.6,50.1,5905,477
PT_106,2025-01-28,27,58.0,43.3,7423,448
PT_106,2025-01-29,28,63.0,42.3,5290,441
PT_106,2025-01-30,29,58.2,53.3,6495,419
PT_106,2025-01-31,30,62.1,48.5,6696,471
PT_106,2025-02-01,31,67.1,43.1,5721,404
PT_106,2025-02-02,32,65.8,39.4,5552,443
PT_106,2025-02-03,33,70.7,35.9,5504,490
PT_106,2025-02-04,34,71.5,33.2,4011,401
PT_106,2025-02-05,35,76.4,27.7,3755,404
PT_106,2025-02-06,36,77.7,29.4,3114,482
PT_106,2025-02-07,37,81.9,25.9,3754,378
PT_106,2025-02-08,38,72.3,26.6,4392,443
PT_106,2025-02-09,39,80.0,28.4,3776,504
PT_106,2025-02-10,40,74.4,25.5,2852,489
PT_106,2025-02-11,41,76.0,28.2,4114,392
PT_106,2025-02-12,42,71.2,35.6,4052,405
PT_106,2025-02-13,43,73.7,28.5,3578,472
PT_106,2025-02-14,44,69.0,33.8,4886,415
PT_106,2025-02-15,45,70.6,37.4,4843,483
PT_106,2025-02-16,46,68.2,38.7,4612,487
PT_106,2025-02-17,47,62.0,37.3,4630,373
PT_106,2025-02-18,48,67.6,40.1,5120,385
PT_106,2025-02-19,49,67.6,30.6,4350,379
PT_106,2025-02-20,50,69.9,36.5,5114,484
PT_106,2025-02-21,51,63.5,52.5,6287,438
PT_106,2025-02-22,52,57.2,44.3,6059,357
PT_106,2025-02-23,53,69.7,35.3,5765,466
PT_106,2025-02-24,54,64.3,41.1,5387,432
PT_106,2025-02-25,55,70.6,38.0,5794,452
PT_106,2025-02-26,56,76.4,28.1,4393,544
PT_106,2025-02-27,57,75.6,39.6,4926,449
PT_106,2025-02-28,58,75.1,31.2,3780,496
PT_106,2025-03-01,59,64.7,33.5,4969,434
PT_106,2025-03-02,60,67.6,31.4,4347,447
PT_106,2025-03-03,61,78.4,30.5,4166,446
PT_106,2025-03-04,62,73.4,33.1,3993,407
PT_106,2025-03-05,63,67.7,31.4,4345,501
PT_106,2025-03-06,64,70.5,27.5,5090,541
PT_106,2025-03-07,65,70.9,32.3,4692,404
PT_106,2025-03-08,66,78.9,32.8,3533,466
PT_106,2025-03-09,67,73.9,33.2,4681,482
PT_106,2025-03-10,68,72.8,31.8,4425,455
PT_106,2025-03-11,69,70.2,36.1,4483,456
PT_106,2025-03-12,70,65.7,30.2,4943,461
PT_106,2025-03-13,71,69.3,31.4,5433,414
PT_106,2025-03-14,72,69.4,32.7,4622,523
PT_106,2025-03-15,73,62.0,44.7,6679,433
PT_106,2025-03-16,74,64.6,44.5,5549,478
PT_106,2025-03-17,75,65.3,36.6,4560,450
PT_106,2025-03-18,76,69.1,31.0,4588,427
PT_106,2025-03-19,77,72.8,35.3,3640,403
PT_106,2025-03-20,78,75.9,32.6,4658,473
PT_106,2025-03-21,79,76.7,35.0,4067,435
PT_106,2025-03-22,80,73.9,27.7,3711,456
PT_106,2025-03-23,81,79.7,24.9,3210,442
PT_106,2025-03-24,82,77.8,24.2,3414,473
PT_106,2025-03-25,83,77.8,31.8,4139,497
PT_106,2025-03-26,84,73.4,29.0,4037,417
PT_106,2025-03-27,85,76.1,27.5,4274,453
PT_106,2025-03-28,86,72.5,32.1,4138,480
PT_106,2025-03-29,87,74.3,29.7,3662,373
PT_106,2025-03-30,88,75.8,26.6,4453,440
PT_106,2025-03-31,89,74.7,27.2,4657,450
PT_107,2025-01-01,0,74.3,41.8,5699,410
PT_107,2025-01-02,1,75.3,35.7,4933,405
PT_107,2025-01-03,2,80.9,26.8,5258,435
PT_107,2025-01-04,3,78.1,27.9,4531,420
PT_107,2025-01-05,4,85.8,20.1,3218,364
PT_107,2025-01-06,5,83.6,27.8,2910,438
PT_107,2025-01-07,6,85.1,23.0,3339,398
PT_107,2025-01-08,7,89.7,29.9,3917,447
PT_107,2025-01-09,8,88.3,19.6,3285,415
PT_107,2025-01-10,9,85.0,20.5,3187,435
PT_107,2025-01-11,10,85.9,23.5,3624,437
PT_107,2025-01-12,11,87.3,24.9,2919,450
PT_107,2025-01-13,12,87.8,26.3,3197,415
PT_107,2025-01-14,13,84.4,24.0,3800,405
PT_107,2025-01-15,14,86.3,29.5,2563,411
PT_107,2025-01-16,15,85.2,23.1,4447,417
PT_107,2025-01-17,16,89.0,22.9,4159,438
PT_107,2025-01-18,17,82.3,25.1,4242,445
PT_107,2025-01-19,18,81.6,32.1,3516,451
PT_107,2025-01-20,19,82.1,32.3,4358,504
PT_107,2025-01-21,20,83.4,30.5,4278,445
PT_107,2025-01-22,21,72.4,45.4,5320,476
PT_107,2025-01-23,22,74.9,37.8,5558,410
PT_107,2025-01-24,23,79.1,40.3,5680,398
PT_107,2025-01-25,24,80.2,38.0,6454,402
PT_107,2025-01-26,25,77.5,38.4,6221,442
PT_107,2025-01-27,26,76.1,36.2,5417,429
PT_107,2025-01-28,27,76.5,41.9,5014,416
PT_107,2025-01-29,28,76.4,41.9,5742,414
PT_107,2025-01-30,29,76.1,35.4,6254,437
PT_107,2025-01-31,30,75.6,38.6,5810,425
PT_107,2025-02-01,31,75.4,45.1,5588,387
PT_107,2025-02-02,32,79.0,39.4,6190,385
PT_107,2025-02-03,33,71.2,36.4,5865,401
PT_107,2025-02-04,34,80.8,38.4,5450,427
PT_107,2025-02-05,35,83.1,30.9,4105,361
PT_107,2025-02-06,36,85.7,28.4,3979,459
PT_107,2025-02-07,37,86.8,27.5,3911,442
PT_107,2025-02-08,38,92.1,26.1,2221,406
PT_107,2025-02-09,39,94.3,16.2,3208,408
PT_107,2025-02-10,40,91.1,18.6,3441,499
PT_107,2025-02-11,41,95.1,18.3,2720,406
PT_107,2025-02-12,42,79.4,28.9,3584,452
PT_107,2025-02-13,43,79.8,29.3,4669,450
PT_107,2025-02-14,44,80.9,31.3,3747,426
PT_107,2025-02-15,45,89.4,26.9,4501,414
PT_107,2025-02-16,46,79.6,26.3,3549,422
PT_107,2025-02-17,47,82.8,28.8,4075,387
PT_107,2025-02-18,48,83.3,30.7,4672,434
PT_107,2025-02-19,49,80.8,27.2,4574,405
PT_107,2025-02-20,50,86.0,31.9,4457,458
PT_107,2025-02-21,51,80.6,32.7,4590,411
PT_107,2025-02-22,52,77.0,31.6,4128,392
PT_107,2025-02-23,53,82.2,33.1,4165,427
PT_107,2025-02-24,54,78.6,34.6,4249,382
PT_107,2025-02-25,55,81.5,24.6,4695,397
PT_107,2025-02-26,56,79.8,36.6,5192,417
PT_107,2025-02-27,57,72.6,39.5,5295,491
PT_107,2025-02-28,58,74.7,37.5,5594,404
PT_107,2025-03-01,59,72.9,38.6,5611,448
PT_107,2025-03-02,60,73.8,43.1,6295,455
PT_107,2025-03-03,61,79.4,29.9,5236,439
PT_107,2025-03-04,62,75.8,35.7,4878,428
PT_107,2025-03-05,63,82.0,28.1,4401,445
PT_107,2025-03-06,64,82.1,29.3,3885,413
PT_107,2025-03-07,65,77.1,27.8,4071,392
PT_107,2025-03-08,66,81.2,29.0,4046,400
PT_107,2025-03-09,67,85.5,34.0,3867,401
PT_107,2025-03-10,68,82.2,25.8,3955,399
PT_107,2025-03-11,69,79.7,27.2,3417,381
PT_107,2025-03-12,70,85.8,31.8,4452,420
PT_107,2025-03-13,71,81.3,21.6,4071,491
PT_107,2025-03-14,72,86.6,31.8,3912,388
PT_107,2025-03-15,73,82.7,32.6,3811,436
PT_107,2025-03-16,74,80.3,26.3,3864,372
PT_107,2025-03-17,75,83.8,36.3,4498,416
PT_107,2025-03-18,76,83.4,37.2,3898,418
PT_107,2025-03-19,77,82.9,32.4,4235,357
PT_107,2025-03-20,78,79.5,32.2,4500,411
PT_107,2025-03-21,79,82.6,29.4,4360,401
PT_107,2025-03-22,80,83.1,36.2,4175,442
PT_107,2025-03-23,81,72.0,41.1,5902,420
PT_107,2025-03-24,82,75.7,35.0,4800,337
PT_107,2025-03-25,83,85.3,31.1,4814,456
PT_107,2025-03-26,84,80.5,28.1,3725,405
PT_107,2025-03-27,85,86.8,27.4,4049,499
PT_107,2025-03-28,86,84.3,22.3,3678,369
PT_107,2025-03-29,87,87.1,25.2,4193,387
PT_107,2025-03-30,88,85.7,27.1,3862,375
PT_107,2025-03-31,89,86.4,28.0,3572,409
PT_108,2025-01-01,0,77.8,42.5,7136,396
PT_108,2025-01-02,1,84.2,40.2,5977,462
PT_108,2025-01-03,2,84.6,39.4,5829,475
PT_108,2025-01-04,3,83.7,37.2,6580,439
PT_108,2025-01-05,4,81.7,35.7,6486,436
PT_108,2025-01-06,5,82.4,33.6,6629,470
PT_108,2025-01-07,6,82.6,37.1,6932,457
PT_108,2025-01-08,7,80.5,40.3,6000,499
PT_108,2025-01-09,8,81.0,41.2,6413,541
PT_108,2025-01-10,9,83.8,38.5,7089,452
PT_108,2025-01-11,10,83.1,40.9,5608,458
PT_108,2025-01-12,11,79.6,44.0,6353,456
PT_108,2025-01-13,12,79.6,32.9,6057,447
PT_108,2025-01-14,13,82.2,41.8,6001,395
PT_108,2025-01-15,14,81.7,41.9,7046,488
PT_108,2025-01-16,15,83.9,42.4,5221,463
PT_108,2025-01-17,16,83.4,41.5,5944,412
PT_108,2025-01-18,17,84.6,34.6,6229,461
PT_108,2025-01-19,18,84.3,34.5,6562,476
PT_108,2025-01-20,19,81.8,39.4,6972,427
PT_108,2025-01-21,20,79.6,35.8,5561,429
PT_108,2025-01-22,21,80.3,48.8,7188,464
PT_108,2025-01-23,22,83.3,40.3,6183,465
PT_108,2025-01-24,23,79.5,44.6,7028,442
PT_108,2025-01-25,24,85.2,34.5,6661,466
PT_108,2025-01-26,25,82.9,39.2,6004,424
PT_108,2025-01-27,26,82.3,34.2,5726,410
PT_108,2025-01-28,27,85.5,31.4,5731,458
PT_108,2025-01-29,28,86.6,37.5,4718,375
PT_108,2025-01-30,29,86.5,27.7,4198,446
PT_108,2025-01-31,30,88.2,27.9,5197,498
PT_108,2025-02-01,31,91.7,31.5,4918,437
PT_108,2025-02-02,32,87.2,32.7,4600,451
PT_108,2025-02-03,33,89.3,39.1,4578,487
PT_108,2025-02-04,34,88.3,31.8,5572,491
PT_108,2025-02-05,35,86.8,32.9,5354,434
PT_108,2025-02-06,36,90.5,34.1,5185,391
PT_108,2025-02-07,37,84.3,32.8,5145,449
PT_108,2025-02-08,38,88.8,32.9,5501,449
PT_108,2025-02-09,39,87.7,32.2,5908,378
PT_108,2025-02-10,40,87.0,31.2,5885,480
PT_108,2025-02-11,41,84.3,36.6,5416,531
PT_108,2025-02-12,42,83.4,35.1,5614,484
PT_108,2025-02-13,43,85.0,38.9,6243,487
PT_108,2025-02-14,44,71.1,43.8,7149,438
PT_108,2025-02-15,45,77.5,41.2,7028,371
PT_108,2025-02-16,46,79.5,45.1,6702,458
PT_108,2025-02-17,47,76.5,45.7,6852,469
PT_108,2025-02-18,48,75.0,43.2,6381,447
PT_108,2025-02-19,49,78.3,40.8,6630,451
PT_108,2025-02-20,50,79.3,46.3,7372,442
PT_108,2025-02-21,51,78.2,42.7,6692,417
PT_108,2025-02-22,52,80.9,46.6,7570,441
PT_108,2025-02-23,53,79.5,43.7,6664,462
PT_108,2025-02-24,54,76.5,46.4,6430,483
PT_108,2025-02-25,55,82.4,39.5,6855,410
PT_108,2025-02-26,56,78.9,43.8,6766,403
PT_108,2025-02-27,57,82.2,39.5,6473,413
PT_108,2025-02-28,58,83.8,36.0,5387,478
PT_108,2025-03-01,59,90.1,38.0,6222,416
PT_108,2025-03-02,60,83.3,36.5,5769,452
PT_108,2025-03-03,61,85.7,38.5,4931,514
PT_108,2025-03-04,62,88.5,39.0,5194,433
PT_108,2025-03-05,63,88.2,34.3,6411,381
PT_108,2025-03-06,64,88.5,30.8,4866,430
PT_108,2025-03-07,65,83.7,32.6,6009,448
PT_108,2025-03-08,66,90.7,34.2,5100,432
PT_108,2025-03-09,67,90.0,33.8,5713,404
PT_108,2025-03-10,68,81.6,31.6,4780,379
PT_108,2025-03-11,69,85.9,34.5,5845,449
PT_108,2025-03-12,70,81.0,28.4,6153,425
PT_108,2025-03-13,71,84.1,36.4,6378,421
PT_108,2025-03-14,72,80.8,33.9,5513,439
PT_108,2025-03-15,73,87.4,35.4,5742,436
PT_108,2025-03-16,74,83.3,33.0,5725,429
PT_108,2025-03-17,75,84.5,39.1,6257,504
PT_108,2025-03-18,76,75.9,43.6,7352,401
PT_108,2025-03-19,77,79.7,37.5,5923,466
PT_108,2025-03-20,78,82.8,38.9,6157,474
PT_108,2025-03-21,79,85.5,34.0,6025,418
PT_108,2025-03-22,80,87.0,37.5,6356,414
PT_108,2025-03-23,81,85.4,35.0,5730,436
PT_108,2025-03-24,82,91.7,36.0,5787,473
PT_108,2025-03-25,83,86.2,35.1,5797,417
PT_108,2025-03-26,84,84.0,35.2,5330,421
PT_108,2025-03-27,85,86.0,37.3,5731,451
PT_108,2025-03-28,86,87.4,36.5,5465,460
PT_108,2025-03-29,87,83.5,37.2,5183,458
PT_108,2025-03-30,88,85.7,33.3,5875,462
PT_108,2025-03-31,89,79.4,40.3,6848,435
PT_109,2025-01-01,0,63.6,47.7,6584,550
PT_109,2025-01-02,1,65.5,40.4,5642,509
PT_109,2025-01-03,2,65.3,37.4,5951,547
PT_109,2025-01-04,3,70.3,39.8,5574,446
PT_109,2025-01-05,4,69.4,33.7,5889,542
PT_109,2025-01-06,5,79.1,29.3,5569,561
PT_109,2025-01-07,6,73.6,31.8,4675,553
PT_109,2025-01-08,7,70.0,31.8,5624,565
PT_109,2025-01-09,8,71.5,31.4,5990,526
PT_109,2025-01-10,9,75.8,30.1,4831,524
PT_109,2025-01-11,10,70.4,34.5,5552,511
PT_109,2025-01-12,11,74.6,32.5,5240,595
PT_109,2025-01-13,12,73.0,36.5,5153,582
PT_109,2025-01-14,13,69.5,36.9,5780,551
PT_109,2025-01-15,14,78.5,20.8,3684,552
PT_109,2025-01-16,15,79.4,18.9,3800,556
PT_109,2025-01-17,16,80.3,16.7,3003,555
PT_109,2025-01-18,17,82.0,21.6,2614,594
PT_109,2025-01-19,18,81.8,20.6,3057,556
PT_109,2025-01-20,19,79.9,23.0,3264,578
PT_109,2025-01-21,20,80.3,21.7,3748,556
PT_109,2025-01-22,21,62.6,39.2,6649,509
PT_109,2025-01-23,22,64.8,35.6,6732,574
PT_109,2025-01-24,23,63.6,45.1,7111,523
PT_109,2025-01-25,24,63.9,37.7,6107,561
PT_109,2025-01-26,25,69.2,33.1,5787,560
PT_109,2025-01-27,26,73.1,31.0,4358,494
PT_109,2025-01-28,27,71.1,29.7,4690,566
PT_109,2025-01-29,28,73.8,32.1,5294,517
PT_109,2025-01-30,29,74.0,25.0,3944,573
PT_109,2025-01-31,30,79.3,30.8,3915,591
PT_109,2025-02-01,31,77.2,31.0,4627,575
PT_109,2025-02-02,32,76.8,28.5,5304,514
PT_109,2025-02-03,33,74.7,26.4,4761,491
PT_109,2025-02-04,34,70.7,27.0,4481,548
PT_109,2025-02-05,35,76.3,29.6,4027,526
PT_109,2025-02-06,36,73.5,29.7,4645,502
PT_109,2025-02-07,37,74.5,29.4,5786,507
PT_109,2025-02-08,38,74.1,30.3,5026,520
PT_109,2025-02-09,39,77.5,28.9,4280,549
PT_109,2025-02-10,40,71.8,24.5,4619,526
PT_109,2025-02-11,41,74.3,29.9,4515,533
PT_109,2025-02-12,42,76.1,32.9,5382,545
PT_109,2025-02-13,43,74.5,30.8,5095,558
PT_109,2025-02-14,44,64.8,34.3,6166,588
PT_109,2025-02-15,45,68.2,40.9,6856,504
PT_109,2025-02-16,46,59.0,45.0,6171,515
PT_109,2025-02-17,47,69.3,33.8,6142,524
PT_109,2025-02-18,48,68.4,32.8,5171,573
PT_109,2025-02-19,49,75.5,28.1,5265,494
PT_109,2025-02-20,50,73.9,31.0,4483,489
PT_109,2025-02-21,51,77.8,25.2,4488,540
PT_109,2025-02-22,52,75.1,24.6,4210,542
PT_109,2025-02-23,53,74.6,26.5,3570,502
PT_109,2025-02-24,54,77.3,26.7,4621,543
PT_109,2025-02-25,55,76.8,26.1,4046,559
PT_109,2025-02-26,56,77.9,27.9,3883,521
PT_109,2025-02-27,57,77.2,31.6,4443,561
PT_109,2025-02-28,58,75.1,28.2,4714,568
PT_109,2025-03-01,59,79.2,29.1,4533,459
PT_109,2025-03-02,60,76.9,26.3,5478,535
PT_109,2025-03-03,61,73.2,29.1,5116,529
PT_109,2025-03-04,62,74.4,33.7,4335,472
PT_109,2025-03-05,63,69.6,30.3,5258,452
PT_109,2025-03-06,64,73.6,33.8,4932,546
PT_109,2025-03-07,65,72.2,37.4,5064,507
PT_109,2025-03-08,66,70.1,28.6,5259,436
PT_109,2025-03-09,67,60.9,41.0,6869,551
PT_109,2025-03-10,68,65.0,40.1,6659,510
PT_109,2025-03-11,69,68.4,33.7,6570,486
PT_109,2025-03-12,70,66.9,32.1,5302,550
PT_109,2025-03-13,71,67.4,29.6,6835,569
PT_109,2025-03-14,72,66.2,34.0,5656,550
PT_109,2025-03-15,73,70.2,30.3,6037,536
PT_109,2025-03-16,74,75.8,36.6,5030,470
PT_109,2025-03-17,75,69.7,28.7,5685,478
PT_109,2025-03-18,76,70.6,25.3,4867,520
PT_109,2025-03-19,77,69.3,39.2,5889,599
PT_109,2025-03-20,78,67.2,35.7,5102,455
PT_109,2025-03-21,79,73.5,31.7,6508,583
PT_109,2025-03-22,80,70.3,34.0,5595,598
PT_109,2025-03-23,81,65.9,37.8,5721,571
PT_109,2025-03-24,82,70.9,39.3,5658,555
PT_109,2025-03-25,83,68.2,36.9,6408,516
PT_109,2025-03-26,84,64.5,35.7,5990,539
PT_109,2025-03-27,85,61.9,36.5,5731,485
PT_109,2025-03-28,86,68.2,34.0,6192,615
PT_109,2025-03-29,87,65.0,41.5,6073,597
PT_109,2025-03-30,88,61.2,47.0,6454,545
PT_109,2025-03-31,89,63.8,44.2,6340,577
PT_110,2025-01-01,0,67.8,46.4,4322,432
PT_110,2025-01-02,1,71.6,52.0,3436,353
PT_110,2025-01-03,2,69.2,44.1,2786,427
PT_110,2025-01-04,3,68.4,39.3,2319,499
PT_110,2025-01-05,4,74.5,40.3,2886,444
PT_110,2025-01-06,5,82.2,37.3,3466,413
PT_110,2025-01-07,6,77.1,35.8,2494,405
PT_110,2025-01-08,7,79.7,42.4,1670,409
PT_110,2025-01-09,8,79.0,39.2,2061,440
PT_110,2025-01-10,9,77.5,42.9,2231,485
PT_110,2025-01-11,10,79.6,39.9,2450,452
PT_110,2025-01-12,11,75.8,38.9,2406,415
PT_110,2025-01-13,12,79.5,39.5,2648,409
PT_110,2025-01-14,13,74.8,39.9,1960,441
PT_110,2025-01-15,14,77.1,40.0,2930,467
PT_110,2025-01-16,15,77.6,43.4,2474,382
PT_110,2025-01-17,16,73.8,39.6,2924,391
PT_110,2025-01-18,17,76.7,41.7,3392,414
PT_110,2025-01-19,18,77.5,43.1,2509,445
PT_110,2025-01-20,19,74.6,37.4,3401,368
PT_110,2025-01-21,20,76.3,46.6,3808,465
PT_110,2025-01-22,21,69.6,48.6,3262,429
PT_110,2025-01-23,22,66.1,48.9,3665,426
PT_110,2025-01-24,23,71.5,48.6,4068,379
PT_110,2025-01-25,24,66.2,50.0,2513,360
PT_110,2025-01-26,25,65.4,55.2,3440,464
PT_110,2025-01-27,26,71.5,51.2,3756,425
PT_110,2025-01-28,27,66.6,49.6,3803,460
PT_110,2025-01-29,28,66.6,51.0,3086,358
PT_110,2025-01-30,29,67.1,47.9,3414,455
PT_110,2025-01-31,30,69.8,44.1,4290,441
PT_110,2025-02-01,31,69.5,48.5,3046,436
PT_110,2025-02-02,32,75.1,41.4,3421,414
PT_110,2025-02-03,33,74.3,42.1,1889,417
PT_110,2025-02-04,34,78.7,42.4,1869,390
PT_110,2025-02-05,35,79.6,42.0,2821,432
PT_110,2025-02-06,36,78.2,45.1,2332,455
PT_110,2025-02-07,37,80.5,40.0,1969,482
PT_110,2025-02-08,38,80.5,41.7,2214,406
PT_110,2025-02-09,39,71.5,42.8,2444,412
PT_110,2025-02-10,40,75.9,38.8,2075,407
PT_110,2025-02-11,41,72.9,42.0,1925,435
PT_110,2025-02-12,42,75.9,41.3,2538,379
PT_110,2025-02-13,43,75.7,41.8,2667,424
PT_110,2025-02-14,44,75.8,43.1,2191,374
PT_110,2025-02-15,45,75.3,40.3,3542,440
PT_110,2025-02-16,46,76.5,46.4,3469,446
PT_110,2025-02-17,47,74.6,42.5,2476,417
PT_110,2025-02-18,48,78.5,44.0,2845,396
PT_110,2025-02-19,49,71.4,41.7,2920,393
PT_110,2025-02-20,50,73.8,43.5,2871,412
PT_110,2025-02-21,51,68.0,49.8,3281,357
PT_110,2025-02-22,52,65.4,47.3,3721,444
PT_110,2025-02-23,53,74.3,49.4,4341,445
PT_110,2025-02-24,54,72.9,48.9,4026,423
PT_110,2025-02-25,55,73.0,48.7,3406,440
PT_110,2025-02-26,56,70.4,44.9,2964,384
PT_110,2025-02-27,57,75.5,43.2,2845,410
PT_110,2025-02-28,58,74.5,46.1,3134,461
PT_110,2025-03-01,59,75.5,36.6,2223,362
PT_110,2025-03-02,60,79.1,32.7,2784,373
PT_110,2025-03-03,61,78.6,39.2,2416,421
PT_110,2025-03-04,62,81.1,40.3,1834,390
PT_110,2025-03-05,63,76.8,31.1,2207,426
PT_110,2025-03-06,64,80.2,40.2,1922,431
PT_110,2025-03-07,65,83.1,40.0,2013,418
PT_110,2025-03-08,66,75.4,39.3,1997,433
PT_110,2025-03-09,67,77.0,34.5,1931,346
PT_110,2025-03-10,68,75.9,40.9,2176,398
PT_110,2025-03-11,69,75.3,44.1,2695,370
PT_110,2025-03-12,70,77.4,39.5,2529,462
PT_110,2025-03-13,71,76.5,46.4,2752,448
PT_110,2025-03-14,72,76.4,38.6,2050,386
PT_110,2025-03-15,73,77.8,44.3,2032,402
PT_110,2025-03-16,74,74.0,44.7,3170,428
PT_110,2025-03-17,75,77.0,40.1,2198,399
PT_110,2025-03-18,76,67.1,42.7,4412,368
PT_110,2025-03-19,77,67.5,39.5,3759,409
PT_110,2025-03-20,78,67.8,45.7,3018,355
PT_110,2025-03-21,79,75.6,43.5,2703,452
PT_110,2025-03-22,80,73.4,38.1,3899,380
PT_110,2025-03-23,81,78.3,39.1,3603,474
PT_110,2025-03-24,82,75.7,43.5,3202,399
PT_110,2025-03-25,83,73.6,43.1,2659,369
PT_110,2025-03-26,84,70.5,34.6,1795,441
PT_110,2025-03-27,85,78.8,44.4,1753,396
PT_110,2025-03-28,86,73.2,39.0,2589,418
PT_110,2025-03-29,87,74.9,39.8,1898,387
PT_110,2025-03-30,88,78.1,38.8,2360,397
PT_110,2025-03-31,89,72.3,38.4,3038,481
PT_111,2025-01-01,0,69.2,48.8,6467,480
PT_111,2025-01-02,1,70.0,38.1,4995,438
PT_111,2025-01-03,2,72.4,36.7,5486,405
PT_111,2025-01-04,3,78.7,37.9,4644,440
PT_111,2025-01-05,4,76.7,26.0,4705,366
PT_111,2025-01-06,5,75.6,32.0,4024,376
PT_111,2025-01-07,6,82.4,30.4,4053,384
PT_111,2025-01-08,7,79.2,28.6,4071,463
PT_111,2025-01-09,8,74.1,28.5,4745,380
PT_111,2025-01-10,9,79.3,30.6,4493,396
PT_111,2025-01-11,10,76.2,29.0,4134,427
PT_111,2025-01-12,11,78.5,28.1,4497,447
PT_111,2025-01-13,12,76.9,35.7,4850,365
PT_111,2025-01-14,13,74.5,32.0,4461,401
PT_111,2025-01-15,14,82.5,32.8,3937,415
PT_111,2025-01-16,15,77.5,31.5,4351,374
PT_111,2025-01-17,16,81.3,33.3,4386,406
PT_111,2025-01-18,17,77.3,29.9,3844,403
PT_111,2025-01-19,18,76.2,40.0,4985,441
PT_111,2025-01-20,19,77.0,31.1,4223,405
PT_111,2025-01-21,20,76.8,36.6,4350,433
PT_111,2025-01-22,21,70.8,51.3,6704,408
PT_111,2025-01-23,22,73.0,43.6,6369,422
PT_111,2025-01-24,23,76.5,38.8,6006,443
PT_111,2025-01-25,24,67.4,48.1,6372,379
PT_111,2025-01-26,25,67.5,42.5,6394,401
PT_111,2025-01-27,26,70.2,43.7,5794,367
PT_111,2025-01-28,27,73.2,40.5,6034,403
PT_111,2025-01-29,28,68.1,42.3,4961,417
PT_111,2025-01-30,29,72.6,39.5,6143,444
PT_111,2025-01-31,30,73.6,37.5,5305,451
PT_111,2025-02-01,31,71.7,41.8,5453,452
PT_111,2025-02-02,32,75.5,43.0,5607,387
PT_111,2025-02-03,33,72.7,36.4,5536,373
PT_111,2025-02-04,34,72.9,46.2,5357,362
PT_111,2025-02-05,35,73.1,36.5,4246,427
PT_111,2025-02-06,36,75.5,35.3,5116,383
PT_111,2025-02-07,37,73.1,33.9,5589,433
PT_111,2025-02-08,38,73.6,38.3,5413,414
PT_111,2025-02-09,39,77.8,40.1,5473,366
PT_111,2025-02-10,40,70.6,37.6,4410,402
PT_111,2025-02-11,41,68.7,36.8,4991,363
PT_111,2025-02-12,42,70.1,37.1,5307,394
PT_111,2025-02-13,43,71.1,38.3,6037,418
PT_111,2025-02-14,44,68.9,39.3,5791,386
PT_111,2025-02-15,45,69.7,48.6,6585,399
PT_111,2025-02-16,46,73.7,42.6,7001,400
PT_111,2025-02-17,47,70.4,48.9,6303,436
PT_111,2025-02-18,48,68.7,46.0,6769,465
PT_111,2025-02-19,49,76.5,30.2,4900,366
PT_111,2025-02-20,50,79.6,33.9,5321,396
PT_111,2025-02-21,51,77.0,32.8,3747,385
PT_111,2025-02-22,52,78.4,36.4,5497,395
PT_111,2025-02-23,53,70.9,35.3,5193,414
PT_111,2025-02-24,54,76.3,33.3,4590,409
PT_111,2025-02-25,55,77.1,34.5,4748,370
PT_111,2025-02-26,56,67.9,41.5,6337,386
PT_111,2025-02-27,57,74.7,37.3,5493,399
PT_111,2025-02-28,58,73.9,38.9,4585,412
PT_111,2025-03-01,59,76.8,34.3,4368,435
PT_111,2025-03-02,60,81.9,31.9,4261,391
PT_111,2025-03-03,61,84.1,29.0,3681,391
PT_111,2025-03-04,62,81.0,23.8,3325,381
PT_111,2025-03-05,63,84.5,27.4,4313,418
PT_111,2025-03-06,64,82.6,25.0,3027,372
PT_111,2025-03-07,65,84.5,22.0,3657,383
PT_111,2025-03-08,66,78.9,26.5,3292,445
PT_111,2025-03-09,67,81.2,22.8,3636,374
PT_111,2025-03-10,68,74.9,26.4,4371,418
PT_111,2025-03-11,69,79.5,29.2,4457,368
PT_111,2025-03-12,70,87.6,25.0,3691,382
PT_111,2025-03-13,71,82.3,27.1,3332,386
PT_111,2025-03-14,72,81.9,26.3,3558,433
PT_111,2025-03-15,73,80.0,29.8,4572,404
PT_111,2025-03-16,74,85.0,27.9,4237,362
PT_111,2025-03-17,75,75.3,29.9,4651,470
PT_111,2025-03-18,76,83.9,29.2,4199,384
PT_111,2025-03-19,77,72.2,44.7,6090,392
PT_111,2025-03-20,78,69.6,43.6,5444,422
PT_111,2025-03-21,79,73.4,32.7,5534,504
PT_111,2025-03-22,80,71.4,32.8,4731,442
PT_111,2025-03-23,81,75.4,34.9,4298,402
PT_111,2025-03-24,82,75.1,30.7,4127,392
PT_111,2025-03-25,83,75.2,31.9,3719,414
PT_111,2025-03-26,84,78.5,29.6,4799,405
PT_111,2025-03-27,85,75.9,28.5,3776,367
PT_111,2025-03-28,86,79.7,31.4,4113,383
PT_111,2025-03-29,87,73.4,28.6,4256,359
PT_111,2025-03-30,88,79.6,32.4,4539,305
PT_111,2025-03-31,89,75.9,29.4,4470,391
PT_112,2025-01-01,0,68.1,47.7,6833,357
PT_112,2025-01-02,1,67.4,43.1,6308,391
PT_112,2025-01-03,2,77.1,49.7,6408,364
PT_112,2025-01-04,3,79.4,42.0,5400,427
PT_112,2025-01-05,4,79.9,37.8,6218,453
PT_112,2025-01-06,5,77.7,39.1,5538,320
PT_112,2025-01-07,6,78.4,42.6,5525,453
PT_112,2025-01-08,7,83.5,37.4,5205,443
PT_112,2025-01-09,8,80.2,29.9,5153,470
PT_112,2025-01-10,9,83.2,33.0,5145,440
PT_112,2025-01-11,10,82.3,40.1,4864,418
PT_112,2025-01-12,11,81.1,37.4,4734,371
PT_112,2025-01-13,12,80.0,39.4,5493,449
PT_112,2025-01-14,13,79.4,35.1,6485,480
PT_112,2025-01-15,14,80.0,35.4,5571,444
PT_112,2025-01-16,15,82.4,38.7,5247,466
PT_112,2025-01-17,16,80.5,35.6,5185,465
PT_112,2025-01-18,17,76.2,42.9,5636,414
PT_112,2025-01-19,18,76.8,34.9,5872,427
PT_112,2025-01-20,19,78.6,43.2,6523,439
PT_112,2025-01-21,20,73.0,45.7,5531,452
PT_112,2025-01-22,21,72.0,47.0,8161,452
PT_112,2025-01-23,22,68.7,51.5,7578,457
PT_112,2025-01-24,23,70.0,52.7,7119,507
PT_112,2025-01-25,24,70.7,54.9,6549,468
PT_112,2025-01-26,25,68.5,51.5,8325,459
PT_112,2025-01-27,26,64.4,51.6,7712,425
PT_112,2025-01-28,27,73.5,46.6,6556,481
PT_112,2025-01-29,28,74.9,45.3,6275,400
PT_112,2025-01-30,29,78.7,47.1,6289,443
PT_112,2025-01-31,30,83.3,40.5,5518,426
PT_112,2025-02-01,31,78.6,38.3,5705,431
PT_112,2025-02-02,32,80.4,38.1,5398,426
PT_112,2025-02-03,33,84.3,42.0,5325,423
PT_112,2025-02-04,34,80.8,36.9,5680,481
PT_112,2025-02-05,35,83.4,36.0,5679,448
PT_112,2025-02-06,36,82.8,38.2,5237,426
PT_112,2025-02-07,37,79.4,46.7,5290,521
PT_112,2025-02-08,38,77.9,39.3,6250,435
PT_112,2025-02-09,39,79.4,43.2,5462,456
PT_112,2025-02-10,40,76.7,37.6,6012,501
PT_112,2025-02-11,41,78.8,39.8,5478,417
PT_112,2025-02-12,42,76.5,44.0,6241,434
PT_112,2025-02-13,43,73.2,47.4,5961,423
PT_112,2025-02-14,44,77.1,42.8,6749,409
PT_112,2025-02-15,45,73.9,44.8,6603,463
PT_112,2025-02-16,46,75.7,45.7,6532,401
PT_112,2025-02-17,47,71.4,54.8,7370,513
PT_112,2025-02-18,48,65.4,48.5,6777,463
PT_112,2025-02-19,49,69.6,50.3,7034,494
PT_112,2025-02-20,50,71.5,55.9,7589,494
PT_112,2025-02-21,51,74.5,45.1,7434,505
PT_112,2025-02-22,52,73.1,48.4,6800,420
PT_112,2025-02-23,53,71.3,47.0,6643,520
PT_112,2025-02-24,54,76.4,49.0,5478,458
PT_112,2025-02-25,55,75.0,44.0,6206,422
PT_112,2025-02-26,56,74.2,43.2,5741,476
PT_112,2025-02-27,57,79.8,40.2,6384,476
PT_112,2025-02-28,58,77.2,45.7,5920,427
PT_112,2025-03-01,59,75.0,39.8,6179,365
PT_112,2025-03-02,60,75.5,36.4,5951,414
PT_112,2025-03-03,61,78.6,42.0,6761,386
PT_112,2025-03-04,62,68.8,43.7,6402,445
PT_112,2025-03-05,63,77.3,38.6,6086,451
PT_112,2025-03-06,64,75.4,38.1,6407,387
PT_112,2025-03-07,65,82.2,29.7,5031,445
PT_112,2025-03-08,66,84.4,32.8,5816,440
PT_112,2025-03-09,67,82.1,38.7,4881,442
PT_112,2025-03-10,68,77.1,39.0,4391,480
PT_112,2025-03-11,69,80.4,39.0,4626,402
PT_112,2025-03-12,70,83.9,37.9,5705,421
PT_112,2025-03-13,71,83.1,37.4,5753,478
PT_112,2025-03-14,72,66.0,51.6,7165,459
PT_112,2025-03-15,73,75.8,43.7,6918,375
PT_112,2025-03-16,74,75.5,38.1,5798,432
PT_112,2025-03-17,75,83.6,36.0,4996,477
PT_112,2025-03-18,76,85.4,35.5,4954,431
PT_112,2025-03-19,77,81.6,33.9,4481,463
PT_112,2025-03-20,78,88.9,27.0,3624,415
PT_112,2025-03-21,79,84.9,30.8,3822,501
PT_112,2025-03-22,80,82.2,30.6,4225,450
PT_112,2025-03-23,81,84.5,29.0,4740,413
PT_112,2025-03-24,82,85.3,31.7,4233,487
PT_112,2025-03-25,83,88.7,34.0,4143,391
PT_112,2025-03-26,84,83.0,29.4,4935,415
PT_112,2025-03-27,85,79.5,28.4,4851,394
PT_112,2025-03-28,86,80.0,33.5,4590,496
PT_112,2025-03-29,87,82.4,33.7,4780,449
PT_112,2025-03-30,88,81.1,31.2,5820,468
PT_112,2025-03-31,89,83.7,38.9,5844,445
PT_113,2025-01-01,0,70.4,51.3,6565,390
PT_113,2025-01-02,1,72.2,44.8,6367,461
PT_113,2025-01-03,2,76.0,36.0,5706,447
PT_113,2025-01-04,3,77.4,38.8,5445,490
PT_113,2025-01-05,4,76.6,40.9,5220,492
PT_113,2025-01-06,5,81.1,40.5,5249,420
PT_113,2025-01-07,6,83.2,35.3,5038,453
PT_113,2025-01-08,7,76.9,35.6,4926,431
PT_113,2025-01-09,8,82.0,35.2,6083,402
PT_113,2025-01-10,9,78.9,32.6,5845,418
PT_113,2025-01-11,10,76.4,35.7,5921,473
PT_113,2025-01-12,11,78.1,37.1,5688,463
PT_113,2025-01-13,12,77.7,30.8,6395,447
PT_113,2025-01-14,13,80.3,32.8,5428,470
PT_113,2025-01-15,14,79.2,38.1,6410,445
PT_113,2025-01-16,15,78.5,35.9,6158,428
PT_113,2025-01-17,16,77.7,38.2,5405,513
PT_113,2025-01-18,17,73.9,37.4,5600,454
PT_113,2025-01-19,18,76.7,38.7,5586,407
PT_113,2025-01-20,19,75.9,37.0,6211,431
PT_113,2025-01-21,20,79.6,45.1,6046,477
PT_113,2025-01-22,21,67.3,43.6,6836,399
PT_113,2025-01-23,22,69.4,43.2,7145,386
PT_113,2025-01-24,23,71.2,44.7,6936,513
PT_113,2025-01-25,24,72.4,45.3,7173,448
PT_113,2025-01-26,25,70.9,41.8,6982,435
PT_113,2025-01-27,26,68.9,47.5,7659,429
PT_113,2025-01-28,27,66.9,46.3,6688,331
PT_113,2025-01-29,28,73.9,49.9,7185,411
PT_113,2025-01-30,29,68.2,43.0,6910,423
PT_113,2025-01-31,30,74.1,45.6,7260,427
PT_113,2025-02-01,31,75.5,37.5,6735,438
PT_113,2025-02-02,32,71.7,45.8,6382,419
PT_113,2025-02-03,33,78.0,40.5,6615,440
PT_113,2025-02-04,34,79.8,38.7,6694,409
PT_113,2025-02-05,35,80.7,43.2,5788,396
PT_113,2025-02-06,36,79.4,38.1,5715,406
PT_113,2025-02-07,37,81.6,44.1,5884,444
PT_113,2025-02-08,38,76.2,38.2,5392,422
PT_113,2025-02-09,39,74.5,44.0,5954,426
PT_113,2025-02-10,40,79.5,34.1,6023,424
PT_113,2025-02-11,41,74.6,35.5,6193,433
PT_113,2025-02-12,42,74.8,36.8,7265,450
PT_113,2025-02-13,43,75.2,41.3,6000,490
PT_113,2025-02-14,44,76.8,36.4,6848,453
PT_113,2025-02-15,45,77.0,37.1,5907,434
PT_113,2025-02-16,46,71.2,39.1,5805,459
PT_113,2025-02-17,47,74.4,37.9,6587,475
PT_113,2025-02-18,48,72.3,43.3,7374,479
PT_113,2025-02-19,49,74.0,37.6,6178,453
PT_113,2025-02-20,50,73.7,45.9,6885,424
PT_113,2025-02-21,51,67.0,44.8,7887,470
PT_113,2025-02-22,52,73.4,45.2,7565,401
PT_113,2025-02-23,53,72.1,42.8,6291,460
PT_113,2025-02-24,54,76.3,42.4,6760,450
PT_113,2025-02-25,55,74.7,42.1,5540,433
PT_113,2025-02-26,56,79.6,42.4,6339,384
PT_113,2025-02-27,57,72.8,35.3,5674,467
PT_113,2025-02-28,58,77.6,41.0,5369,387
PT_113,2025-03-01,59,76.1,37.2,6049,361
PT_113,2025-03-02,60,72.2,36.1,6398,403
PT_113,2025-03-03,61,80.5,40.3,6407,409
PT_113,2025-03-04,62,72.1,35.7,6483,465
PT_113,2025-03-05,63,79.5,37.9,5892,478
PT_113,2025-03-06,64,75.7,38.4,6882,386
PT_113,2025-03-07,65,73.1,42.3,5947,378
PT_113,2025-03-08,66,83.6,35.7,6092,417
PT_113,2025-03-09,67,78.5,32.3,4976,391
PT_113,2025-03-10,68,77.2,46.2,6453,387
PT_113,2025-03-11,69,76.6,35.7,5463,419
PT_113,2025-03-12,70,78.2,40.8,6253,477
PT_113,2025-03-13,71,79.2,33.1,5876,371
PT_113,2025-03-14,72,79.2,30.9,4498,487
PT_113,2025-03-15,73,73.8,47.9,6895,455
PT_113,2025-03-16,74,73.9,39.9,6910,437
PT_113,2025-03-17,75,72.8,36.8,6206,428
PT_113,2025-03-18,76,76.7,42.1,5361,456
PT_113,2025-03-19,77,78.6,37.3,5636,440
PT_113,2025-03-20,78,79.3,34.3,5060,459
PT_113,2025-03-21,79,79.0,39.0,4578,453
PT_113,2025-03-22,80,82.3,29.8,5444,481
PT_113,2025-03-23,81,80.0,28.5,5075,449
PT_113,2025-03-24,82,75.6,33.2,5990,377
PT_113,2025-03-25,83,79.7,37.0,6515,440
PT_113,2025-03-26,84,79.0,35.0,5644,423
PT_113,2025-03-27,85,76.3,38.9,5998,441
PT_113,2025-03-28,86,77.0,40.2,4968,390
PT_113,2025-03-29,87,76.8,26.9,6181,402
PT_113,2025-03-30,88,77.5,37.1,5702,408
PT_113,2025-03-31,89,76.5,40.5,5676,482
PT_114,2025-01-01,0,66.4,47.8,6633,389
PT_114,2025-01-02,1,73.5,37.3,6399,414
PT_114,2025-01-03,2,76.9,32.2,5388,434
PT_114,2025-01-04,3,79.8,31.3,4613,438
PT_114,2025-01-05,4,81.8,23.9,3991,391
PT_114,2025-01-06,5,89.4,27.4,3380,443
PT_114,2025-01-07,6,86.4,26.9,3615,439
PT_114,2025-01-08,7,83.8,24.7,4810,464
PT_114,2025-01-09,8,84.6,26.9,3419,405
PT_114,2025-01-10,9,86.8,23.5,3695,468
PT_114,2025-01-11,10,91.1,23.0,4007,392
PT_114,2025-01-12,11,82.5,27.4,3573,413
PT_114,2025-01-13,12,86.1,25.3,3945,461
PT_114,2025-01-14,13,86.5,25.5,4678,453
PT_114,2025-01-15,14,89.7,32.1,5143,365
PT_114,2025-01-16,15,85.6,30.6,4617,446
PT_114,2025-01-17,16,84.6,29.6,4644,420
PT_114,2025-01-18,17,79.5,33.9,5303,442
PT_114,2025-01-19,18,77.9,34.2,5134,384
PT_114,2025-01-20,19,77.9,32.2,5433,432
PT_114,2025-01-21,20,82.4,34.3,5666,498
PT_114,2025-01-22,21,65.7,43.2,7272,436
PT_114,2025-01-23,22,64.2,44.3,7114,467
PT_114,2025-01-24,23,72.1,52.6,6382,413
PT_114,2025-01-25,24,68.6,51.3,6621,382
PT_114,2025-01-26,25,62.7,46.6,6928,451
PT_114,2025-01-27,26,70.8,41.7,5950,430
PT_114,2025-01-28,27,75.5,35.1,6153,439
PT_114,2025-01-29,28,77.9,36.6,5344,401
PT_114,2025-01-30,29,80.5,32.1,4748,460
PT_114,2025-01-31,30,75.1,31.0,4704,340
PT_114,2025-02-01,31,81.3,31.7,4431,423
PT_114,2025-02-02,32,82.4,31.2,3899,433
PT_114,2025-02-03,33,79.6,29.0,5388,457
PT_114,2025-02-04,34,79.4,26.3,4530,396
PT_114,2025-02-05,35,90.1,21.2,3615,422
PT_114,2025-02-06,36,89.7,17.0,3161,441
PT_114,2025-02-07,37,89.1,23.1,3142,474
PT_114,2025-02-08,38,87.7,28.2,2977,452
PT_114,2025-02-09,39,88.9,25.7,3154,443
PT_114,2025-02-10,40,86.0,21.4,3647,427
PT_114,2025-02-11,41,84.3,27.5,5003,426
PT_114,2025-02-12,42,76.1,37.7,6497,461
PT_114,2025-02-13,43,77.4,35.2,5101,443
PT_114,2025-02-14,44,75.4,42.8,5164,469
PT_114,2025-02-15,45,78.0,36.2,5271,472
PT_114,2025-02-16,46,67.1,45.7,7730,368
PT_114,2025-02-17,47,65.3,44.2,7433,446
PT_114,2025-02-18,48,71.5,44.9,7884,396
PT_114,2025-02-19,49,72.8,41.6,6311,429
PT_114,2025-02-20,50,78.9,34.4,6354,376
PT_114,2025-02-21,51,81.7,34.2,6080,434
PT_114,2025-02-22,52,81.0,36.0,4656,440
PT_114,2025-02-23,53,83.4,33.4,4670,410
PT_114,2025-02-24,54,83.9,29.8,4392,473
PT_114,2025-02-25,55,85.4,27.2,4052,486
PT_114,2025-02-26,56,82.8,29.2,5018,479
PT_114,2025-02-27,57,79.3,32.5,3923,430
PT_114,2025-02-28,58,79.7,30.0,3987,420
PT_114,2025-03-01,59,80.6,26.3,4890,449
PT_114,2025-03-02,60,82.0,25.5,4371,379
PT_114,2025-03-03,61,83.8,30.5,5023,382
PT_114,2025-03-04,62,82.0,32.9,4745,481
PT_114,2025-03-05,63,82.3,35.5,5539,454
PT_114,2025-03-06,64,76.2,37.1,5606,449
PT_114,2025-03-07,65,74.7,33.6,4898,409
PT_114,2025-03-08,66,77.7,36.1,5685,318
PT_114,2025-03-09,67,76.9,41.5,6287,390
PT_114,2025-03-10,68,73.8,37.8,5759,398
PT_114,2025-03-11,69,66.5,50.9,8342,462
PT_114,2025-03-12,70,72.9,40.9,6417,448
PT_114,2025-03-13,71,74.3,37.5,5587,479
PT_114,2025-03-14,72,76.2,40.0,4988,383
PT_114,2025-03-15,73,81.8,31.7,5895,505
PT_114,2025-03-16,74,84.5,30.0,4461,405
PT_114,2025-03-17,75,82.9,25.3,5124,430
PT_114,2025-03-18,76,75.8,27.0,4899,435
PT_114,2025-03-19,77,82.8,24.6,4932,510
PT_114,2025-03-20,78,79.7,26.1,4164,410
PT_114,2025-03-21,79,84.7,26.4,4409,506
PT_114,2025-03-22,80,78.0,27.7,4315,467
PT_114,2025-03-23,81,78.8,31.7,5089,342
PT_114,2025-03-24,82,79.9,30.5,5305,459
PT_114,2025-03-25,83,83.4,33.0,4804,425
PT_114,2025-03-26,84,79.0,35.4,5141,470
PT_114,2025-03-27,85,79.8,30.9,5750,453
PT_114,2025-03-28,86,79.4,33.6,4968,439
PT_114,2025-03-29,87,75.4,32.8,5682,430
PT_114,2025-03-30,88,78.9,39.4,5393,457
PT_114,2025-03-31,89,78.4,36.9,5161,380
PT_115,2025-01-01,0,70.6,56.3,5475,404
PT_115,2025-01-02,1,70.2,55.0,5842,450
PT_115,2025-01-03,2,77.0,47.6,4533,429
PT_115,2025-01-04,3,74.9,49.3,5040,374
PT_115,2025-01-05,4,73.5,52.5,3943,361
PT_115,2025-01-06,5,75.2,48.5,5183,418
PT_115,2025-01-07,6,78.7,52.0,4767,428
PT_115,2025-01-08,7,77.1,51.9,4245,436
PT_115,2025-01-09,8,70.3,47.6,4862,405
PT_115,2025-01-10,9,76.4,49.1,4758,415
PT_115,2025-01-11,10,78.4,47.8,3822,382
PT_115,2025-01-12,11,74.6,42.9,4738,385
PT_115,2025-01-13,12,80.6,54.7,5138,404
PT_115,2025-01-14,13,76.9,55.8,4410,357
PT_115,2025-01-15,14,78.0,46.1,5317,411
PT_115,2025-01-16,15,73.8,52.2,5893,364
PT_115,2025-01-17,16,73.4,50.2,4694,470
PT_115,2025-01-18,17,75.1,50.6,5299,432
PT_115,2025-01-19,18,72.8,57.1,4551,400
PT_115,2025-01-20,19,80.2,46.1,3124,340
PT_115,2025-01-21,20,80.8,40.5,3025,439
PT_115,2025-01-22,21,77.7,44.7,4135,410
PT_115,2025-01-23,22,80.7,38.7,3960,404
PT_115,2025-01-24,23,81.2,37.7,3865,432
PT_115,2025-01-25,24,80.5,47.6,4186,425
PT_115,2025-01-26,25,77.8,46.7,3598,429
PT_115,2025-01-27,26,75.5,52.1,5131,384
PT_115,2025-01-28,27,74.9,47.8,4683,374
PT_115,2025-01-29,28,76.5,43.6,4600,400
PT_115,2025-01-30,29,82.0,43.3,3577,445
PT_115,2025-01-31,30,81.4,36.8,3876,424
PT_115,2025-02-01,31,85.0,38.1,4237,410
PT_115,2025-02-02,32,84.5,36.5,2659,428
PT_115,2025-02-03,33,80.9,36.5,3286,427
PT_115,2025-02-04,34,86.1,36.8,1944,467
PT_115,2025-02-05,35,89.3,33.0,2226,497
PT_115,2025-02-06,36,84.7,32.3,2729,320
PT_115,2025-02-07,37,87.6,32.9,2492,413
PT_115,2025-02-08,38,83.2,37.4,3847,480
PT_115,2025-02-09,39,85.7,40.8,2569,389
PT_115,2025-02-10,40,87.1,42.5,2493,379
PT_115,2025-02-11,41,85.6,36.7,3559,466
PT_115,2025-02-12,42,81.5,37.1,3334,453
PT_115,2025-02-13,43,80.0,39.2,3850,412
PT_115,2025-02-14,44,86.9,31.0,3104,443
PT_115,2025-02-15,45,87.4,33.8,3367,444
PT_115,2025-02-16,46,83.4,36.2,2058,395
PT_115,2025-02-17,47,79.9,43.2,4615,445
PT_115,2025-02-18,48,79.3,42.5,4218,379
PT_115,2025-02-19,49,79.8,45.1,5036,458
PT_115,2025-02-20,50,79.6,47.6,4541,446
PT_115,2025-02-21,51,71.6,53.2,5879,432
PT_115,2025-02-22,52,78.5,48.6,4266,358
PT_115,2025-02-23,53,76.8,48.1,4952,440
PT_115,2025-02-24,54,75.7,47.6,3748,436
PT_115,2025-02-25,55,89.2,39.1,4353,450
PT_115,2025-02-26,56,83.8,42.3,4026,379
PT_115,2025-02-27,57,84.3,44.3,3480,452
PT_115,2025-02-28,58,82.7,37.1,3172,399
PT_115,2025-03-01,59,84.9,41.5,3266,396
PT_115,2025-03-02,60,86.7,37.1,3126,426
PT_115,2025-03-03,61,84.5,42.5,3271,398
PT_115,2025-03-04,62,83.4,40.8,2978,401
PT_115,2025-03-05,63,85.6,48.0,3946,376
PT_115,2025-03-06,64,87.6,39.1,3512,389
PT_115,2025-03-07,65,87.4,31.6,1834,349
PT_115,2025-03-08,66,91.0,34.1,2404,432
PT_115,2025-03-09,67,85.1,30.8,1931,404
PT_115,2025-03-10,68,88.7,32.4,2180,464
PT_115,2025-03-11,69,86.8,31.8,2263,405
PT_115,2025-03-12,70,84.9,39.8,3031,436
PT_115,2025-03-13,71,87.7,34.5,3196,396
PT_115,2025-03-14,72,73.3,56.4,5930,401
PT_115,2025-03-15,73,78.3,50.2,4886,376
PT_115,2025-03-16,74,80.2,46.1,4633,397
PT_115,2025-03-17,75,78.2,48.0,3388,463
PT_115,2025-03-18,76,84.2,43.1,3012,425
PT_115,2025-03-19,77,87.1,42.7,3480,447
PT_115,2025-03-20,78,81.3,36.1,2812,411
PT_115,2025-03-21,79,87.6,38.4,3593,348
PT_115,2025-03-22,80,85.3,38.2,2594,349
PT_115,2025-03-23,81,80.0,37.3,2772,438
PT_115,2025-03-24,82,88.4,39.5,2912,422
PT_115,2025-03-25,83,84.3,32.4,2581,389
PT_115,2025-03-26,84,86.1,38.6,3629,407
PT_115,2025-03-27,85,85.4,41.4,4113,407
PT_115,2025-03-28,86,84.2,38.1,3535,411
PT_115,2025-03-29,87,85.5,39.5,4711,416
PT_115,2025-03-30,88,81.9,39.3,4028,350
PT_115,2025-03-31,89,80.8,43.9,3265,411
PT_116,2025-01-01,0,66.0,46.1,3205,397
PT_116,2025-01-02,1,72.9,37.3,3217,512
PT_116,2025-01-03,2,82.9,24.5,974,462
PT_116,2025-01-04,3,86.4,18.8,932,488
PT_116,2025-01-05,4,88.5,17.9,300,474
PT_116,2025-01-06,5,91.9,23.3,300,472
PT_116,2025-01-07,6,86.9,18.5,300,475
PT_116,2025-01-08,7,88.0,14.9,664,407
PT_116,2025-01-09,8,81.2,21.5,902,448
PT_116,2025-01-10,9,87.0,18.3,1106,523
PT_116,2025-01-11,10,87.4,22.3,380,482
PT_116,2025-01-12,11,85.2,17.5,300,432
PT_116,2025-01-13,12,87.9,18.0,300,500
PT_116,2025-01-14,13,83.0,24.2,903,534
PT_116,2025-01-15,14,87.9,19.0,531,506
PT_116,2025-01-16,15,90.0,21.0,588,437
PT_116,2025-01-17,16,94.3,12.8,300,378
PT_116,2025-01-18,17,90.9,15.3,300,487
PT_116,2025-01-19,18,88.6,13.3,300,529
PT_116,2025-01-20,19,88.9,18.9,300,433
PT_116,2025-01-21,20,90.3,20.3,300,536
PT_116,2025-01-22,21,75.0,30.7,2746,426
PT_116,2025-01-23,22,72.1,34.2,2444,445
PT_116,2025-01-24,23,68.8,38.1,3828,460
PT_116,2025-01-25,24,75.7,35.2,2786,466
PT_116,2025-01-26,25,77.9,29.5,1401,491
PT_116,2025-01-27,26,83.7,27.5,1393,467
PT_116,2025-01-28,27,82.6,18.8,1055,446
PT_116,2025-01-29,28,82.7,20.5,441,439
PT_116,2025-01-30,29,85.4,23.1,300,443
PT_116,2025-01-31,30,92.5,20.7,300,555
PT_116,2025-02-01,31,88.2,19.4,300,483
PT_116,2025-02-02,32,84.8,20.4,300,464
PT_116,2025-02-03,33,85.1,17.8,300,455
PT_116,2025-02-04,34,85.9,24.3,300,484
PT_116,2025-02-05,35,92.5,13.6,300,538
PT_116,2025-02-06,36,88.1,8.5,300,482
PT_116,2025-02-07,37,90.1,11.1,300,471
PT_116,2025-02-08,38,89.0,13.5,300,492
PT_116,2025-02-09,39,91.8,19.8,300,505
PT_116,2025-02-10,40,86.5,16.3,300,464
PT_116,2025-02-11,41,84.5,19.8,300,510
PT_116,2025-02-12,42,80.8,25.9,1167,471
PT_116,2025-02-13,43,79.0,25.2,1442,486
PT_116,2025-02-14,44,66.4,40.9,3738,504
PT_116,2025-02-15,45,69.1,43.9,3881,495
PT_116,2025-02-16,46,71.8,43.0,2858,472
PT_116,2025-02-17,47,69.2,42.7,2923,517
PT_116,2025-02-18,48,68.5,37.5,3017,440
PT_116,2025-02-19,49,73.4,40.1,2978,540
PT_116,2025-02-20,50,68.7,38.4,3279,545
PT_116,2025-02-21,51,66.9,37.7,3365,439
PT_116,2025-02-22,52,74.6,44.1,3143,571
PT_116,2025-02-23,53,71.1,39.2,3075,457
PT_116,2025-02-24,54,66.7,32.6,3487,456
PT_116,2025-02-25,55,73.9,36.4,2077,463
PT_116,2025-02-26,56,73.9,37.8,3601,444
PT_116,2025-02-27,57,73.9,30.7,2737,556
PT_116,2025-02-28,58,74.0,34.4,2365,448
PT_116,2025-03-01,59,76.1,33.7,3032,447
PT_116,2025-03-02,60,70.4,32.1,1347,482
PT_116,2025-03-03,61,74.7,33.1,2122,466
PT_116,2025-03-04,62,77.3,31.1,1962,439
PT_116,2025-03-05,63,76.8,34.9,2547,511
PT_116,2025-03-06,64,70.8,32.6,2225,479
PT_116,2025-03-07,65,71.0,36.9,2702,464
PT_116,2025-03-08,66,75.3,37.7,3190,512
PT_116,2025-03-09,67,68.5,41.6,3175,462
PT_116,2025-03-10,68,74.6,35.2,2757,460
PT_116,2025-03-11,69,69.5,35.4,2716,489
PT_116,2025-03-12,70,71.5,38.8,2716,479
PT_116,2025-03-13,71,73.0,42.0,3629,504
PT_116,2025-03-14,72,70.6,38.1,2898,476
PT_116,2025-03-15,73,71.9,41.2,3856,489
PT_116,2025-03-16,74,74.7,29.9,2775,557
PT_116,2025-03-17,75,75.3,30.9,2465,451
PT_116,2025-03-18,76,75.6,35.3,1398,520
PT_116,2025-03-19,77,82.2,29.7,1278,478
PT_116,2025-03-20,78,78.5,31.8,300,475
PT_116,2025-03-21,79,81.6,27.7,1204,464
PT_116,2025-03-22,80,79.1,28.4,2089,488
PT_116,2025-03-23,81,83.7,27.2,1311,491
PT_116,2025-03-24,82,76.8,27.5,1656,501
PT_116,2025-03-25,83,79.7,27.2,823,456
PT_116,2025-03-26,84,79.6,27.7,3165,465
PT_116,2025-03-27,85,78.0,28.4,965,483
PT_116,2025-03-28,86,76.4,25.7,1505,442
PT_116,2025-03-29,87,76.5,29.5,1764,489
PT_116,2025-03-30,88,75.1,32.2,1481,506
PT_116,2025-03-31,89,79.4,32.8,2170,453
PT_117,2025-01-01,0,71.2,53.2,5650,540
PT_117,2025-01-02,1,71.5,41.1,5772,514
PT_117,2025-01-03,2,76.6,41.2,4317,587
PT_117,2025-01-04,3,78.2,41.9,5125,513
PT_117,2025-01-05,4,79.9,39.7,3833,530
PT_117,2025-01-06,5,79.9,35.0,4185,462
PT_117,2025-01-07,6,82.0,33.0,3700,517
PT_117,2025-01-08,7,86.9,29.0,4210,487
PT_117,2025-01-09,8,86.6,27.8,4077,431
PT_117,2025-01-10,9,80.6,32.0,4040,505
PT_117,2025-01-11,10,85.4,31.7,3735,586
PT_117,2025-01-12,11,80.0,37.3,5139,481
PT_117,2025-01-13,12,86.9,33.9,3843,571
PT_117,2025-01-14,13,79.4,34.9,4814,461
PT_117,2025-01-15,14,90.8,24.4,2138,573
PT_117,2025-01-16,15,92.9,30.2,3736,482
PT_117,2025-01-17,16,92.1,27.0,3154,505
PT_117,2025-01-18,17,83.0,28.0,2721,468
PT_117,2025-01-19,18,86.0,29.6,3678,517
PT_117,2025-01-20,19,84.3,26.8,3145,519
PT_117,2025-01-21,20,85.3,31.0,3051,555
PT_117,2025-01-22,21,71.2,51.6,7806,549
PT_117,2025-01-23,22,68.2,52.2,6548,530
PT_117,2025-01-24,23,73.6,45.2,5466,481
PT_117,2025-01-25,24,74.3,47.8,5893,511
PT_117,2025-01-26,25,73.7,47.4,4821,542
PT_117,2025-01-27,26,69.3,49.9,5498,476
PT_117,2025-01-28,27,73.3,39.6,5566,514
PT_117,2025-01-29,28,71.4,45.9,4912,467
PT_117,2025-01-30,29,75.8,46.3,5648,499
PT_117,2025-01-31,30,66.1,52.7,6547,527
PT_117,2025-02-01,31,73.7,40.0,5781,469
PT_117,2025-02-02,32,83.1,37.0,4686,542
PT_117,2025-02-03,33,80.2,28.7,4743,528
PT_117,2025-02-04,34,78.4,31.4,3728,515
PT_117,2025-02-05,35,89.5,30.8,2693,571
PT_117,2025-02-06,36,86.9,31.0,2089,438
PT_117,2025-02-07,37,89.3,29.6,2235,489
PT_117,2025-02-08,38,91.9,26.7,1992,452
PT_117,2025-02-09,39,87.7,18.1,2727,525
PT_117,2025-02-10,40,93.4,23.6,2364,500
PT_117,2025-02-11,41,89.7,24.0,3062,502
PT_117,2025-02-12,42,84.7,35.3,3946,487
PT_117,2025-02-13,43,82.8,29.5,3828,537
PT_117,2025-02-14,44,88.9,30.3,3466,465
PT_117,2025-02-15,45,77.2,33.0,4464,493
PT_117,2025-02-16,46,78.0,34.8,4097,509
PT_117,2025-02-17,47,80.9,38.5,3634,509
PT_117,2025-02-18,48,82.6,36.7,4518,494
PT_117,2025-02-19,49,76.4,35.9,4376,527
PT_117,2025-02-20,50,75.4,40.3,4337,538
PT_117,2025-02-21,51,72.8,50.2,6934,472
PT_117,2025-02-22,52,66.2,53.5,7612,517
PT_117,2025-02-23,53,69.0,50.4,6187,481
PT_117,2025-02-24,54,67.8,45.5,6599,450
PT_117,2025-02-25,55,67.4,49.5,6797,590
PT_117,2025-02-26,56,67.6,50.2,6070,469
PT_117,2025-02-27,57,71.9,44.9,6059,531
PT_117,2025-02-28,58,65.9,49.8,6310,491
PT_117,2025-03-01,59,70.9,49.5,7238,484
PT_117,2025-03-02,60,66.7,50.8,6645,516
PT_117,2025-03-03,61,74.2,46.4,5978,540
PT_117,2025-03-04,62,73.1,47.2,4729,478
PT_117,2025-03-05,63,77.7,44.4,4176,507
PT_117,2025-03-06,64,78.6,33.0,4783,488
PT_117,2025-03-07,65,80.6,32.3,4434,454
PT_117,2025-03-08,66,83.2,37.6,3894,534
PT_117,2025-03-09,67,76.1,35.7,4174,478
PT_117,2025-03-10,68,79.0,33.7,3476,492
PT_117,2025-03-11,69,79.4,36.3,4119,468
PT_117,2025-03-12,70,83.0,38.1,4518,519
PT_117,2025-03-13,71,81.1,35.8,4561,510
PT_117,2025-03-14,72,84.9,38.4,5115,494
PT_117,2025-03-15,73,82.9,39.3,3994,501
PT_117,2025-03-16,74,79.5,35.2,4105,518
PT_117,2025-03-17,75,79.9,32.1,4397,484
PT_117,2025-03-18,76,78.6,37.4,4110,512
PT_117,2025-03-19,77,76.9,33.4,4694,550
PT_117,2025-03-20,78,72.2,32.4,4998,506
PT_117,2025-03-21,79,75.5,39.1,4972,536
PT_117,2025-03-22,80,77.4,38.1,5943,534
PT_117,2025-03-23,81,74.8,48.9,6055,472
PT_117,2025-03-24,82,72.6,49.4,5618,588
PT_117,2025-03-25,83,74.9,44.4,5439,498
PT_117,2025-03-26,84,80.2,32.6,6039,537
PT_117,2025-03-27,85,81.8,38.9,5019,486
PT_117,2025-03-28,86,78.8,35.6,5133,578
PT_117,2025-03-29,87,81.2,33.9,3889,518
PT_117,2025-03-30,88,83.0,37.2,4097,480
PT_117,2025-03-31,89,84.7,36.6,3643,477
PT_118,2025-01-01,0,68.9,50.1,7749,356
PT_118,2025-01-02,1,72.5,38.9,6646,437
PT_118,2025-01-03,2,68.8,32.0,6294,454
PT_118,2025-01-04,3,72.2,31.5,5679,343
PT_118,2025-01-05,4,76.2,31.4,5179,416
PT_118,2025-01-06,5,71.4,30.3,6377,415
PT_118,2025-01-07,6,74.2,32.5,5873,398
PT_118,2025-01-08,7,82.1,31.1,5497,440
PT_118,2025-01-09,8,76.7,26.5,5215,385
PT_118,2025-01-10,9,76.2,28.9,5745,420
PT_118,2025-01-11,10,75.8,28.8,4953,410
PT_118,2025-01-12,11,74.3,25.7,5890,468
PT_118,2025-01-13,12,77.5,33.4,4907,393
PT_118,2025-01-14,13,79.0,30.8,5602,407
PT_118,2025-01-15,14,74.8,29.3,5982,453
PT_118,2025-01-16,15,74.9,34.5,5663,431
PT_118,2025-01-17,16,75.4,33.2,6019,445
PT_118,2025-01-18,17,74.2,31.1,5957,438
PT_118,2025-01-19,18,76.1,32.3,5419,390
PT_118,2025-01-20,19,70.0,39.7,6322,380
PT_118,2025-01-21,20,73.5,39.1,6680,448
PT_118,2025-01-22,21,65.8,41.6,7360,412
PT_118,2025-01-23,22,67.2,47.4,7767,423
PT_118,2025-01-24,23,69.0,45.1,6704,403
PT_118,2025-01-25,24,71.3,42.2,7195,423
PT_118,2025-01-26,25,69.2,37.7,5587,466
PT_118,2025-01-27,26,70.0,35.6,5893,413
PT_118,2025-01-28,27,75.2,32.4,5835,437
PT_118,2025-01-29,28,74.4,36.3,5511,396
PT_118,2025-01-30,29,77.6,32.0,5079,459
PT_118,2025-01-31,30,85.2,31.6,5092,418
PT_118,2025-02-01,31,71.5,30.7,5176,417
PT_118,2025-02-02,32,82.3,29.2,4991,452
PT_118,2025-02-03,33,78.2,31.8,5376,486
PT_118,2025-02-04,34,76.2,28.9,5408,475
PT_118,2025-02-05,35,81.4,23.1,5364,391
PT_118,2025-02-06,36,73.8,31.0,4896,382
PT_118,2025-02-07,37,76.3,31.9,5317,414
PT_118,2025-02-08,38,80.9,21.3,4413,377
PT_118,2025-02-09,39,79.7,22.9,5252,406
PT_118,2025-02-10,40,82.5,27.6,4966,463
PT_118,2025-02-11,41,79.7,27.2,4652,436
PT_118,2025-02-12,42,79.4,36.7,6258,446
PT_118,2025-02-13,43,76.4,34.1,5835,396
PT_118,2025-02-14,44,74.2,40.8,6523,428
PT_118,2025-02-15,45,66.2,47.6,6852,423
PT_118,2025-02-16,46,71.1,40.2,7299,425
PT_118,2025-02-17,47,75.3,37.7,5940,467
PT_118,2025-02-18,48,73.3,33.9,6163,355
PT_118,2025-02-19,49,76.5,38.9,4737,438
PT_118,2025-02-20,50,78.5,29.6,5471,403
PT_118,2025-02-21,51,80.7,27.8,5688,371
PT_118,2025-02-22,52,80.3,23.5,4484,375
PT_118,2025-02-23,53,82.1,30.5,5068,416
PT_118,2025-02-24,54,81.1,22.2,4976,391
PT_118,2025-02-25,55,81.3,27.4,5375,412
PT_118,2025-02-26,56,70.7,29.6,4953,404
PT_118,2025-02-27,57,77.3,23.9,4957,429
PT_118,2025-02-28,58,83.3,26.6,5326,385
PT_118,2025-03-01,59,77.1,34.0,5776,372
PT_118,2025-03-02,60,76.2,35.5,5442,414
PT_118,2025-03-03,61,72.3,33.3,5720,438
PT_118,2025-03-04,62,73.0,37.3,5633,398
PT_118,2025-03-05,63,70.7,31.5,5185,418
PT_118,2025-03-06,64,79.5,31.6,5521,414
PT_118,2025-03-07,65,75.8,30.8,6303,418
PT_118,2025-03-08,66,69.7,38.8,6864,417
PT_118,2025-03-09,67,66.9,42.9,7171,349
PT_118,2025-03-10,68,69.6,35.9,7922,434
PT_118,2025-03-11,69,68.6,38.4,7065,442
PT_118,2025-03-12,70,72.8,40.8,7304,344
PT_118,2025-03-13,71,67.0,36.4,6862,438
PT_118,2025-03-14,72,74.1,37.5,6322,418
PT_118,2025-03-15,73,72.9,40.8,6769,457
PT_118,2025-03-16,74,69.4,35.0,5876,419
PT_118,2025-03-17,75,69.1,40.7,6760,439
PT_118,2025-03-18,76,74.9,37.3,6764,422
PT_118,2025-03-19,77,68.3,41.3,7319,471
PT_118,2025-03-20,78,69.2,40.1,7261,349
PT_118,2025-03-21,79,68.8,40.3,6926,444
PT_118,2025-03-22,80,71.9,41.7,6219,453
PT_118,2025-03-23,81,68.5,41.8,6984,464
PT_118,2025-03-24,82,67.2,37.0,6603,450
PT_118,2025-03-25,83,66.0,40.0,7269,425
PT_118,2025-03-26,84,68.9,40.3,6540,391
PT_118,2025-03-27,85,68.5,42.0,6043,424
PT_118,2025-03-28,86,69.5,42.1,6976,362
PT_118,2025-03-29,87,62.5,41.0,7575,406
PT_118,2025-03-30,88,65.8,46.2,7548,471
PT_118,2025-03-31,89,67.7,42.8,7028,447
PT_119,2025-01-01,0,71.3,31.9,8097,433
PT_119,2025-01-02,1,73.7,29.6,8184,399
PT_119,2025-01-03,2,74.1,33.2,8630,410
PT_119,2025-01-04,3,72.1,28.1,7441,356
PT_119,2025-01-05,4,71.9,29.5,8069,361
PT_119,2025-01-06,5,78.4,34.4,6933,384
PT_119,2025-01-07,6,74.6,26.2,6883,403
PT_119,2025-01-08,7,72.1,32.4,7311,348
PT_119,2025-01-09,8,76.4,27.7,7894,395
PT_119,2025-01-10,9,74.3,30.8,7592,462
PT_119,2025-01-11,10,77.4,31.3,7286,399
PT_119,2025-01-12,11,73.1,33.1,7957,350
PT_119,2025-01-13,12,74.8,30.6,6741,333
PT_119,2025-01-14,13,72.5,29.5,7058,393
PT_119,2025-01-15,14,74.0,33.3,8120,405
PT_119,2025-01-16,15,75.8,25.2,7527,442
PT_119,2025-01-17,16,71.8,30.1,7798,435
PT_119,2025-01-18,17,74.5,29.3,7583,358
PT_119,2025-01-19,18,70.8,34.3,7532,462
PT_119,2025-01-20,19,70.6,35.4,7755,452
PT_119,2025-01-21,20,69.3,31.7,8217,440
PT_119,2025-01-22,21,66.2,39.0,8282,385
PT_119,2025-01-23,22,68.1,32.7,8505,422
PT_119,2025-01-24,23,67.8,36.5,8121,409
PT_119,2025-01-25,24,67.3,33.0,8948,457
PT_119,2025-01-26,25,69.7,34.6,7317,453
PT_119,2025-01-27,26,69.6,37.6,8412,377
PT_119,2025-01-28,27,67.0,33.2,8026,404
PT_119,2025-01-29,28,73.0,36.1,8609,355
PT_119,2025-01-30,29,67.8,37.1,8350,388
PT_119,2025-01-31,30,69.9,38.3,8389,384
PT_119,2025-02-01,31,71.2,29.2,8134,367
PT_119,2025-02-02,32,68.6,33.1,8088,417
PT_119,2025-02-03,33,72.3,33.5,7546,410
PT_119,2025-02-04,34,72.1,33.8,8821,360
PT_119,2025-02-05,35,75.9,25.0,7864,393
PT_119,2025-02-06,36,76.1,32.2,7486,428
PT_119,2025-02-07,37,71.0,30.0,7624,400
PT_119,2025-02-08,38,74.0,30.8,7531,412
PT_119,2025-02-09,39,74.1,29.6,7345,453
PT_119,2025-02-10,40,81.5,27.2,7039,469
PT_119,2025-02-11,41,74.5,29.7,7733,389
PT_119,2025-02-12,42,73.0,37.4,8475,437
PT_119,2025-02-13,43,74.0,31.8,8171,420
PT_119,2025-02-14,44,73.1,33.3,8256,420
PT_119,2025-02-15,45,72.0,33.5,7951,412
PT_119,2025-02-16,46,73.8,34.4,7812,390
PT_119,2025-02-17,47,74.5,32.5,7463,417
PT_119,2025-02-18,48,68.6,34.5,7876,460
PT_119,2025-02-19,49,67.3,38.4,8065,381
PT_119,2025-02-20,50,70.2,35.3,7911,413
PT_119,2025-02-21,51,69.7,29.6,8755,383
PT_119,2025-02-22,52,72.2,35.3,8672,420
PT_119,2025-02-23,53,74.9,34.9,8381,461
PT_119,2025-02-24,54,70.9,38.7,8594,365
PT_119,2025-02-25,55,76.8,38.9,7689,403
PT_119,2025-02-26,56,72.2,34.5,8263,343
PT_119,2025-02-27,57,70.6,40.4,8494,346
PT_119,2025-02-28,58,73.9,42.0,8876,435
PT_119,2025-03-01,59,72.5,40.0,9057,364
PT_119,2025-03-02,60,67.0,34.7,8402,395
PT_119,2025-03-03,61,71.4,38.2,9206,390
PT_119,2025-03-04,62,70.6,39.1,8397,430
PT_119,2025-03-05,63,71.1,36.8,8299,425
PT_119,2025-03-06,64,71.2,37.5,8143,388
PT_119,2025-03-07,65,75.6,28.4,8385,456
PT_119,2025-03-08,66,70.6,26.5,7762,361
PT_119,2025-03-09,67,76.4,30.8,8155,347
PT_119,2025-03-10,68,76.8,32.8,7639,393
PT_119,2025-03-11,69,72.6,30.8,7617,397
PT_119,2025-03-12,70,76.5,27.8,6997,350
PT_119,2025-03-13,71,75.6,29.8,6790,416
PT_119,2025-03-14,72,72.2,30.9,8098,416
PT_119,2025-03-15,73,81.2,23.1,7803,380
PT_119,2025-03-16,74,71.9,26.1,6636,352
PT_119,2025-03-17,75,74.6,25.9,6304,384
PT_119,2025-03-18,76,70.5,28.0,7527,411
PT_119,2025-03-19,77,71.8,28.5,7146,449
PT_119,2025-03-20,78,77.2,34.9,8369,416
PT_119,2025-03-21,79,78.0,30.3,8368,389
PT_119,2025-03-22,80,72.3,30.6,7369,413
PT_119,2025-03-23,81,73.2,31.4,8305,381
PT_119,2025-03-24,82,74.8,25.8,7476,363
PT_119,2025-03-25,83,75.0,35.9,8885,404
PT_119,2025-03-26,84,72.9,32.6,8792,425
PT_119,2025-03-27,85,64.6,32.5,7634,393
PT_119,2025-03-28,86,77.6,29.0,7319,451
PT_119,2025-03-29,87,73.0,32.5,7639,399
PT_119,2025-03-30,88,79.7,32.2,6812,416
PT_119,2025-03-31,89,75.4,21.5,7168,478
PT_120,2025-01-01,0,69.6,52.0,7025,516
PT_120,2025-01-02,1,71.3,42.3,5829,519
PT_120,2025-01-03,2,77.8,34.5,5564,494
PT_120,2025-01-04,3,85.2,25.5,4208,517
PT_120,2025-01-05,4,82.3,27.7,4650,474
PT_120,2025-01-06,5,85.7,28.0,4978,504
PT_120,2025-01-07,6,89.7,27.1,4816,501
PT_120,2025-01-08,7,87.2,24.3,5932,539
PT_120,2025-01-09,8,84.5,27.4,3322,484
PT_120,2025-01-10,9,90.3,35.7,4389,544
PT_120,2025-01-11,10,86.1,24.1,4660,478
PT_120,2025-01-12,11,88.0,25.7,4171,478
PT_120,2025-01-13,12,85.8,29.1,4861,546
PT_120,2025-01-14,13,79.4,28.2,5110,531
PT_120,2025-01-15,14,84.0,24.2,4488,493
PT_120,2025-01-16,15,81.3,34.4,4959,460
PT_120,2025-01-17,16,80.6,29.0,5129,488
PT_120,2025-01-18,17,82.6,30.7,4726,480
PT_120,2025-01-19,18,81.3,30.4,4991,424
PT_120,2025-01-20,19,79.3,34.2,5096,522
PT_120,2025-01-21,20,80.1,27.6,4771,453
PT_120,2025-01-22,21,65.3,41.9,6739,531
PT_120,2025-01-23,22,69.3,47.2,7007,482
PT_120,2025-01-24,23,71.8,47.2,6806,546
PT_120,2025-01-25,24,70.3,47.3,6924,475
PT_120,2025-01-26,25,69.7,41.2,6818,472
PT_120,2025-01-27,26,68.7,45.5,6805,491
PT_120,2025-01-28,27,71.6,38.0,6853,533
PT_120,2025-01-29,28,67.9,41.2,6438,497
PT_120,2025-01-30,29,75.6,36.8,6106,594
PT_120,2025-01-31,30,75.2,37.0,5430,514
PT_120,2025-02-01,31,77.6,37.8,5809,485
PT_120,2025-02-02,32,80.1,35.5,5188,500
PT_120,2025-02-03,33,77.3,34.1,6289,533
PT_120,2025-02-04,34,75.3,36.7,5538,545
PT_120,2025-02-05,35,80.4,30.5,5498,482
PT_120,2025-02-06,36,77.5,39.0,5603,493
PT_120,2025-02-07,37,76.4,38.1,6227,527
PT_120,2025-02-08,38,77.9,40.2,5735,480
PT_120,2025-02-09,39,78.9,35.0,5242,550
PT_120,2025-02-10,40,77.2,39.3,6058,477
PT_120,2025-02-11,41,74.2,41.8,5587,517
PT_120,2025-02-12,42,77.5,42.4,6042,493
PT_120,2025-02-13,43,79.0,40.0,6162,528
PT_120,2025-02-14,44,73.7,42.6,6154,515
PT_120,2025-02-15,45,74.5,43.0,5882,538
PT_120,2025-02-16,46,76.2,33.5,6970,433
PT_120,2025-02-17,47,67.5,50.0,7405,509
PT_120,2025-02-18,48,64.2,47.3,6952,547
PT_120,2025-02-19,49,70.9,48.3,6990,536
PT_120,2025-02-20,50,71.5,42.8,7099,504
PT_120,2025-02-21,51,69.4,38.0,6693,474
PT_120,2025-02-22,52,70.7,41.0,7507,502
PT_120,2025-02-23,53,72.0,45.7,7488,506
PT_120,2025-02-24,54,67.9,42.5,6619,463
PT_120,2025-02-25,55,70.8,48.4,8217,498
PT_120,2025-02-26,56,69.1,45.8,6760,532
PT_120,2025-02-27,57,75.9,42.9,5482,497
PT_120,2025-02-28,58,79.4,40.6,6136,502
PT_120,2025-03-01,59,77.4,33.6,4781,441
PT_120,2025-03-02,60,79.6,32.4,4896,462
PT_120,2025-03-03,61,80.0,34.5,5754,546
PT_120,2025-03-04,62,82.0,28.4,4721,504
PT_120,2025-03-05,63,82.1,34.3,5410,496
PT_120,2025-03-06,64,79.4,33.7,5693,473
PT_120,2025-03-07,65,77.7,36.0,5614,474
PT_120,2025-03-08,66,79.3,35.4,4975,513
PT_120,2025-03-09,67,75.4,35.4,5145,503
PT_120,2025-03-10,68,76.3,35.5,5357,486
PT_120,2025-03-11,69,77.6,34.7,4322,445
PT_120,2025-03-12,70,80.1,35.2,6217,530
PT_120,2025-03-13,71,78.1,38.8,6411,545
PT_120,2025-03-14,72,82.1,33.0,5643,496
PT_120,2025-03-15,73,76.4,36.4,5807,467
PT_120,2025-03-16,74,76.0,39.5,5407,491
PT_120,2025-03-17,75,75.4,37.0,5770,455
PT_120,2025-03-18,76,69.4,43.8,6870,535
PT_120,2025-03-19,77,74.8,40.2,7374,481
PT_120,2025-03-20,78,74.3,40.6,5881,437
PT_120,2025-03-21,79,74.9,42.4,5496,498
PT_120,2025-03-22,80,75.0,37.0,5344,519
PT_120,2025-03-23,81,75.8,40.1,5263,505
PT_120,2025-03-24,82,83.2,38.4,6096,548
PT_120,2025-03-25,83,74.4,30.0,5405,537
PT_120,2025-03-26,84,81.2,35.4,6034,522
PT_120,2025-03-27,85,78.1,40.5,5337,562
PT_120,2025-03-28,86,84.2,32.5,5981,446
PT_120,2025-03-29,87,76.9,33.9,5368,514
PT_120,2025-03-30,88,75.0,35.2,5970,441
PT_120,2025-03-31,89,77.7,37.4,4927,562
PT_121,2025-01-01,0,72.7,44.5,4284,497
PT_121,2025-01-02,1,75.9,37.4,4453,429
PT_121,2025-01-03,2,76.2,29.8,3349,474
PT_121,2025-01-04,3,85.3,28.5,2907,420
PT_121,2025-01-05,4,87.5,30.9,2978,415
PT_121,2025-01-06,5,83.2,34.1,2803,461
PT_121,2025-01-07,6,83.9,31.6,2318,411
PT_121,2025-01-08,7,83.6,29.2,2445,462
PT_121,2025-01-09,8,84.6,26.4,2132,456
PT_121,2025-01-10,9,85.9,27.4,2629,451
PT_121,2025-01-11,10,82.7,25.0,2834,456
PT_121,2025-01-12,11,81.9,29.2,2351,455
PT_121,2025-01-13,12,80.4,31.4,3414,451
PT_121,2025-01-14,13,83.4,28.0,2783,452
PT_121,2025-01-15,14,92.6,27.4,2776,394
PT_121,2025-01-16,15,86.7,24.6,2663,406
PT_121,2025-01-17,16,89.8,18.6,2481,457
PT_121,2025-01-18,17,91.2,23.0,1535,483
PT_121,2025-01-19,18,85.0,19.8,2485,410
PT_121,2025-01-20,19,88.5,20.6,2510,467
PT_121,2025-01-21,20,84.4,26.8,2650,477
PT_121,2025-01-22,21,72.3,41.1,4311,467
PT_121,2025-01-23,22,73.5,42.7,4033,468
PT_121,2025-01-24,23,78.0,37.7,4210,409
PT_121,2025-01-25,24,79.3,40.3,3642,405
PT_121,2025-01-26,25,77.8,31.3,3359,523
PT_121,2025-01-27,26,78.6,31.2,3055,472
PT_121,2025-01-28,27,86.5,32.9,2991,419
PT_121,2025-01-29,28,83.6,30.7,2311,417
PT_121,2025-01-30,29,83.7,24.1,1909,476
PT_121,2025-01-31,30,87.9,22.7,2469,412
PT_121,2025-02-01,31,84.3,26.8,2058,484
PT_121,2025-02-02,32,89.7,27.1,2598,395
PT_121,2025-02-03,33,87.1,27.3,1581,477
PT_121,2025-02-04,34,87.2,25.4,2502,426
PT_121,2025-02-05,35,94.1,14.1,942,413
PT_121,2025-02-06,36,96.6,14.2,1383,412
PT_121,2025-02-07,37,97.2,14.2,1107,411
PT_121,2025-02-08,38,99.5,15.4,340,441
PT_121,2025-02-09,39,97.5,16.3,770,504
PT_121,2025-02-10,40,93.6,14.1,1151,463
PT_121,2025-02-11,41,96.4,12.5,683,448
PT_121,2025-02-12,42,83.8,26.4,2971,361
PT_121,2025-02-13,43,81.6,31.6,2313,423
PT_121,2025-02-14,44,74.5,40.8,3991,506
PT_121,2025-02-15,45,72.2,39.0,4835,472
PT_121,2025-02-16,46,75.1,35.1,3825,342
PT_121,2025-02-17,47,83.5,28.9,3367,518
PT_121,2025-02-18,48,84.6,39.7,2370,414
PT_121,2025-02-19,49,82.9,23.7,1921,391
PT_121,2025-02-20,50,89.0,23.9,2689,407
PT_121,2025-02-21,51,89.4,24.5,2953,418
PT_121,2025-02-22,52,88.7,26.6,2902,551
PT_121,2025-02-23,53,87.0,24.8,2032,458
PT_121,2025-02-24,54,90.1,30.1,2057,393
PT_121,2025-02-25,55,84.5,28.7,2881,421
PT_121,2025-02-26,56,89.4,26.4,2693,406
PT_121,2025-02-27,57,82.4,32.1,1852,475
PT_121,2025-02-28,58,86.0,31.1,2512,375
PT_121,2025-03-01,59,84.5,31.1,3839,475
PT_121,2025-03-02,60,85.0,28.7,2743,443
PT_121,2025-03-03,61,87.1,27.7,2756,508
PT_121,2025-03-04,62,86.9,30.8,3029,475
PT_121,2025-03-05,63,79.2,28.5,3305,511
PT_121,2025-03-06,64,84.1,33.3,3738,432
PT_121,2025-03-07,65,82.0,33.3,3839,414
PT_121,2025-03-08,66,72.3,39.0,4596,458
PT_121,2025-03-09,67,79.2,42.4,4122,468
PT_121,2025-03-10,68,78.3,37.5,4827,478
PT_121,2025-03-11,69,73.9,36.3,3681,400
PT_121,2025-03-12,70,79.7,31.7,4530,376
PT_121,2025-03-13,71,74.0,31.6,3051,446
PT_121,2025-03-14,72,81.7,36.7,3054,401
PT_121,2025-03-15,73,84.2,39.8,2717,410
PT_121,2025-03-16,74,80.2,28.0,3587,413
PT_121,2025-03-17,75,81.3,33.1,3123,449
PT_121,2025-03-18,76,80.5,30.8,3448,439
PT_121,2025-03-19,77,77.5,36.7,2654,400
PT_121,2025-03-20,78,79.6,32.1,4010,393
PT_121,2025-03-21,79,79.0,38.0,3636,510
PT_121,2025-03-22,80,76.4,41.2,3444,503
PT_121,2025-03-23,81,84.0,38.8,3373,468
PT_121,2025-03-24,82,74.4,37.0,3957,505
PT_121,2025-03-25,83,78.9,38.7,3997,492
PT_121,2025-03-26,84,78.3,33.5,3553,489
PT_121,2025-03-27,85,78.9,38.6,3248,444
PT_121,2025-03-28,86,75.0,38.9,3604,489
PT_121,2025-03-29,87,74.8,42.6,4806,465
PT_121,2025-03-30,88,69.5,47.7,4459,538
PT_121,2025-03-31,89,70.2,39.2,5276,434
PT_122,2025-01-01,0,72.7,51.9,6818,497
PT_122,2025-01-02,1,72.6,38.6,5630,510
PT_122,2025-01-03,2,76.9,38.9,5468,456
PT_122,2025-01-04,3,81.1,43.9,5567,538
PT_122,2025-01-05,4,76.5,42.0,5433,459
PT_122,2025-01-06,5,76.9,41.4,5241,512
PT_122,2025-01-07,6,83.5,38.0,4492,492
PT_122,2025-01-08,7,83.6,41.8,4049,527
PT_122,2025-01-09,8,81.7,35.5,5126,512
PT_122,2025-01-10,9,81.6,40.0,4108,491
PT_122,2025-01-11,10,78.9,37.8,5060,487
PT_122,2025-01-12,11,79.2,38.1,4940,458
PT_122,2025-01-13,12,80.8,36.9,5012,476
PT_122,2025-01-14,13,78.6,44.5,5922,512
PT_122,2025-01-15,14,74.1,38.3,4517,484
PT_122,2025-01-16,15,79.4,41.5,5498,561
PT_122,2025-01-17,16,75.8,39.2,5684,467
PT_122,2025-01-18,17,81.6,40.2,4724,510
PT_122,2025-01-19,18,79.6,38.8,5226,442
PT_122,2025-01-20,19,79.5,34.8,5406,508
PT_122,2025-01-21,20,81.0,42.0,5760,516
PT_122,2025-01-22,21,76.0,48.8,5750,507
PT_122,2025-01-23,22,75.4,47.3,5681,485
PT_122,2025-01-24,23,72.9,45.3,6378,477
PT_122,2025-01-25,24,74.5,45.0,5802,452
PT_122,2025-01-26,25,77.5,43.1,5380,520
PT_122,2025-01-27,26,77.8,41.9,5823,501
PT_122,2025-01-28,27,80.3,36.7,4761,488
PT_122,2025-01-29,28,80.2,32.9,3999,460
PT_122,2025-01-30,29,81.2,31.0,4154,526
PT_122,2025-01-31,30,88.9,40.4,4702,462
PT_122,2025-02-01,31,86.8,32.7,4467,493
PT_122,2025-02-02,32,83.2,36.2,4755,468
PT_122,2025-02-03,33,83.1,32.4,4740,510
PT_122,2025-02-04,34,78.0,32.5,5234,462
PT_122,2025-02-05,35,83.6,33.9,5189,526
PT_122,2025-02-06,36,84.1,34.5,4726,512
PT_122,2025-02-07,37,78.3,33.8,4928,503
PT_122,2025-02-08,38,81.0,37.7,5482,509
PT_122,2025-02-09,39,79.7,33.6,5121,513
PT_122,2025-02-10,40,78.5,41.8,5877,541
PT_122,2025-02-11,41,81.3,40.0,4877,502
PT_122,2025-02-12,42,80.4,44.2,4893,510
PT_122,2025-02-13,43,80.8,41.6,4874,470
PT_122,2025-02-14,44,71.7,46.8,6571,507
PT_122,2025-02-15,45,73.8,43.6,6734,499
PT_122,2025-02-16,46,77.1,50.5,5666,486
PT_122,2025-02-17,47,72.8,46.2,6014,478
PT_122,2025-02-18,48,73.4,42.0,7030,425
PT_122,2025-02-19,49,76.8,49.4,6512,496
PT_122,2025-02-20,50,77.3,45.9,6412,498
PT_122,2025-02-21,51,76.3,48.0,5716,553
PT_122,2025-02-22,52,76.6,43.7,5340,521
PT_122,2025-02-23,53,79.9,37.1,5155,515
PT_122,2025-02-24,54,81.0,36.6,5235,510
PT_122,2025-02-25,55,77.1,35.9,5031,533
PT_122,2025-02-26,56,80.6,34.7,4292,569
PT_122,2025-02-27,57,75.2,39.5,4722,525
PT_122,2025-02-28,58,82.8,34.4,4617,462
PT_122,2025-03-01,59,77.1,44.2,5061,482
PT_122,2025-03-02,60,81.5,39.9,5058,499
PT_122,2025-03-03,61,80.4,35.1,5302,453
PT_122,2025-03-04,62,77.4,42.6,4812,516
PT_122,2025-03-05,63,85.8,34.2,4674,542
PT_122,2025-03-06,64,81.2,29.4,4083,536
PT_122,2025-03-07,65,81.4,39.9,4660,472
PT_122,2025-03-08,66,80.9,34.9,4459,468
PT_122,2025-03-09,67,82.3,35.8,4674,471
PT_122,2025-03-10,68,80.5,36.0,4918,593
PT_122,2025-03-11,69,82.7,35.3,4893,494
PT_122,2025-03-12,70,71.5,48.0,6264,487
PT_122,2025-03-13,71,73.9,39.8,5817,499
PT_122,2025-03-14,72,79.9,37.1,5783,529
PT_122,2025-03-15,73,76.9,42.5,4651,482
PT_122,2025-03-16,74,84.0,38.1,3563,491
PT_122,2025-03-17,75,82.0,30.7,4510,480
PT_122,2025-03-18,76,80.5,37.7,4725,492
PT_122,2025-03-19,77,81.9,34.1,4213,492
PT_122,2025-03-20,78,80.0,30.6,4211,525
PT_122,2025-03-21,79,85.9,27.7,4586,563
PT_122,2025-03-22,80,83.9,36.8,4991,547
PT_122,2025-03-23,81,81.1,32.6,4776,508
PT_122,2025-03-24,82,84.3,33.7,5543,484
PT_122,2025-03-25,83,84.4,36.3,4893,522
PT_122,2025-03-26,84,80.9,36.3,5072,498
PT_122,2025-03-27,85,81.2,36.4,4551,535
PT_122,2025-03-28,86,81.4,32.7,4892,532
PT_122,2025-03-29,87,83.2,36.7,5344,527
PT_122,2025-03-30,88,75.9,36.8,4283,532
PT_122,2025-03-31,89,78.0,44.6,5703,487
PT_123,2025-01-01,0,81.0,51.6,8418,460
PT_123,2025-01-02,1,77.0,45.3,5873,427
PT_123,2025-01-03,2,84.4,48.7,5667,449
PT_123,2025-01-04,3,80.4,45.5,5479,482
PT_123,2025-01-05,4,81.1,41.5,6828,409
PT_123,2025-01-06,5,79.5,43.9,5238,452
PT_123,2025-01-07,6,84.4,36.5,5833,458
PT_123,2025-01-08,7,82.6,39.4,5888,473
PT_123,2025-01-09,8,86.2,37.5,6485,386
PT_123,2025-01-10,9,84.4,35.8,5816,435
PT_123,2025-01-11,10,85.7,43.0,4765,477
PT_123,2025-01-12,11,88.9,41.3,6755,415
PT_123,2025-01-13,12,85.2,41.5,5661,494
PT_123,2025-01-14,13,83.4,35.4,5780,455
PT_123,2025-01-15,14,85.6,39.4,5019,439
PT_123,2025-01-16,15,88.0,45.9,5241,412
PT_123,2025-01-17,16,81.9,39.9,6400,389
PT_123,2025-01-18,17,89.2,46.1,4941,485
PT_123,2025-01-19,18,86.1,44.5,5864,504
PT_123,2025-01-20,19,87.2,44.6,5692,452
PT_123,2025-01-21,20,83.0,40.8,6659,415
PT_123,2025-01-22,21,82.3,47.2,7221,466
PT_123,2025-01-23,22,75.3,52.3,7169,450
PT_123,2025-01-24,23,77.4,52.7,7606,460
PT_123,2025-01-25,24,74.0,50.6,7468,478
PT_123,2025-01-26,25,74.7,53.1,7141,401
PT_123,2025-01-27,26,77.3,45.6,7240,435
PT_123,2025-01-28,27,78.2,54.7,7679,440
PT_123,2025-01-29,28,82.0,39.9,6357,390
PT_123,2025-01-30,29,86.5,41.0,6065,428
PT_123,2025-01-31,30,88.1,43.2,5203,461
PT_123,2025-02-01,31,83.9,39.9,5755,457
PT_123,2025-02-02,32,86.3,46.7,5583,498
PT_123,2025-02-03,33,84.7,43.9,4905,420
PT_123,2025-02-04,34,89.3,39.6,5190,467
PT_123,2025-02-05,35,80.6,47.5,7703,445
PT_123,2025-02-06,36,79.8,40.2,5813,503
PT_123,2025-02-07,37,91.6,41.3,4946,441
PT_123,2025-02-08,38,94.8,35.4,4662,395
PT_123,2025-02-09,39,88.1,26.5,4009,402
PT_123,2025-02-10,40,91.7,29.4,4262,455
PT_123,2025-02-11,41,93.7,29.9,3689,480
PT_123,2025-02-12,42,91.3,37.1,4243,476
PT_123,2025-02-13,43,93.3,36.8,5312,460
PT_123,2025-02-14,44,91.6,29.4,4452,426
PT_123,2025-02-15,45,87.7,28.4,3968,451
PT_123,2025-02-16,46,89.7,30.9,4701,448
PT_123,2025-02-17,47,93.2,32.9,4572,461
PT_123,2025-02-18,48,90.9,36.0,4027,421
PT_123,2025-02-19,49,90.2,35.7,5647,417
PT_123,2025-02-20,50,88.0,38.4,5898,463
PT_123,2025-02-21,51,89.3,38.7,4919,470
PT_123,2025-02-22,52,87.2,39.4,5774,437
PT_123,2025-02-23,53,84.6,37.0,5035,429
PT_123,2025-02-24,54,83.8,40.1,6111,407
PT_123,2025-02-25,55,83.8,36.3,6095,471
PT_123,2025-02-26,56,77.6,54.5,7769,419
PT_123,2025-02-27,57,78.7,49.6,6813,466
PT_123,2025-02-28,58,78.6,43.5,6751,437
PT_123,2025-03-01,59,76.3,38.7,6763,423
PT_123,2025-03-02,60,82.2,44.5,5650,401
PT_123,2025-03-03,61,82.4,41.9,5974,441
PT_123,2025-03-04,62,80.5,43.5,5576,435
PT_123,2025-03-05,63,84.3,41.6,6009,483
PT_123,2025-03-06,64,80.0,43.3,5434,365
PT_123,2025-03-07,65,87.1,39.7,5793,444
PT_123,2025-03-08,66,85.0,39.5,5366,388
PT_123,2025-03-09,67,88.2,44.3,5908,452
PT_123,2025-03-10,68,88.1,34.8,6733,400
PT_123,2025-03-11,69,83.7,41.9,5505,432
PT_123,2025-03-12,70,87.5,39.0,6348,387
PT_123,2025-03-13,71,90.6,39.5,5502,374
PT_123,2025-03-14,72,79.2,38.5,6239,461
PT_123,2025-03-15,73,89.1,42.6,6151,483
PT_123,2025-03-16,74,82.7,46.1,5589,468
PT_123,2025-03-17,75,85.1,42.7,6180,442
PT_123,2025-03-18,76,80.5,41.8,6447,398
PT_123,2025-03-19,77,81.8,44.4,5985,496
PT_123,2025-03-20,78,76.4,52.1,6832,414
PT_123,2025-03-21,79,84.4,49.5,6286,420
PT_123,2025-03-22,80,85.9,41.9,6282,438
PT_123,2025-03-23,81,82.5,39.4,4946,461
PT_123,2025-03-24,82,87.6,36.1,5987,508
PT_123,2025-03-25,83,86.5,37.5,5625,475
PT_123,2025-03-26,84,89.7,39.4,4827,412
PT_123,2025-03-27,85,86.3,42.7,5400,457
PT_123,2025-03-28,86,85.0,38.5,5589,443
PT_123,2025-03-29,87,89.1,32.1,5541,435
PT_123,2025-03-30,88,88.3,34.1,5104,322
PT_123,2025-03-31,89,84.8,42.1,6146,465
PT_124,2025-01-01,0,63.0,29.2,7942,491
PT_124,2025-01-02,1,64.2,23.0,7026,400
PT_124,2025-01-03,2,66.1,17.5,6311,392
PT_124,2025-01-04,3,65.2,24.2,5628,508
PT_124,2025-01-05,4,70.0,20.6,5765,438
PT_124,2025-01-06,5,73.5,19.8,5767,422
PT_124,2025-01-07,6,73.5,11.2,5346,414
PT_124,2025-01-08,7,71.2,16.7,5643,438
PT_124,2025-01-09,8,73.4,16.9,5811,460
PT_124,2025-01-10,9,74.8,15.6,5189,442
PT_124,2025-01-11,10,73.9,18.5,5860,499
PT_124,2025-01-12,11,72.4,18.4,4867,464
PT_124,2025-01-13,12,73.2,18.4,5500,439
PT_124,2025-01-14,13,69.4,13.5,5726,480
PT_124,2025-01-15,14,72.7,21.4,5581,492
PT_124,2025-01-16,15,69.6,17.7,6324,436
PT_124,2025-01-17,16,72.5,18.0,5889,398
PT_124,2025-01-18,17,65.3,22.1,6260,465
PT_124,2025-01-19,18,64.9,23.1,6433,435
PT_124,2025-01-20,19,67.9,27.6,6340,529
PT_124,2025-01-21,20,67.1,21.7,6176,407
PT_124,2025-01-22,21,65.8,31.6,7381,444
PT_124,2025-01-23,22,62.7,24.5,7648,417
PT_124,2025-01-24,23,65.6,27.4,6559,425
PT_124,2025-01-25,24,63.8,27.6,6761,403
PT_124,2025-01-26,25,64.2,25.7,8146,445
PT_124,2025-01-27,26,66.1,30.0,7006,391
PT_124,2025-01-28,27,64.5,27.5,7035,370
PT_124,2025-01-29,28,61.2,28.3,6975,417
PT_124,2025-01-30,29,64.0,25.7,6539,442
PT_124,2025-01-31,30,66.7,23.2,7186,477
PT_124,2025-02-01,31,63.6,22.1,6807,385
PT_124,2025-02-02,32,60.4,27.2,6513,451
PT_124,2025-02-03,33,66.2,23.2,6942,474
PT_124,2025-02-04,34,67.4,25.9,6742,467
PT_124,2025-02-05,35,69.7,17.7,4641,407
PT_124,2025-02-06,36,72.0,16.5,5551,458
PT_124,2025-02-07,37,76.3,11.5,5676,438
PT_124,2025-02-08,38,72.1,20.7,4829,443
PT_124,2025-02-09,39,75.0,16.9,4057,444
PT_124,2025-02-10,40,75.7,14.0,5152,450
PT_124,2025-02-11,41,79.6,13.1,5364,389
PT_124,2025-02-12,42,69.9,17.6,6037,438
PT_124,2025-02-13,43,71.4,22.4,6254,433
PT_124,2025-02-14,44,73.2,20.5,6063,462
PT_124,2025-02-15,45,73.8,16.3,5837,470
PT_124,2025-02-16,46,70.8,15.0,5502,456
PT_124,2025-02-17,47,71.0,18.3,6721,465
PT_124,2025-02-18,48,71.2,19.0,6202,409
PT_124,2025-02-19,49,70.2,14.1,6444,400
PT_124,2025-02-20,50,67.6,25.5,6924,461
PT_124,2025-02-21,51,67.3,23.5,6722,438
PT_124,2025-02-22,52,67.2,22.9,6281,450
PT_124,2025-02-23,53,66.5,21.4,6495,442
PT_124,2025-02-24,54,67.5,25.4,6324,411
PT_124,2025-02-25,55,61.8,23.2,5671,441
PT_124,2025-02-26,56,66.1,26.6,7276,446
PT_124,2025-02-27,57,76.1,17.8,5605,439
PT_124,2025-02-28,58,74.0,16.3,5365,430
PT_124,2025-03-01,59,71.3,18.0,5707,386
PT_124,2025-03-02,60,79.0,17.8,4967,468
PT_124,2025-03-03,61,76.9,10.5,5158,487
PT_124,2025-03-04,62,77.2,15.9,5251,417
PT_124,2025-03-05,63,75.3,17.1,4755,439
PT_124,2025-03-06,64,66.7,29.4,6615,452
PT_124,2025-03-07,65,65.5,24.1,7114,483
PT_124,2025-03-08,66,70.6,18.4,5718,488
PT_124,2025-03-09,67,68.7,13.8,5790,477
PT_124,2025-03-10,68,76.4,8.4,5999,434
PT_124,2025-03-11,69,81.7,9.3,4463,437
PT_124,2025-03-12,70,77.1,12.6,4763,409
PT_124,2025-03-13,71,77.1,13.9,4491,424
PT_124,2025-03-14,72,73.5,13.0,5476,433
PT_124,2025-03-15,73,77.8,14.5,5006,437
PT_124,2025-03-16,74,74.3,11.0,4372,480
PT_124,2025-03-17,75,77.8,11.7,5143,450
PT_124,2025-03-18,76,78.0,11.1,4737,451
PT_124,2025-03-19,77,75.4,20.1,4869,462
PT_124,2025-03-20,78,76.0,8.0,4475,427
PT_124,2025-03-21,79,79.8,12.6,5169,399
PT_124,2025-03-22,80,80.8,8.0,5195,430
PT_124,2025-03-23,81,78.4,8.0,4803,430
PT_124,2025-03-24,82,77.1,9.9,4859,447
PT_124,2025-03-25,83,76.4,15.3,5061,466
PT_124,2025-03-26,84,72.8,15.8,5594,463
PT_124,2025-03-27,85,60.8,25.6,7961,440
PT_124,2025-03-28,86,71.4,28.3,6241,491
PT_124,2025-03-29,87,65.8,25.4,6085,372
PT_124,2025-03-30,88,70.8,17.2,6606,462
PT_124,2025-03-31,89,70.2,17.3,6512,456
PT_125,2025-01-01,0,72.6,49.3,5690,443
PT_125,2025-01-02,1,83.9,38.7,4286,454
PT_125,2025-01-03,2,83.8,32.9,2982,451
PT_125,2025-01-04,3,89.9,30.4,1636,447
PT_125,2025-01-05,4,87.7,29.1,2531,502
PT_125,2025-01-06,5,90.3,31.9,2376,421
PT_125,2025-01-07,6,92.0,27.5,1500,471
PT_125,2025-01-08,7,92.8,21.1,2918,413
PT_125,2025-01-09,8,90.6,29.5,2197,465
PT_125,2025-01-10,9,89.4,26.7,3286,543
PT_125,2025-01-11,10,90.3,26.0,2860,509
PT_125,2025-01-12,11,90.0,27.4,2106,524
PT_125,2025-01-13,12,93.1,26.8,2640,475
PT_125,2025-01-14,13,86.3,22.1,2721,421
PT_125,2025-01-15,14,86.7,32.7,2385,453
PT_125,2025-01-16,15,92.6,25.0,2074,461
PT_125,2025-01-17,16,95.2,25.8,2964,451
PT_125,2025-01-18,17,90.1,21.3,2408,434
PT_125,2025-01-19,18,85.9,25.1,3358,406
PT_125,2025-01-20,19,89.7,28.7,3344,458
PT_125,2025-01-21,20,91.5,29.8,2735,488
PT_125,2025-01-22,21,76.1,40.7,4425,488
PT_125,2025-01-23,22,72.9,44.6,5885,490
PT_125,2025-01-24,23,78.2,41.2,4284,372
PT_125,2025-01-25,24,85.0,41.0,3199,521
PT_125,2025-01-26,25,84.0,33.4,3344,421
PT_125,2025-01-27,26,87.3,29.1,2549,505
PT_125,2025-01-28,27,89.4,26.1,2608,439
PT_125,2025-01-29,28,93.1,26.1,2520,442
PT_125,2025-01-30,29,93.0,27.1,2108,520
PT_125,2025-01-31,30,84.9,27.3,3112,503
PT_125,2025-02-01,31,89.8,28.5,2526,498
PT_125,2025-02-02,32,93.4,21.0,2288,445
PT_125,2025-02-03,33,94.3,26.9,1927,481
PT_125,2025-02-04,34,83.0,31.4,3066,508
PT_125,2025-02-05,35,80.1,26.2,2780,462
PT_125,2025-02-06,36,82.9,30.6,2820,430
PT_125,2025-02-07,37,88.7,26.0,2852,488
PT_125,2025-02-08,38,89.4,27.4,1847,458
PT_125,2025-02-09,39,84.0,37.6,3660,468
PT_125,2025-02-10,40,95.0,21.1,1656,451
PT_125,2025-02-11,41,93.7,19.8,1502,465
PT_125,2025-02-12,42,94.8,23.4,1850,463
PT_125,2025-02-13,43,84.3,33.4,2898,465
PT_125,2025-02-14,44,81.7,35.2,3587,465
PT_125,2025-02-15,45,86.0,39.3,3813,443
PT_125,2025-02-16,46,82.2,33.0,4455,442
PT_125,2025-02-17,47,68.9,49.5,4766,455
PT_125,2025-02-18,48,81.9,36.2,3769,429
PT_125,2025-02-19,49,88.2,33.2,3257,398
PT_125,2025-02-20,50,91.3,23.2,2183,481
PT_125,2025-02-21,51,93.4,27.8,1830,421
PT_125,2025-02-22,52,90.5,29.8,2483,426
PT_125,2025-02-23,53,91.5,22.8,2323,426
PT_125,2025-02-24,54,90.7,20.4,2038,508
PT_125,2025-02-25,55,92.4,24.5,2324,429
PT_125,2025-02-26,56,92.1,26.2,3244,482
PT_125,2025-02-27,57,88.6,24.6,2712,440
PT_125,2025-02-28,58,90.7,22.0,2264,475
PT_125,2025-03-01,59,88.2,29.7,2469,435
PT_125,2025-03-02,60,89.9,27.4,2806,457
PT_125,2025-03-03,61,99.3,23.7,956,444
PT_125,2025-03-04,62,96.2,16.4,2397,411
PT_125,2025-03-05,63,92.0,20.7,1651,492
PT_125,2025-03-06,64,96.0,18.4,1258,403
PT_125,2025-03-07,65,93.8,17.2,1130,460
PT_125,2025-03-08,66,94.9,18.6,1164,437
PT_125,2025-03-09,67,92.4,22.4,2505,472
PT_125,2025-03-10,68,77.8,49.4,4683,366
PT_125,2025-03-11,69,80.2,41.2,3918,429
PT_125,2025-03-12,70,84.1,35.7,3459,432
PT_125,2025-03-13,71,85.3,26.4,2689,484
PT_125,2025-03-14,72,88.2,29.0,2903,489
PT_125,2025-03-15,73,89.8,21.9,2253,437
PT_125,2025-03-16,74,93.7,21.3,3152,460
PT_125,2025-03-17,75,94.1,25.8,2298,442
PT_125,2025-03-18,76,91.1,28.3,1438,464
PT_125,2025-03-19,77,93.3,30.9,2265,446
PT_125,2025-03-20,78,85.3,24.6,2723,495
PT_125,2025-03-21,79,91.2,28.1,2991,423
PT_125,2025-03-22,80,91.7,20.7,2522,474
PT_125,2025-03-23,81,89.1,28.1,1250,434
PT_125,2025-03-24,82,90.4,24.0,2749,502
PT_125,2025-03-25,83,91.9,25.3,2710,457
PT_125,2025-03-26,84,89.1,24.5,2894,416
PT_125,2025-03-27,85,85.4,28.6,2766,467
PT_125,2025-03-28,86,82.4,31.5,3284,444
PT_125,2025-03-29,87,88.6,30.4,2126,427
PT_125,2025-03-30,88,84.7,34.2,3298,467
PT_125,2025-03-31,89,79.7,47.4,5600,473
PT_126,2025-01-01,0,66.9,51.7,7403,309
PT_126,2025-01-02,1,68.2,53.8,7334,360
PT_126,2025-01-03,2,68.4,52.1,6420,291
PT_126,2025-01-04,3,68.5,50.9,6480,368
PT_126,2025-01-05,4,70.6,49.7,6510,301
PT_126,2025-01-06,5,69.2,52.1,6850,331
PT_126,2025-01-07,6,66.8,46.4,6119,378
PT_126,2025-01-08,7,66.5,50.0,6873,403
PT_126,2025-01-09,8,68.5,50.0,7147,328
PT_126,2025-01-10,9,72.5,52.2,6658,365
PT_126,2025-01-11,10,70.7,52.4,6751,276
PT_126,2025-01-12,11,66.9,52.4,6208,355
PT_126,2025-01-13,12,70.8,53.1,5318,388
PT_126,2025-01-14,13,66.9,48.3,6694,362
PT_126,2025-01-15,14,66.9,51.8,6656,334
PT_126,2025-01-16,15,70.1,48.7,6089,329
PT_126,2025-01-17,16,66.5,54.9,7237,281
PT_126,2025-01-18,17,71.2,57.1,7135,373
PT_126,2025-01-19,18,70.2,49.7,6178,404
PT_126,2025-01-20,19,68.0,48.6,6326,344
PT_126,2025-01-21,20,74.7,44.7,4945,336
PT_126,2025-01-22,21,71.6,43.2,6309,372
PT_126,2025-01-23,22,74.2,46.5,6262,391
PT_126,2025-01-24,23,71.1,46.5,6254,354
PT_126,2025-01-25,24,73.6,47.9,5838,350
PT_126,2025-01-26,25,73.1,47.3,5523,348
PT_126,2025-01-27,26,71.1,47.7,6296,345
PT_126,2025-01-28,27,68.5,52.2,7097,346
PT_126,2025-01-29,28,70.9,49.7,5998,402
PT_126,2025-01-30,29,75.5,49.0,6572,405
PT_126,2025-01-31,30,73.1,44.5,5616,329
PT_126,2025-02-01,31,73.8,39.8,5196,324
PT_126,2025-02-02,32,75.4,44.2,5819,350
PT_126,2025-02-03,33,70.0,37.8,5238,349
PT_126,2025-02-04,34,76.5,44.3,5744,344
PT_126,2025-02-05,35,78.4,44.5,5194,355
PT_126,2025-02-06,36,74.2,42.6,5709,405
PT_126,2025-02-07,37,75.8,42.7,5021,427
PT_126,2025-02-08,38,72.4,38.7,5291,399
PT_126,2025-02-09,39,75.7,42.5,6015,330
PT_126,2025-02-10,40,76.3,40.9,5509,356
PT_126,2025-02-11,41,69.3,46.0,5617,391
PT_126,2025-02-12,42,72.7,46.5,5211,379
PT_126,2025-02-13,43,76.8,47.0,6607,364
PT_126,2025-02-14,44,72.5,47.7,6140,314
PT_126,2025-02-15,45,71.9,43.6,5547,349
PT_126,2025-02-16,46,74.7,54.4,6092,351
PT_126,2025-02-17,47,68.8,46.2,5720,396
PT_126,2025-02-18,48,67.0,49.0,7251,332
PT_126,2025-02-19,49,68.8,52.3,6995,326
PT_126,2025-02-20,50,68.2,54.9,7577,311
PT_126,2025-02-21,51,67.2,51.2,7112,353
PT_126,2025-02-22,52,70.2,54.5,6570,355
PT_126,2025-02-23,53,67.0,54.4,6853,268
PT_126,2025-02-24,54,66.1,51.2,6041,378
PT_126,2025-02-25,55,71.7,43.0,6277,344
PT_126,2025-02-26,56,79.0,49.4,6045,354
PT_126,2025-02-27,57,71.9,47.5,6091,398
PT_126,2025-02-28,58,76.9,41.1,5658,277
PT_126,2025-03-01,59,70.4,45.1,5496,331
PT_126,2025-03-02,60,77.7,43.8,6493,390
PT_126,2025-03-03,61,76.4,44.7,6337,317
PT_126,2025-03-04,62,66.6,53.4,7196,362
PT_126,2025-03-05,63,68.8,49.9,6995,360
PT_126,2025-03-06,64,71.8,51.2,6332,356
PT_126,2025-03-07,65,72.5,46.0,5230,319
PT_126,2025-03-08,66,73.4,45.1,5265,361
PT_126,2025-03-09,67,73.7,41.7,5073,314
PT_126,2025-03-10,68,78.2,41.1,6281,459
PT_126,2025-03-11,69,71.7,46.0,5010,358
PT_126,2025-03-12,70,75.2,40.6,4963,395
PT_126,2025-03-13,71,75.5,42.3,4796,318
PT_126,2025-03-14,72,76.5,45.7,4685,324
PT_126,2025-03-15,73,76.3,40.1,5437,391
PT_126,2025-03-16,74,74.1,37.0,4824,443
PT_126,2025-03-17,75,71.1,44.8,5138,426
PT_126,2025-03-18,76,72.7,44.3,5106,398
PT_126,2025-03-19,77,77.4,38.5,5762,387
PT_126,2025-03-20,78,73.7,40.7,5582,340
PT_126,2025-03-21,79,73.2,47.6,5953,375
PT_126,2025-03-22,80,76.9,44.5,5200,316
PT_126,2025-03-23,81,74.7,45.4,5390,265
PT_126,2025-03-24,82,77.4,46.6,6117,313
PT_126,2025-03-25,83,66.9,52.4,7798,328
PT_126,2025-03-26,84,71.1,50.4,6310,361
PT_126,2025-03-27,85,75.1,56.6,6218,392
PT_126,2025-03-28,86,70.9,43.9,6583,323
PT_126,2025-03-29,87,72.2,50.7,5250,342
PT_126,2025-03-30,88,76.8,46.4,5641,385
PT_126,2025-03-31,89,70.3,45.5,5523,379
PT_127,2025-01-01,0,67.4,45.3,6593,414
PT_127,2025-01-02,1,74.7,35.1,4879,478
PT_127,2025-01-03,2,83.5,33.4,3668,421
PT_127,2025-01-04,3,82.8,26.3,2868,509
PT_127,2025-01-05,4,86.5,23.1,2792,435
PT_127,2025-01-06,5,86.2,20.7,2678,462
PT_127,2025-01-07,6,84.2,24.9,2620,471
PT_127,2025-01-08,7,84.4,27.9,3445,373
PT_127,2025-01-09,8,86.0,25.8,2443,453
PT_127,2025-01-10,9,86.2,27.1,3554,515
PT_127,2025-01-11,10,88.9,22.0,2873,481
PT_127,2025-01-12,11,88.7,22.7,2752,437
PT_127,2025-01-13,12,84.1,22.8,3012,471
PT_127,2025-01-14,13,91.1,28.9,2879,492
PT_127,2025-01-15,14,90.5,26.9,2169,446
PT_127,2025-01-16,15,92.5,27.2,2859,467
PT_127,2025-01-17,16,86.1,28.6,2776,466
PT_127,2025-01-18,17,85.1,31.7,3117,528
PT_127,2025-01-19,18,82.1,32.2,2639,456
PT_127,2025-01-20,19,86.3,31.1,3044,532
PT_127,2025-01-21,20,83.2,31.7,4078,419
PT_127,2025-01-22,21,71.1,43.1,5733,464
PT_127,2025-01-23,22,68.4,46.8,4441,490
PT_127,2025-01-24,23,64.9,41.8,5732,417
PT_127,2025-01-25,24,68.3,42.4,6032,428
PT_127,2025-01-26,25,68.1,45.7,6040,424
PT_127,2025-01-27,26,69.8,43.4,5472,523
PT_127,2025-01-28,27,66.9,45.7,5695,432
PT_127,2025-01-29,28,63.9,46.3,5507,467
PT_127,2025-01-30,29,70.6,47.2,5567,448
PT_127,2025-01-31,30,68.5,47.6,6391,504
PT_127,2025-02-01,31,68.6,44.4,6728,447
PT_127,2025-02-02,32,71.3,43.5,5922,413
PT_127,2025-02-03,33,74.7,42.7,6267,412
PT_127,2025-02-04,34,70.1,46.8,6162,462
PT_127,2025-02-05,35,70.7,46.2,5432,415
PT_127,2025-02-06,36,79.0,43.0,5124,441
PT_127,2025-02-07,37,79.4,34.8,4501,416
PT_127,2025-02-08,38,82.0,35.9,4255,431
PT_127,2025-02-09,39,81.8,30.2,3905,458
PT_127,2025-02-10,40,80.0,26.8,3153,449
PT_127,2025-02-11,41,81.3,29.5,2698,445
PT_127,2025-02-12,42,87.5,28.2,3917,458
PT_127,2025-02-13,43,80.3,31.7,2667,458
PT_127,2025-02-14,44,84.0,30.6,3336,434
PT_127,2025-02-15,45,83.9,29.8,2178,372
PT_127,2025-02-16,46,78.8,30.6,3936,422
PT_127,2025-02-17,47,85.7,33.3,3316,432
PT_127,2025-02-18,48,75.0,27.2,3467,410
PT_127,2025-02-19,49,81.0,40.1,3622,452
PT_127,2025-02-20,50,77.0,33.8,3982,444
PT_127,2025-02-21,51,75.3,39.3,4497,487
PT_127,2025-02-22,52,81.3,35.4,3841,433
PT_127,2025-02-23,53,73.1,35.6,4149,417
PT_127,2025-02-24,54,88.1,37.8,4422,427
PT_127,2025-02-25,55,75.9,39.7,3711,494
PT_127,2025-02-26,56,69.1,39.5,5081,434
PT_127,2025-02-27,57,68.7,44.2,5138,456
PT_127,2025-02-28,58,75.7,34.3,5436,416
PT_127,2025-03-01,59,77.4,36.4,4820,422
PT_127,2025-03-02,60,73.2,36.2,4218,432
PT_127,2025-03-03,61,81.9,30.8,3157,507
PT_127,2025-03-04,62,78.8,32.9,3305,487
PT_127,2025-03-05,63,83.6,28.5,3344,445
PT_127,2025-03-06,64,80.8,32.5,3288,428
PT_127,2025-03-07,65,83.5,27.7,2879,490
PT_127,2025-03-08,66,83.0,28.9,3246,477
PT_127,2025-03-09,67,84.8,27.4,3893,451
PT_127,2025-03-10,68,79.0,30.3,2820,469
PT_127,2025-03-11,69,86.7,25.8,3158,449
PT_127,2025-03-12,70,88.2,32.5,3639,449
PT_127,2025-03-13,71,90.3,18.9,1297,467
PT_127,2025-03-14,72,89.7,22.3,2268,442
PT_127,2025-03-15,73,90.3,17.5,1286,497
PT_127,2025-03-16,74,95.0,24.4,1552,508
PT_127,2025-03-17,75,88.8,16.7,1372,444
PT_127,2025-03-18,76,88.3,22.8,1849,525
PT_127,2025-03-19,77,87.8,21.8,2462,494
PT_127,2025-03-20,78,64.2,45.9,5630,430
PT_127,2025-03-21,79,74.4,36.9,4244,464
PT_127,2025-03-22,80,78.5,27.3,2907,455
PT_127,2025-03-23,81,87.5,27.7,1959,379
PT_127,2025-03-24,82,89.5,28.2,2642,462
PT_127,2025-03-25,83,91.0,20.9,2702,484
PT_127,2025-03-26,84,87.9,27.1,2425,437
PT_127,2025-03-27,85,87.1,23.4,3118,428
PT_127,2025-03-28,86,91.1,29.6,2928,449
PT_127,2025-03-29,87,88.1,19.7,3060,520
PT_127,2025-03-30,88,84.8,28.0,2313,505
PT_127,2025-03-31,89,85.6,21.0,3096,544
PT_128,2025-01-01,0,76.4,59.1,6610,452
PT_128,2025-01-02,1,75.6,59.3,5731,401
PT_128,2025-01-03,2,77.1,56.3,6123,394
PT_128,2025-01-04,3,73.7,59.0,5518,320
PT_128,2025-01-05,4,78.5,63.6,5772,470
PT_128,2025-01-06,5,76.4,57.5,5376,480
PT_128,2025-01-07,6,77.2,58.4,5479,462
PT_128,2025-01-08,7,75.4,54.1,5454,352
PT_128,2025-01-09,8,79.0,53.9,5994,351
PT_128,2025-01-10,9,79.4,54.5,5302,452
PT_128,2025-01-11,10,72.6,59.9,5179,408
PT_128,2025-01-12,11,76.2,58.1,5495,365
PT_128,2025-01-13,12,77.8,55.0,6275,406
PT_128,2025-01-14,13,75.6,55.0,6125,379
PT_128,2025-01-15,14,77.3,56.2,5144,333
PT_128,2025-01-16,15,81.5,53.9,5523,458
PT_128,2025-01-17,16,79.0,63.2,5314,375
PT_128,2025-01-18,17,74.0,56.7,5806,427
PT_128,2025-01-19,18,75.9,59.8,5914,446
PT_128,2025-01-20,19,76.9,63.1,6533,431
PT_128,2025-01-21,20,71.6,60.9,6261,421
PT_128,2025-01-22,21,69.9,57.2,6111,426
PT_128,2025-01-23,22,75.5,64.1,6387,477
PT_128,2025-01-24,23,70.1,54.8,6940,376
PT_128,2025-01-25,24,74.5,62.1,6786,421
PT_128,2025-01-26,25,79.6,60.7,6278,432
PT_128,2025-01-27,26,74.7,53.4,5885,405
PT_128,2025-01-28,27,77.8,54.2,5734,454
PT_128,2025-01-29,28,77.2,64.4,5999,387
PT_128,2025-01-30,29,76.1,58.7,5707,429
PT_128,2025-01-31,30,73.1,52.5,5539,482
PT_128,2025-02-01,31,71.8,55.3,5457,353
PT_128,2025-02-02,32,75.8,53.4,6294,402
PT_128,2025-02-03,33,77.2,52.8,5738,435
PT_128,2025-02-04,34,78.6,55.7,5372,500
PT_128,2025-02-05,35,79.5,59.1,6493,396
PT_128,2025-02-06,36,73.4,55.1,4684,404
PT_128,2025-02-07,37,76.5,65.2,5742,387
PT_128,2025-02-08,38,76.2,56.8,6364,422
PT_128,2025-02-09,39,74.6,57.4,6608,418
PT_128,2025-02-10,40,73.1,58.8,5997,475
PT_128,2025-02-11,41,75.4,60.5,5982,386
PT_128,2025-02-12,42,75.6,56.6,5649,417
PT_128,2025-02-13,43,74.4,58.2,5273,396
PT_128,2025-02-14,44,74.0,60.1,5515,426
PT_128,2025-02-15,45,75.5,59.5,6519,383
PT_128,2025-02-16,46,74.7,58.5,6254,413
PT_128,2025-02-17,47,71.1,65.4,6658,427
PT_128,2025-02-18,48,77.6,59.9,5425,384
PT_128,2025-02-19,49,79.8,55.7,6048,410
PT_128,2025-02-20,50,75.9,54.9,5430,437
PT_128,2025-02-21,51,78.0,55.5,4637,342
PT_128,2025-02-22,52,82.9,55.9,4730,408
PT_128,2025-02-23,53,77.1,53.8,5612,421
PT_128,2025-02-24,54,83.5,53.4,4490,418
PT_128,2025-02-25,55,72.9,58.2,5683,381
PT_128,2025-02-26,56,79.9,54.5,5825,376
PT_128,2025-02-27,57,81.6,48.8,4978,348
PT_128,2025-02-28,58,80.7,49.0,5634,417
PT_128,2025-03-01,59,79.0,52.2,5512,435
PT_128,2025-03-02,60,78.9,52.3,5700,402
PT_128,2025-03-03,61,81.9,58.0,5531,491
PT_128,2025-03-04,62,74.0,57.7,5680,391
PT_128,2025-03-05,63,84.0,54.0,5531,405
PT_128,2025-03-06,64,76.7,47.8,4960,429
PT_128,2025-03-07,65,73.7,60.1,4996,427
PT_128,2025-03-08,66,75.9,59.1,5357,459
PT_128,2025-03-09,67,78.2,60.2,5545,416
PT_128,2025-03-10,68,71.2,64.6,6203,421
PT_128,2025-03-11,69,72.5,56.6,6063,405
PT_128,2025-03-12,70,75.8,63.1,6211,470
PT_128,2025-03-13,71,74.9,54.4,5757,434
PT_128,2025-03-14,72,78.6,55.2,5633,454
PT_128,2025-03-15,73,79.0,53.0,5742,421
PT_128,2025-03-16,74,77.3,54.1,5314,444
PT_128,2025-03-17,75,78.9,54.4,5792,347
PT_128,2025-03-18,76,76.8,54.8,5712,422
PT_128,2025-03-19,77,77.9,55.8,5627,375
PT_128,2025-03-20,78,76.3,56.0,6176,438
PT_128,2025-03-21,79,75.5,51.8,5511,384
PT_128,2025-03-22,80,77.5,57.0,5852,428
PT_128,2025-03-23,81,78.0,56.2,6378,423
PT_128,2025-03-24,82,77.1,59.6,5875,391
PT_128,2025-03-25,83,74.7,53.9,5629,436
PT_128,2025-03-26,84,70.0,59.8,5197,448
PT_128,2025-03-27,85,75.7,61.7,6999,340
PT_128,2025-03-28,86,76.1,55.3,5670,406
PT_128,2025-03-29,87,69.0,59.1,6355,440
PT_128,2025-03-30,88,72.8,56.3,5471,347
PT_128,2025-03-31,89,71.1,63.8,7058,414
PT_129,2025-01-01,0,64.8,43.0,6663,421
PT_129,2025-01-02,1,65.9,41.6,6486,444
PT_129,2025-01-03,2,70.4,38.3,5055,402
PT_129,2025-01-04,3,74.5,42.5,4939,434
PT_129,2025-01-05,4,74.4,36.2,4379,322
PT_129,2025-01-06,5,76.5,31.5,4059,301
PT_129,2025-01-07,6,76.8,34.0,4076,395
PT_129,2025-01-08,7,78.3,33.2,4600,391
PT_129,2025-01-09,8,76.9,27.8,3550,442
PT_129,2025-01-10,9,78.9,35.1,3775,365
PT_129,2025-01-11,10,77.7,36.1,4178,447
PT_129,2025-01-12,11,79.7,27.0,3799,442
PT_129,2025-01-13,12,78.2,32.9,4851,367
PT_129,2025-01-14,13,72.3,33.1,4851,405
PT_129,2025-01-15,14,76.4,33.5,4277,383
PT_129,2025-01-16,15,77.2,31.0,4246,493
PT_129,2025-01-17,16,75.6,37.3,4571,361
PT_129,2025-01-18,17,71.7,30.8,4263,419
PT_129,2025-01-19,18,68.5,38.2,4358,362
PT_129,2025-01-20,19,72.1,40.6,4751,368
PT_129,2025-01-21,20,73.3,38.8,4878,367
PT_129,2025-01-22,21,63.2,47.0,5671,432
PT_129,2025-01-23,22,64.4,45.2,7173,347
PT_129,2025-01-24,23,66.1,45.4,6285,368
PT_129,2025-01-25,24,59.1,42.5,7088,404
PT_129,2025-01-26,25,64.1,52.9,6138,393
PT_129,2025-01-27,26,65.1,46.2,6082,417
PT_129,2025-01-28,27,65.6,49.3,6406,315
PT_129,2025-01-29,28,61.5,48.7,6232,376
PT_129,2025-01-30,29,63.9,45.8,5707,447
PT_129,2025-01-31,30,64.8,45.3,7027,370
PT_129,2025-02-01,31,67.8,44.9,5894,380
PT_129,2025-02-02,32,63.8,49.5,6269,441
PT_129,2025-02-03,33,69.2,47.8,5821,298
PT_129,2025-02-04,34,65.7,45.0,6208,393
PT_129,2025-02-05,35,64.0,48.8,6149,415
PT_129,2025-02-06,36,62.8,45.4,6708,401
PT_129,2025-02-07,37,69.7,45.6,6337,434
PT_129,2025-02-08,38,64.9,47.6,6145,350
PT_129,2025-02-09,39,60.3,43.2,6567,377
PT_129,2025-02-10,40,64.8,49.5,6073,342
PT_129,2025-02-11,41,61.4,49.4,6463,374
PT_129,2025-02-12,42,62.8,44.1,6061,369
PT_129,2025-02-13,43,63.5,42.2,4274,365
PT_129,2025-02-14,44,68.1,40.2,5715,347
PT_129,2025-02-15,45,66.8,36.2,5688,411
PT_129,2025-02-16,46,68.2,40.8,6439,412
PT_129,2025-02-17,47,67.1,49.1,5404,434
PT_129,2025-02-18,48,68.8,42.7,5593,390
PT_129,2025-02-19,49,68.4,42.9,4990,368
PT_129,2025-02-20,50,57.7,50.6,6329,429
PT_129,2025-02-21,51,68.2,44.8,5164,338
PT_129,2025-02-22,52,68.5,40.4,5201,466
PT_129,2025-02-23,53,72.1,40.5,4520,396
PT_129,2025-02-24,54,69.5,29.8,4696,365
PT_129,2025-02-25,55,72.0,31.5,3636,424
PT_129,2025-02-26,56,76.6,27.4,3792,403
PT_129,2025-02-27,57,77.7,25.1,3096,377
PT_129,2025-02-28,58,75.4,31.1,4032,422
PT_129,2025-03-01,59,83.1,23.8,3029,299
PT_129,2025-03-02,60,70.9,28.5,3667,442
PT_129,2025-03-03,61,75.1,25.6,3500,327
PT_129,2025-03-04,62,76.1,29.9,4224,421
PT_129,2025-03-05,63,75.3,35.3,3608,373
PT_129,2025-03-06,64,78.5,35.0,4181,438
PT_129,2025-03-07,65,73.8,33.9,5062,363
PT_129,2025-03-08,66,79.4,29.7,4702,377
PT_129,2025-03-09,67,77.4,35.3,4969,375
PT_129,2025-03-10,68,74.4,31.8,4765,389
PT_129,2025-03-11,69,70.8,38.5,4700,364
PT_129,2025-03-12,70,71.9,37.0,5664,390
PT_129,2025-03-13,71,64.3,46.3,6740,356
PT_129,2025-03-14,72,62.6,47.3,5357,452
PT_129,2025-03-15,73,69.9,39.2,5855,440
PT_129,2025-03-16,74,74.4,31.8,4544,362
PT_129,2025-03-17,75,72.0,37.8,5074,351
PT_129,2025-03-18,76,69.6,35.7,5381,436
PT_129,2025-03-19,77,78.2,36.4,4646,369
PT_129,2025-03-20,78,78.1,33.5,5362,374
PT_129,2025-03-21,79,70.3,35.5,4440,467
PT_129,2025-03-22,80,72.2,38.3,4549,387
PT_129,2025-03-23,81,71.4,36.5,4741,392
PT_129,2025-03-24,82,70.6,39.6,3518,431
PT_129,2025-03-25,83,76.2,33.0,4300,411
PT_129,2025-03-26,84,70.1,38.2,4376,389
PT_129,2025-03-27,85,66.2,39.1,4639,422
PT_129,2025-03-28,86,70.2,37.0,5237,395
PT_129,2025-03-29,87,73.7,39.8,5722,400
PT_129,2025-03-30,88,66.0,37.1,4797,365
PT_129,2025-03-31,89,69.6,41.2,5406,366
PT_130,2025-01-01,0,76.9,59.2,7690,525
PT_130,2025-01-02,1,79.0,47.1,7274,520
PT_130,2025-01-03,2,78.0,54.6,7180,505
PT_130,2025-01-04,3,80.8,51.0,5215,493
PT_130,2025-01-05,4,87.0,44.1,6199,469
PT_130,2025-01-06,5,83.1,40.1,6803,513
PT_130,2025-01-07,6,87.6,43.9,6084,487
PT_130,2025-01-08,7,85.4,43.4,5968,493
PT_130,2025-01-09,8,85.9,42.0,6085,441
PT_130,2025-01-10,9,86.8,42.7,6049,563
PT_130,2025-01-11,10,84.5,44.2,6454,497
PT_130,2025-01-12,11,82.6,38.5,4809,524
PT_130,2025-01-13,12,80.6,45.5,6990,521
PT_130,2025-01-14,13,82.2,43.8,5799,444
PT_130,2025-01-15,14,80.0,40.1,5281,507
PT_130,2025-01-16,15,79.3,42.4,6380,497
PT_130,2025-01-17,16,82.4,43.1,5783,519
PT_130,2025-01-18,17,78.8,46.8,6260,517
PT_130,2025-01-19,18,80.5,50.1,5941,459
PT_130,2025-01-20,19,78.3,44.3,6263,474
PT_130,2025-01-21,20,78.6,45.5,7131,543
PT_130,2025-01-22,21,75.3,53.6,7217,529
PT_130,2025-01-23,22,75.2,53.9,7507,500
PT_130,2025-01-24,23,77.8,53.6,7833,528
PT_130,2025-01-25,24,77.4,52.4,7366,530
PT_130,2025-01-26,25,78.0,50.8,6139,511
PT_130,2025-01-27,26,79.9,50.0,7147,461
PT_130,2025-01-28,27,76.8,53.7,6696,511
PT_130,2025-01-29,28,80.7,47.3,7184,496
PT_130,2025-01-30,29,80.1,55.3,6858,488
PT_130,2025-01-31,30,78.7,47.8,6127,522
PT_130,2025-02-01,31,78.7,54.7,7402,501
PT_130,2025-02-02,32,80.2,48.8,6849,464
PT_130,2025-02-03,33,79.8,54.3,7043,476
PT_130,2025-02-04,34,76.4,45.7,5904,485
PT_130,2025-02-05,35,74.5,46.7,6631,559
PT_130,2025-02-06,36,77.1,50.2,6626,476
PT_130,2025-02-07,37,80.3,57.0,7022,537
PT_130,2025-02-08,38,72.0,49.2,6798,456
PT_130,2025-02-09,39,74.7,49.1,6738,528
PT_130,2025-02-10,40,71.5,48.5,6961,482
PT_130,2025-02-11,41,80.4,46.0,6979,530
PT_130,2025-02-12,42,74.1,47.4,6481,432
PT_130,2025-02-13,43,80.3,49.3,6934,483
PT_130,2025-02-14,44,73.8,55.4,7933,482
PT_130,2025-02-15,45,75.2,60.7,7680,492
PT_130,2025-02-16,46,79.3,54.5,7641,486
PT_130,2025-02-17,47,75.2,55.4,7682,532
PT_130,2025-02-18,48,72.7,56.8,7674,474
PT_130,2025-02-19,49,75.1,50.2,7481,520
PT_130,2025-02-20,50,76.8,51.8,6500,547
PT_130,2025-02-21,51,86.4,49.3,6191,505
PT_130,2025-02-22,52,81.4,49.2,6153,452
PT_130,2025-02-23,53,86.0,45.7,5211,500
PT_130,2025-02-24,54,84.0,39.2,5230,438
PT_130,2025-02-25,55,88.0,41.7,5533,500
PT_130,2025-02-26,56,83.5,41.8,4769,454
PT_130,2025-02-27,57,82.3,45.5,5104,548
PT_130,2025-02-28,58,81.1,44.2,5826,524
PT_130,2025-03-01,59,85.6,45.0,6201,541
PT_130,2025-03-02,60,83.9,45.6,6007,522
PT_130,2025-03-03,61,85.0,41.2,6082,438
PT_130,2025-03-04,62,79.9,47.1,6600,512
PT_130,2025-03-05,63,78.3,48.4,6772,516
PT_130,2025-03-06,64,85.5,49.2,6299,524
PT_130,2025-03-07,65,82.8,47.0,6543,464
PT_130,2025-03-08,66,83.7,46.5,5789,512
PT_130,2025-03-09,67,81.2,49.4,6602,530
PT_130,2025-03-10,68,82.1,41.2,6791,461
PT_130,2025-03-11,69,81.8,50.8,7043,479
PT_130,2025-03-12,70,70.4,58.8,7856,456
PT_130,2025-03-13,71,77.3,50.8,6334,509
PT_130,2025-03-14,72,79.4,45.8,6169,400
PT_130,2025-03-15,73,82.1,42.5,6606,474
PT_130,2025-03-16,74,83.3,48.9,6132,446
PT_130,2025-03-17,75,85.4,44.9,5563,492
PT_130,2025-03-18,76,82.0,40.7,5872,501
PT_130,2025-03-19,77,81.4,48.3,6329,490
PT_130,2025-03-20,78,82.9,42.2,5535,501
PT_130,2025-03-21,79,89.8,45.5,5839,482
PT_130,2025-03-22,80,84.4,45.7,5736,502
PT_130,2025-03-23,81,80.0,41.4,5538,435
PT_130,2025-03-24,82,83.3,51.7,5838,524
PT_130,2025-03-25,83,81.7,48.4,6399,508
PT_130,2025-03-26,84,80.8,46.1,6154,489
PT_130,2025-03-27,85,84.0,51.1,6713,530
PT_130,2025-03-28,86,80.3,48.3,5457,510
PT_130,2025-03-29,87,80.3,48.9,6210,445
PT_130,2025-03-30,88,83.0,46.0,6397,419
PT_130,2025-03-31,89,80.1,46.2,6875,479
PT_131,2025-01-01,0,73.0,41.2,6020,451
PT_131,2025-01-02,1,83.6,40.9,6449,420
PT_131,2025-01-03,2,81.6,34.0,5943,469
PT_131,2025-01-04,3,80.1,31.6,5361,455
PT_131,2025-01-05,4,80.9,31.4,5416,441
PT_131,2025-01-06,5,86.0,32.6,5088,426
PT_131,2025-01-07,6,81.0,33.6,5522,466
PT_131,2025-01-08,7,86.4,32.7,4554,455
PT_131,2025-01-09,8,84.0,27.9,4922,439
PT_131,2025-01-10,9,76.7,31.7,4166,386
PT_131,2025-01-11,10,81.3,35.7,5627,484
PT_131,2025-01-12,11,85.1,39.6,4601,488
PT_131,2025-01-13,12,80.2,32.2,5384,425
PT_131,2025-01-14,13,85.8,35.4,5093,466
PT_131,2025-01-15,14,92.4,27.2,4651,421
PT_131,2025-01-16,15,88.8,31.4,3850,485
PT_131,2025-01-17,16,87.8,24.1,4639,505
PT_131,2025-01-18,17,81.6,22.4,4679,421
PT_131,2025-01-19,18,85.1,28.4,4712,457
PT_131,2025-01-20,19,89.1,20.7,3929,410
PT_131,2025-01-21,20,88.1,31.1,5186,474
PT_131,2025-01-22,21,72.3,44.2,6487,425
PT_131,2025-01-23,22,75.3,38.3,6406,469
PT_131,2025-01-24,23,73.2,40.6,6261,450
PT_131,2025-01-25,24,75.5,40.6,5996,495
PT_131,2025-01-26,25,70.3,41.4,6727,461
PT_131,2025-01-27,26,72.4,42.7,5995,458
PT_131,2025-01-28,27,74.1,45.7,6098,431
PT_131,2025-01-29,28,82.9,39.6,6014,531
PT_131,2025-01-30,29,80.6,38.5,5816,408
PT_131,2025-01-31,30,79.0,35.3,5211,408
PT_131,2025-02-01,31,76.7,29.2,5687,438
PT_131,2025-02-02,32,83.8,32.6,5070,422
PT_131,2025-02-03,33,78.0,35.1,5007,483
PT_131,2025-02-04,34,79.6,39.2,5123,488
PT_131,2025-02-05,35,82.7,29.3,4071,430
PT_131,2025-02-06,36,84.8,30.1,4698,500
PT_131,2025-02-07,37,88.9,28.0,4230,455
PT_131,2025-02-08,38,85.4,26.2,4115,466
PT_131,2025-02-09,39,83.9,27.1,4362,425
PT_131,2025-02-10,40,83.8,29.1,3746,402
PT_131,2025-02-11,41,87.2,29.8,4311,467
PT_131,2025-02-12,42,83.2,35.0,5948,415
PT_131,2025-02-13,43,81.4,38.4,5771,487
PT_131,2025-02-14,44,80.1,33.2,6134,448
PT_131,2025-02-15,45,76.8,33.0,5279,453
PT_131,2025-02-16,46,78.3,37.9,6207,514
PT_131,2025-02-17,47,79.4,40.7,5869,498
PT_131,2025-02-18,48,74.2,43.1,6045,454
PT_131,2025-02-19,49,72.2,40.8,6632,438
PT_131,2025-02-20,50,80.8,44.0,6541,477
PT_131,2025-02-21,51,78.5,42.3,5181,463
PT_131,2025-02-22,52,76.3,37.0,5486,403
PT_131,2025-02-23,53,84.0,33.7,5645,395
PT_131,2025-02-24,54,77.2,32.9,5945,437
PT_131,2025-02-25,55,84.4,32.5,4849,474
PT_131,2025-02-26,56,82.0,27.5,5234,437
PT_131,2025-02-27,57,86.1,24.1,4584,450
PT_131,2025-02-28,58,84.8,26.0,4814,439
PT_131,2025-03-01,59,79.0,38.6,5453,449
PT_131,2025-03-02,60,86.3,32.4,4678,486
PT_131,2025-03-03,61,82.2,37.4,4598,470
PT_131,2025-03-04,62,78.7,31.7,4903,441
PT_131,2025-03-05,63,89.9,32.1,4444,451
PT_131,2025-03-06,64,85.5,25.5,4252,404
PT_131,2025-03-07,65,84.9,25.1,4896,531
PT_131,2025-03-08,66,86.9,25.7,4820,435
PT_131,2025-03-09,67,85.4,26.5,3994,399
PT_131,2025-03-10,68,76.2,28.2,4065,419
PT_131,2025-03-11,69,77.3,31.8,4988,450
PT_131,2025-03-12,70,74.4,43.6,6651,469
PT_131,2025-03-13,71,79.3,40.8,5770,478
PT_131,2025-03-14,72,82.5,34.9,5324,494
PT_131,2025-03-15,73,79.5,29.1,5156,412
PT_131,2025-03-16,74,79.7,26.4,4062,482
PT_131,2025-03-17,75,84.3,30.0,4169,529
PT_131,2025-03-18,76,82.0,32.4,4420,534
PT_131,2025-03-19,77,85.2,28.1,4395,502
PT_131,2025-03-20,78,86.1,30.6,5099,456
PT_131,2025-03-21,79,83.6,20.8,3809,477
PT_131,2025-03-22,80,86.9,25.1,4120,445
PT_131,2025-03-23,81,82.6,27.8,4620,465
PT_131,2025-03-24,82,85.0,30.8,4288,545
PT_131,2025-03-25,83,82.6,29.8,4874,417
PT_131,2025-03-26,84,83.5,25.5,4780,393
PT_131,2025-03-27,85,78.6,27.6,5400,449
PT_131,2025-03-28,86,78.9,30.9,4839,464
PT_131,2025-03-29,87,84.4,35.7,4214,414
PT_131,2025-03-30,88,83.6,32.2,5223,479
PT_131,2025-03-31,89,79.3,28.5,5177,488
PT_132,2025-01-01,0,65.9,58.5,5996,450
PT_132,2025-01-02,1,65.2,59.8,5974,511
PT_132,2025-01-03,2,67.6,57.3,5894,458
PT_132,2025-01-04,3,67.3,65.5,6012,506
PT_132,2025-01-05,4,64.6,60.3,5962,432
PT_132,2025-01-06,5,64.8,59.4,5757,499
PT_132,2025-01-07,6,67.8,58.4,6089,431
PT_132,2025-01-08,7,71.5,63.8,5812,436
PT_132,2025-01-09,8,66.7,64.5,5586,495
PT_132,2025-01-10,9,65.5,57.1,5462,399
PT_132,2025-01-11,10,65.4,58.5,5795,532
PT_132,2025-01-12,11,69.1,60.2,6012,438
PT_132,2025-01-13,12,68.7,55.8,6677,473
PT_132,2025-01-14,13,67.9,59.2,5743,504
PT_132,2025-01-15,14,69.7,55.3,4710,409
PT_132,2025-01-16,15,72.8,59.0,5444,451
PT_132,2025-01-17,16,72.5,59.8,4808,493
PT_132,2025-01-18,17,69.1,55.4,5189,472
PT_132,2025-01-19,18,68.8,59.0,5275,438
PT_132,2025-01-20,19,73.1,53.7,5883,460
PT_132,2025-01-21,20,69.5,59.6,5333,432
PT_132,2025-01-22,21,66.6,62.9,6308,458
PT_132,2025-01-23,22,67.9,59.8,5727,400
PT_132,2025-01-24,23,66.8,63.8,6916,437
PT_132,2025-01-25,24,65.8,56.1,6090,400
PT_132,2025-01-26,25,71.0,65.7,6381,459
PT_132,2025-01-27,26,64.6,62.9,6447,443
PT_132,2025-01-28,27,66.0,61.7,5606,457
PT_132,2025-01-29,28,65.6,62.3,5986,425
PT_132,2025-01-30,29,64.3,58.4,6221,456
PT_132,2025-01-31,30,65.5,55.5,6185,516
PT_132,2025-02-01,31,69.9,59.0,6114,456
PT_132,2025-02-02,32,71.3,60.5,5667,408
PT_132,2025-02-03,33,69.4,56.1,6409,443
PT_132,2025-02-04,34,73.8,54.9,5684,424
PT_132,2025-02-05,35,68.9,62.6,6044,447
PT_132,2025-02-06,36,68.9,56.3,5786,466
PT_132,2025-02-07,37,65.3,58.7,6078,474
PT_132,2025-02-08,38,70.0,60.9,5965,414
PT_132,2025-02-09,39,69.3,57.6,5506,548
PT_132,2025-02-10,40,68.7,58.7,6124,465
PT_132,2025-02-11,41,66.3,58.1,5528,469
PT_132,2025-02-12,42,68.8,61.8,6867,450
PT_132,2025-02-13,43,64.3,62.3,6505,434
PT_132,2025-02-14,44,67.5,60.8,7141,481
PT_132,2025-02-15,45,68.7,57.4,6382,402
PT_132,2025-02-16,46,70.1,63.7,6014,480
PT_132,2025-02-17,47,69.0,56.1,5962,462
PT_132,2025-02-18,48,64.8,60.4,5950,423
PT_132,2025-02-19,49,65.3,58.4,6803,433
PT_132,2025-02-20,50,68.1,60.1,5923,432
PT_132,2025-02-21,51,65.6,65.0,5921,470
PT_132,2025-02-22,52,63.1,57.5,6350,462
PT_132,2025-02-23,53,66.9,63.0,6303,395
PT_132,2025-02-24,54,70.4,59.2,6099,440
PT_132,2025-02-25,55,64.4,64.3,6699,471
PT_132,2025-02-26,56,70.3,60.7,5609,465
PT_132,2025-02-27,57,65.9,61.9,6139,460
PT_132,2025-02-28,58,68.4,58.3,5888,476
PT_132,2025-03-01,59,71.8,53.6,5436,508
PT_132,2025-03-02,60,70.6,55.9,4602,452
PT_132,2025-03-03,61,74.5,53.0,5048,478
PT_132,2025-03-04,62,73.4,57.9,4283,428
PT_132,2025-03-05,63,73.3,49.0,4454,389
PT_132,2025-03-06,64,69.8,52.4,4395,503
PT_132,2025-03-07,65,73.1,53.1,5279,458
PT_132,2025-03-08,66,75.4,54.3,4192,373
PT_132,2025-03-09,67,75.1,44.3,5011,430
PT_132,2025-03-10,68,72.0,55.5,4950,450
PT_132,2025-03-11,69,75.7,58.4,4878,463
PT_132,2025-03-12,70,73.1,48.7,5257,424
PT_132,2025-03-13,71,77.3,48.9,4806,487
PT_132,2025-03-14,72,74.2,51.4,4536,440
PT_132,2025-03-15,73,74.1,53.1,5334,493
PT_132,2025-03-16,74,74.5,51.2,4887,462
PT_132,2025-03-17,75,74.9,53.4,4831,494
PT_132,2025-03-18,76,76.1,52.7,4833,482
PT_132,2025-03-19,77,73.9,55.2,5737,446
PT_132,2025-03-20,78,67.3,67.4,5743,425
PT_132,2025-03-21,79,72.2,54.3,5641,469
PT_132,2025-03-22,80,70.3,54.8,5933,405
PT_132,2025-03-23,81,72.3,55.1,5020,462
PT_132,2025-03-24,82,73.5,50.2,4619,482
PT_132,2025-03-25,83,79.1,45.7,4248,542
PT_132,2025-03-26,84,74.8,47.6,3242,439
PT_132,2025-03-27,85,69.9,54.6,4751,409
PT_132,2025-03-28,86,76.2,46.5,5152,418
PT_132,2025-03-29,87,75.6,50.3,4831,441
PT_132,2025-03-30,88,79.5,50.1,4325,443
PT_132,2025-03-31,89,76.9,45.3,4577,468
PT_133,2025-01-01,0,64.8,34.6,4654,419
PT_133,2025-01-02,1,67.1,39.0,4234,504
PT_133,2025-01-03,2,70.9,32.3,3671,474
PT_133,2025-01-04,3,73.7,28.3,4334,481
PT_133,2025-01-05,4,76.0,35.9,3133,403
PT_133,2025-01-06,5,80.5,24.0,3735,449
PT_133,2025-01-07,6,76.8,27.1,3879,447
PT_133,2025-01-08,7,78.0,24.1,3049,429
PT_133,2025-01-09,8,78.7,26.7,3769,428
PT_133,2025-01-10,9,81.7,34.3,2935,418
PT_133,2025-01-11,10,80.1,27.2,3234,393
PT_133,2025-01-12,11,71.2,31.1,4400,408
PT_133,2025-01-13,12,80.3,32.5,2382,427
PT_133,2025-01-14,13,76.5,32.7,3827,369
PT_133,2025-01-15,14,74.0,29.5,4014,456
PT_133,2025-01-16,15,76.4,29.5,3684,417
PT_133,2025-01-17,16,76.5,33.4,3940,408
PT_133,2025-01-18,17,73.5,31.8,4307,345
PT_133,2025-01-19,18,70.0,32.7,3691,403
PT_133,2025-01-20,19,70.1,35.9,4757,441
PT_133,2025-01-21,20,70.6,31.6,4670,477
PT_133,2025-01-22,21,65.7,40.0,5348,357
PT_133,2025-01-23,22,69.2,45.1,5779,415
PT_133,2025-01-24,23,68.4,38.3,5026,430
PT_133,2025-01-25,24,63.0,38.9,5293,441
PT_133,2025-01-26,25,64.1,39.7,5661,498
PT_133,2025-01-27,26,68.4,42.5,4914,487
PT_133,2025-01-28,27,64.9,45.2,5586,470
PT_133,2025-01-29,28,66.2,38.4,5341,449
PT_133,2025-01-30,29,69.3,39.4,5321,386
PT_133,2025-01-31,30,70.7,40.9,4942,417
PT_133,2025-02-01,31,68.3,45.0,5621,441
PT_133,2025-02-02,32,64.0,38.0,5547,447
PT_133,2025-02-03,33,63.9,38.9,4990,446
PT_133,2025-02-04,34,65.4,32.5,5593,437
PT_133,2025-02-05,35,69.6,38.5,5303,449
PT_133,2025-02-06,36,69.5,38.9,4234,454
PT_133,2025-02-07,37,72.4,36.3,4953,413
PT_133,2025-02-08,38,71.3,40.8,4792,469
PT_133,2025-02-09,39,69.0,33.9,4849,409
PT_133,2025-02-10,40,70.2,34.3,4274,395
PT_133,2025-02-11,41,74.9,31.3,4657,470
PT_133,2025-02-12,42,71.1,31.6,4808,418
PT_133,2025-02-13,43,74.3,33.3,4844,489
PT_133,2025-02-14,44,72.0,36.5,4112,408
PT_133,2025-02-15,45,71.3,26.7,4237,478
PT_133,2025-02-16,46,73.0,36.0,4310,392
PT_133,2025-02-17,47,71.6,36.5,4204,411
PT_133,2025-02-18,48,66.0,36.0,4639,385
PT_133,2025-02-19,49,74.8,37.2,5068,470
PT_133,2025-02-20,50,69.5,35.3,5100,435
PT_133,2025-02-21,51,67.9,35.6,3943,495
PT_133,2025-02-22,52,69.4,34.9,5084,435
PT_133,2025-02-23,53,73.0,37.9,4517,417
PT_133,2025-02-24,54,63.2,42.4,6226,416
PT_133,2025-02-25,55,68.3,38.0,5435,424
PT_133,2025-02-26,56,71.9,35.3,4378,416
PT_133,2025-02-27,57,70.9,32.7,3898,455
PT_133,2025-02-28,58,77.2,34.9,4303,478
PT_133,2025-03-01,59,76.6,30.9,4498,423
PT_133,2025-03-02,60,74.3,29.2,3848,461
PT_133,2025-03-03,61,73.7,26.4,4056,412
PT_133,2025-03-04,62,75.4,25.6,3829,480
PT_133,2025-03-05,63,76.3,34.1,4393,445
PT_133,2025-03-06,64,73.9,26.1,3482,422
PT_133,2025-03-07,65,73.7,34.0,3646,465
PT_133,2025-03-08,66,74.9,29.1,3301,402
PT_133,2025-03-09,67,69.1,35.4,4582,446
PT_133,2025-03-10,68,77.3,38.0,3941,397
PT_133,2025-03-11,69,74.1,30.1,4275,396
PT_133,2025-03-12,70,74.5,32.9,3955,422
PT_133,2025-03-13,71,73.8,38.1,4974,363
PT_133,2025-03-14,72,76.1,33.5,3855,426
PT_133,2025-03-15,73,72.1,29.5,4537,417
PT_133,2025-03-16,74,72.4,35.1,4953,544
PT_133,2025-03-17,75,70.0,42.3,5578,420
PT_133,2025-03-18,76,65.6,39.8,5822,452
PT_133,2025-03-19,77,65.5,38.4,5313,438
PT_133,2025-03-20,78,67.0,38.1,5206,421
PT_133,2025-03-21,79,66.2,34.4,5069,408
PT_133,2025-03-22,80,66.8,41.6,4635,459
PT_133,2025-03-23,81,67.2,35.2,5349,442
PT_133,2025-03-24,82,71.4,35.4,3839,464
PT_133,2025-03-25,83,73.0,36.4,4791,415
PT_133,2025-03-26,84,67.8,34.9,4890,357
PT_133,2025-03-27,85,63.6,33.8,4233,477
PT_133,2025-03-28,86,69.6,40.5,4517,436
PT_133,2025-03-29,87,66.9,41.1,4598,464
PT_133,2025-03-30,88,71.5,36.2,4313,454
PT_133,2025-03-31,89,74.4,34.8,4694,444
PT_134,2025-01-01,0,65.3,48.7,7018,364
PT_134,2025-01-02,1,65.8,43.2,5815,401
PT_134,2025-01-03,2,80.9,35.6,4177,417
PT_134,2025-01-04,3,81.1,37.2,4355,381
PT_134,2025-01-05,4,83.5,26.7,3634,464
PT_134,2025-01-06,5,83.9,32.9,3016,419
PT_134,2025-01-07,6,81.5,27.7,2525,380
PT_134,2025-01-08,7,78.7,26.2,3479,384
PT_134,2025-01-09,8,78.1,30.9,3121,453
PT_134,2025-01-10,9,80.4,30.4,3251,366
PT_134,2025-01-11,10,83.5,23.7,3887,399
PT_134,2025-01-12,11,81.7,27.4,2651,404
PT_134,2025-01-13,12,85.4,27.1,3868,354
PT_134,2025-01-14,13,81.4,22.7,3653,416
PT_134,2025-01-15,14,84.2,27.6,4116,395
PT_134,2025-01-16,15,84.6,34.6,4311,414
PT_134,2025-01-17,16,80.3,33.6,3868,418
PT_134,2025-01-18,17,76.6,29.2,4093,379
PT_134,2025-01-19,18,82.4,26.2,4284,408
PT_134,2025-01-20,19,77.7,38.5,4887,431
PT_134,2025-01-21,20,77.2,37.9,3935,403
PT_134,2025-01-22,21,68.5,51.9,7131,494
PT_134,2025-01-23,22,67.1,51.3,6329,424
PT_134,2025-01-24,23,66.7,52.0,6208,454
PT_134,2025-01-25,24,69.5,49.0,6384,405
PT_134,2025-01-26,25,65.5,52.4,6374,387
PT_134,2025-01-27,26,66.5,52.5,6593,403
PT_134,2025-01-28,27,65.1,52.0,7742,376
PT_134,2025-01-29,28,67.0,49.2,6460,374
PT_134,2025-01-30,29,71.0,49.2,5920,366
PT_134,2025-01-31,30,76.8,36.6,4724,364
PT_134,2025-02-01,31,80.1,37.5,4692,377
PT_134,2025-02-02,32,80.0,28.5,4506,384
PT_134,2025-02-03,33,82.2,28.5,3273,383
PT_134,2025-02-04,34,79.5,28.2,3521,428
PT_134,2025-02-05,35,85.8,28.9,2102,423
PT_134,2025-02-06,36,88.8,27.5,2930,419
PT_134,2025-02-07,37,89.6,20.3,2732,390
PT_134,2025-02-08,38,87.0,28.0,3188,413
PT_134,2025-02-09,39,85.1,23.5,3012,400
PT_134,2025-02-10,40,84.1,24.2,2661,384
PT_134,2025-02-11,41,90.9,25.0,3021,442
PT_134,2025-02-12,42,82.8,32.3,3495,428
PT_134,2025-02-13,43,82.8,33.4,3637,412
PT_134,2025-02-14,44,79.1,34.6,4883,358
PT_134,2025-02-15,45,79.4,38.5,3951,458
PT_134,2025-02-16,46,80.2,34.9,4591,378
PT_134,2025-02-17,47,73.8,36.4,4679,430
PT_134,2025-02-18,48,76.5,36.4,4519,403
PT_134,2025-02-19,49,66.7,46.8,7621,452
PT_134,2025-02-20,50,69.2,47.0,5880,400
PT_134,2025-02-21,51,75.3,39.5,5534,434
PT_134,2025-02-22,52,76.4,38.2,4876,388
PT_134,2025-02-23,53,77.3,36.7,3982,430
PT_134,2025-02-24,54,76.2,31.7,5127,374
PT_134,2025-02-25,55,78.7,33.8,5197,374
PT_134,2025-02-26,56,77.8,33.9,4227,414
PT_134,2025-02-27,57,78.0,32.9,5116,413
PT_134,2025-02-28,58,75.3,37.9,5401,358
PT_134,2025-03-01,59,71.6,37.8,4918,403
PT_134,2025-03-02,60,75.4,36.7,5542,345
PT_134,2025-03-03,61,74.7,35.5,4892,406
PT_134,2025-03-04,62,78.2,37.4,4366,373
PT_134,2025-03-05,63,76.0,39.0,4678,409
PT_134,2025-03-06,64,73.9,41.8,4711,392
PT_134,2025-03-07,65,73.0,38.7,5803,441
PT_134,2025-03-08,66,76.0,37.9,4504,427
PT_134,2025-03-09,67,74.5,41.0,4783,409
PT_134,2025-03-10,68,72.6,43.9,5167,431
PT_134,2025-03-11,69,72.5,41.3,4625,419
PT_134,2025-03-12,70,62.9,49.0,6689,392
PT_134,2025-03-13,71,75.2,47.6,6422,403
PT_134,2025-03-14,72,72.6,38.3,4527,445
PT_134,2025-03-15,73,71.5,40.2,4995,415
PT_134,2025-03-16,74,74.4,37.4,4573,329
PT_134,2025-03-17,75,80.5,29.4,4065,431
PT_134,2025-03-18,76,79.8,38.3,4588,366
PT_134,2025-03-19,77,82.7,29.4,4272,465
PT_134,2025-03-20,78,82.0,33.8,3853,434
PT_134,2025-03-21,79,77.7,35.8,4174,370
PT_134,2025-03-22,80,79.8,29.7,4657,400
PT_134,2025-03-23,81,80.5,26.0,4916,409
PT_134,2025-03-24,82,79.2,36.3,4391,370
PT_134,2025-03-25,83,79.0,32.3,4647,413
PT_134,2025-03-26,84,76.4,32.1,4173,397
PT_134,2025-03-27,85,75.7,33.7,4997,428
PT_134,2025-03-28,86,81.4,42.2,4798,397
PT_134,2025-03-29,87,79.0,33.9,4518,442
PT_134,2025-03-30,88,75.2,41.0,4051,419
PT_134,2025-03-31,89,76.4,41.1,4631,452
PT_135,2025-01-01,0,75.1,30.4,5848,405
PT_135,2025-01-02,1,78.0,26.4,4717,434
PT_135,2025-01-03,2,85.8,24.2,3838,504
PT_135,2025-01-04,3,88.5,19.0,3707,468
PT_135,2025-01-05,4,89.1,10.4,2808,470
PT_135,2025-01-06,5,88.0,17.2,2843,457
PT_135,2025-01-07,6,88.9,13.5,3424,467
PT_135,2025-01-08,7,90.0,15.0,2676,478
PT_135,2025-01-09,8,91.8,12.1,2845,454
PT_135,2025-01-10,9,90.2,18.1,2285,420
PT_135,2025-01-11,10,92.2,11.5,2259,437
PT_135,2025-01-12,11,96.1,12.2,2692,469
PT_135,2025-01-13,12,86.8,14.6,3064,496
PT_135,2025-01-14,13,90.0,15.0,3645,446
PT_135,2025-01-15,14,92.5,16.9,2977,411
PT_135,2025-01-16,15,90.2,10.6,2573,435
PT_135,2025-01-17,16,92.9,16.4,1915,447
PT_135,2025-01-18,17,85.8,17.8,3898,435
PT_135,2025-01-19,18,91.8,16.9,3051,414
PT_135,2025-01-20,19,87.2,21.6,3462,453
PT_135,2025-01-21,20,89.0,22.6,3550,422
PT_135,2025-01-22,21,77.3,31.5,5367,421
PT_135,2025-01-23,22,75.9,35.0,5799,354
PT_135,2025-01-24,23,74.7,24.9,5308,408
PT_135,2025-01-25,24,81.1,25.4,3746,477
PT_135,2025-01-26,25,84.7,22.6,3606,450
PT_135,2025-01-27,26,85.4,19.2,3649,458
PT_135,2025-01-28,27,79.0,22.9,3410,448
PT_135,2025-01-29,28,90.1,19.2,3525,476
PT_135,2025-01-30,29,88.7,16.8,2865,462
PT_135,2025-01-31,30,87.0,18.0,2896,426
PT_135,2025-02-01,31,88.9,18.5,2849,395
PT_135,2025-02-02,32,89.2,20.0,3387,542
PT_135,2025-02-03,33,85.8,16.6,2793,440
PT_135,2025-02-04,34,84.5,23.5,3392,478
PT_135,2025-02-05,35,92.5,18.1,3516,453
PT_135,2025-02-06,36,92.2,13.7,2677,424
PT_135,2025-02-07,37,86.6,17.4,3449,384
PT_135,2025-02-08,38,87.5,16.8,2376,491
PT_135,2025-02-09,39,87.5,18.9,3317,509
PT_135,2025-02-10,40,79.6,20.3,3735,457
PT_135,2025-02-11,41,87.3,20.3,3356,471
PT_135,2025-02-12,42,78.6,24.5,4633,464
PT_135,2025-02-13,43,76.9,38.7,5547,477
PT_135,2025-02-14,44,74.8,34.0,6084,501
PT_135,2025-02-15,45,68.9,34.7,5211,472
PT_135,2025-02-16,46,74.2,32.2,5340,464
PT_135,2025-02-17,47,77.2,35.4,6072,399
PT_135,2025-02-18,48,79.2,33.2,5928,453
PT_135,2025-02-19,49,74.7,33.0,5591,468
PT_135,2025-02-20,50,76.4,31.8,5743,433
PT_135,2025-02-21,51,76.1,36.3,5944,407
PT_135,2025-02-22,52,81.6,30.4,4322,442
PT_135,2025-02-23,53,84.9,33.9,4384,471
PT_135,2025-02-24,54,87.2,28.3,4310,510
PT_135,2025-02-25,55,79.8,22.9,3807,408
PT_135,2025-02-26,56,86.8,23.2,3006,452
PT_135,2025-02-27,57,88.0,19.3,3701,477
PT_135,2025-02-28,58,85.8,20.8,3101,492
PT_135,2025-03-01,59,89.7,16.6,3628,461
PT_135,2025-03-02,60,83.8,18.6,3466,430
PT_135,2025-03-03,61,86.7,26.0,3528,487
PT_135,2025-03-04,62,86.1,18.5,3109,479
PT_135,2025-03-05,63,87.9,24.6,2622,439
PT_135,2025-03-06,64,81.7,21.9,3357,467
PT_135,2025-03-07,65,87.2,23.8,3674,432
PT_135,2025-03-08,66,87.4,18.5,3939,451
PT_135,2025-03-09,67,84.1,22.7,4046,536
PT_135,2025-03-10,68,83.2,25.1,4527,449
PT_135,2025-03-11,69,84.7,31.4,4098,458
PT_135,2025-03-12,70,84.4,21.3,3551,482
PT_135,2025-03-13,71,82.2,26.3,4721,491
PT_135,2025-03-14,72,79.2,32.4,5987,402
PT_135,2025-03-15,73,81.9,30.9,4610,405
PT_135,2025-03-16,74,79.7,29.5,4806,450
PT_135,2025-03-17,75,84.9,31.4,4343,455
PT_135,2025-03-18,76,83.1,24.8,3235,410
PT_135,2025-03-19,77,83.6,23.7,3190,430
PT_135,2025-03-20,78,86.1,19.5,3910,456
PT_135,2025-03-21,79,82.5,24.0,3178,422
PT_135,2025-03-22,80,82.7,22.1,3432,485
PT_135,2025-03-23,81,90.3,18.5,3536,498
PT_135,2025-03-24,82,85.9,26.8,4271,381
PT_135,2025-03-25,83,81.2,26.4,3803,432
PT_135,2025-03-26,84,84.8,24.4,3799,437
PT_135,2025-03-27,85,87.0,25.8,4224,431
PT_135,2025-03-28,86,75.5,24.1,4734,471
PT_135,2025-03-29,87,86.1,21.3,4330,413
PT_135,2025-03-30,88,85.2,27.3,4465,445
PT_135,2025-03-31,89,83.0,22.5,4517,462
PT_136,2025-01-01,0,71.7,56.0,7043,435
PT_136,2025-01-02,1,75.4,52.2,8007,407
PT_136,2025-01-03,2,78.2,56.6,7154,463
PT_136,2025-01-04,3,70.2,53.6,7929,436
PT_136,2025-01-05,4,76.4,49.4,8248,347
PT_136,2025-01-06,5,75.9,50.6,7051,434
PT_136,2025-01-07,6,77.0,50.6,7314,355
PT_136,2025-01-08,7,78.5,45.5,7270,461
PT_136,2025-01-09,8,74.6,53.9,7181,418
PT_136,2025-01-10,9,80.0,45.9,7449,385
PT_136,2025-01-11,10,77.9,56.0,7428,431
PT_136,2025-01-12,11,78.1,50.6,7599,428
PT_136,2025-01-13,12,74.4,51.6,6732,399
PT_136,2025-01-14,13,71.9,52.7,7626,419
PT_136,2025-01-15,14,75.8,53.2,8224,350
PT_136,2025-01-16,15,79.7,54.7,7680,454
PT_136,2025-01-17,16,75.7,50.7,7676,387
PT_136,2025-01-18,17,75.2,46.2,7094,376
PT_136,2025-01-19,18,73.5,53.0,7856,330
PT_136,2025-01-20,19,78.1,60.7,8294,421
PT_136,2025-01-21,20,73.0,52.8,7617,410
PT_136,2025-01-22,21,69.2,54.3,8587,419
PT_136,2025-01-23,22,69.9,56.1,7742,448
PT_136,2025-01-24,23,69.8,57.1,8982,409
PT_136,2025-01-25,24,73.3,54.4,6398,410
PT_136,2025-01-26,25,78.0,49.5,8044,329
PT_136,2025-01-27,26,72.8,53.7,7663,429
PT_136,2025-01-28,27,79.8,50.8,7194,435
PT_136,2025-01-29,28,73.2,53.1,7892,465
PT_136,2025-01-30,29,72.5,51.5,7171,442
PT_136,2025-01-31,30,74.5,51.4,7824,474
PT_136,2025-02-01,31,71.7,60.2,8437,438
PT_136,2025-02-02,32,71.4,54.5,7626,502
PT_136,2025-02-03,33,72.7,55.3,7132,437
PT_136,2025-02-04,34,76.9,49.1,6285,425
PT_136,2025-02-05,35,79.9,49.8,5926,424
PT_136,2025-02-06,36,82.8,38.8,5833,408
PT_136,2025-02-07,37,83.0,36.7,5921,435
PT_136,2025-02-08,38,82.6,44.5,5652,380
PT_136,2025-02-09,39,81.5,42.5,5486,354
PT_136,2025-02-10,40,85.3,43.7,5747,436
PT_136,2025-02-11,41,81.5,44.3,6301,374
PT_136,2025-02-12,42,80.2,41.8,6938,368
PT_136,2025-02-13,43,81.9,45.6,6010,436
PT_136,2025-02-14,44,79.1,49.1,7002,384
PT_136,2025-02-15,45,77.5,48.7,6420,392
PT_136,2025-02-16,46,80.9,47.1,6439,418
PT_136,2025-02-17,47,76.5,43.9,6667,358
PT_136,2025-02-18,48,77.5,51.0,6678,369
PT_136,2025-02-19,49,80.9,47.2,6175,331
PT_136,2025-02-20,50,75.3,53.4,6405,377
PT_136,2025-02-21,51,80.0,48.5,7780,400
PT_136,2025-02-22,52,69.6,63.5,8926,422
PT_136,2025-02-23,53,66.7,58.3,8433,368
PT_136,2025-02-24,54,66.1,56.2,8010,378
PT_136,2025-02-25,55,68.9,61.9,8432,371
PT_136,2025-02-26,56,67.2,60.2,7623,367
PT_136,2025-02-27,57,71.7,57.6,8507,386
PT_136,2025-02-28,58,67.6,57.9,7806,467
PT_136,2025-03-01,59,72.7,59.5,8238,391
PT_136,2025-03-02,60,70.4,55.0,8656,331
PT_136,2025-03-03,61,71.0,55.0,7914,418
PT_136,2025-03-04,62,70.6,60.2,7311,428
PT_136,2025-03-05,63,72.0,60.3,8780,352
PT_136,2025-03-06,64,70.9,48.3,7760,359
PT_136,2025-03-07,65,78.2,48.8,7447,372
PT_136,2025-03-08,66,72.3,50.3,7861,419
PT_136,2025-03-09,67,70.4,45.1,6914,388
PT_136,2025-03-10,68,75.5,48.0,7379,432
PT_136,2025-03-11,69,78.4,46.9,7232,379
PT_136,2025-03-12,70,77.8,48.4,8330,390
PT_136,2025-03-13,71,73.7,48.5,8228,355
PT_136,2025-03-14,72,73.4,51.2,6942,412
PT_136,2025-03-15,73,76.9,46.7,7507,347
PT_136,2025-03-16,74,76.3,46.6,7458,421
PT_136,2025-03-17,75,73.5,50.2,7411,386
PT_136,2025-03-18,76,79.5,41.9,5215,397
PT_136,2025-03-19,77,89.8,40.1,5179,388
PT_136,2025-03-20,78,89.4,38.0,5656,381
PT_136,2025-03-21,79,84.3,39.1,5832,445
PT_136,2025-03-22,80,87.1,38.7,5639,435
PT_136,2025-03-23,81,80.4,39.5,5894,401
PT_136,2025-03-24,82,78.9,42.5,6138,406
PT_136,2025-03-25,83,67.9,54.1,8681,453
PT_136,2025-03-26,84,75.9,48.7,7482,513
PT_136,2025-03-27,85,79.8,46.7,6668,362
PT_136,2025-03-28,86,78.9,47.1,6850,455
PT_136,2025-03-29,87,82.1,45.1,6423,410
PT_136,2025-03-30,88,85.9,36.6,4800,408
PT_136,2025-03-31,89,86.6,41.1,5613,418
PT_137,2025-01-01,0,62.7,46.0,6182,435
PT_137,2025-01-02,1,68.8,41.5,5475,399
PT_137,2025-01-03,2,71.7,34.2,5050,418
PT_137,2025-01-04,3,67.7,34.1,4791,436
PT_137,2025-01-05,4,74.7,30.9,4641,412
PT_137,2025-01-06,5,71.0,34.6,4567,395
PT_137,2025-01-07,6,73.6,33.7,5162,393
PT_137,2025-01-08,7,73.1,36.2,3310,452
PT_137,2025-01-09,8,74.5,35.7,3683,405
PT_137,2025-01-10,9,77.0,39.1,4517,444
PT_137,2025-01-11,10,71.2,37.1,4127,369
PT_137,2025-01-12,11,76.0,40.1,4430,346
PT_137,2025-01-13,12,72.9,35.5,4977,405
PT_137,2025-01-14,13,71.4,37.8,4206,441
PT_137,2025-01-15,14,81.4,25.5,2457,369
PT_137,2025-01-16,15,84.1,23.7,2908,474
PT_137,2025-01-17,16,78.7,23.3,3341,475
PT_137,2025-01-18,17,79.5,25.3,4086,454
PT_137,2025-01-19,18,82.5,23.9,3459,347
PT_137,2025-01-20,19,78.5,31.8,3021,439
PT_137,2025-01-21,20,82.0,24.5,3771,453
PT_137,2025-01-22,21,66.4,46.0,5951,423
PT_137,2025-01-23,22,61.8,43.1,5697,422
PT_137,2025-01-24,23,65.6,46.1,6080,407
PT_137,2025-01-25,24,66.5,42.3,6420,439
PT_137,2025-01-26,25,63.5,45.1,5337,417
PT_137,2025-01-27,26,63.9,42.3,5634,448
PT_137,2025-01-28,27,65.0,46.6,6351,482
PT_137,2025-01-29,28,65.9,41.8,6344,429
PT_137,2025-01-30,29,64.8,38.6,5345,391
PT_137,2025-01-31,30,62.8,36.0,4903,423
PT_137,2025-02-01,31,70.3,43.9,4709,409
PT_137,2025-02-02,32,64.1,37.5,4726,485
PT_137,2025-02-03,33,70.0,44.4,5697,485
PT_137,2025-02-04,34,68.5,37.5,5530,423
PT_137,2025-02-05,35,78.0,25.2,3887,436
PT_137,2025-02-06,36,79.7,31.1,3693,422
PT_137,2025-02-07,37,80.3,29.6,3598,437
PT_137,2025-02-08,38,80.1,34.3,3345,409
PT_137,2025-02-09,39,75.6,25.0,3621,406
PT_137,2025-02-10,40,78.2,30.4,4331,431
PT_137,2025-02-11,41,72.7,25.8,4009,390
PT_137,2025-02-12,42,64.8,41.6,5158,458
PT_137,2025-02-13,43,73.0,44.8,5599,508
PT_137,2025-02-14,44,64.3,45.2,5698,382
PT_137,2025-02-15,45,67.5,40.7,5761,478
PT_137,2025-02-16,46,65.4,43.9,5406,436
PT_137,2025-02-17,47,68.1,43.1,6139,400
PT_137,2025-02-18,48,70.0,45.2,6023,390
PT_137,2025-02-19,49,64.8,47.7,5659,419
PT_137,2025-02-20,50,65.0,40.2,6598,381
PT_137,2025-02-21,51,74.3,36.9,5057,404
PT_137,2025-02-22,52,70.9,31.7,5075,426
PT_137,2025-02-23,53,67.2,37.0,4824,344
PT_137,2025-02-24,54,70.0,39.5,4616,396
PT_137,2025-02-25,55,72.4,35.4,5424,419
PT_137,2025-02-26,56,72.4,40.2,4962,393
PT_137,2025-02-27,57,75.2,34.5,5150,450
PT_137,2025-02-28,58,65.0,45.1,5009,462
PT_137,2025-03-01,59,65.4,44.7,5517,417
PT_137,2025-03-02,60,72.3,36.6,5411,460
PT_137,2025-03-03,61,72.3,35.1,4765,415
PT_137,2025-03-04,62,75.5,28.7,4691,455
PT_137,2025-03-05,63,77.1,28.3,4108,441
PT_137,2025-03-06,64,78.9,33.6,4318,484
PT_137,2025-03-07,65,76.3,33.0,4184,458
PT_137,2025-03-08,66,75.9,31.7,4268,359
PT_137,2025-03-09,67,80.1,29.8,3668,431
PT_137,2025-03-10,68,73.1,36.3,4059,340
PT_137,2025-03-11,69,74.8,28.0,3897,400
PT_137,2025-03-12,70,71.7,28.0,4142,410
PT_137,2025-03-13,71,76.6,32.3,4245,353
PT_137,2025-03-14,72,78.1,32.0,3851,444
PT_137,2025-03-15,73,71.3,35.5,4346,451
PT_137,2025-03-16,74,71.3,33.9,4233,407
PT_137,2025-03-17,75,72.7,35.4,4971,459
PT_137,2025-03-18,76,73.9,37.5,5256,439
PT_137,2025-03-19,77,71.1,31.9,4978,421
PT_137,2025-03-20,78,70.6,36.8,4566,331
PT_137,2025-03-21,79,65.0,37.3,6078,450
PT_137,2025-03-22,80,66.6,46.2,6307,477
PT_137,2025-03-23,81,67.8,40.9,5562,478
PT_137,2025-03-24,82,66.9,41.0,5712,453
PT_137,2025-03-25,83,68.8,44.8,4757,418
PT_137,2025-03-26,84,66.8,39.0,5295,430
PT_137,2025-03-27,85,67.9,35.8,5377,408
PT_137,2025-03-28,86,67.3,36.6,4892,436
PT_137,2025-03-29,87,70.5,44.2,5496,413
PT_137,2025-03-30,88,69.5,42.2,5690,424
PT_137,2025-03-31,89,69.9,35.6,5880,418
PT_138,2025-01-01,0,76.6,49.1,7325,488
PT_138,2025-01-02,1,74.6,45.8,5799,544
PT_138,2025-01-03,2,79.9,43.1,6030,449
PT_138,2025-01-04,3,88.1,38.9,5192,427
PT_138,2025-01-05,4,89.2,30.9,4616,458
PT_138,2025-01-06,5,90.4,27.5,4294,544
PT_138,2025-01-07,6,92.1,30.6,4174,431
PT_138,2025-01-08,7,89.3,29.1,3719,474
PT_138,2025-01-09,8,88.3,28.0,4817,452
PT_138,2025-01-10,9,92.5,31.5,3939,444
PT_138,2025-01-11,10,93.9,24.8,3673,479
PT_138,2025-01-12,11,91.6,30.9,4412,472
PT_138,2025-01-13,12,90.3,33.4,4233,584
PT_138,2025-01-14,13,88.0,30.3,4486,470
PT_138,2025-01-15,14,89.2,32.4,4149,435
PT_138,2025-01-16,15,87.1,28.4,3882,461
PT_138,2025-01-17,16,91.1,30.8,5262,482
PT_138,2025-01-18,17,87.9,38.9,5599,511
PT_138,2025-01-19,18,84.9,33.7,4796,433
PT_138,2025-01-20,19,81.1,40.4,4812,489
PT_138,2025-01-21,20,86.0,31.7,5105,445
PT_138,2025-01-22,21,80.8,45.9,6746,440
PT_138,2025-01-23,22,76.9,44.5,5754,524
PT_138,2025-01-24,23,80.7,48.0,6181,470
PT_138,2025-01-25,24,82.8,44.9,6841,479
PT_138,2025-01-26,25,78.5,45.1,6880,408
PT_138,2025-01-27,26,77.0,42.3,6520,405
PT_138,2025-01-28,27,75.7,47.0,7414,473
PT_138,2025-01-29,28,76.0,46.0,6402,430
PT_138,2025-01-30,29,87.0,37.2,5585,470
PT_138,2025-01-31,30,83.9,36.7,5496,462
PT_138,2025-02-01,31,86.9,33.8,5496,485
PT_138,2025-02-02,32,89.1,34.1,5248,466
PT_138,2025-02-03,33,85.2,26.8,4245,455
PT_138,2025-02-04,34,89.0,29.7,5332,443
PT_138,2025-02-05,35,92.8,33.3,3740,485
PT_138,2025-02-06,36,91.5,29.9,4167,463
PT_138,2025-02-07,37,89.9,30.1,3808,482
PT_138,2025-02-08,38,89.5,33.5,3969,439
PT_138,2025-02-09,39,88.0,30.8,4408,429
PT_138,2025-02-10,40,87.3,27.5,4777,428
PT_138,2025-02-11,41,83.6,31.0,4864,481
PT_138,2025-02-12,42,88.2,32.8,4719,405
PT_138,2025-02-13,43,84.3,37.8,5049,555
PT_138,2025-02-14,44,88.3,35.7,4688,472
PT_138,2025-02-15,45,86.6,35.5,4906,438
PT_138,2025-02-16,46,93.0,27.8,4037,460
PT_138,2025-02-17,47,95.2,27.4,4252,432
PT_138,2025-02-18,48,79.1,38.2,4697,396
PT_138,2025-02-19,49,82.9,37.8,6004,468
PT_138,2025-02-20,50,89.3,32.0,5490,500
PT_138,2025-02-21,51,85.0,38.1,5992,396
PT_138,2025-02-22,52,83.4,35.4,4858,459
PT_138,2025-02-23,53,71.7,54.8,6648,489
PT_138,2025-02-24,54,83.6,39.7,6070,457
PT_138,2025-02-25,55,86.3,35.7,5843,505
PT_138,2025-02-26,56,88.2,32.8,5386,457
PT_138,2025-02-27,57,93.1,24.5,4631,504
PT_138,2025-02-28,58,89.1,28.0,4590,422
PT_138,2025-03-01,59,92.6,27.4,3933,452
PT_138,2025-03-02,60,94.9,25.7,4020,518
PT_138,2025-03-03,61,92.6,31.9,4417,449
PT_138,2025-03-04,62,91.2,31.0,4282,491
PT_138,2025-03-05,63,93.8,30.7,4057,522
PT_138,2025-03-06,64,90.2,27.3,4624,417
PT_138,2025-03-07,65,91.4,27.9,4782,441
PT_138,2025-03-08,66,94.0,23.2,3836,436
PT_138,2025-03-09,67,90.1,28.5,3749,477
PT_138,2025-03-10,68,87.0,26.9,4977,448
PT_138,2025-03-11,69,89.3,33.8,3969,435
PT_138,2025-03-12,70,90.4,28.7,3755,485
PT_138,2025-03-13,71,88.1,36.6,4890,509
PT_138,2025-03-14,72,86.7,33.8,5114,465
PT_138,2025-03-15,73,85.2,33.6,4646,427
PT_138,2025-03-16,74,75.5,50.2,6970,521
PT_138,2025-03-17,75,78.7,43.6,5908,477
PT_138,2025-03-18,76,81.7,40.2,6407,489
PT_138,2025-03-19,77,83.6,35.8,5524,444
PT_138,2025-03-20,78,82.7,40.1,5486,498
PT_138,2025-03-21,79,88.3,37.0,5432,474
PT_138,2025-03-22,80,83.7,29.7,4393,454
PT_138,2025-03-23,81,87.2,36.4,4381,480
PT_138,2025-03-24,82,85.1,33.4,5661,426
PT_138,2025-03-25,83,87.3,39.9,4861,471
PT_138,2025-03-26,84,86.9,35.6,4372,460
PT_138,2025-03-27,85,84.8,38.8,4690,446
PT_138,2025-03-28,86,83.9,32.4,4668,464
PT_138,2025-03-29,87,82.1,36.4,5573,450
PT_138,2025-03-30,88,82.2,41.3,4630,476
PT_138,2025-03-31,89,82.8,39.8,5813,432
PT_139,2025-01-01,0,76.2,48.9,4051,440
PT_139,2025-01-02,1,77.1,47.3,4223,483
PT_139,2025-01-03,2,86.6,37.9,3382,478
PT_139,2025-01-04,3,83.8,41.8,3808,487
PT_139,2025-01-05,4,83.3,35.5,3074,443
PT_139,2025-01-06,5,93.2,34.9,2888,416
PT_139,2025-01-07,6,90.6,35.1,3270,492
PT_139,2025-01-08,7,82.3,27.5,2443,433
PT_139,2025-01-09,8,91.1,30.5,1823,475
PT_139,2025-01-10,9,85.4,28.6,1565,457
PT_139,2025-01-11,10,88.6,28.1,2621,353
PT_139,2025-01-12,11,91.2,30.4,2415,406
PT_139,2025-01-13,12,91.4,35.3,3218,504
PT_139,2025-01-14,13,83.1,32.3,2414,487
PT_139,2025-01-15,14,94.5,23.1,1119,413
PT_139,2025-01-16,15,94.9,24.0,666,491
PT_139,2025-01-17,16,94.0,18.1,1107,444
PT_139,2025-01-18,17,93.5,25.1,1421,449
PT_139,2025-01-19,18,92.4,26.6,928,483
PT_139,2025-01-20,19,92.4,25.8,1054,404
PT_139,2025-01-21,20,90.8,26.5,1682,488
PT_139,2025-01-22,21,72.7,47.8,4831,437
PT_139,2025-01-23,22,79.7,43.1,3391,491
PT_139,2025-01-24,23,83.5,37.2,2734,505
PT_139,2025-01-25,24,85.9,34.4,2470,538
PT_139,2025-01-26,25,93.2,31.8,961,420
PT_139,2025-01-27,26,85.6,28.9,1553,453
PT_139,2025-01-28,27,90.9,27.9,1190,420
PT_139,2025-01-29,28,90.3,26.8,1680,413
PT_139,2025-01-30,29,92.5,30.5,1914,437
PT_139,2025-01-31,30,89.1,28.1,2395,391
PT_139,2025-02-01,31,88.9,27.6,1514,441
PT_139,2025-02-02,32,94.5,32.5,1698,457
PT_139,2025-02-03,33,94.1,26.7,1967,425
PT_139,2025-02-04,34,93.5,27.5,2359,419
PT_139,2025-02-05,35,98.3,19.0,899,495
PT_139,2025-02-06,36,99.4,20.0,1333,423
PT_139,2025-02-07,37,96.8,22.6,972,443
PT_139,2025-02-08,38,93.7,20.8,306,395
PT_139,2025-02-09,39,94.7,21.3,1858,458
PT_139,2025-02-10,40,93.6,22.3,1651,393
PT_139,2025-02-11,41,87.0,24.9,2155,498
PT_139,2025-02-12,42,73.2,49.5,4727,456
PT_139,2025-02-13,43,77.7,46.1,4276,432
PT_139,2025-02-14,44,80.2,36.1,3047,509
PT_139,2025-02-15,45,87.9,34.1,3345,445
PT_139,2025-02-16,46,91.3,34.3,2589,463
PT_139,2025-02-17,47,91.8,27.1,1440,406
PT_139,2025-02-18,48,91.6,30.5,1831,466
PT_139,2025-02-19,49,89.2,23.6,1608,427
PT_139,2025-02-20,50,88.4,30.0,2388,472
PT_139,2025-02-21,51,89.4,21.3,2132,431
PT_139,2025-02-22,52,84.7,29.0,1745,467
PT_139,2025-02-23,53,88.3,29.6,2070,432
PT_139,2025-02-24,54,84.9,30.8,2428,547
PT_139,2025-02-25,55,86.8,34.1,2224,437
PT_139,2025-02-26,56,92.7,33.9,2579,483
PT_139,2025-02-27,57,85.3,33.5,3699,422
PT_139,2025-02-28,58,87.1,36.1,3012,460
PT_139,2025-03-01,59,84.4,41.3,2973,425
PT_139,2025-03-02,60,82.7,33.3,2069,459
PT_139,2025-03-03,61,84.7,33.7,3040,543
PT_139,2025-03-04,62,82.9,41.7,3145,456
PT_139,2025-03-05,63,77.7,47.8,5229,474
PT_139,2025-03-06,64,73.0,48.7,5009,456
PT_139,2025-03-07,65,73.6,47.2,4076,468
PT_139,2025-03-08,66,81.3,40.4,4105,429
PT_139,2025-03-09,67,80.2,45.4,3604,426
PT_139,2025-03-10,68,80.7,44.8,4497,433
PT_139,2025-03-11,69,77.3,42.2,4051,444
PT_139,2025-03-12,70,79.8,40.2,3103,460
PT_139,2025-03-13,71,79.9,44.9,3508,464
PT_139,2025-03-14,72,80.4,33.2,3759,422
PT_139,2025-03-15,73,79.6,39.5,3944,451
PT_139,2025-03-16,74,81.4,44.0,3422,477
PT_139,2025-03-17,75,75.9,40.1,4090,445
PT_139,2025-03-18,76,82.6,38.9,4044,458
PT_139,2025-03-19,77,76.6,45.3,4555,434
PT_139,2025-03-20,78,80.0,33.3,4142,408
PT_139,2025-03-21,79,79.7,39.4,3512,494
PT_139,2025-03-22,80,76.5,43.6,4058,438
PT_139,2025-03-23,81,76.8,46.3,3987,471
PT_139,2025-03-24,82,80.3,39.0,4309,429
PT_139,2025-03-25,83,77.2,43.7,4930,515
PT_139,2025-03-26,84,72.8,51.5,4963,512
PT_139,2025-03-27,85,73.7,50.3,4863,432
PT_139,2025-03-28,86,72.7,51.6,5511,491
PT_139,2025-03-29,87,73.2,50.1,4894,430
PT_139,2025-03-30,88,74.1,45.2,4983,452
PT_139,2025-03-31,89,71.4,47.4,4948,498
PT_140,2025-01-01,0,73.7,70.7,5977,380
PT_140,2025-01-02,1,79.4,64.4,4559,438
PT_140,2025-01-03,2,83.1,65.4,5290,460
PT_140,2025-01-04,3,84.5,51.9,5003,430
PT_140,2025-01-05,4,86.0,60.2,3458,431
PT_140,2025-01-06,5,91.1,57.2,3659,448
PT_140,2025-01-07,6,86.2,56.6,4496,426
PT_140,2025-01-08,7,90.4,53.5,3627,419
PT_140,2025-01-09,8,85.4,54.0,3310,390
PT_140,2025-01-10,9,86.8,51.6,3054,447
PT_140,2025-01-11,10,87.9,53.4,3479,483
PT_140,2025-01-12,11,87.6,51.2,3633,444
PT_140,2025-01-13,12,86.0,56.9,3354,435
PT_140,2025-01-14,13,84.7,57.7,4153,400
PT_140,2025-01-15,14,92.8,50.7,2534,410
PT_140,2025-01-16,15,90.3,47.2,2803,512
PT_140,2025-01-17,16,89.6,55.8,3506,440
PT_140,2025-01-18,17,89.9,54.6,3091,478
PT_140,2025-01-19,18,90.5,53.4,3254,404
PT_140,2025-01-20,19,91.5,49.0,3395,382
PT_140,2025-01-21,20,85.8,49.3,3716,468
PT_140,2025-01-22,21,76.6,70.7,5219,493
PT_140,2025-01-23,22,73.6,67.3,5676,428
PT_140,2025-01-24,23,72.9,67.0,6305,424
PT_140,2025-01-25,24,75.0,69.3,6009,458
PT_140,2025-01-26,25,74.4,69.2,5590,368
PT_140,2025-01-27,26,73.8,70.8,5839,447
PT_140,2025-01-28,27,72.8,69.5,5753,412
PT_140,2025-01-29,28,73.0,69.8,5664,403
PT_140,2025-01-30,29,77.5,69.7,5425,449
PT_140,2025-01-31,30,72.3,68.8,6011,357
PT_140,2025-02-01,31,70.6,63.7,5715,447
PT_140,2025-02-02,32,77.2,70.8,5153,409
PT_140,2025-02-03,33,75.4,65.4,5903,400
PT_140,2025-02-04,34,75.3,72.2,4444,447
PT_140,2025-02-05,35,76.4,66.4,5161,415
PT_140,2025-02-06,36,77.7,61.1,4725,451
PT_140,2025-02-07,37,80.4,67.2,5393,464
PT_140,2025-02-08,38,78.7,64.8,5360,410
PT_140,2025-02-09,39,80.4,66.4,4646,421
PT_140,2025-02-10,40,77.2,65.1,5476,499
PT_140,2025-02-11,41,74.7,65.1,4465,411
PT_140,2025-02-12,42,77.2,67.2,5061,494
PT_140,2025-02-13,43,79.1,55.8,4923,441
PT_140,2025-02-14,44,76.5,60.3,5079,461
PT_140,2025-02-15,45,78.3,61.3,6108,459
PT_140,2025-02-16,46,74.5,64.3,4212,391
PT_140,2025-02-17,47,77.7,68.4,5265,463
PT_140,2025-02-18,48,73.2,68.5,5766,448
PT_140,2025-02-19,49,77.4,73.7,4764,476
PT_140,2025-02-20,50,75.6,70.8,5409,469
PT_140,2025-02-21,51,74.7,66.2,5258,469
PT_140,2025-02-22,52,75.4,70.3,5414,431
PT_140,2025-02-23,53,73.1,68.1,5491,373
PT_140,2025-02-24,54,73.5,68.2,5404,448
PT_140,2025-02-25,55,79.0,68.1,5440,415
PT_140,2025-02-26,56,77.9,65.8,5598,439
PT_140,2025-02-27,57,73.1,70.3,5867,413
PT_140,2025-02-28,58,73.1,67.9,5624,455
PT_140,2025-03-01,59,72.9,71.2,5914,399
PT_140,2025-03-02,60,70.2,67.7,6225,396
PT_140,2025-03-03,61,77.1,73.0,6164,373
PT_140,2025-03-04,62,70.2,71.8,5724,438
PT_140,2025-03-05,63,75.8,65.6,5067,498
PT_140,2025-03-06,64,78.2,57.3,6005,423
PT_140,2025-03-07,65,85.7,65.4,4400,466
PT_140,2025-03-08,66,80.8,59.6,4625,439
PT_140,2025-03-09,67,85.5,57.3,4245,400
PT_140,2025-03-10,68,83.8,56.2,4141,444
PT_140,2025-03-11,69,88.1,56.9,4083,397
PT_140,2025-03-12,70,83.4,57.2,4791,432
PT_140,2025-03-13,71,82.5,57.1,4490,412
PT_140,2025-03-14,72,84.9,62.2,3893,460
PT_140,2025-03-15,73,86.9,57.2,4453,452
PT_140,2025-03-16,74,83.0,66.9,4389,402
PT_140,2025-03-17,75,81.9,61.3,4129,461
PT_140,2025-03-18,76,82.8,56.8,3735,452
PT_140,2025-03-19,77,82.4,59.7,4424,451
PT_140,2025-03-20,78,81.7,58.7,4374,446
PT_140,2025-03-21,79,79.7,59.0,4340,456
PT_140,2025-03-22,80,82.3,63.0,5160,438
PT_140,2025-03-23,81,81.5,63.6,4830,457
PT_140,2025-03-24,82,75.6,66.1,5095,451
PT_140,2025-03-25,83,73.9,71.3,6059,448
PT_140,2025-03-26,84,74.0,63.9,5423,438
PT_140,2025-03-27,85,78.6,66.8,4917,407
PT_140,2025-03-28,86,81.0,71.3,5230,391
PT_140,2025-03-29,87,77.3,71.7,5596,416
PT_140,2025-03-30,88,76.3,64.0,5354,472
PT_140,2025-03-31,89,77.9,65.4,5289,475
PT_141,2025-01-01,0,66.4,52.3,7245,557
PT_141,2025-01-02,1,77.2,45.5,7284,507
PT_141,2025-01-03,2,76.6,41.8,5662,432
PT_141,2025-01-04,3,75.3,36.3,4591,517
PT_141,2025-01-05,4,82.4,39.9,4796,381
PT_141,2025-01-06,5,85.4,35.1,3865,451
PT_141,2025-01-07,6,82.1,34.3,4247,493
PT_141,2025-01-08,7,81.7,32.3,4077,497
PT_141,2025-01-09,8,79.8,33.9,3871,465
PT_141,2025-01-10,9,82.6,34.9,3784,486
PT_141,2025-01-11,10,82.6,31.4,4109,427
PT_141,2025-01-12,11,80.3,29.9,3820,465
PT_141,2025-01-13,12,83.8,32.0,4604,416
PT_141,2025-01-14,13,82.0,37.8,3984,398
PT_141,2025-01-15,14,92.4,25.5,2586,440
PT_141,2025-01-16,15,86.8,34.2,3496,461
PT_141,2025-01-17,16,87.3,25.5,3994,518
PT_141,2025-01-18,17,84.6,29.6,4128,453
PT_141,2025-01-19,18,82.8,27.8,3222,489
PT_141,2025-01-20,19,86.8,22.7,3623,433
PT_141,2025-01-21,20,85.5,29.4,4000,446
PT_141,2025-01-22,21,67.5,50.1,6863,457
PT_141,2025-01-23,22,73.7,48.9,7719,485
PT_141,2025-01-24,23,67.2,48.6,6527,436
PT_141,2025-01-25,24,72.3,46.7,7108,467
PT_141,2025-01-26,25,71.9,49.3,6964,411
PT_141,2025-01-27,26,70.4,50.1,6603,458
PT_141,2025-01-28,27,72.6,48.3,6317,405
PT_141,2025-01-29,28,72.8,49.2,5929,432
PT_141,2025-01-30,29,67.5,53.5,6750,458
PT_141,2025-01-31,30,69.9,48.2,6981,471
PT_141,2025-02-01,31,71.6,49.2,7173,453
PT_141,2025-02-02,32,68.4,49.0,6321,425
PT_141,2025-02-03,33,73.3,49.2,6600,419
PT_141,2025-02-04,34,69.2,52.2,6057,433
PT_141,2025-02-05,35,70.2,49.6,6062,512
PT_141,2025-02-06,36,69.3,45.4,5670,455
PT_141,2025-02-07,37,75.8,43.8,6656,523
PT_141,2025-02-08,38,72.4,47.7,5391,445
PT_141,2025-02-09,39,72.4,45.8,5877,367
PT_141,2025-02-10,40,74.0,48.4,6276,453
PT_141,2025-02-11,41,73.1,51.0,6318,470
PT_141,2025-02-12,42,68.4,45.8,6081,426
PT_141,2025-02-13,43,70.2,53.2,6240,466
PT_141,2025-02-14,44,68.0,51.5,7394,429
PT_141,2025-02-15,45,65.6,52.6,6079,412
PT_141,2025-02-16,46,68.0,54.6,7551,501
PT_141,2025-02-17,47,69.4,51.6,6565,488
PT_141,2025-02-18,48,73.1,45.7,7096,461
PT_141,2025-02-19,49,66.1,50.7,6839,413
PT_141,2025-02-20,50,72.4,49.8,6658,435
PT_141,2025-02-21,51,64.5,49.5,6314,437
PT_141,2025-02-22,52,71.3,45.1,6376,472
PT_141,2025-02-23,53,72.0,47.1,5433,428
PT_141,2025-02-24,54,78.1,45.8,5901,462
PT_141,2025-02-25,55,76.6,46.2,4995,446
PT_141,2025-02-26,56,78.0,39.2,5041,401
PT_141,2025-02-27,57,69.8,43.7,5735,491
PT_141,2025-02-28,58,82.2,38.5,4550,456
PT_141,2025-03-01,59,73.3,37.9,5368,461
PT_141,2025-03-02,60,74.4,41.2,4253,482
PT_141,2025-03-03,61,74.3,42.3,5209,459
PT_141,2025-03-04,62,73.9,45.8,5741,431
PT_141,2025-03-05,63,76.2,42.8,5355,426
PT_141,2025-03-06,64,76.6,42.3,5159,475
PT_141,2025-03-07,65,82.7,38.2,4640,468
PT_141,2025-03-08,66,80.0,38.6,4313,414
PT_141,2025-03-09,67,80.7,32.9,5632,411
PT_141,2025-03-10,68,83.5,41.3,5351,434
PT_141,2025-03-11,69,76.3,33.7,4697,417
PT_141,2025-03-12,70,74.7,33.7,4978,433
PT_141,2025-03-13,71,77.7,37.7,5578,465
PT_141,2025-03-14,72,72.5,46.7,6980,480
PT_141,2025-03-15,73,73.3,52.5,6205,460
PT_141,2025-03-16,74,76.2,41.6,5960,447
PT_141,2025-03-17,75,76.1,35.7,5698,457
PT_141,2025-03-18,76,77.3,38.7,5231,450
PT_141,2025-03-19,77,78.5,37.3,4493,527
PT_141,2025-03-20,78,80.6,35.5,4919,425
PT_141,2025-03-21,79,82.7,33.6,5597,474
PT_141,2025-03-22,80,83.2,35.6,4720,434
PT_141,2025-03-23,81,78.8,36.2,4891,505
PT_141,2025-03-24,82,72.2,35.6,4698,414
PT_141,2025-03-25,83,77.7,36.3,4472,450
PT_141,2025-03-26,84,82.2,38.1,5342,457
PT_141,2025-03-27,85,79.3,41.6,4929,484
PT_141,2025-03-28,86,79.0,40.9,5720,467
PT_141,2025-03-29,87,80.5,42.5,5340,466
PT_141,2025-03-30,88,75.0,45.4,5844,463
PT_141,2025-03-31,89,83.2,40.6,5526,416
PT_142,2025-01-01,0,63.5,43.5,6745,437
PT_142,2025-01-02,1,66.6,32.6,5771,449
PT_142,2025-01-03,2,70.0,34.9,5434,449
PT_142,2025-01-04,3,72.2,26.3,4778,354
PT_142,2025-01-05,4,75.9,27.4,4784,405
PT_142,2025-01-06,5,72.7,25.9,5207,402
PT_142,2025-01-07,6,75.5,24.1,4608,418
PT_142,2025-01-08,7,79.7,24.4,4504,442
PT_142,2025-01-09,8,77.8,20.7,4166,496
PT_142,2025-01-10,9,79.6,27.7,4513,476
PT_142,2025-01-11,10,79.2,19.9,4771,399
PT_142,2025-01-12,11,75.6,21.0,4058,492
PT_142,2025-01-13,12,77.6,23.6,3903,505
PT_142,2025-01-14,13,70.1,24.7,5330,469
PT_142,2025-01-15,14,80.1,19.9,3997,427
PT_142,2025-01-16,15,77.1,14.8,4427,462
PT_142,2025-01-17,16,75.9,16.3,3337,459
PT_142,2025-01-18,17,75.6,24.0,4665,446
PT_142,2025-01-19,18,78.0,20.0,4843,452
PT_142,2025-01-20,19,77.1,25.0,4410,454
PT_142,2025-01-21,20,75.8,27.1,4581,460
PT_142,2025-01-22,21,61.1,37.9,7366,476
PT_142,2025-01-23,22,69.3,43.6,7278,493
PT_142,2025-01-24,23,59.8,45.8,6800,472
PT_142,2025-01-25,24,60.6,48.0,6996,421
PT_142,2025-01-26,25,62.1,45.0,7164,495
PT_142,2025-01-27,26,63.9,40.0,7380,463
PT_142,2025-01-28,27,63.7,43.5,7385,428
PT_142,2025-01-29,28,60.8,45.4,6740,462
PT_142,2025-01-30,29,60.0,45.8,6937,438
PT_142,2025-01-31,30,68.1,43.4,8104,481
PT_142,2025-02-01,31,62.2,46.4,6845,432
PT_142,2025-02-02,32,64.8,44.2,7563,406
PT_142,2025-02-03,33,62.2,44.8,6831,460
PT_142,2025-02-04,34,65.7,43.1,7462,434
PT_142,2025-02-05,35,65.0,34.2,6045,460
PT_142,2025-02-06,36,68.3,37.8,5532,439
PT_142,2025-02-07,37,71.8,36.2,5478,487
PT_142,2025-02-08,38,67.4,34.8,6138,482
PT_142,2025-02-09,39,67.7,35.2,5553,469
PT_142,2025-02-10,40,70.4,26.7,6211,388
PT_142,2025-02-11,41,69.8,33.2,5225,483
PT_142,2025-02-12,42,67.5,33.9,6233,425
PT_142,2025-02-13,43,66.3,31.7,6520,352
PT_142,2025-02-14,44,70.9,38.5,5164,473
PT_142,2025-02-15,45,64.0,37.6,5898,386
PT_142,2025-02-16,46,69.2,37.0,6800,462
PT_142,2025-02-17,47,66.3,35.7,6753,461
PT_142,2025-02-18,48,63.5,36.1,5255,470
PT_142,2025-02-19,49,69.8,38.8,6795,472
PT_142,2025-02-20,50,67.6,36.3,7104,431
PT_142,2025-02-21,51,65.5,37.1,6831,455
PT_142,2025-02-22,52,70.8,35.8,6926,425
PT_142,2025-02-23,53,63.1,37.2,6371,466
PT_142,2025-02-24,54,61.3,46.5,7059,454
PT_142,2025-02-25,55,61.5,40.5,7657,493
PT_142,2025-02-26,56,61.7,50.4,6826,443
PT_142,2025-02-27,57,66.2,40.8,7352,391
PT_142,2025-02-28,58,64.4,44.2,6121,430
PT_142,2025-03-01,59,64.1,44.1,7591,467
PT_142,2025-03-02,60,66.6,40.8,6973,406
PT_142,2025-03-03,61,66.6,34.9,6012,441
PT_142,2025-03-04,62,68.3,30.2,5706,443
PT_142,2025-03-05,63,68.0,31.2,5467,440
PT_142,2025-03-06,64,82.4,29.7,4702,432
PT_142,2025-03-07,65,74.6,31.1,4985,453
PT_142,2025-03-08,66,80.2,21.6,4700,380
PT_142,2025-03-09,67,79.5,26.5,4010,428
PT_142,2025-03-10,68,79.7,25.1,4358,479
PT_142,2025-03-11,69,76.2,21.7,4738,434
PT_142,2025-03-12,70,73.8,22.3,4928,464
PT_142,2025-03-13,71,73.4,32.3,4857,449
PT_142,2025-03-14,72,77.5,27.9,4689,411
PT_142,2025-03-15,73,77.1,24.9,3681,521
PT_142,2025-03-16,74,80.3,25.9,4363,497
PT_142,2025-03-17,75,76.1,21.0,4139,417
PT_142,2025-03-18,76,79.5,25.8,4403,481
PT_142,2025-03-19,77,75.5,21.8,5407,431
PT_142,2025-03-20,78,76.5,31.5,4391,500
PT_142,2025-03-21,79,71.4,27.1,5103,436
PT_142,2025-03-22,80,66.4,42.8,7584,433
PT_142,2025-03-23,81,66.6,31.3,6072,450
PT_142,2025-03-24,82,72.0,33.2,5513,465
PT_142,2025-03-25,83,73.3,31.6,5333,500
PT_142,2025-03-26,84,71.5,26.6,4021,456
PT_142,2025-03-27,85,81.0,23.9,4479,467
PT_142,2025-03-28,86,74.1,25.9,4016,449
PT_142,2025-03-29,87,75.7,23.1,4726,448
PT_142,2025-03-30,88,75.5,25.5,4437,390
PT_142,2025-03-31,89,78.6,22.9,4019,509
PT_143,2025-01-01,0,75.4,48.2,5999,367
PT_143,2025-01-02,1,74.1,42.9,6868,468
PT_143,2025-01-03,2,83.4,38.0,5241,424
PT_143,2025-01-04,3,79.7,37.2,4632,404
PT_143,2025-01-05,4,87.8,37.8,4121,421
PT_143,2025-01-06,5,85.3,33.0,2906,403
PT_143,2025-01-07,6,80.3,32.2,4040,389
PT_143,2025-01-08,7,82.2,24.7,4344,409
PT_143,2025-01-09,8,82.2,33.5,4372,407
PT_143,2025-01-10,9,84.1,28.7,4180,361
PT_143,2025-01-11,10,81.8,33.3,4044,364
PT_143,2025-01-12,11,86.1,31.8,3993,403
PT_143,2025-01-13,12,84.5,27.9,4674,447
PT_143,2025-01-14,13,82.5,27.4,4338,360
PT_143,2025-01-15,14,83.7,29.7,3426,412
PT_143,2025-01-16,15,77.4,29.5,4219,439
PT_143,2025-01-17,16,83.3,32.3,4092,447
PT_143,2025-01-18,17,79.8,33.2,4595,454
PT_143,2025-01-19,18,84.7,30.8,3791,431
PT_143,2025-01-20,19,79.5,32.5,4284,382
PT_143,2025-01-21,20,80.2,37.0,4233,368
PT_143,2025-01-22,21,67.1,47.1,6469,342
PT_143,2025-01-23,22,70.9,45.1,6009,410
PT_143,2025-01-24,23,75.9,48.7,5982,501
PT_143,2025-01-25,24,75.3,44.2,5655,432
PT_143,2025-01-26,25,77.0,44.4,4876,436
PT_143,2025-01-27,26,77.6,42.5,6590,416
PT_143,2025-01-28,27,74.3,43.0,5507,426
PT_143,2025-01-29,28,73.9,33.8,5940,378
PT_143,2025-01-30,29,77.4,40.6,4913,415
PT_143,2025-01-31,30,72.4,47.1,6332,396
PT_143,2025-02-01,31,74.1,47.9,4689,446
PT_143,2025-02-02,32,78.0,39.2,5062,456
PT_143,2025-02-03,33,81.3,34.1,4076,371
PT_143,2025-02-04,34,83.7,32.5,4865,358
PT_143,2025-02-05,35,87.2,31.8,3758,433
PT_143,2025-02-06,36,87.2,27.3,3419,414
PT_143,2025-02-07,37,88.2,30.4,4229,369
PT_143,2025-02-08,38,85.2,28.9,3306,327
PT_143,2025-02-09,39,88.0,27.7,3176,418
PT_143,2025-02-10,40,85.8,28.3,3493,415
PT_143,2025-02-11,41,81.7,32.6,3580,387
PT_143,2025-02-12,42,84.2,34.5,3715,397
PT_143,2025-02-13,43,85.3,31.9,3828,405
PT_143,2025-02-14,44,86.1,30.6,3927,430
PT_143,2025-02-15,45,81.7,41.7,4680,419
PT_143,2025-02-16,46,83.6,34.4,4448,448
PT_143,2025-02-17,47,78.8,34.4,5137,392
PT_143,2025-02-18,48,79.4,36.4,4624,440
PT_143,2025-02-19,49,82.1,32.6,4168,436
PT_143,2025-02-20,50,78.8,37.1,4413,420
PT_143,2025-02-21,51,73.7,40.5,5536,415
PT_143,2025-02-22,52,73.7,43.0,5206,402
PT_143,2025-02-23,53,73.4,42.7,6266,406
PT_143,2025-02-24,54,71.6,42.7,6724,414
PT_143,2025-02-25,55,72.0,51.1,5220,397
PT_143,2025-02-26,56,71.7,47.0,5983,423
PT_143,2025-02-27,57,73.0,41.4,5583,437
PT_143,2025-02-28,58,80.0,40.4,6019,362
PT_143,2025-03-01,59,81.8,39.8,5507,377
PT_143,2025-03-02,60,83.6,31.4,3397,378
PT_143,2025-03-03,61,84.7,31.0,4058,415
PT_143,2025-03-04,62,87.5,27.7,4568,374
PT_143,2025-03-05,63,88.0,31.8,3665,386
PT_143,2025-03-06,64,89.1,32.0,4141,430
PT_143,2025-03-07,65,84.3,28.4,3762,405
PT_143,2025-03-08,66,81.8,34.4,3872,393
PT_143,2025-03-09,67,86.1,32.5,3958,435
PT_143,2025-03-10,68,81.6,28.2,5024,379
PT_143,2025-03-11,69,81.0,33.8,3896,360
PT_143,2025-03-12,70,85.0,32.1,4295,414
PT_143,2025-03-13,71,79.4,36.9,4875,379
PT_143,2025-03-14,72,86.1,33.2,4201,405
PT_143,2025-03-15,73,84.0,34.4,4412,440
PT_143,2025-03-16,74,80.5,35.1,4782,359
PT_143,2025-03-17,75,78.7,38.0,4443,393
PT_143,2025-03-18,76,78.1,37.5,4726,454
PT_143,2025-03-19,77,73.2,44.3,6220,346
PT_143,2025-03-20,78,77.4,41.4,6617,507
PT_143,2025-03-21,79,71.2,39.0,4772,426
PT_143,2025-03-22,80,75.0,38.0,4794,391
PT_143,2025-03-23,81,76.0,40.8,5543,350
PT_143,2025-03-24,82,69.7,39.7,5682,372
PT_143,2025-03-25,83,76.3,39.0,5578,333
PT_143,2025-03-26,84,78.4,37.6,5373,385
PT_143,2025-03-27,85,74.0,40.1,6391,429
PT_143,2025-03-28,86,77.9,40.8,4770,399
PT_143,2025-03-29,87,75.2,40.1,5104,376
PT_143,2025-03-30,88,74.1,35.4,4471,417
PT_143,2025-03-31,89,74.7,40.3,5585,392
PT_144,2025-01-01,0,71.3,38.1,6085,480
PT_144,2025-01-02,1,76.2,31.2,5285,445
PT_144,2025-01-03,2,85.9,24.6,4263,462
PT_144,2025-01-04,3,86.5,21.8,3958,370
PT_144,2025-01-05,4,87.2,13.7,3179,468
PT_144,2025-01-06,5,83.7,12.7,2511,434
PT_144,2025-01-07,6,86.4,13.0,3607,440
PT_144,2025-01-08,7,84.6,14.8,4038,517
PT_144,2025-01-09,8,85.9,19.2,3074,446
PT_144,2025-01-10,9,86.2,18.5,3068,528
PT_144,2025-01-11,10,90.3,13.1,3166,497
PT_144,2025-01-12,11,86.6,14.1,4108,488
PT_144,2025-01-13,12,89.5,17.4,2873,538
PT_144,2025-01-14,13,90.3,14.8,3225,453
PT_144,2025-01-15,14,84.3,16.2,3542,457
PT_144,2025-01-16,15,88.1,16.9,3606,466
PT_144,2025-01-17,16,84.7,21.1,4286,408
PT_144,2025-01-18,17,87.3,21.6,4746,488
PT_144,2025-01-19,18,80.7,23.8,4359,468
PT_144,2025-01-20,19,81.3,23.1,5080,492
PT_144,2025-01-21,20,80.7,18.0,4330,477
PT_144,2025-01-22,21,64.4,32.9,5551,487
PT_144,2025-01-23,22,73.7,42.1,6020,476
PT_144,2025-01-24,23,69.3,34.0,6457,484
PT_144,2025-01-25,24,69.7,33.8,7162,404
PT_144,2025-01-26,25,75.1,42.6,6257,476
PT_144,2025-01-27,26,68.4,35.8,7760,422
PT_144,2025-01-28,27,68.8,40.4,5921,454
PT_144,2025-01-29,28,66.9,36.4,6929,455
PT_144,2025-01-30,29,72.1,35.5,6905,481
PT_144,2025-01-31,30,74.8,35.6,6082,423
PT_144,2025-02-01,31,73.2,29.2,5839,427
PT_144,2025-02-02,32,77.3,30.2,5178,500
PT_144,2025-02-03,33,77.8,27.6,5200,507
PT_144,2025-02-04,34,77.3,23.5,4352,442
PT_144,2025-02-05,35,83.8,21.6,4323,443
PT_144,2025-02-06,36,81.9,32.7,4047,437
PT_144,2025-02-07,37,77.7,26.9,4134,446
PT_144,2025-02-08,38,76.7,22.6,4726,460
PT_144,2025-02-09,39,78.7,23.2,5114,419
PT_144,2025-02-10,40,82.0,23.6,4813,449
PT_144,2025-02-11,41,75.4,26.7,4654,460
PT_144,2025-02-12,42,79.7,26.2,4880,443
PT_144,2025-02-13,43,82.6,27.6,5460,445
PT_144,2025-02-14,44,77.1,31.1,5375,551
PT_144,2025-02-15,45,78.7,29.1,5711,458
PT_144,2025-02-16,46,78.6,27.3,5357,484
PT_144,2025-02-17,47,76.7,29.7,4673,502
PT_144,2025-02-18,48,78.7,31.4,4922,457
PT_144,2025-02-19,49,77.4,24.5,5038,422
PT_144,2025-02-20,50,69.8,32.5,5649,440
PT_144,2025-02-21,51,73.3,40.2,7511,477
PT_144,2025-02-22,52,67.5,35.4,6951,420
PT_144,2025-02-23,53,68.9,35.8,6243,546
PT_144,2025-02-24,54,69.7,33.5,7141,444
PT_144,2025-02-25,55,70.1,39.6,6451,472
PT_144,2025-02-26,56,69.8,36.0,6628,428
PT_144,2025-02-27,57,84.2,20.2,4261,482
PT_144,2025-02-28,58,84.8,23.4,4535,432
PT_144,2025-03-01,59,83.3,22.5,4621,465
PT_144,2025-03-02,60,84.8,19.2,4028,499
PT_144,2025-03-03,61,84.2,24.0,3333,443
PT_144,2025-03-04,62,82.8,19.6,4442,476
PT_144,2025-03-05,63,84.2,23.2,4740,470
PT_144,2025-03-06,64,75.5,33.6,6263,403
PT_144,2025-03-07,65,74.8,31.0,5841,461
PT_144,2025-03-08,66,80.8,26.8,4409,452
PT_144,2025-03-09,67,85.0,16.3,3564,433
PT_144,2025-03-10,68,85.7,11.2,3874,468
PT_144,2025-03-11,69,88.4,17.6,3978,496
PT_144,2025-03-12,70,91.6,17.1,3417,403
PT_144,2025-03-13,71,86.1,15.4,3348,463
PT_144,2025-03-14,72,89.3,18.9,3431,460
PT_144,2025-03-15,73,89.9,16.6,3656,423
PT_144,2025-03-16,74,83.7,16.5,4082,445
PT_144,2025-03-17,75,82.6,12.9,2914,511
PT_144,2025-03-18,76,86.4,13.2,3213,511
PT_144,2025-03-19,77,87.5,13.4,3247,444
PT_144,2025-03-20,78,87.2,16.2,3747,437
PT_144,2025-03-21,79,87.6,19.7,3057,442
PT_144,2025-03-22,80,87.9,20.0,2906,452
PT_144,2025-03-23,81,82.1,19.8,4168,461
PT_144,2025-03-24,82,84.0,29.7,4179,449
PT_144,2025-03-25,83,84.7,22.8,4092,462
PT_144,2025-03-26,84,82.9,19.4,5059,405
PT_144,2025-03-27,85,67.3,39.5,6249,468
PT_144,2025-03-28,86,71.4,33.8,6113,485
PT_144,2025-03-29,87,77.2,30.9,6644,458
PT_144,2025-03-30,88,75.8,31.2,5972,559
PT_144,2025-03-31,89,73.8,31.0,6036,438
PT_145,2025-01-01,0,59.4,72.9,7006,370
PT_145,2025-01-02,1,60.0,77.6,6746,373
PT_145,2025-01-03,2,55.5,77.0,6139,482
PT_145,2025-01-04,3,56.2,71.6,6360,427
PT_145,2025-01-05,4,57.9,66.3,5472,409
PT_145,2025-01-06,5,57.2,70.2,5712,364
PT_145,2025-01-07,6,62.6,66.1,5775,454
PT_145,2025-01-08,7,65.7,69.8,5792,398
PT_145,2025-01-09,8,65.6,66.8,5573,423
PT_145,2025-01-10,9,57.5,71.7,5990,418
PT_145,2025-01-11,10,62.2,70.1,5639,419
PT_145,2025-01-12,11,63.8,66.9,5677,362
PT_145,2025-01-13,12,62.1,72.9,5936,406
PT_145,2025-01-14,13,65.0,62.2,5372,409
PT_145,2025-01-15,14,62.3,68.9,6231,416
PT_145,2025-01-16,15,60.4,67.6,6262,394
PT_145,2025-01-17,16,55.9,71.0,6374,361
PT_145,2025-01-18,17,62.2,68.6,6282,403
PT_145,2025-01-19,18,59.2,75.5,6858,470
PT_145,2025-01-20,19,57.8,69.1,5621,377
PT_145,2025-01-21,20,57.1,64.8,5073,360
PT_145,2025-01-22,21,62.7,76.4,6663,373
PT_145,2025-01-23,22,55.7,76.3,6081,411
PT_145,2025-01-24,23,55.7,74.2,6869,418
PT_145,2025-01-25,24,56.5,76.0,6674,429
PT_145,2025-01-26,25,52.4,74.8,6785,332
PT_145,2025-01-27,26,57.4,75.1,6859,385
PT_145,2025-01-28,27,56.6,70.8,7491,447
PT_145,2025-01-29,28,53.4,73.9,6607,420
PT_145,2025-01-30,29,61.3,75.4,6630,454
PT_145,2025-01-31,30,56.6,70.5,5660,383
PT_145,2025-02-01,31,58.8,71.7,5131,390
PT_145,2025-02-02,32,57.4,71.8,5435,468
PT_145,2025-02-03,33,61.0,71.8,5095,401
PT_145,2025-02-04,34,63.9,65.5,6790,402
PT_145,2025-02-05,35,59.2,64.3,5346,411
PT_145,2025-02-06,36,67.7,68.7,5780,418
PT_145,2025-02-07,37,64.7,60.3,5774,429
PT_145,2025-02-08,38,66.1,65.6,4749,292
PT_145,2025-02-09,39,63.3,66.5,5447,345
PT_145,2025-02-10,40,61.1,65.6,5812,378
PT_145,2025-02-11,41,63.5,70.2,5481,465
PT_145,2025-02-12,42,62.9,68.0,5343,414
PT_145,2025-02-13,43,62.7,64.6,5758,436
PT_145,2025-02-14,44,61.7,71.0,5683,421
PT_145,2025-02-15,45,59.8,69.6,6048,393
PT_145,2025-02-16,46,61.1,70.2,6018,389
PT_145,2025-02-17,47,62.1,67.8,5371,395
PT_145,2025-02-18,48,63.1,69.7,6257,405
PT_145,2025-02-19,49,57.6,71.3,6179,399
PT_145,2025-02-20,50,58.4,72.8,6614,395
PT_145,2025-02-21,51,58.6,72.1,7388,362
PT_145,2025-02-22,52,56.1,79.0,6536,438
PT_145,2025-02-23,53,57.6,82.5,7609,353
PT_145,2025-02-24,54,53.8,76.8,7105,387
PT_145,2025-02-25,55,63.0,69.4,6100,381
PT_145,2025-02-26,56,66.9,68.2,5950,370
PT_145,2025-02-27,57,66.7,70.7,5839,450
PT_145,2025-02-28,58,66.6,67.2,6313,464
PT_145,2025-03-01,59,64.9,70.9,5974,414
PT_145,2025-03-02,60,64.0,65.6,5255,392
PT_145,2025-03-03,61,61.8,67.5,5492,437
PT_145,2025-03-04,62,57.2,67.4,5671,424
PT_145,2025-03-05,63,64.4,67.4,5258,347
PT_145,2025-03-06,64,63.5,62.5,5812,362
PT_145,2025-03-07,65,62.7,69.6,5561,384
PT_145,2025-03-08,66,57.3,65.7,5076,460
PT_145,2025-03-09,67,55.9,63.7,5941,361
PT_145,2025-03-10,68,58.8,67.2,5517,377
PT_145,2025-03-11,69,64.9,70.8,6226,420
PT_145,2025-03-12,70,65.4,67.6,5840,425
PT_145,2025-03-13,71,60.6,73.2,6165,463
PT_145,2025-03-14,72,62.2,77.5,5992,370
PT_145,2025-03-15,73,61.2,75.2,5880,412
PT_145,2025-03-16,74,59.9,69.5,6147,428
PT_145,2025-03-17,75,59.1,77.7,6870,413
PT_145,2025-03-18,76,55.2,73.8,6458,435
PT_145,2025-03-19,77,57.1,73.9,7031,370
PT_145,2025-03-20,78,61.8,66.9,6069,430
PT_145,2025-03-21,79,56.4,67.7,5812,427
PT_145,2025-03-22,80,55.9,68.9,6668,424
PT_145,2025-03-23,81,54.0,72.4,5783,381
PT_145,2025-03-24,82,65.8,75.6,6869,418
PT_145,2025-03-25,83,62.0,70.2,6868,432
PT_145,2025-03-26,84,56.3,73.7,6564,406
PT_145,2025-03-27,85,60.5,77.8,6768,426
PT_145,2025-03-28,86,59.2,75.0,5985,410
PT_145,2025-03-29,87,61.4,70.5,6793,400
PT_145,2025-03-30,88,61.4,73.2,5997,421
PT_145,2025-03-31,89,56.4,76.2,6777,386
PT_146,2025-01-01,0,66.3,45.3,5534,501
PT_146,2025-01-02,1,65.6,38.5,4875,505
PT_146,2025-01-03,2,62.7,38.6,3872,479
PT_146,2025-01-04,3,69.6,35.1,4868,430
PT_146,2025-01-05,4,67.6,31.9,4158,473
PT_146,2025-01-06,5,71.3,39.6,4540,429
PT_146,2025-01-07,6,71.5,32.3,4129,459
PT_146,2025-01-08,7,73.6,31.0,3991,441
PT_146,2025-01-09,8,72.1,28.3,2850,396
PT_146,2025-01-10,9,71.7,28.0,3722,482
PT_146,2025-01-11,10,71.1,32.8,4737,448
PT_146,2025-01-12,11,67.9,23.2,4562,417
PT_146,2025-01-13,12,73.6,36.9,4265,446
PT_146,2025-01-14,13,69.1,34.5,3602,356
PT_146,2025-01-15,14,76.7,30.3,4124,446
PT_146,2025-01-16,15,67.6,38.1,3980,421
PT_146,2025-01-17,16,67.4,35.3,3727,449
PT_146,2025-01-18,17,69.0,32.9,4159,495
PT_146,2025-01-19,18,68.3,39.6,3864,469
PT_146,2025-01-20,19,66.2,39.7,4479,477
PT_146,2025-01-21,20,63.8,37.4,4502,397
PT_146,2025-01-22,21,65.4,46.6,5120,416
PT_146,2025-01-23,22,63.6,43.3,4598,461
PT_146,2025-01-24,23,60.2,38.1,5477,390
PT_146,2025-01-25,24,73.4,24.8,3759,429
PT_146,2025-01-26,25,74.5,22.5,4108,463
PT_146,2025-01-27,26,73.9,29.8,3481,482
PT_146,2025-01-28,27,75.4,27.8,3160,459
PT_146,2025-01-29,28,72.5,22.9,3299,434
PT_146,2025-01-30,29,66.5,28.6,3653,489
PT_146,2025-01-31,30,72.6,27.4,3380,428
PT_146,2025-02-01,31,59.8,45.0,5229,458
PT_146,2025-02-02,32,66.0,35.0,4238,430
PT_146,2025-02-03,33,72.2,32.1,4657,468
PT_146,2025-02-04,34,77.3,29.6,2825,460
PT_146,2025-02-05,35,77.5,19.0,3139,434
PT_146,2025-02-06,36,77.1,21.1,3168,424
PT_146,2025-02-07,37,73.4,19.1,2588,416
PT_146,2025-02-08,38,80.4,18.9,2322,462
PT_146,2025-02-09,39,69.7,22.9,2359,463
PT_146,2025-02-10,40,77.9,23.9,1726,455
PT_146,2025-02-11,41,71.7,23.7,2659,443
PT_146,2025-02-12,42,78.3,26.8,2509,396
PT_146,2025-02-13,43,82.0,24.0,2667,421
PT_146,2025-02-14,44,76.6,20.8,2147,407
PT_146,2025-02-15,45,71.1,25.1,2213,471
PT_146,2025-02-16,46,79.2,24.0,2755,419
PT_146,2025-02-17,47,72.7,29.5,3063,457
PT_146,2025-02-18,48,74.1,24.7,2714,487
PT_146,2025-02-19,49,72.8,31.0,3300,394
PT_146,2025-02-20,50,71.9,33.0,3688,460
PT_146,2025-02-21,51,71.4,30.6,3232,475
PT_146,2025-02-22,52,66.3,43.2,4937,485
PT_146,2025-02-23,53,61.8,41.8,5404,441
PT_146,2025-02-24,54,62.1,43.0,5351,452
PT_146,2025-02-25,55,62.3,43.3,5043,397
PT_146,2025-02-26,56,63.4,38.7,4971,484
PT_146,2025-02-27,57,59.6,43.2,5736,490
PT_146,2025-02-28,58,60.8,49.0,4849,459
PT_146,2025-03-01,59,65.3,41.0,4936,424
PT_146,2025-03-02,60,63.1,43.4,5597,450
PT_146,2025-03-03,61,63.8,40.7,4664,415
PT_146,2025-03-04,62,70.8,39.4,5674,465
PT_146,2025-03-05,63,68.5,36.5,4237,403
PT_146,2025-03-06,64,68.4,40.3,4802,483
PT_146,2025-03-07,65,67.4,34.2,4078,415
PT_146,2025-03-08,66,65.6,41.0,3553,366
PT_146,2025-03-09,67,70.3,36.6,3549,475
PT_146,2025-03-10,68,67.0,36.4,4485,402
PT_146,2025-03-11,69,65.4,40.8,5228,396
PT_146,2025-03-12,70,67.1,36.8,4327,489
PT_146,2025-03-13,71,65.8,35.6,4020,537
PT_146,2025-03-14,72,64.9,39.6,3771,471
PT_146,2025-03-15,73,65.6,40.2,4301,427
PT_146,2025-03-16,74,64.3,43.7,4356,475
PT_146,2025-03-17,75,65.0,47.3,4735,485
PT_146,2025-03-18,76,68.0,35.4,3495,436
PT_146,2025-03-19,77,70.7,35.3,4968,448
PT_146,2025-03-20,78,66.9,43.9,4772,463
PT_146,2025-03-21,79,65.5,40.5,4196,453
PT_146,2025-03-22,80,59.4,45.8,6152,419
PT_146,2025-03-23,81,63.0,38.4,4709,449
PT_146,2025-03-24,82,69.3,31.4,4351,426
PT_146,2025-03-25,83,68.2,31.0,4432,443
PT_146,2025-03-26,84,71.0,35.6,4538,477
PT_146,2025-03-27,85,68.3,34.0,3632,408
PT_146,2025-03-28,86,70.7,29.8,3377,497
PT_146,2025-03-29,87,70.9,31.4,2628,411
PT_146,2025-03-30,88,67.3,28.7,4007,451
PT_146,2025-03-31,89,70.6,28.1,2840,410
PT_147,2025-01-01,0,68.3,49.3,5540,458
PT_147,2025-01-02,1,78.8,48.6,5068,435
PT_147,2025-01-03,2,79.4,37.9,4452,351
PT_147,2025-01-04,3,74.6,37.1,4982,374
PT_147,2025-01-05,4,77.2,43.6,4691,438
PT_147,2025-01-06,5,80.4,35.0,4590,446
PT_147,2025-01-07,6,76.1,34.1,4845,435
PT_147,2025-01-08,7,81.3,48.7,3978,405
PT_147,2025-01-09,8,79.2,37.7,4031,399
PT_147,2025-01-10,9,80.5,42.8,4501,395
PT_147,2025-01-11,10,78.7,35.3,4139,352
PT_147,2025-01-12,11,77.8,40.5,4915,377
PT_147,2025-01-13,12,76.7,38.0,4128,429
PT_147,2025-01-14,13,80.5,43.0,4465,319
PT_147,2025-01-15,14,82.3,41.9,4781,454
PT_147,2025-01-16,15,77.1,38.7,4897,437
PT_147,2025-01-17,16,80.8,40.4,5142,403
PT_147,2025-01-18,17,82.5,41.3,4737,411
PT_147,2025-01-19,18,80.1,44.0,5248,416
PT_147,2025-01-20,19,76.6,41.0,4783,348
PT_147,2025-01-21,20,78.3,38.9,4897,421
PT_147,2025-01-22,21,67.3,47.2,6114,387
PT_147,2025-01-23,22,72.7,45.6,6397,383
PT_147,2025-01-24,23,73.1,46.7,5917,429
PT_147,2025-01-25,24,74.9,50.5,5174,437
PT_147,2025-01-26,25,77.3,38.3,5191,412
PT_147,2025-01-27,26,73.2,40.8,4563,437
PT_147,2025-01-28,27,77.6,41.5,4519,488
PT_147,2025-01-29,28,79.7,40.4,3888,390
PT_147,2025-01-30,29,78.6,37.4,4449,430
PT_147,2025-01-31,30,80.3,40.1,4007,417
PT_147,2025-02-01,31,77.4,37.1,3907,448
PT_147,2025-02-02,32,78.4,36.8,2933,455
PT_147,2025-02-03,33,81.5,41.6,4340,365
PT_147,2025-02-04,34,81.0,42.9,4512,449
PT_147,2025-02-05,35,76.8,38.2,4204,383
PT_147,2025-02-06,36,78.6,40.9,4631,449
PT_147,2025-02-07,37,75.0,36.7,4073,394
PT_147,2025-02-08,38,81.2,40.7,4284,418
PT_147,2025-02-09,39,75.0,40.3,4330,397
PT_147,2025-02-10,40,79.3,33.3,4678,437
PT_147,2025-02-11,41,77.8,41.2,4722,383
PT_147,2025-02-12,42,79.7,35.9,4228,398
PT_147,2025-02-13,43,78.9,43.5,5009,424
PT_147,2025-02-14,44,77.5,46.3,4982,405
PT_147,2025-02-15,45,73.6,48.6,5789,407
PT_147,2025-02-16,46,70.1,50.3,4997,438
PT_147,2025-02-17,47,73.3,49.1,6503,460
PT_147,2025-02-18,48,72.3,50.1,6239,481
PT_147,2025-02-19,49,71.9,49.8,4604,422
PT_147,2025-02-20,50,69.2,48.4,4991,426
PT_147,2025-02-21,51,71.7,42.0,6146,423
PT_147,2025-02-22,52,72.4,46.5,5807,434
PT_147,2025-02-23,53,73.1,45.2,5319,457
PT_147,2025-02-24,54,71.7,46.0,4843,420
PT_147,2025-02-25,55,72.8,52.2,5204,482
PT_147,2025-02-26,56,72.6,52.2,5597,455
PT_147,2025-02-27,57,70.4,48.0,4634,458
PT_147,2025-02-28,58,79.6,41.4,4005,377
PT_147,2025-03-01,59,78.4,44.2,3965,376
PT_147,2025-03-02,60,78.8,36.5,4861,405
PT_147,2025-03-03,61,80.2,35.5,4052,377
PT_147,2025-03-04,62,83.2,35.0,4112,376
PT_147,2025-03-05,63,82.8,30.3,3331,431
PT_147,2025-03-06,64,82.6,33.3,4155,404
PT_147,2025-03-07,65,83.4,33.5,3927,379
PT_147,2025-03-08,66,80.1,36.5,3988,368
PT_147,2025-03-09,67,82.4,35.4,3611,472
PT_147,2025-03-10,68,82.5,36.8,4046,397
PT_147,2025-03-11,69,76.5,34.6,4342,346
PT_147,2025-03-12,70,84.2,33.9,3579,439
PT_147,2025-03-13,71,82.8,32.6,3707,362
PT_147,2025-03-14,72,79.8,33.4,2696,446
PT_147,2025-03-15,73,75.1,34.2,4500,382
PT_147,2025-03-16,74,85.6,39.3,4103,383
PT_147,2025-03-17,75,82.2,35.3,3746,442
PT_147,2025-03-18,76,82.5,38.6,4137,398
PT_147,2025-03-19,77,73.0,41.6,5828,425
PT_147,2025-03-20,78,77.4,42.6,4467,439
PT_147,2025-03-21,79,80.3,43.5,4611,426
PT_147,2025-03-22,80,77.2,38.9,4430,403
PT_147,2025-03-23,81,79.7,40.2,4373,406
PT_147,2025-03-24,82,77.7,33.3,3500,459
PT_147,2025-03-25,83,80.3,35.9,4219,429
PT_147,2025-03-26,84,86.3,37.3,3412,363
PT_147,2025-03-27,85,75.4,36.9,3428,441
PT_147,2025-03-28,86,86.1,33.4,3715,348
PT_147,2025-03-29,87,81.7,40.3,3753,436
PT_147,2025-03-30,88,82.2,37.6,4645,421
PT_147,2025-03-31,89,82.6,34.5,4180,407
PT_148,2025-01-01,0,67.9,64.3,6657,471
PT_148,2025-01-02,1,64.5,60.2,7046,446
PT_148,2025-01-03,2,71.5,54.7,6582,398
PT_148,2025-01-04,3,72.6,54.3,5665,453
PT_148,2025-01-05,4,72.1,55.1,5946,433
PT_148,2025-01-06,5,79.6,49.6,6387,408
PT_148,2025-01-07,6,79.5,54.8,5758,448
PT_148,2025-01-08,7,77.2,45.0,4887,441
PT_148,2025-01-09,8,79.8,54.6,4731,420
PT_148,2025-01-10,9,78.0,50.0,5149,448
PT_148,2025-01-11,10,76.6,48.8,5502,412
PT_148,2025-01-12,11,80.9,49.6,4528,463
PT_148,2025-01-13,12,75.3,55.8,6167,372
PT_148,2025-01-14,13,80.1,47.2,5351,486
PT_148,2025-01-15,14,80.6,56.1,5534,416
PT_148,2025-01-16,15,74.4,49.0,5996,398
PT_148,2025-01-17,16,71.9,52.6,5728,453
PT_148,2025-01-18,17,70.2,55.7,5606,445
PT_148,2025-01-19,18,69.6,50.4,6106,465
PT_148,2025-01-20,19,73.4,51.1,5580,411
PT_148,2025-01-21,20,71.3,58.0,6599,408
PT_148,2025-01-22,21,63.8,67.0,7736,446
PT_148,2025-01-23,22,69.0,60.8,7970,433
PT_148,2025-01-24,23,69.0,60.8,7331,460
PT_148,2025-01-25,24,66.0,62.9,6943,432
PT_148,2025-01-26,25,64.5,58.1,6577,428
PT_148,2025-01-27,26,67.1,65.4,7536,453
PT_148,2025-01-28,27,70.2,59.4,6617,436
PT_148,2025-01-29,28,69.9,64.8,6471,483
PT_148,2025-01-30,29,67.5,65.2,5384,396
PT_148,2025-01-31,30,70.6,59.0,6706,412
PT_148,2025-02-01,31,69.9,66.2,6488,500
PT_148,2025-02-02,32,67.3,62.0,6683,418
PT_148,2025-02-03,33,70.9,56.6,6596,410
PT_148,2025-02-04,34,67.6,57.8,7100,405
PT_148,2025-02-05,35,74.0,48.8,5396,443
PT_148,2025-02-06,36,72.2,56.2,4857,421
PT_148,2025-02-07,37,74.8,44.5,4864,375
PT_148,2025-02-08,38,76.1,42.5,4597,440
PT_148,2025-02-09,39,79.7,47.4,4314,437
PT_148,2025-02-10,40,75.9,51.2,5444,420
PT_148,2025-02-11,41,80.6,48.8,5456,442
PT_148,2025-02-12,42,64.0,65.9,6633,432
PT_148,2025-02-13,43,70.0,59.0,7149,423
PT_148,2025-02-14,44,66.9,65.3,7635,414
PT_148,2025-02-15,45,68.7,57.6,6755,439
PT_148,2025-02-16,46,70.1,62.7,5720,455
PT_148,2025-02-17,47,71.1,51.8,6303,462
PT_148,2025-02-18,48,78.8,57.4,5154,456
PT_148,2025-02-19,49,72.4,50.1,6139,358
PT_148,2025-02-20,50,74.5,51.4,5376,385
PT_148,2025-02-21,51,78.7,48.8,5488,431
PT_148,2025-02-22,52,75.2,51.8,5497,427
PT_148,2025-02-23,53,75.3,53.4,5363,378
PT_148,2025-02-24,54,76.4,49.7,5154,413
PT_148,2025-02-25,55,75.5,48.0,5302,436
PT_148,2025-02-26,56,78.3,52.9,5473,431
PT_148,2025-02-27,57,74.1,49.7,5192,378
PT_148,2025-02-28,58,76.8,48.3,5956,423
PT_148,2025-03-01,59,75.7,49.2,5691,396
PT_148,2025-03-02,60,73.4,56.1,6512,408
PT_148,2025-03-03,61,74.1,54.3,7219,396
PT_148,2025-03-04,62,73.8,60.2,5637,421
PT_148,2025-03-05,63,74.0,54.4,6217,468
PT_148,2025-03-06,64,73.5,59.4,5554,463
PT_148,2025-03-07,65,64.0,66.0,8109,514
PT_148,2025-03-08,66,69.6,60.2,7842,349
PT_148,2025-03-09,67,71.1,54.4,6913,489
PT_148,2025-03-10,68,73.3,59.0,6463,476
PT_148,2025-03-11,69,76.7,55.1,5732,408
PT_148,2025-03-12,70,67.6,55.7,5725,338
PT_148,2025-03-13,71,72.4,52.7,5452,459
PT_148,2025-03-14,72,75.1,56.0,5714,443
PT_148,2025-03-15,73,79.6,53.3,6014,368
PT_148,2025-03-16,74,78.1,53.6,6442,397
PT_148,2025-03-17,75,72.6,59.7,6246,472
PT_148,2025-03-18,76,75.9,57.2,5639,434
PT_148,2025-03-19,77,75.2,56.3,5433,410
PT_148,2025-03-20,78,71.1,53.0,7549,429
PT_148,2025-03-21,79,69.7,54.8,6396,480
PT_148,2025-03-22,80,74.8,56.9,5894,484
PT_148,2025-03-23,81,70.2,56.0,6923,448
PT_148,2025-03-24,82,66.5,55.4,6449,407
PT_148,2025-03-25,83,72.5,56.8,6655,402
PT_148,2025-03-26,84,66.6,63.1,6611,409
PT_148,2025-03-27,85,69.3,65.5,5949,445
PT_148,2025-03-28,86,65.8,67.2,7666,461
PT_148,2025-03-29,87,62.7,60.9,7741,419
PT_148,2025-03-30,88,64.5,68.3,7402,410
PT_148,2025-03-31,89,69.5,64.8,7873,451
PT_149,2025-01-01,0,74.6,49.4,7550,420
PT_149,2025-01-02,1,74.5,47.1,7034,365
PT_149,2025-01-03,2,73.1,45.6,6243,455
PT_149,2025-01-04,3,79.7,45.4,6346,428
PT_149,2025-01-05,4,77.2,45.0,5569,417
PT_149,2025-01-06,5,75.9,42.2,6467,444
PT_149,2025-01-07,6,81.9,36.1,5403,367
PT_149,2025-01-08,7,83.6,44.8,5557,392
PT_149,2025-01-09,8,78.3,35.0,5871,419
PT_149,2025-01-10,9,80.5,36.6,5328,423
PT_149,2025-01-11,10,78.1,40.6,6440,406
PT_149,2025-01-12,11,82.5,41.1,6332,476
PT_149,2025-01-13,12,79.1,42.7,5327,452
PT_149,2025-01-14,13,85.4,45.9,6453,375
PT_149,2025-01-15,14,77.5,45.9,5995,426
PT_149,2025-01-16,15,73.9,40.9,5307,434
PT_149,2025-01-17,16,78.3,43.2,5402,417
PT_149,2025-01-18,17,78.5,42.4,5751,434
PT_149,2025-01-19,18,79.3,44.1,6088,424
PT_149,2025-01-20,19,76.1,45.8,6345,449
PT_149,2025-01-21,20,78.0,46.3,6835,391
PT_149,2025-01-22,21,68.8,54.0,8003,451
PT_149,2025-01-23,22,74.2,55.7,7931,440
PT_149,2025-01-24,23,71.6,49.9,7066,431
PT_149,2025-01-25,24,70.4,48.9,7590,424
PT_149,2025-01-26,25,71.4,62.6,7065,483
PT_149,2025-01-27,26,67.1,51.6,7879,418
PT_149,2025-01-28,27,72.1,49.7,7482,432
PT_149,2025-01-29,28,72.3,52.6,6386,471
PT_149,2025-01-30,29,69.3,49.8,7529,474
PT_149,2025-01-31,30,69.8,54.0,6585,446
PT_149,2025-02-01,31,71.7,54.1,7887,416
PT_149,2025-02-02,32,71.0,56.4,7304,418
PT_149,2025-02-03,33,67.6,52.3,7433,446
PT_149,2025-02-04,34,71.5,57.2,6300,438
PT_149,2025-02-05,35,75.0,52.0,7147,385
PT_149,2025-02-06,36,76.2,47.8,6238,380
PT_149,2025-02-07,37,78.8,44.5,6758,446
PT_149,2025-02-08,38,81.4,44.5,5647,476
PT_149,2025-02-09,39,77.5,43.0,5950,495
PT_149,2025-02-10,40,75.9,39.5,5926,363
PT_149,2025-02-11,41,80.6,43.7,5303,429
PT_149,2025-02-12,42,80.1,38.0,5607,412
PT_149,2025-02-13,43,78.4,46.0,6749,433
PT_149,2025-02-14,44,80.3,37.8,5406,423
PT_149,2025-02-15,45,81.0,40.0,5486,411
PT_149,2025-02-16,46,77.9,45.3,6427,403
PT_149,2025-02-17,47,80.4,42.2,5768,455
PT_149,2025-02-18,48,79.3,41.7,6823,387
PT_149,2025-02-19,49,74.9,49.0,6940,457
PT_149,2025-02-20,50,76.0,46.0,6900,451
PT_149,2025-02-21,51,78.1,43.8,6863,451
PT_149,2025-02-22,52,77.1,44.9,6485,383
PT_149,2025-02-23,53,76.5,40.9,5611,367
PT_149,2025-02-24,54,73.2,45.6,5864,402
PT_149,2025-02-25,55,71.1,53.7,7863,447
PT_149,2025-02-26,56,73.1,52.0,7117,421
PT_149,2025-02-27,57,73.5,53.1,7955,391
PT_149,2025-02-28,58,72.4,54.9,7220,408
PT_149,2025-03-01,59,71.6,53.0,7534,366
PT_149,2025-03-02,60,76.2,51.0,7637,374
PT_149,2025-03-03,61,73.8,50.0,7611,423
PT_149,2025-03-04,62,77.3,45.0,6295,452
PT_149,2025-03-05,63,77.9,46.2,5390,467
PT_149,2025-03-06,64,78.2,50.0,5346,410
PT_149,2025-03-07,65,77.4,39.6,6018,413
PT_149,2025-03-08,66,83.5,39.7,6030,403
PT_149,2025-03-09,67,80.8,39.7,6488,442
PT_149,2025-03-10,68,79.8,43.4,6728,336
PT_149,2025-03-11,69,78.2,43.4,5234,454
PT_149,2025-03-12,70,81.0,41.0,5241,419
PT_149,2025-03-13,71,78.2,41.3,6783,387
PT_149,2025-03-14,72,76.6,42.3,6080,373
PT_149,2025-03-15,73,77.9,40.7,6039,397
PT_149,2025-03-16,74,84.8,47.9,4822,448
PT_149,2025-03-17,75,78.8,44.9,6389,449
PT_149,2025-03-18,76,82.5,45.5,5861,423
PT_149,2025-03-19,77,76.0,49.6,5568,393
PT_149,2025-03-20,78,80.9,42.6,6364,433
PT_149,2025-03-21,79,78.6,42.0,6751,389
PT_149,2025-03-22,80,77.8,43.4,5681,379
PT_149,2025-03-23,81,71.9,55.2,7590,411
PT_149,2025-03-24,82,71.8,46.8,7346,425
PT_149,2025-03-25,83,77.1,46.5,7051,353
PT_149,2025-03-26,84,77.6,42.4,6539,467
PT_149,2025-03-27,85,80.1,39.3,5737,395
PT_149,2025-03-28,86,80.3,40.4,6470,456
PT_149,2025-03-29,87,78.9,41.8,5233,403
PT_149,2025-03-30,88,82.3,41.1,5998,451
PT_149,2025-03-31,89,80.3,37.9,5340,463
PT_150,2025-01-01,0,57.9,39.3,6695,389
PT_150,2025-01-02,1,59.2,37.6,6222,427
PT_150,2025-01-03,2,68.0,33.3,5997,479
PT_150,2025-01-04,3,63.6,36.5,6207,397
PT_150,2025-01-05,4,62.6,31.8,6310,371
PT_150,2025-01-06,5,63.8,36.7,5944,401
PT_150,2025-01-07,6,67.0,33.0,5615,415
PT_150,2025-01-08,7,64.9,32.0,5395,354
PT_150,2025-01-09,8,64.8,36.2,6314,501
PT_150,2025-01-10,9,61.8,34.7,5707,358
PT_150,2025-01-11,10,65.4,28.8,5759,396
PT_150,2025-01-12,11,63.2,32.5,5956,380
PT_150,2025-01-13,12,68.0,33.0,5332,440
PT_150,2025-01-14,13,67.6,33.4,5667,459
PT_150,2025-01-15,14,68.8,31.6,6049,496
PT_150,2025-01-16,15,72.2,31.3,4780,443
PT_150,2025-01-17,16,71.6,29.9,4308,407
PT_150,2025-01-18,17,73.3,31.0,4627,394
PT_150,2025-01-19,18,69.6,32.5,5269,379
PT_150,2025-01-20,19,67.2,29.7,4874,420
PT_150,2025-01-21,20,67.9,26.8,4717,440
PT_150,2025-01-22,21,64.8,32.0,6413,389
PT_150,2025-01-23,22,56.3,39.4,5979,455
PT_150,2025-01-24,23,64.6,33.9,5079,393
PT_150,2025-01-25,24,65.5,29.9,5205,425
PT_150,2025-01-26,25,66.6,25.7,4056,437
PT_150,2025-01-27,26,68.5,21.9,5165,435
PT_150,2025-01-28,27,73.2,19.8,3784,451
PT_150,2025-01-29,28,73.7,22.8,4103,327
PT_150,2025-01-30,29,71.9,26.0,4192,405
PT_150,2025-01-31,30,73.5,18.6,4103,458
PT_150,2025-02-01,31,71.2,20.6,4203,421
PT_150,2025-02-02,32,71.4,25.9,4521,479
PT_150,2025-02-03,33,74.0,22.8,4087,404
PT_150,2025-02-04,34,73.4,28.4,4076,416
PT_150,2025-02-05,35,75.0,23.4,4614,476
PT_150,2025-02-06,36,74.3,23.9,5759,442
PT_150,2025-02-07,37,68.4,25.6,4620,408
PT_150,2025-02-08,38,71.0,29.8,5009,384
PT_150,2025-02-09,39,73.6,22.6,4059,419
PT_150,2025-02-10,40,68.8,27.8,5509,421
PT_150,2025-02-11,41,70.3,28.3,4911,412
PT_150,2025-02-12,42,73.2,28.2,4884,462
PT_150,2025-02-13,43,61.1,39.5,6067,405
PT_150,2025-02-14,44,63.0,39.3,6700,350
PT_150,2025-02-15,45,63.2,34.6,6525,485
PT_150,2025-02-16,46,65.3,37.8,6234,394
PT_150,2025-02-17,47,57.6,35.9,6613,360
PT_150,2025-02-18,48,63.8,38.5,6728,428
PT_150,2025-02-19,49,63.6,39.3,5844,407
PT_150,2025-02-20,50,63.0,45.1,6425,375
PT_150,2025-02-21,51,59.7,35.5,5380,435
PT_150,2025-02-22,52,58.9,36.1,6043,337
PT_150,2025-02-23,53,64.2,32.7,6973,452
PT_150,2025-02-24,54,67.4,38.0,5733,385
PT_150,2025-02-25,55,59.9,38.7,6806,511
PT_150,2025-02-26,56,63.0,35.4,6222,387
PT_150,2025-02-27,57,63.0,38.3,6094,389
PT_150,2025-02-28,58,67.8,41.0,6289,469
PT_150,2025-03-01,59,55.8,36.0,6269,420
PT_150,2025-03-02,60,61.6,40.2,6612,421
PT_150,2025-03-03,61,62.3,37.0,6351,433
PT_150,2025-03-04,62,62.6,33.5,6073,457
PT_150,2025-03-05,63,59.9,38.9,6772,399
PT_150,2025-03-06,64,61.6,32.6,6671,444
PT_150,2025-03-07,65,69.2,25.5,5154,468
PT_150,2025-03-08,66,69.0,23.6,4437,442
PT_150,2025-03-09,67,70.3,25.4,5296,456
PT_150,2025-03-10,68,73.3,30.9,4172,382
PT_150,2025-03-11,69,73.3,28.4,5079,409
PT_150,2025-03-12,70,72.9,31.0,3876,429
PT_150,2025-03-13,71,70.3,27.2,5732,426
PT_150,2025-03-14,72,62.3,41.4,6568,442
PT_150,2025-03-15,73,64.5,31.0,5081,458
PT_150,2025-03-16,74,67.2,33.3,4554,402
PT_150,2025-03-17,75,77.2,25.2,5690,401
PT_150,2025-03-18,76,70.0,24.0,4744,431
PT_150,2025-03-19,77,77.6,21.5,4433,431
PT_150,2025-03-20,78,76.2,22.6,3881,380
PT_150,2025-03-21,79,72.6,14.2,3521,338
PT_150,2025-03-22,80,71.4,18.0,3842,456
PT_150,2025-03-23,81,79.2,23.5,4206,401
PT_150,2025-03-24,82,74.6,22.3,4058,419
PT_150,2025-03-25,83,75.7,17.7,3514,414
PT_150,2025-03-26,84,76.4,22.2,4528,389
PT_150,2025-03-27,85,72.4,23.1,3955,432
PT_150,2025-03-28,86,74.1,23.3,4402,460
PT_150,2025-03-29,87,68.4,25.4,3944,360
PT_150,2025-03-30,88,69.7,23.2,4832,376
PT_150,2025-03-31,89,72.3,26.0,4223,439
